sample,t_s,ms,mode,th,tp,sv,iq,tc
0,0.0,37579.0,raw,5.605,0.0,-0.0,0.0,0.0
1,0.05,37629.0,raw,5.605,0.0,-0.0,0.0,0.0
2,0.1,37679.0,raw,5.605,0.0,-0.0,0.0,0.0
3,0.15,37729.0,raw,5.605,0.0,-0.0,0.0,0.0
4,0.2,37779.0,raw,5.605,0.0,-0.0,0.0,0.0
5,0.25,37829.0,raw,5.605,0.0,-0.0,0.0,0.0
6,0.3,37879.0,raw,5.605,0.0,-0.0,0.0,0.0
7,0.35,37929.0,raw,5.605,0.0,-0.0,0.0,0.0
8,0.4,37979.0,raw,5.605,0.0,-0.0,0.0,0.0
9,0.45,38029.0,raw,5.605,0.0,-0.0,0.0,0.0
10,0.5,38079.0,raw,5.605,0.0,-0.0,0.0,0.0
11,0.55,38129.0,raw,5.605,0.0,-0.0,0.0,0.0
12,0.6,38179.0,raw,5.605,0.0,-0.0,0.0,0.0
13,0.65,38229.0,raw,5.605,0.0,-0.0,0.0,0.0
14,0.7,38279.0,raw,5.605,0.0,-0.0,0.0,0.0
15,0.75,38329.0,raw,5.605,0.0,-0.0,0.0,0.0
16,0.8,38379.0,raw,5.605,0.0,-0.0,0.0,0.0
17,0.85,38429.0,raw,5.605,0.0,-0.0,0.0,0.0
18,0.9,38479.0,raw,5.605,0.0,-0.0,0.0,0.0
19,0.95,38529.0,raw,5.605,0.0,-0.0,0.0,0.0
20,1.0,38579.0,raw,5.605,0.0,-0.0,0.0,0.0
21,1.05,38629.0,raw,5.605,0.0,-0.0,0.0,0.0
22,1.1,38679.0,raw,5.605,0.0,-0.0,0.0,0.0
23,1.15,38729.0,raw,5.605,0.0,-0.0,0.0,0.0
24,1.2,38779.0,raw,5.605,0.0,-0.0,0.0,0.0
25,1.25,38829.0,raw,5.605,0.0,-0.0,0.0,0.0
26,1.3,38879.0,raw,5.605,0.0,-0.0,0.0,0.0
27,1.35,38929.0,raw,5.605,0.0,-0.0,0.0,0.0
28,1.4,38979.0,raw,5.605,0.0,-0.0,0.0,0.0
29,1.45,39029.0,raw,5.605,0.0,-0.0,0.0,0.0
30,1.5,39079.0,raw,5.605,0.0,-0.0,0.0,0.0
31,1.55,39129.0,raw,5.605,0.0,-0.0,0.0,0.0
32,1.6,39179.0,raw,5.605,0.0,-0.0,0.0,0.0
33,1.65,39229.0,raw,5.605,0.0,-0.0,0.0,0.0
34,1.7,39279.0,raw,5.605,0.0,-0.0,0.0,0.0
35,1.75,39329.0,raw,5.605,0.0,-0.0,0.0,0.0
36,1.8,39379.0,raw,5.605,0.0,-0.0,0.0,0.0
37,1.85,39429.0,raw,5.605,0.0,-0.0,0.0,0.0
38,1.9,39479.0,raw,5.605,0.0,-0.0,0.0,0.0
39,1.95,39529.0,raw,5.605,0.0,-0.0,0.0,0.0
40,2.0,39579.0,raw,5.605,0.0,-0.0,0.0,0.0
41,2.05,39629.0,raw,5.605,0.0,-0.0,0.0,0.0
42,2.1,39679.0,raw,5.605,0.0,-0.0,0.0,0.0
43,2.15,39729.0,raw,5.605,0.0,-0.0,0.0,0.0
44,2.2,39779.0,raw,5.605,0.0,-0.0,0.0,0.0
45,2.25,39829.0,raw,5.605,0.0,-0.0,0.0,0.0
46,2.3,39879.0,raw,5.605,0.0,-0.0,0.0,0.0
47,2.35,39929.0,raw,5.605,0.0,-0.0,0.0,0.0
48,2.4,39979.0,raw,5.605,0.0,-0.0,0.0,0.0
49,2.45,40029.0,raw,5.605,0.0,-0.0,0.0,0.0
50,2.5,40079.0,raw,5.605,0.0,-0.0,0.0,0.0
51,2.55,40129.0,raw,5.605,0.0,-0.0,0.0,0.0
52,2.6,40179.0,raw,5.605,0.0,-0.0,0.0,0.0
53,2.65,40229.0,raw,5.605,0.0,-0.0,0.0,0.0
54,2.7,40279.0,raw,5.605,0.0,-0.0,0.0,0.0
55,2.75,40329.0,raw,5.605,0.0,-0.0,0.0,0.0
56,2.8,40379.0,raw,5.605,0.0,-0.0,0.0,0.0
57,2.85,40429.0,raw,5.605,0.0,-0.0,0.0,0.0
58,2.9,40479.0,raw,5.605,0.0,-0.0,0.0,0.0
59,2.95,40529.0,raw,5.605,0.0,-0.0,0.0,0.0
60,3.0,40579.0,raw,5.605,0.0,-0.0,0.0,0.0
61,3.05,40629.0,raw,5.605,0.0,-0.0,0.0,0.0
62,3.1,40679.0,raw,5.605,0.0,-0.0,0.0,0.0
63,3.15,40729.0,raw,5.605,0.0,-0.0,0.0,0.0
64,3.2,40779.0,raw,5.605,0.0,-0.0,0.0,0.0
65,3.25,40829.0,raw,5.605,0.0,-0.0,0.0,0.0
66,3.3,40879.0,raw,5.605,0.0,-0.0,0.0,0.0
67,3.35,40929.0,raw,5.605,0.0,-0.0,0.0,0.0
68,3.4,40979.0,raw,5.605,0.0,-0.0,0.0,0.0
69,3.45,41029.0,raw,5.605,0.0,-0.0,0.0,0.0
70,3.5,41079.0,raw,5.605,0.0,-0.0,0.0,0.0
71,3.55,41129.0,raw,5.605,0.0,-0.0,0.0,0.0
72,3.6,41179.0,raw,5.605,0.0,-0.0,0.0,0.0
73,3.65,41229.0,raw,5.605,0.0,-0.0,0.0,0.0
74,3.7,41279.0,raw,5.605,0.0,-0.0,0.0,0.0
75,3.75,41329.0,raw,5.605,0.0,-0.0,0.0,0.0
76,3.8,41379.0,raw,5.605,0.0,-0.0,0.0,0.0
77,3.85,41429.0,raw,5.605,0.0,-0.0,0.0,0.0
78,3.9,41479.0,raw,5.605,0.0,-0.0,0.0,0.0
79,3.95,41529.0,raw,5.605,0.0,-0.0,0.0,0.0
80,4.0,41579.0,raw,5.605,0.0,-0.0,0.0,0.0
81,4.05,41629.0,raw,5.605,0.0,-0.0,0.0,0.0
82,4.1,41679.0,raw,5.605,0.0,-0.0,0.0,0.0
83,4.15,41729.0,raw,5.605,0.0,-0.0,0.0,0.0
84,4.2,41779.0,raw,5.605,0.0,-0.0,0.0,0.0
85,4.25,41829.0,raw,5.605,0.0,-0.0,0.0,0.0
86,4.3,41879.0,raw,5.605,0.0,-0.0,0.0,0.0
87,4.35,41929.0,raw,5.605,0.0,-0.0,0.0,0.0
88,4.4,41979.0,raw,5.605,0.0,-0.0,0.0,0.0
89,4.45,42029.0,raw,5.605,0.0,-0.0,0.0,0.0
90,4.5,42079.0,raw,5.605,0.0,-0.0,0.0,0.0
91,4.55,42129.0,raw,5.605,0.0,-0.0,0.0,0.0
92,4.6,42179.0,raw,5.605,0.0,-0.0,0.0,0.0
93,4.65,42229.0,raw,5.605,0.0,-0.0,0.0,0.0
94,4.7,42279.0,raw,5.605,0.0,-0.0,0.0,0.0
95,4.75,42329.0,raw,5.605,0.0,-0.0,0.0,0.0
96,4.8,42379.0,raw,5.605,0.0,-0.0,0.0,0.0
97,4.85,42429.0,raw,5.605,0.0,-0.0,0.0,0.0
98,4.9,42479.0,raw,5.605,0.0,-0.0,0.0,0.0
99,4.95,42529.0,raw,5.605,0.0,-0.0,0.0,0.0
100,5.0,42579.0,raw,5.605,0.0,-0.0,0.0,0.0
101,5.05,42629.0,raw,5.605,0.0,-0.0,0.0,0.0
102,5.1,42679.0,raw,5.605,0.0,-0.0,0.0,0.0
103,5.15,42729.0,raw,5.605,0.0,-0.0,0.0,0.0
104,5.2,42779.0,raw,5.605,0.0,-0.0,0.0,0.0
105,5.25,42829.0,raw,5.605,0.0,-0.0,0.0,0.0
106,5.3,42879.0,raw,5.605,0.0,-0.0,0.0,0.0
107,5.35,42929.0,raw,5.605,0.0,-0.0,0.0,0.0
108,5.4,42979.0,raw,5.605,0.0,-0.0,0.0,0.0
109,5.45,43029.0,raw,5.605,0.0,-0.0,0.0,0.0
110,5.5,43079.0,raw,5.605,0.0,-0.0,0.0,0.0
111,5.55,43129.0,raw,5.605,0.0,-0.0,0.0,0.0
112,5.6,43179.0,raw,5.605,0.0,-0.0,0.0,0.0
113,5.65,43229.0,raw,5.605,0.0,-0.0,0.0,0.0
114,5.7,43279.0,raw,5.605,0.0,-0.0,0.0,0.0
115,5.75,43329.0,raw,5.605,0.0,-0.0,0.0,0.0
116,5.8,43379.0,raw,5.605,0.0,-0.0,0.0,0.0
117,5.85,43429.0,raw,5.605,0.0,-0.0,0.0,0.0
118,5.9,43479.0,raw,5.605,0.0,-0.0,0.0,0.0
119,5.95,43529.0,raw,5.605,0.0,-0.0,0.0,0.0
120,6.0,43579.0,raw,5.605,0.0,-0.0,0.0,0.0
121,6.05,43629.0,raw,5.605,0.0,-0.0,0.0,0.0
122,6.1,43679.0,raw,5.605,0.0,-0.0,0.0,0.0
123,6.15,43729.0,raw,5.605,0.0,-0.0,0.0,0.0
124,6.2,43779.0,raw,5.605,0.0,-0.0,0.0,0.0
125,6.25,43829.0,raw,5.605,0.0,-0.0,0.0,0.0
126,6.3,43879.0,raw,5.605,0.0,-0.0,0.0,0.0
127,6.35,43929.0,raw,5.605,0.0,-0.0,0.0,0.0
128,6.4,43979.0,raw,5.605,0.0,-0.0,0.0,0.0
129,6.45,44029.0,raw,5.605,0.0,-0.0,0.0,0.0
130,6.5,44079.0,raw,5.605,0.0,-0.0,0.0,0.0
131,6.55,44129.0,raw,5.605,0.0,-0.0,0.0,0.0
132,6.6,44179.0,raw,5.605,0.0,-0.0,0.0,0.0
133,6.65,44229.0,raw,5.605,0.0,-0.0,0.0,0.0
134,6.7,44279.0,raw,5.605,0.0,-0.0,0.0,0.0
135,6.75,44329.0,raw,5.605,0.0,-0.0,0.0,0.0
136,6.8,44379.0,raw,5.605,0.0,-0.0,0.0,0.0
137,6.85,44429.0,raw,5.605,0.0,-0.0,0.0,0.0
138,6.9,44479.0,raw,5.605,0.0,-0.0,0.0,0.0
139,6.95,44529.0,raw,5.605,0.0,-0.0,0.0,0.0
140,7.003,44582.0,raw,5.605,0.0,-0.0,0.0,0.0
141,7.053,44632.0,raw,5.605,0.0,-0.0,0.0,0.0
142,7.103,44682.0,raw,5.605,0.0,-0.0,0.0,0.0
143,7.153,44732.0,raw,5.605,0.0,-0.0,0.0,0.0
144,7.203,44782.0,raw,5.605,0.0,-0.0,0.0,0.0
145,7.253,44832.0,raw,5.605,0.0,-0.0,0.0,0.0
146,7.303,44882.0,raw,5.605,0.0,-0.0,0.0,0.0
147,7.353,44932.0,raw,5.605,0.0,-0.0,0.0,0.0
148,7.403,44982.0,raw,5.605,0.0,-0.0,0.0,0.0
149,7.453,45032.0,raw,5.605,0.0,-0.0,0.0,0.0
150,7.503,45082.0,raw,5.605,0.0,-0.0,0.0,0.0
151,7.553,45132.0,raw,5.605,0.0,-0.0,0.0,0.0
152,7.603,45182.0,raw,5.605,0.0,-0.0,0.0,0.0
153,7.653,45232.0,raw,5.605,0.0,-0.0,0.0,0.0
154,7.703,45282.0,raw,5.605,0.0,-0.0,0.0,0.0
155,7.753,45332.0,raw,5.605,0.0,-0.0,0.0,0.0
156,7.803,45382.0,raw,5.605,0.0,-0.0,0.0,0.0
157,7.853,45432.0,raw,5.605,0.0,-0.0,0.0,0.0
158,7.903,45482.0,raw,5.605,0.0,-0.0,0.0,0.0
159,7.953,45532.0,raw,5.605,0.0,-0.0,0.0,0.0
160,8.003,45582.0,raw,5.605,0.0,-0.0,0.0,0.0
161,8.053,45632.0,raw,5.605,0.0,-0.0,0.0,0.0
162,8.103,45682.0,raw,5.605,0.0,-0.0,0.0,0.0
163,8.153,45732.0,raw,5.605,0.0,-0.0,0.0,0.0
164,8.203,45782.0,raw,5.605,0.0,-0.0,0.0,0.0
165,8.253,45832.0,raw,5.605,0.0,-0.0,0.0,0.0
166,8.303,45882.0,raw,5.605,0.0,-0.0,0.0,0.0
167,8.353,45932.0,raw,5.605,0.0,-0.0,0.0,0.0
168,8.403,45982.0,raw,5.605,0.0,-0.0,0.0,0.0
169,8.453,46032.0,raw,5.605,0.0,-0.0,0.0,0.0
170,8.503,46082.0,raw,5.605,0.0,-0.0,0.0,0.0
171,8.553,46132.0,raw,5.605,0.0,-0.0,0.0,0.0
172,8.614,46193.0,raw,5.605,0.0,-0.0,0.0,0.0
173,8.664,46243.0,raw,5.605,0.0,0.0,0.0,0.0
174,8.714,46293.0,raw,5.605,0.0,0.0,0.0,0.0
175,8.764,46343.0,raw,5.605,0.0,0.0,0.0,0.0
176,8.814,46393.0,raw,5.605,0.0,0.0,0.0,0.0
177,8.864,46443.0,raw,5.605,0.0,0.0,0.0,0.0
178,8.914,46493.0,raw,5.605,0.0,0.0,0.0,0.0
179,8.964,46543.0,raw,5.605,0.0,0.0,0.0,0.0
180,9.014,46593.0,raw,5.605,0.0,0.0,0.0,0.0
181,9.064,46643.0,raw,5.605,0.0,0.0,0.0,0.0
182,9.114,46693.0,raw,5.605,0.0,0.0,0.0,0.0
183,9.164,46743.0,raw,5.605,0.0,0.0,0.0,0.0
184,9.214,46793.0,raw,5.605,0.0,0.0,0.0,0.0
185,9.264,46843.0,raw,5.605,0.0,0.0,0.0,0.0
186,9.314,46893.0,raw,5.605,0.0,0.0,0.0,0.0
187,9.364,46943.0,raw,5.605,0.0,0.0,0.0,0.0
188,9.414,46993.0,raw,5.605,0.0,0.0,0.0,0.0
189,9.464,47043.0,raw,5.605,0.0,0.0,0.0,0.0
190,9.514,47093.0,raw,5.605,0.0,0.0,0.0,0.0
191,9.564,47143.0,raw,5.605,0.0,0.0,0.0,0.0
192,9.614,47193.0,raw,5.605,0.0,0.0,0.0,0.0
193,9.664,47243.0,raw,5.605,0.0,0.0,0.0,0.0
194,9.714,47293.0,raw,5.605,0.0,0.0,0.0,0.0
195,9.764,47343.0,raw,5.605,0.0,0.0,0.0,0.0
196,9.814,47393.0,raw,5.605,0.0,0.0,0.0,0.0
197,9.864,47443.0,raw,5.605,0.0,0.0,0.0,0.0
198,9.914,47493.0,raw,5.605,0.0,0.0,0.0,0.0
199,9.964,47543.0,raw,5.605,0.0,0.0,0.0,0.0
200,10.014,47593.0,raw,5.605,0.0,0.0,0.0,0.0
201,10.064,47643.0,raw,5.605,0.0,0.0,0.0,0.0
202,10.114,47693.0,raw,5.605,0.0,0.0,0.0,0.0
203,10.164,47743.0,raw,5.605,0.0,0.0,0.0,0.0
204,10.214,47793.0,raw,5.605,0.0,0.0,0.0,0.0
205,10.264,47843.0,raw,5.605,0.0,0.0,0.0,0.0
206,10.314,47893.0,raw,5.605,0.0,0.0,0.0,0.0
207,10.364,47943.0,raw,5.605,0.0,0.0,0.0,0.0
208,10.414,47993.0,raw,5.605,0.0,0.0,0.0,0.0
209,10.464,48043.0,raw,5.605,0.0,0.0,0.0,0.0
210,10.514,48093.0,raw,5.605,0.0,0.0,0.0,0.0
211,10.564,48143.0,raw,5.605,0.0,0.0,0.0,0.0
212,10.614,48193.0,raw,5.605,0.0,0.0,0.0,0.0
213,10.664,48243.0,raw,5.605,0.0,0.0,0.0,0.0
214,10.714,48293.0,raw,5.605,0.0,0.0,0.0,0.0
215,10.764,48343.0,raw,5.605,0.0,0.0,0.0,0.0
216,10.814,48393.0,raw,5.605,0.0,0.0,0.0,0.0
217,10.864,48443.0,raw,5.605,0.0,0.0,0.0,0.0
218,10.914,48493.0,raw,5.605,0.0,0.0,0.0,0.0
219,10.964,48543.0,raw,5.605,0.0,0.0,0.0,0.0
220,11.014,48593.0,raw,5.605,0.0,0.0,0.0,0.0
221,11.064,48643.0,raw,5.605,0.0,-0.021,0.0,0.0
222,11.114,48693.0,raw,5.605,0.0,-0.0,0.0,0.0
223,11.164,48743.0,raw,5.605,0.0,-0.0,0.0,0.0
224,11.214,48793.0,raw,5.605,0.0,-0.0,0.0,0.0
225,11.264,48843.0,raw,5.605,0.0,-0.0,0.0,0.0
226,11.314,48893.0,raw,5.605,0.0,-0.0,0.0,0.0
227,11.364,48943.0,raw,5.605,0.0,-0.0,0.0,0.0
228,11.414,48993.0,raw,5.605,0.0,-0.0,0.0,0.0
229,11.464,49043.0,raw,5.605,0.0,-0.0,0.0,0.0
230,11.514,49093.0,raw,5.605,0.0,-0.0,0.0,0.0
231,11.564,49143.0,raw,5.605,0.0,-0.0,0.0,0.0
232,11.614,49193.0,raw,5.605,0.0,-0.0,0.0,0.0
233,11.664,49243.0,raw,5.605,0.0,-0.0,0.0,0.0
234,11.714,49293.0,raw,5.605,0.0,-0.0,0.0,0.0
235,11.764,49343.0,raw,5.605,0.0,-0.0,0.0,0.0
236,11.814,49393.0,raw,5.605,0.0,-0.0,0.0,0.0
237,11.864,49443.0,raw,5.605,0.0,-0.0,0.0,0.0
238,11.914,49493.0,raw,5.605,0.0,-0.0,0.0,0.0
239,11.964,49543.0,raw,5.605,0.0,-0.0,0.0,0.0
240,12.014,49593.0,raw,5.605,0.0,-0.0,0.0,0.0
241,12.064,49643.0,raw,5.605,0.0,-0.0,0.0,0.0
242,12.114,49693.0,raw,5.605,0.0,-0.0,0.0,0.0
243,12.164,49743.0,raw,5.605,0.0,-0.0,0.0,0.0
244,12.214,49793.0,raw,5.605,0.0,-0.0,0.0,0.0
245,12.264,49843.0,raw,5.605,0.0,-0.0,0.0,0.0
246,12.314,49893.0,raw,5.605,0.0,-0.0,0.0,0.0
247,12.364,49943.0,raw,5.605,0.0,-0.0,0.0,0.0
248,12.414,49993.0,raw,5.605,0.0,-0.0,0.0,0.0
249,12.464,50043.0,raw,5.605,0.0,-0.0,0.0,0.0
250,12.514,50093.0,raw,5.605,0.0,-0.0,0.0,0.0
251,12.564,50143.0,raw,5.605,0.0,-0.0,0.0,0.0
252,12.614,50193.0,raw,5.605,0.0,-0.0,0.0,0.0
253,12.664,50243.0,raw,5.605,0.0,-0.0,0.0,0.0
254,12.714,50293.0,raw,5.605,0.0,-0.0,0.0,0.0
255,12.764,50343.0,raw,5.605,0.0,-0.0,0.0,0.0
256,12.814,50393.0,raw,5.605,0.0,-0.0,0.0,0.0
257,12.864,50443.0,raw,5.605,0.0,-0.0,0.0,0.0
258,12.914,50493.0,raw,5.605,0.0,-0.0,0.0,0.0
259,12.964,50543.0,raw,5.605,0.0,-0.0,0.0,0.0
260,13.014,50593.0,raw,5.605,0.0,-0.0,0.0,0.0
261,13.064,50643.0,raw,5.605,0.0,-0.0,0.0,0.0
262,13.114,50693.0,raw,5.605,0.0,-0.0,0.0,0.0
263,13.164,50743.0,raw,5.605,0.0,-0.0,0.0,0.0
264,13.214,50793.0,raw,5.605,0.0,-0.0,0.0,0.0
265,13.264,50843.0,raw,5.605,0.0,-0.0,0.0,0.0
266,13.314,50893.0,raw,5.605,0.0,-0.0,0.0,0.0
267,13.364,50943.0,raw,5.605,0.0,-0.0,0.0,0.0
268,13.414,50993.0,raw,5.605,0.0,-0.0,0.0,0.0
269,13.464,51043.0,raw,5.605,0.0,-0.0,0.0,0.0
270,13.514,51093.0,raw,5.605,0.0,-0.0,0.0,0.0
271,13.564,51143.0,raw,5.605,0.0,-0.0,0.0,0.0
272,13.614,51193.0,raw,5.605,0.0,-0.0,0.0,0.0
273,13.664,51243.0,raw,5.605,0.0,-0.0,0.0,0.0
274,13.714,51293.0,raw,5.605,0.0,-0.0,0.0,0.0
275,13.764,51343.0,raw,5.605,0.0,-0.001,0.0,0.0
276,13.814,51393.0,raw,5.605,0.0,-0.0,0.0,0.0
277,13.864,51443.0,raw,5.605,0.0,-0.0,0.0,0.0
278,13.914,51493.0,raw,5.605,0.0,-0.0,0.0,0.0
279,13.964,51543.0,raw,5.605,0.0,-0.0,0.0,0.0
280,14.014,51593.0,raw,5.605,0.0,-0.0,0.0,0.0
281,14.064,51643.0,raw,5.605,0.0,-0.0,0.0,0.0
282,14.114,51693.0,raw,5.605,0.0,-0.0,0.0,0.0
283,14.164,51743.0,raw,5.605,0.0,-0.0,0.0,0.0
284,14.214,51793.0,raw,5.605,0.0,-0.0,0.0,0.0
285,14.264,51843.0,raw,5.605,0.0,-0.0,0.0,0.0
286,14.314,51893.0,raw,5.605,0.0,-0.0,0.0,0.0
287,14.364,51943.0,raw,5.605,0.0,-0.0,0.0,0.0
288,14.414,51993.0,raw,5.605,0.0,-0.0,0.0,0.0
289,14.464,52043.0,raw,5.605,0.0,-0.0,0.0,0.0
290,14.514,52093.0,raw,5.605,0.0,-0.0,0.0,0.0
291,14.564,52143.0,raw,5.605,0.0,-0.0,0.0,0.0
292,14.614,52193.0,raw,5.605,0.0,-0.0,0.0,0.0
293,14.664,52243.0,raw,5.605,0.0,-0.0,0.0,0.0
294,14.714,52293.0,raw,5.605,0.0,-0.0,0.0,0.0
295,14.764,52343.0,raw,5.605,0.0,-0.0,0.0,0.0
296,14.814,52393.0,raw,5.605,0.0,-0.0,0.0,0.0
297,14.864,52443.0,raw,5.605,0.0,-0.0,0.0,0.0
298,14.914,52493.0,raw,5.605,0.0,-0.0,0.0,0.0
299,14.964,52543.0,raw,5.605,0.0,-0.0,0.0,0.0
300,15.014,52593.0,raw,5.605,0.0,-0.0,0.0,0.0
301,15.064,52643.0,raw,5.605,0.0,-0.0,0.0,0.0
302,15.114,52693.0,raw,5.605,0.0,-0.0,0.0,0.0
303,15.164,52743.0,raw,5.605,0.0,-0.0,0.0,0.0
304,15.214,52793.0,raw,5.605,0.0,-0.0,0.0,0.0
305,15.264,52843.0,raw,5.605,0.0,-0.0,0.0,0.0
306,15.314,52893.0,raw,5.605,0.0,-0.0,0.0,0.0
307,15.364,52943.0,raw,5.605,0.0,-0.0,0.0,0.0
308,15.414,52993.0,raw,5.605,0.0,-0.0,0.0,0.0
309,15.464,53043.0,raw,5.605,0.0,-0.0,0.0,0.0
310,15.514,53093.0,raw,5.605,0.0,-0.0,0.0,0.0
311,15.564,53143.0,raw,5.605,0.0,-0.0,0.0,0.0
312,15.614,53193.0,raw,5.605,0.0,-0.0,0.0,0.0
313,15.664,53243.0,raw,5.605,0.0,-0.001,0.0,0.0
314,15.714,53293.0,raw,5.605,0.0,-0.0,0.0,0.0
315,15.764,53343.0,raw,5.605,0.0,-0.0,0.0,0.0
316,15.814,53393.0,raw,5.605,0.0,-0.0,0.0,0.0
317,15.864,53443.0,raw,5.605,0.0,-0.0,0.0,0.0
318,15.914,53493.0,raw,5.605,0.0,-0.0,0.0,0.0
319,15.964,53543.0,raw,5.605,0.0,-0.0,0.0,0.0
320,16.014,53593.0,raw,5.605,0.0,-0.0,0.0,0.0
321,16.064,53643.0,raw,5.605,0.0,-0.0,0.0,0.0
322,16.114,53693.0,raw,5.605,0.0,-0.0,0.0,0.0
323,16.164,53743.0,raw,5.605,0.0,-0.0,0.0,0.0
324,16.214,53793.0,raw,5.605,0.0,-0.0,0.0,0.0
325,16.264,53843.0,raw,5.605,0.0,-0.0,0.0,0.0
326,16.314,53893.0,raw,5.605,0.0,-0.0,0.0,0.0
327,16.364,53943.0,raw,5.605,0.0,-0.0,0.0,0.0
328,16.414,53993.0,raw,5.605,0.0,-0.0,0.0,0.0
329,16.464,54043.0,raw,5.605,0.0,-0.0,0.0,0.0
330,16.514,54093.0,raw,5.605,0.0,-0.0,0.0,0.0
331,16.564,54143.0,raw,5.605,0.0,-0.0,0.0,0.0
332,16.614,54193.0,raw,5.605,0.0,-0.0,0.0,0.0
333,16.664,54243.0,raw,5.605,0.0,-0.0,0.0,0.0
334,16.714,54293.0,raw,5.605,0.0,-0.0,0.0,0.0
335,16.764,54343.0,raw,5.605,0.0,-0.0,0.0,0.0
336,16.814,54393.0,raw,5.605,0.0,-0.0,0.0,0.0
337,16.864,54443.0,raw,5.605,0.0,-0.0,0.0,0.0
338,16.914,54493.0,raw,5.605,0.0,-0.0,0.0,0.0
339,16.964,54543.0,raw,5.605,0.0,-0.0,0.0,0.0
340,17.014,54593.0,raw,5.605,0.0,-0.0,0.0,0.0
341,17.064,54643.0,raw,5.605,0.0,-0.0,0.0,0.0
342,17.114,54693.0,raw,5.605,0.0,-0.0,0.0,0.0
343,17.164,54743.0,raw,5.605,0.0,-0.0,0.0,0.0
344,17.214,54793.0,raw,5.605,0.0,-0.0,0.0,0.0
345,17.264,54843.0,raw,5.605,0.0,-0.0,0.0,0.0
346,17.314,54893.0,raw,5.605,0.0,-0.0,0.0,0.0
347,17.364,54943.0,raw,5.605,0.0,-0.0,0.0,0.0
348,17.414,54993.0,raw,5.605,0.0,-0.0,0.0,0.0
349,17.464,55043.0,raw,5.605,0.0,-0.0,0.0,0.0
350,17.514,55093.0,raw,5.605,0.0,-0.0,0.0,0.0
351,17.564,55143.0,raw,5.605,0.0,-0.0,0.0,0.0
352,17.614,55193.0,raw,5.605,0.0,-0.0,0.0,0.0
353,17.664,55243.0,raw,5.605,0.0,-0.0,0.0,0.0
354,17.714,55293.0,raw,5.605,0.0,-0.0,0.0,0.0
355,17.764,55343.0,raw,5.605,0.0,-0.0,0.0,0.0
356,17.814,55393.0,raw,5.605,0.0,-0.0,0.0,0.0
357,17.864,55443.0,raw,5.605,0.0,-0.0,0.0,0.0
358,17.914,55493.0,raw,5.605,0.0,-0.0,0.0,0.0
359,17.964,55543.0,raw,5.605,0.0,-0.0,0.0,0.0
360,18.014,55593.0,raw,5.605,0.0,-0.0,0.0,0.0
361,18.064,55643.0,raw,5.605,0.0,-0.0,0.0,0.0
362,18.114,55693.0,raw,5.605,0.0,-0.0,0.0,0.0
363,18.164,55743.0,raw,5.605,0.0,-0.0,0.0,0.0
364,18.214,55793.0,raw,5.605,0.0,-0.0,0.0,0.0
365,18.264,55843.0,raw,5.605,0.0,-0.0,0.0,0.0
366,18.314,55893.0,raw,5.605,0.0,-0.0,0.0,0.0
367,18.364,55943.0,raw,5.605,0.0,-0.0,0.0,0.0
368,18.414,55993.0,raw,5.605,0.0,-0.0,0.0,0.0
369,18.464,56043.0,raw,5.605,0.0,-0.0,0.0,0.0
370,18.514,56093.0,raw,5.605,0.0,-0.0,0.0,0.0
371,18.564,56143.0,raw,5.605,0.0,-0.0,0.0,0.0
372,18.614,56193.0,raw,5.605,0.0,-0.0,0.0,0.0
373,18.664,56243.0,raw,5.605,0.0,-0.0,0.0,0.0
374,18.714,56293.0,raw,5.605,0.0,-0.0,0.0,0.0
375,18.764,56343.0,raw,5.605,0.0,-0.0,0.0,0.0
376,18.814,56393.0,raw,5.605,0.0,-0.0,0.0,0.0
377,18.864,56443.0,raw,5.605,0.0,-0.0,0.0,0.0
378,18.914,56493.0,raw,5.605,0.0,-0.0,0.0,0.0
379,18.964,56543.0,raw,5.605,0.0,-0.0,0.0,0.0
380,19.014,56593.0,raw,5.605,0.0,-0.0,0.0,0.0
381,19.064,56643.0,raw,5.605,0.0,-0.0,0.0,0.0
382,19.114,56693.0,raw,5.605,0.0,-0.0,0.0,0.0
383,19.164,56743.0,raw,5.605,0.0,-0.0,0.0,0.0
384,19.214,56793.0,raw,5.605,0.0,-0.0,0.0,0.0
385,19.264,56843.0,raw,5.605,0.0,-0.0,0.0,0.0
386,19.314,56893.0,raw,5.605,0.0,-0.0,0.0,0.0
387,19.364,56943.0,raw,5.605,0.0,-0.0,0.0,0.0
388,19.414,56993.0,raw,5.605,0.0,-0.0,0.0,0.0
389,19.464,57043.0,raw,5.605,0.0,-0.0,0.0,0.0
390,19.514,57093.0,raw,5.605,0.0,-0.0,0.0,0.0
391,19.564,57143.0,raw,5.605,0.0,-0.0,0.0,0.0
392,19.614,57193.0,raw,5.605,0.0,-0.0,0.0,0.0
393,19.664,57243.0,raw,5.605,0.0,-0.0,0.0,0.0
394,19.714,57293.0,raw,5.605,0.0,-0.0,0.0,0.0
395,19.764,57343.0,raw,5.605,0.0,-0.0,0.0,0.0
396,19.814,57393.0,raw,5.605,0.0,-0.0,0.0,0.0
397,19.864,57443.0,raw,5.605,0.0,-0.0,0.0,0.0
398,19.914,57493.0,raw,5.605,0.0,-0.0,0.0,0.0
399,19.964,57543.0,raw,5.605,0.0,-0.0,0.0,0.0
400,20.014,57593.0,raw,5.605,0.0,-0.0,0.0,0.0
401,20.064,57643.0,raw,5.605,0.0,-0.0,0.0,0.0
402,20.114,57693.0,raw,5.605,0.0,-0.0,0.0,0.0
403,20.164,57743.0,raw,5.605,0.0,-0.0,0.0,0.0
404,20.214,57793.0,raw,5.605,0.0,-0.0,0.0,0.0
405,20.264,57843.0,raw,5.605,0.0,-0.0,0.0,0.0
406,20.314,57893.0,raw,5.605,0.0,-0.0,0.0,0.0
407,20.364,57943.0,raw,5.605,0.0,-0.0,0.0,0.0
408,20.414,57993.0,raw,5.605,0.0,-0.0,0.0,0.0
409,20.464,58043.0,raw,5.605,0.0,-0.0,0.0,0.0
410,20.514,58093.0,raw,5.605,0.0,-0.0,0.0,0.0
411,20.564,58143.0,raw,5.605,0.0,-0.0,0.0,0.0
412,20.614,58193.0,raw,5.605,0.0,-0.0,0.0,0.0
413,20.664,58243.0,raw,5.605,0.0,-0.0,0.0,0.0
414,20.714,58293.0,raw,5.605,0.0,-0.0,0.0,0.0
415,20.764,58343.0,raw,5.605,0.0,-0.0,0.0,0.0
416,20.814,58393.0,raw,5.605,0.0,-0.0,0.0,0.0
417,20.864,58443.0,raw,5.605,0.0,-0.0,0.0,0.0
418,20.914,58493.0,raw,5.605,0.0,-0.0,0.0,0.0
419,20.964,58543.0,raw,5.605,0.0,-0.0,0.0,0.0
420,21.014,58593.0,raw,5.605,0.0,-0.0,0.0,0.0
421,21.064,58643.0,raw,5.605,0.0,-0.0,0.0,0.0
422,21.114,58693.0,raw,5.605,0.0,-0.0,0.0,0.0
423,21.164,58743.0,raw,5.605,0.0,-0.0,0.0,0.0
424,21.214,58793.0,raw,5.605,0.0,-0.0,0.0,0.0
425,21.264,58843.0,raw,5.605,0.0,-0.0,0.0,0.0
426,21.314,58893.0,raw,5.605,0.0,-0.0,0.0,0.0
427,21.364,58943.0,raw,5.605,0.0,-0.0,0.0,0.0
428,21.414,58993.0,raw,5.605,0.0,-0.0,0.0,0.0
429,21.464,59043.0,raw,5.605,0.0,-0.0,0.0,0.0
430,21.514,59093.0,raw,5.605,0.0,-0.0,0.0,0.0
431,21.564,59143.0,raw,5.605,0.0,-0.0,0.0,0.0
432,21.614,59193.0,raw,5.605,0.0,-0.0,0.0,0.0
433,21.664,59243.0,raw,5.605,0.0,-0.0,0.0,0.0
434,21.714,59293.0,raw,5.605,0.0,-0.0,0.0,0.0
435,21.764,59343.0,raw,5.605,0.0,-0.0,0.0,0.0
436,21.814,59393.0,raw,5.605,0.0,-0.0,0.0,0.0
437,21.864,59443.0,raw,5.605,0.0,-0.0,0.0,0.0
438,21.914,59493.0,raw,5.605,0.0,-0.0,0.0,0.0
439,21.964,59543.0,raw,5.605,0.0,-0.0,0.0,0.0
440,22.014,59593.0,raw,5.605,0.0,-0.0,0.0,0.0
441,22.064,59643.0,raw,5.605,0.0,-0.0,0.0,0.0
442,22.114,59693.0,raw,5.605,0.0,-0.0,0.0,0.0
443,22.164,59743.0,raw,5.605,0.0,-0.0,0.0,0.0
444,22.214,59793.0,raw,5.605,0.0,-0.0,0.0,0.0
445,22.264,59843.0,raw,5.605,0.0,-0.0,0.0,0.0
446,22.314,59893.0,raw,5.605,0.0,-0.0,0.0,0.0
447,22.364,59943.0,raw,5.605,0.0,-0.0,0.0,0.0
448,22.414,59993.0,raw,5.605,0.0,-0.0,0.0,0.0
449,22.464,60043.0,raw,5.605,0.0,-0.0,0.0,0.0
450,22.514,60093.0,raw,5.605,0.0,-0.0,0.0,0.0
451,22.564,60143.0,raw,5.605,0.0,-0.0,0.0,0.0
452,22.614,60193.0,raw,5.605,0.0,-0.0,0.0,0.0
453,22.664,60243.0,raw,5.605,0.0,-0.0,0.0,0.0
454,22.714,60293.0,raw,5.605,0.0,-0.0,0.0,0.0
455,22.764,60343.0,raw,5.605,0.0,-0.0,0.0,0.0
456,22.814,60393.0,raw,5.605,0.0,-0.0,0.0,0.0
457,22.864,60443.0,raw,5.605,0.0,-0.0,0.0,0.0
458,22.914,60493.0,raw,5.605,0.0,-0.0,0.0,0.0
459,22.964,60543.0,raw,5.605,0.0,-0.0,0.0,0.0
460,23.014,60593.0,raw,5.605,0.0,-0.0,0.0,0.0
461,23.064,60643.0,raw,5.605,0.0,-0.0,0.0,0.0
462,23.114,60693.0,raw,5.605,0.0,-0.0,0.0,0.0
463,23.164,60743.0,raw,5.605,0.0,-0.0,0.0,0.0
464,23.214,60793.0,raw,5.605,0.0,-0.0,0.0,0.0
465,23.264,60843.0,raw,5.605,0.0,-0.0,0.0,0.0
466,23.314,60893.0,raw,5.605,0.0,-0.0,0.0,0.0
467,23.364,60943.0,raw,5.605,0.0,-0.0,0.0,0.0
468,23.414,60993.0,raw,5.605,0.0,-0.0,0.0,0.0
469,23.464,61043.0,raw,5.605,0.0,-0.0,0.0,0.0
470,23.514,61093.0,raw,5.605,0.0,-0.0,0.0,0.0
471,23.564,61143.0,raw,5.605,0.0,-0.0,0.0,0.0
472,23.614,61193.0,raw,5.605,0.0,-0.0,0.0,0.0
473,23.664,61243.0,raw,5.605,0.0,-0.0,0.0,0.0
474,23.714,61293.0,raw,5.605,0.0,-0.0,0.0,0.0
475,23.764,61343.0,raw,5.605,0.0,-0.0,0.0,0.0
476,23.814,61393.0,raw,5.605,0.0,-0.0,0.0,0.0
477,23.864,61443.0,raw,5.605,0.0,-0.0,0.0,0.0
478,23.914,61493.0,raw,5.605,0.0,-0.0,0.0,0.0
479,23.964,61543.0,raw,5.605,0.0,-0.0,0.0,0.0
480,24.014,61593.0,raw,5.605,0.0,-0.0,0.0,0.0
481,24.064,61643.0,raw,5.605,0.0,-0.0,0.0,0.0
482,24.114,61693.0,raw,5.605,0.0,-0.0,0.0,0.0
483,24.164,61743.0,raw,5.605,0.0,-0.0,0.0,0.0
484,24.214,61793.0,raw,5.605,0.0,-0.0,0.0,0.0
485,24.264,61843.0,raw,5.605,0.0,-0.0,0.0,0.0
486,24.314,61893.0,raw,5.605,0.0,-0.0,0.0,0.0
487,24.364,61943.0,raw,5.605,0.0,-0.0,0.0,0.0
488,24.414,61993.0,raw,5.605,0.0,-0.0,0.0,0.0
489,24.464,62043.0,raw,5.605,0.0,-0.0,0.0,0.0
490,24.514,62093.0,raw,5.605,0.0,-0.0,0.0,0.0
491,24.564,62143.0,raw,5.605,0.0,-0.0,0.0,0.0
492,24.614,62193.0,raw,5.605,0.0,-0.0,0.0,0.0
493,24.664,62243.0,raw,5.605,0.0,-0.01,0.0,0.0
494,24.714,62293.0,raw,5.605,0.0,-0.0,0.0,0.0
495,24.764,62343.0,raw,5.605,0.0,-0.0,0.0,0.0
496,24.814,62393.0,raw,5.605,0.0,-0.0,0.0,0.0
497,24.864,62443.0,raw,5.605,0.0,-0.0,0.0,0.0
498,24.914,62493.0,raw,5.605,0.0,-0.0,0.0,0.0
499,24.964,62543.0,raw,5.605,0.0,-0.0,0.0,0.0
500,25.014,62593.0,raw,5.605,0.0,-0.0,0.0,0.0
501,25.064,62643.0,raw,5.605,0.0,-0.0,0.0,0.0
502,25.114,62693.0,raw,5.605,0.0,-0.0,0.0,0.0
503,25.164,62743.0,raw,5.605,0.0,-0.0,0.0,0.0
504,25.214,62793.0,raw,5.605,0.0,-0.0,0.0,0.0
505,25.264,62843.0,raw,5.605,0.0,-0.0,0.0,0.0
506,25.314,62893.0,raw,5.605,0.0,-0.002,0.0,0.0
507,25.364,62943.0,raw,5.605,0.0,-0.0,0.0,0.0
508,25.414,62993.0,raw,5.605,0.0,-0.003,0.0,0.0
509,25.464,63043.0,raw,5.605,0.0,-0.0,0.0,0.0
510,25.514,63093.0,raw,5.605,0.0,-0.0,0.0,0.0
511,25.564,63143.0,raw,5.605,0.0,-0.0,0.0,0.0
512,25.614,63193.0,raw,5.605,0.0,-0.0,0.0,0.0
513,25.664,63243.0,raw,5.605,0.0,-0.0,0.0,0.0
514,25.714,63293.0,raw,5.605,0.0,-0.0,0.0,0.0
515,25.764,63343.0,raw,5.605,0.0,-0.0,0.0,0.0
516,25.814,63393.0,raw,5.605,0.0,-0.0,0.0,0.0
517,25.864,63443.0,raw,5.605,0.0,-0.0,0.0,0.0
518,25.914,63493.0,raw,5.605,0.0,-0.0,0.0,0.0
519,25.964,63543.0,raw,5.605,0.0,-0.0,0.0,0.0
520,26.014,63593.0,raw,5.605,0.0,-0.0,0.0,0.0
521,26.064,63643.0,raw,5.605,0.0,-0.0,0.0,0.0
522,26.114,63693.0,raw,5.605,0.0,-0.0,0.0,0.0
523,26.164,63743.0,raw,5.605,0.0,-0.0,0.0,0.0
524,26.214,63793.0,raw,5.605,0.0,-0.0,0.0,0.0
525,26.264,63843.0,raw,5.605,0.0,-0.078,0.0,0.0
526,26.314,63893.0,raw,5.607,0.0,0.079,0.0,0.0
527,26.364,63943.0,raw,5.605,0.0,-0.0,0.0,0.0
528,26.414,63993.0,raw,5.605,0.0,-0.0,0.0,0.0
529,26.464,64043.0,raw,5.605,0.0,-0.0,0.0,0.0
530,26.514,64093.0,raw,5.605,0.0,-0.0,0.0,0.0
531,26.564,64143.0,raw,5.605,0.0,-0.0,0.0,0.0
532,26.614,64193.0,raw,5.605,0.0,-0.0,0.0,0.0
533,26.664,64243.0,raw,5.605,0.0,-0.0,0.0,0.0
534,26.714,64293.0,raw,5.605,0.0,-0.0,0.0,0.0
535,26.764,64343.0,raw,5.605,0.0,-0.0,0.0,0.0
536,26.814,64393.0,raw,5.605,0.0,-0.0,0.0,0.0
537,26.864,64443.0,raw,5.605,0.0,-0.0,0.0,0.0
538,26.914,64493.0,raw,5.605,0.0,-0.002,0.0,0.0
539,26.964,64543.0,raw,5.605,0.0,-0.0,0.0,0.0
540,27.014,64593.0,raw,5.605,0.0,-0.0,0.0,0.0
541,27.064,64643.0,raw,5.605,0.0,-0.0,0.0,0.0
542,27.114,64693.0,raw,5.605,0.0,-0.0,0.0,0.0
543,27.164,64743.0,raw,5.605,0.0,-0.0,0.0,0.0
544,27.214,64793.0,raw,5.605,0.0,-0.0,0.0,0.0
545,27.264,64843.0,raw,5.605,0.0,-0.0,0.0,0.0
546,27.314,64893.0,raw,5.605,0.0,-0.0,0.0,0.0
547,27.364,64943.0,raw,5.605,0.0,-0.0,0.0,0.0
548,27.414,64993.0,raw,5.605,0.0,-0.0,0.0,0.0
549,27.464,65043.0,raw,5.605,0.0,-0.0,0.0,0.0
550,27.514,65093.0,raw,5.605,0.0,-0.0,0.0,0.0
551,27.564,65143.0,raw,5.605,0.0,-0.0,0.0,0.0
552,27.614,65193.0,raw,5.605,0.0,-0.0,0.0,0.0
553,27.664,65243.0,raw,5.605,0.0,-0.0,0.0,0.0
554,27.714,65293.0,raw,5.605,0.0,-0.0,0.0,0.0
555,27.764,65343.0,raw,5.605,0.0,-0.0,0.0,0.0
556,27.814,65393.0,raw,5.605,0.0,-0.0,0.0,0.0
557,27.864,65443.0,raw,5.607,0.0,0.084,0.0,0.0
558,27.914,65493.0,raw,5.605,0.0,-0.001,0.0,0.0
559,27.964,65543.0,raw,5.605,0.0,-0.0,0.0,0.0
560,28.014,65593.0,raw,5.605,0.0,-0.0,0.0,0.0
561,28.064,65643.0,raw,5.605,0.0,-0.0,0.0,0.0
562,28.114,65693.0,raw,5.605,0.0,-0.0,0.0,0.0
563,28.164,65743.0,raw,5.607,0.0,0.081,0.0,0.0
564,28.214,65793.0,raw,5.605,0.0,-0.025,0.0,0.0
565,28.264,65843.0,raw,5.585,0.0,-0.514,0.0,0.0
566,28.314,65893.0,raw,5.579,0.0,0.0,0.0,0.0
567,28.364,65943.0,raw,5.582,0.0,-0.008,0.0,0.0
568,28.414,65993.0,raw,5.584,0.0,0.002,0.0,0.0
569,28.464,66043.0,raw,5.581,0.0,-0.042,0.0,0.0
570,28.514,66093.0,raw,5.574,0.0,-0.074,0.0,0.0
571,28.564,66143.0,raw,5.574,0.0,-0.066,0.0,0.0
572,28.614,66193.0,raw,5.574,0.0,-0.029,0.0,0.0
573,28.664,66243.0,raw,5.574,0.0,-0.0,0.0,0.0
574,28.714,66293.0,raw,5.574,0.0,0.002,0.0,0.0
575,28.764,66343.0,raw,5.576,0.0,0.012,0.0,0.0
576,28.814,66393.0,raw,5.576,0.0,0.0,0.0,0.0
577,28.864,66443.0,raw,5.576,0.0,-0.061,0.0,0.0
578,28.914,66493.0,raw,5.576,0.0,-0.0,0.0,0.0
579,28.964,66543.0,raw,5.578,0.0,0.025,0.0,0.0
580,29.014,66593.0,raw,5.578,0.0,0.0,0.0,0.0
581,29.064,66643.0,raw,5.578,0.0,0.0,0.0,0.0
582,29.114,66693.0,raw,5.578,0.0,-0.021,0.0,0.0
583,29.164,66743.0,raw,5.576,0.0,-0.022,0.0,0.0
584,29.214,66793.0,raw,5.576,0.0,-0.0,0.0,0.0
585,29.264,66843.0,raw,5.578,0.0,0.01,0.0,0.0
586,29.314,66893.0,raw,5.579,0.0,0.006,0.0,0.0
587,29.364,66943.0,raw,5.576,0.0,-0.056,0.0,0.0
588,29.414,66993.0,raw,5.57,0.0,-0.105,0.0,0.0
589,29.464,67043.0,raw,5.568,0.0,-0.088,0.0,0.0
590,29.514,67093.0,raw,5.567,0.0,-0.014,0.0,0.0
591,29.564,67143.0,raw,5.568,0.0,0.007,0.0,0.0
592,29.614,67193.0,raw,5.568,0.0,0.002,0.0,0.0
593,29.664,67243.0,raw,5.57,0.0,0.002,0.0,0.0
594,29.714,67293.0,raw,5.574,0.0,0.104,0.0,0.0
595,29.764,67343.0,raw,5.576,0.0,0.007,0.0,0.0
596,29.814,67393.0,raw,5.576,0.0,-0.126,0.0,0.0
597,29.864,67443.0,raw,5.576,0.0,-0.001,0.0,0.0
598,29.914,67493.0,raw,5.576,0.0,0.005,0.0,0.0
599,29.964,67543.0,raw,5.574,0.0,-0.001,0.0,0.0
600,30.014,67593.0,raw,5.574,0.0,-0.0,0.0,0.0
601,30.064,67643.0,raw,5.576,0.0,0.006,0.0,0.0
602,30.114,67693.0,raw,5.574,0.0,-0.009,0.0,0.0
603,30.164,67743.0,raw,5.57,0.0,-0.136,0.0,0.0
604,30.214,67793.0,raw,5.568,0.0,-0.01,0.0,0.0
605,30.264,67843.0,raw,5.57,0.0,0.004,0.0,0.0
606,30.314,67893.0,raw,5.57,0.0,-0.005,0.0,0.0
607,30.364,67943.0,raw,5.57,0.0,-0.0,0.0,0.0
608,30.414,67993.0,raw,5.568,0.0,-0.035,0.0,0.0
609,30.464,68043.0,raw,5.568,0.0,-0.0,0.0,0.0
610,30.514,68093.0,raw,5.565,0.0,-0.119,0.0,0.0
611,30.564,68143.0,raw,5.564,0.0,-0.008,0.0,0.0
612,30.614,68193.0,raw,5.564,0.0,0.0,0.0,0.0
613,30.664,68243.0,raw,5.567,0.0,0.143,0.0,0.0
614,30.714,68293.0,raw,5.565,0.0,-0.013,0.0,0.0
615,30.764,68343.0,raw,5.567,0.0,0.003,0.0,0.0
616,30.814,68393.0,raw,5.567,0.0,0.001,0.0,0.0
617,30.864,68443.0,raw,5.567,0.0,0.02,0.0,0.0
618,30.914,68493.0,raw,5.567,0.0,0.071,0.0,0.0
619,30.964,68543.0,raw,5.564,0.0,-0.121,0.0,0.0
620,31.014,68593.0,raw,5.564,0.0,-0.005,0.0,0.0
621,31.064,68643.0,raw,5.564,0.0,0.011,0.0,0.0
622,31.114,68693.0,raw,5.567,0.0,0.114,0.0,0.0
623,31.164,68743.0,raw,5.567,0.0,-0.037,0.0,0.0
624,31.214,68793.0,raw,5.565,0.0,-0.048,0.0,0.0
625,31.264,68843.0,raw,5.565,0.0,-0.0,0.0,0.0
626,31.314,68893.0,raw,5.565,0.0,-0.0,0.0,0.0
627,31.364,68943.0,raw,5.565,0.0,0.007,0.0,0.0
628,31.414,68993.0,raw,5.564,0.0,0.002,0.0,0.0
629,31.464,69043.0,raw,5.562,0.0,-0.002,0.0,0.0
630,31.514,69093.0,raw,5.562,0.0,-0.0,0.0,0.0
631,31.564,69143.0,raw,5.559,0.0,-0.068,0.0,0.0
632,31.614,69193.0,raw,5.558,0.0,-0.023,0.0,0.0
633,31.664,69243.0,raw,5.559,0.0,0.012,0.0,0.0
634,31.714,69293.0,raw,5.561,0.0,0.006,0.0,0.0
635,31.764,69343.0,raw,5.564,0.0,0.079,0.0,0.0
636,31.814,69393.0,raw,5.564,0.0,0.001,0.0,0.0
637,31.864,69443.0,raw,5.564,0.0,0.0,0.0,0.0
638,31.914,69493.0,raw,5.567,0.0,0.027,0.0,0.0
639,31.964,69543.0,raw,5.565,0.0,-0.016,0.0,0.0
640,32.014,69593.0,raw,5.564,0.0,-0.002,0.0,0.0
641,32.064,69643.0,raw,5.561,0.0,-0.013,0.0,0.0
642,32.114,69693.0,raw,5.562,0.0,0.044,0.0,0.0
643,32.164,69743.0,raw,5.564,0.0,0.006,0.0,0.0
644,32.214,69793.0,raw,5.565,0.0,0.002,0.0,0.0
645,32.264,69843.0,raw,5.567,0.0,0.006,0.0,0.0
646,32.314,69893.0,raw,5.567,0.0,0.0,0.0,0.0
647,32.364,69943.0,raw,5.567,0.0,0.0,0.0,0.0
648,32.414,69993.0,raw,5.565,0.0,-0.075,0.0,0.0
649,32.464,70043.0,raw,5.565,0.0,-0.013,0.0,0.0
650,32.514,70093.0,raw,5.565,0.0,-0.066,0.0,0.0
651,32.564,70143.0,raw,5.562,0.0,-0.02,0.0,0.0
652,32.614,70193.0,raw,5.561,0.0,-0.003,0.0,0.0
653,32.664,70243.0,raw,5.561,0.0,-0.0,0.0,0.0
654,32.714,70293.0,raw,5.559,0.0,-0.056,0.0,0.0
655,32.764,70343.0,raw,5.561,0.0,-0.059,0.0,0.0
656,32.814,70393.0,raw,5.564,0.0,0.027,0.0,0.0
657,32.864,70443.0,raw,5.568,0.0,0.212,0.0,0.0
658,32.914,70493.0,raw,5.57,0.0,0.08,0.0,0.0
659,32.964,70543.0,raw,5.57,0.0,0.001,0.0,0.0
660,33.014,70593.0,raw,5.573,0.0,0.013,0.0,0.0
661,33.064,70643.0,raw,5.57,0.0,-0.086,0.0,0.0
662,33.114,70693.0,raw,5.568,0.0,-0.003,0.0,0.0
663,33.164,70743.0,raw,5.568,0.0,-0.0,0.0,0.0
664,33.214,70793.0,raw,5.567,0.0,-0.014,0.0,0.0
665,33.264,70843.0,raw,5.567,0.0,-0.008,0.0,0.0
666,33.314,70893.0,raw,5.567,0.0,0.0,0.0,0.0
667,33.364,70943.0,raw,5.568,0.0,0.009,0.0,0.0
668,33.414,70993.0,raw,5.57,0.0,0.001,0.0,0.0
669,33.464,71043.0,raw,5.57,0.0,0.0,0.0,0.0
670,33.514,71093.0,raw,5.57,0.0,0.0,0.0,0.0
671,33.564,71143.0,raw,5.57,0.0,0.0,0.0,0.0
672,33.614,71193.0,raw,5.568,0.0,-0.012,0.0,0.0
673,33.664,71243.0,raw,5.568,0.0,-0.004,0.0,0.0
674,33.714,71293.0,raw,5.568,0.0,-0.0,0.0,0.0
675,33.764,71343.0,raw,5.568,0.0,-0.0,0.0,0.0
676,33.814,71393.0,raw,5.568,0.0,-0.0,0.0,0.0
677,33.864,71443.0,raw,5.568,0.0,0.0,0.0,0.0
678,33.914,71493.0,raw,5.568,0.0,0.0,0.0,0.0
679,33.964,71543.0,raw,5.567,0.0,-0.01,0.0,0.0
680,34.014,71593.0,raw,5.567,0.0,0.05,0.0,0.0
681,34.064,71643.0,raw,5.567,0.0,0.0,0.0,0.0
682,34.114,71693.0,raw,5.567,0.0,-0.003,0.0,0.0
683,34.164,71743.0,raw,5.567,0.0,-0.0,0.0,0.0
684,34.214,71793.0,raw,5.567,0.0,0.083,0.0,0.0
685,34.264,71843.0,raw,5.567,0.0,0.001,0.0,0.0
686,34.314,71893.0,raw,5.567,0.0,0.0,0.0,0.0
687,34.364,71943.0,raw,5.567,0.0,0.0,0.0,0.0
688,34.414,71993.0,raw,5.567,0.0,0.0,0.0,0.0
689,34.464,72043.0,raw,5.567,0.0,0.08,0.0,0.0
690,34.514,72093.0,raw,5.565,0.0,-0.063,0.0,0.0
691,34.564,72143.0,raw,5.567,0.0,0.002,0.0,0.0
692,34.614,72193.0,raw,5.568,0.0,0.122,0.0,0.0
693,34.664,72243.0,raw,5.568,0.0,0.015,0.0,0.0
694,34.714,72293.0,raw,5.568,0.0,0.0,0.0,0.0
695,34.926,72505.0,raw,5.568,0.0,0.0,0.0,0.0
696,34.976,72555.0,raw,5.588,0.0,0.193,0.0625,0.002
697,35.026,72605.0,raw,5.59,0.0,0.007,0.0625,0.002
698,35.076,72655.0,raw,5.593,0.0,0.009,0.0625,0.002
699,35.126,72705.0,raw,5.593,0.0,0.0,0.0625,0.002
700,35.176,72755.0,raw,5.591,0.0,-0.005,0.0625,0.002
701,35.226,72805.0,raw,5.59,0.0,-0.128,0.0625,0.002
702,35.276,72855.0,raw,5.588,0.0,-0.077,0.0625,0.002
703,35.326,72905.0,raw,5.588,0.0,-0.001,0.0625,0.002
704,35.376,72955.0,raw,5.587,0.0,-0.002,0.0625,0.002
705,35.426,73005.0,raw,5.588,0.0,0.034,0.0625,0.002
706,35.476,73055.0,raw,5.588,0.0,0.007,0.0625,0.002
707,35.526,73105.0,raw,5.587,0.0,-0.001,0.0625,0.002
708,35.576,73155.0,raw,5.587,0.0,-0.0,0.0625,0.002
709,35.626,73205.0,raw,5.587,0.0,-0.0,0.0625,0.002
710,35.676,73255.0,raw,5.587,0.0,-0.0,0.0625,0.002
711,35.726,73305.0,raw,5.587,0.0,-0.0,0.0625,0.002
712,35.776,73355.0,raw,5.587,0.0,-0.0,0.0625,0.002
713,35.826,73405.0,raw,5.588,0.0,0.044,0.0625,0.002
714,35.876,73455.0,raw,5.587,0.0,-0.019,0.0625,0.002
715,35.926,73505.0,raw,5.588,0.0,0.006,0.0625,0.002
716,35.976,73555.0,raw,5.588,0.0,0.064,0.0625,0.002
717,36.026,73605.0,raw,5.587,0.0,-0.046,0.0625,0.002
718,36.076,73655.0,raw,5.588,0.0,0.002,0.0625,0.002
719,36.126,73705.0,raw,5.587,0.0,-0.065,0.0625,0.002
720,36.176,73755.0,raw,5.587,0.0,-0.0,0.0625,0.002
721,36.226,73805.0,raw,5.587,0.0,-0.0,0.0625,0.002
722,36.276,73855.0,raw,5.587,0.0,-0.0,0.0625,0.002
723,36.326,73905.0,raw,5.587,0.0,-0.0,0.0625,0.002
724,36.376,73955.0,raw,5.587,0.0,-0.0,0.0625,0.002
725,36.426,74005.0,raw,5.587,0.0,-0.0,0.0625,0.002
726,36.476,74055.0,raw,5.585,0.0,-0.008,0.0625,0.002
727,36.526,74105.0,raw,5.584,0.0,-0.013,0.0625,0.002
728,36.576,74155.0,raw,5.584,0.0,-0.0,0.0625,0.002
729,36.626,74205.0,raw,5.582,0.0,-0.021,0.0625,0.002
730,36.676,74255.0,raw,5.581,0.0,-0.036,0.0625,0.002
731,36.726,74305.0,raw,5.581,0.0,-0.0,0.0625,0.002
732,36.776,74355.0,raw,5.581,0.0,-0.0,0.0625,0.002
733,36.826,74405.0,raw,5.582,0.0,0.007,0.0625,0.002
734,36.876,74455.0,raw,5.584,0.0,0.002,0.0625,0.002
735,36.926,74505.0,raw,5.584,0.0,0.084,0.0625,0.002
736,36.976,74555.0,raw,5.582,0.0,-0.014,0.0625,0.002
737,37.026,74605.0,raw,5.581,0.0,-0.002,0.0625,0.002
738,37.076,74655.0,raw,5.585,0.0,0.157,0.0625,0.002
739,37.126,74705.0,raw,5.582,0.0,-0.094,0.0625,0.002
740,37.176,74755.0,raw,5.579,0.0,-0.144,0.0625,0.002
741,37.226,74805.0,raw,5.578,0.0,-0.006,0.0625,0.002
742,37.276,74855.0,raw,5.574,0.0,-0.072,0.0625,0.002
743,37.326,74905.0,raw,5.573,0.0,-0.003,0.0625,0.002
744,37.376,74955.0,raw,5.576,0.0,0.029,0.0625,0.002
745,37.426,75005.0,raw,5.576,0.0,0.058,0.0625,0.002
746,37.476,75055.0,raw,5.579,0.0,0.069,0.0625,0.002
747,37.526,75105.0,raw,5.582,0.0,0.213,0.0625,0.002
748,37.576,75155.0,raw,5.588,0.0,0.002,0.0625,0.002
749,37.626,75205.0,raw,5.587,0.0,-0.017,0.0625,0.002
750,37.676,75255.0,raw,5.587,0.0,0.008,0.0625,0.002
751,37.726,75305.0,raw,5.588,0.0,0.002,0.0625,0.002
752,37.776,75355.0,raw,5.587,0.0,-0.01,0.0625,0.002
753,37.826,75405.0,raw,5.587,0.0,-0.133,0.0625,0.002
754,37.876,75455.0,raw,5.588,0.0,0.023,0.0625,0.002
755,37.926,75505.0,raw,5.591,0.0,0.008,0.0625,0.002
756,37.976,75555.0,raw,5.593,0.0,0.001,0.0625,0.002
757,38.026,75605.0,raw,5.591,0.0,-0.007,0.0625,0.002
758,38.076,75655.0,raw,5.594,0.0,0.124,0.0625,0.002
759,38.126,75705.0,raw,5.596,0.0,0.075,0.0625,0.002
760,38.176,75755.0,raw,5.596,0.0,0.004,0.0625,0.002
761,38.226,75805.0,raw,5.594,0.0,-0.001,0.0625,0.002
762,38.276,75855.0,raw,5.594,0.0,-0.001,0.0625,0.002
763,38.326,75905.0,raw,5.594,0.0,0.006,0.0625,0.002
764,38.376,75955.0,raw,5.594,0.0,0.0,0.0625,0.002
765,38.426,76005.0,raw,5.594,0.0,0.0,0.0625,0.002
766,38.476,76055.0,raw,5.594,0.0,0.0,0.0625,0.002
767,38.526,76105.0,raw,5.594,0.0,0.0,0.0625,0.002
768,38.576,76155.0,raw,5.593,0.0,-0.006,0.0625,0.002
769,38.626,76205.0,raw,5.591,0.0,-0.003,0.0625,0.002
770,38.676,76255.0,raw,5.593,0.0,0.079,0.0625,0.002
771,38.726,76305.0,raw,5.593,0.0,0.001,0.0625,0.002
772,38.776,76355.0,raw,5.593,0.0,0.0,0.0625,0.002
773,38.826,76405.0,raw,5.593,0.0,0.0,0.0625,0.002
774,38.876,76455.0,raw,5.594,0.0,0.017,0.0625,0.002
775,38.926,76505.0,raw,5.596,0.0,0.005,0.0625,0.002
776,38.976,76555.0,raw,5.596,0.0,0.0,0.0625,0.002
777,39.026,76605.0,raw,5.596,0.0,0.0,0.0625,0.002
778,39.076,76655.0,raw,5.594,0.0,-0.029,0.0625,0.002
779,39.126,76705.0,raw,5.594,0.0,-0.0,0.0625,0.002
780,39.176,76755.0,raw,5.596,0.0,0.005,0.0625,0.002
781,39.226,76805.0,raw,5.596,0.0,0.0,0.0625,0.002
782,39.276,76855.0,raw,5.594,0.0,-0.066,0.0625,0.002
783,39.326,76905.0,raw,5.594,0.0,-0.001,0.0625,0.002
784,39.376,76955.0,raw,5.594,0.0,-0.0,0.0625,0.002
785,39.426,77005.0,raw,5.594,0.0,-0.025,0.0625,0.002
786,39.476,77055.0,raw,5.596,0.0,0.001,0.0625,0.002
787,39.526,77105.0,raw,5.596,0.0,0.0,0.0625,0.002
788,39.576,77155.0,raw,5.594,0.0,-0.004,0.0625,0.002
789,39.626,77205.0,raw,5.594,0.0,-0.0,0.0625,0.002
790,39.676,77255.0,raw,5.594,0.0,-0.0,0.0625,0.002
791,39.726,77305.0,raw,5.596,0.0,0.002,0.0625,0.002
792,39.776,77355.0,raw,5.596,0.0,0.0,0.0625,0.002
793,39.826,77405.0,raw,5.594,0.0,-0.007,0.0625,0.002
794,39.876,77455.0,raw,5.594,0.0,-0.0,0.0625,0.002
795,39.926,77505.0,raw,5.594,0.0,-0.0,0.0625,0.002
796,39.976,77555.0,raw,5.596,0.0,0.074,0.0625,0.002
797,40.026,77605.0,raw,5.596,0.0,0.001,0.0625,0.002
798,40.076,77655.0,raw,5.594,0.0,-0.096,0.0625,0.002
799,40.126,77705.0,raw,5.594,0.0,-0.019,0.0625,0.002
800,40.176,77755.0,raw,5.596,0.0,0.004,0.0625,0.002
801,40.226,77805.0,raw,5.596,0.0,0.0,0.0625,0.002
802,40.276,77855.0,raw,5.596,0.0,0.0,0.0625,0.002
803,40.326,77905.0,raw,5.594,0.0,-0.092,0.0625,0.002
804,40.376,77955.0,raw,5.594,0.0,-0.001,0.0625,0.002
805,40.426,78005.0,raw,5.594,0.0,-0.0,0.0625,0.002
806,40.476,78055.0,raw,5.596,0.0,0.007,0.0625,0.002
807,40.526,78105.0,raw,5.596,0.0,0.0,0.0625,0.002
808,40.576,78155.0,raw,5.594,0.0,-0.019,0.0625,0.002
809,40.626,78205.0,raw,5.594,0.0,-0.0,0.0625,0.002
810,40.676,78255.0,raw,5.594,0.0,-0.0,0.0625,0.002
811,40.726,78305.0,raw,5.596,0.0,0.011,0.0625,0.002
812,40.776,78355.0,raw,5.594,0.0,-0.004,0.0625,0.002
813,40.826,78405.0,raw,5.594,0.0,-0.0,0.0625,0.002
814,40.876,78455.0,raw,5.594,0.0,-0.054,0.0625,0.002
815,40.926,78505.0,raw,5.596,0.0,0.015,0.0625,0.002
816,40.976,78555.0,raw,5.593,0.0,-0.109,0.0625,0.002
817,41.026,78605.0,raw,5.59,0.0,-0.107,0.0625,0.002
818,41.076,78655.0,raw,5.584,0.0,-0.165,0.0625,0.002
819,41.126,78705.0,raw,5.578,0.0,-0.202,0.0625,0.002
820,41.176,78755.0,raw,5.578,0.0,-0.001,0.0625,0.002
821,41.226,78805.0,raw,5.574,0.0,-0.172,0.0625,0.002
822,41.276,78855.0,raw,5.579,0.0,0.093,0.0625,0.002
823,41.326,78905.0,raw,5.588,0.0,0.033,0.0625,0.002
824,41.376,78955.0,raw,5.57,0.0,-0.321,0.0625,0.002
825,41.426,79005.0,raw,5.567,0.0,-0.007,0.0625,0.002
826,41.476,79055.0,raw,5.553,0.0,-0.289,0.0625,0.002
827,41.526,79105.0,raw,5.541,0.0,-0.099,0.0625,0.002
828,41.576,79155.0,raw,5.544,0.0,0.073,0.0625,0.002
829,41.626,79205.0,raw,5.547,0.0,0.018,0.0625,0.002
830,41.676,79255.0,raw,5.55,0.0,0.055,0.0625,0.002
831,41.726,79305.0,raw,5.556,0.0,0.181,0.0625,0.002
832,41.776,79355.0,raw,5.558,0.0,0.031,0.0625,0.002
833,41.826,79405.0,raw,5.559,0.0,0.062,0.0625,0.002
834,41.876,79455.0,raw,5.567,0.0,0.084,0.0625,0.002
835,41.926,79505.0,raw,5.57,0.0,0.006,0.0625,0.002
836,41.976,79555.0,raw,5.57,0.0,0.0,0.0625,0.002
837,42.026,79605.0,raw,5.571,0.0,0.006,0.0625,0.002
838,42.076,79655.0,raw,5.571,0.0,0.0,0.0625,0.002
839,42.126,79705.0,raw,5.573,0.0,0.113,0.0625,0.002
840,42.176,79755.0,raw,5.574,0.0,0.017,0.0625,0.002
841,42.226,79805.0,raw,5.574,0.0,0.0,0.0625,0.002
842,42.276,79855.0,raw,5.574,0.0,0.052,0.0625,0.002
843,42.326,79905.0,raw,5.576,0.0,0.011,0.0625,0.002
844,42.376,79955.0,raw,5.576,0.0,0.083,0.0625,0.002
845,42.426,80005.0,raw,5.584,0.0,0.166,0.0625,0.002
846,42.476,80055.0,raw,5.59,0.0,0.219,0.0625,0.002
847,42.526,80105.0,raw,5.59,0.0,0.002,0.0625,0.002
848,42.576,80155.0,raw,5.59,0.0,0.0,0.0625,0.002
849,42.626,80205.0,raw,5.591,0.0,0.13,0.0625,0.002
850,42.676,80255.0,raw,5.591,0.0,0.001,0.0625,0.002
851,42.726,80305.0,raw,5.59,0.0,-0.004,0.0625,0.002
852,42.776,80355.0,raw,5.588,0.0,-0.016,0.0625,0.002
853,42.826,80405.0,raw,5.588,0.0,-0.0,0.0625,0.002
854,42.876,80455.0,raw,5.588,0.0,-0.0,0.0625,0.002
855,42.926,80505.0,raw,5.588,0.0,-0.0,0.0625,0.002
856,42.976,80555.0,raw,5.587,0.0,-0.01,0.0625,0.002
857,43.026,80605.0,raw,5.585,0.0,-0.117,0.0625,0.002
858,43.076,80655.0,raw,5.584,0.0,-0.015,0.0625,0.002
859,43.126,80705.0,raw,5.573,0.0,-0.257,0.0625,0.002
860,43.176,80755.0,raw,5.562,0.0,-0.112,0.0625,0.002
861,43.226,80805.0,raw,5.562,0.0,0.111,0.0625,0.002
862,43.276,80855.0,raw,5.568,0.0,0.064,0.0625,0.002
863,43.326,80905.0,raw,5.559,0.0,-0.202,0.0625,0.002
864,43.376,80955.0,raw,5.558,0.0,-0.1,0.0625,0.002
865,43.426,81005.0,raw,5.544,0.0,-0.23,0.0625,0.002
866,43.476,81055.0,raw,5.541,0.0,0.051,0.0625,0.002
867,43.526,81105.0,raw,5.539,0.0,-0.003,0.0625,0.002
868,43.576,81155.0,raw,5.55,0.0,0.149,0.0625,0.002
869,43.626,81205.0,raw,5.558,0.0,0.092,0.0625,0.002
870,43.676,81255.0,raw,5.584,0.0,0.65,0.0625,0.002
871,43.726,81305.0,raw,5.585,0.0,-0.073,0.0625,0.002
872,43.776,81355.0,raw,5.582,0.0,0.033,0.0625,0.002
873,43.826,81405.0,raw,5.555,0.0,-0.518,0.0625,0.002
874,43.876,81455.0,raw,5.533,0.0,-0.169,0.0625,0.002
875,43.926,81505.0,raw,5.545,0.0,0.174,0.0625,0.002
876,43.976,81555.0,raw,5.541,0.0,-0.046,0.0625,0.002
877,44.026,81605.0,raw,5.541,0.0,-0.077,0.0625,0.002
878,44.076,81655.0,raw,5.538,0.0,-0.068,0.0625,0.002
879,44.126,81705.0,raw,5.518,0.0,-0.408,0.0625,0.002
880,44.176,81755.0,raw,5.473,0.0,-1.03,0.0625,0.002
881,44.226,81805.0,raw,5.433,0.0,-0.626,0.0625,0.002
882,44.276,81855.0,raw,5.415,0.0,-0.39,0.0625,0.002
883,44.326,81905.0,raw,5.395,0.0,-0.481,0.0625,0.002
884,44.376,81955.0,raw,5.395,0.0,0.319,0.0625,0.002
885,44.426,82005.0,raw,5.398,0.0,-0.148,0.0625,0.002
886,44.476,82055.0,raw,5.412,0.0,0.446,0.0625,0.002
887,44.526,82105.0,raw,5.423,0.0,0.166,0.0625,0.002
888,44.576,82155.0,raw,5.429,0.0,0.229,0.0625,0.002
889,44.626,82205.0,raw,5.441,0.0,0.164,0.0625,0.002
890,44.676,82255.0,raw,5.453,0.0,0.334,0.0625,0.002
891,44.726,82305.0,raw,5.461,0.0,0.116,0.0625,0.002
892,44.776,82355.0,raw,5.472,0.0,0.315,0.0625,0.002
893,44.826,82405.0,raw,5.482,0.0,0.229,0.0625,0.002
894,44.876,82455.0,raw,5.502,0.0,0.59,0.0625,0.002
895,44.926,82505.0,raw,5.53,0.0,0.521,0.0625,0.002
896,44.976,82555.0,raw,5.535,0.0,0.028,0.0625,0.002
897,45.026,82605.0,raw,5.536,0.0,0.004,0.0625,0.002
898,45.076,82655.0,raw,5.533,0.0,-0.139,0.0625,0.002
899,45.126,82705.0,raw,5.53,0.0,-0.092,0.0625,0.002
900,45.176,82755.0,raw,5.53,0.0,-0.001,0.0625,0.002
901,45.226,82805.0,raw,5.528,0.0,-0.043,0.0625,0.002
902,45.276,82855.0,raw,5.53,0.0,0.115,0.0625,0.002
903,45.326,82905.0,raw,5.535,0.0,0.168,0.0625,0.002
904,45.376,82955.0,raw,5.53,0.0,-0.078,0.0625,0.002
905,45.426,83005.0,raw,5.535,0.0,0.139,0.0625,0.002
906,45.476,83055.0,raw,5.544,0.0,0.125,0.0625,0.002
907,45.526,83105.0,raw,5.541,0.0,0.019,0.0625,0.002
908,45.576,83155.0,raw,5.547,0.0,0.131,0.0625,0.002
909,45.626,83205.0,raw,5.551,0.0,0.043,0.0625,0.002
910,45.676,83255.0,raw,5.553,0.0,0.002,0.0625,0.002
911,45.726,83305.0,raw,5.556,0.0,-0.013,0.0625,0.002
912,45.776,83355.0,raw,5.558,0.0,0.063,0.0625,0.002
913,45.826,83405.0,raw,5.558,0.0,0.0,0.0625,0.002
914,45.876,83455.0,raw,5.559,0.0,0.004,0.0625,0.002
915,45.926,83505.0,raw,5.559,0.0,0.058,0.0625,0.002
916,45.976,83555.0,raw,5.558,0.0,-0.017,0.0625,0.002
917,46.026,83605.0,raw,5.559,0.0,0.003,0.0625,0.002
918,46.076,83655.0,raw,5.559,0.0,0.0,0.0625,0.002
919,46.126,83705.0,raw,5.558,0.0,-0.012,0.0625,0.002
920,46.176,83755.0,raw,5.558,0.0,-0.0,0.0625,0.002
921,46.226,83805.0,raw,5.561,0.0,0.057,0.0625,0.002
922,46.276,83855.0,raw,5.564,0.0,0.022,0.0625,0.002
923,46.326,83905.0,raw,5.567,0.0,0.087,0.0625,0.002
924,46.376,83955.0,raw,5.568,0.0,0.031,0.0625,0.002
925,46.426,84005.0,raw,5.568,0.0,0.0,0.0625,0.002
926,46.476,84055.0,raw,5.57,0.0,0.026,0.0625,0.002
927,46.526,84105.0,raw,5.567,0.0,-0.041,0.0625,0.002
928,46.576,84155.0,raw,5.567,0.0,-0.0,0.0625,0.002
929,46.626,84205.0,raw,5.564,0.0,-0.026,0.0625,0.002
930,46.676,84255.0,raw,5.561,0.0,-0.032,0.0625,0.002
931,46.726,84305.0,raw,5.561,0.0,-0.0,0.0625,0.002
932,46.776,84355.0,raw,5.561,0.0,-0.0,0.0625,0.002
933,46.826,84405.0,raw,5.559,0.0,-0.004,0.0625,0.002
934,46.876,84455.0,raw,5.561,0.0,0.065,0.0625,0.002
935,46.926,84505.0,raw,5.561,0.0,0.0,0.0625,0.002
936,46.976,84555.0,raw,5.561,0.0,0.0,0.0625,0.002
937,47.026,84605.0,raw,5.561,0.0,0.0,0.0625,0.002
938,47.076,84655.0,raw,5.561,0.0,0.0,0.0625,0.002
939,47.126,84705.0,raw,5.562,0.0,0.043,0.0625,0.002
940,47.176,84755.0,raw,5.57,0.0,0.218,0.0625,0.002
941,47.226,84805.0,raw,5.573,0.0,0.094,0.0625,0.002
942,47.276,84855.0,raw,5.573,0.0,0.001,0.0625,0.002
943,47.326,84905.0,raw,5.573,0.0,-0.018,0.0625,0.002
944,47.376,84955.0,raw,5.574,0.0,0.058,0.0625,0.002
945,47.426,85005.0,raw,5.574,0.0,-0.002,0.0625,0.002
946,47.476,85055.0,raw,5.576,0.0,0.04,0.0625,0.002
947,47.526,85105.0,raw,5.579,0.0,0.15,0.0625,0.002
948,47.576,85155.0,raw,5.59,0.0,0.218,0.0625,0.002
949,47.626,85205.0,raw,5.593,0.0,0.13,0.0625,0.002
950,47.676,85255.0,raw,5.604,0.0,0.275,0.0625,0.002
951,47.726,85305.0,raw,5.61,0.0,0.048,0.0625,0.002
952,47.776,85355.0,raw,5.611,0.0,0.023,0.0625,0.002
953,47.826,85405.0,raw,5.611,0.0,0.059,0.0625,0.002
954,47.876,85455.0,raw,5.61,0.0,-0.001,0.0625,0.002
955,47.926,85505.0,raw,5.611,0.0,0.125,0.0625,0.002
956,47.976,85555.0,raw,5.614,0.0,0.113,0.0625,0.002
957,48.026,85605.0,raw,5.619,0.0,0.024,0.0625,0.002
958,48.076,85655.0,raw,5.621,0.0,0.003,0.0625,0.002
959,48.126,85705.0,raw,5.621,0.0,-0.002,0.0625,0.002
960,48.176,85755.0,raw,5.619,0.0,-0.004,0.0625,0.002
961,48.226,85805.0,raw,5.617,0.0,-0.03,0.0625,0.002
962,48.276,85855.0,raw,5.617,0.0,0.015,0.0625,0.002
963,48.326,85905.0,raw,5.616,0.0,-0.044,0.0625,0.002
964,48.376,85955.0,raw,5.617,0.0,0.042,0.0625,0.002
965,48.426,86005.0,raw,5.619,0.0,0.084,0.0625,0.002
966,48.476,86055.0,raw,5.621,0.0,0.035,0.0625,0.002
967,48.526,86105.0,raw,5.621,0.0,0.001,0.0625,0.002
968,48.576,86155.0,raw,5.621,0.0,0.0,0.0625,0.002
969,48.626,86205.0,raw,5.621,0.0,0.0,0.0625,0.002
970,48.676,86255.0,raw,5.621,0.0,-0.0,0.0625,0.002
971,48.726,86305.0,raw,5.622,0.0,0.068,0.0625,0.002
972,48.776,86355.0,raw,5.624,0.0,0.065,0.0625,0.002
973,48.826,86405.0,raw,5.625,0.0,0.013,0.0625,0.002
974,48.876,86455.0,raw,5.624,0.0,-0.01,0.0625,0.002
975,48.926,86505.0,raw,5.624,0.0,-0.0,0.0625,0.002
976,48.976,86555.0,raw,5.625,0.0,0.087,0.0625,0.002
977,49.026,86605.0,raw,5.625,0.0,-0.02,0.0625,0.002
978,49.076,86655.0,raw,5.63,0.0,0.114,0.0625,0.002
979,49.126,86705.0,raw,5.63,0.0,0.024,0.0625,0.002
980,49.176,86755.0,raw,5.634,0.0,0.179,0.0625,0.002
981,49.226,86805.0,raw,5.636,0.0,0.059,0.0625,0.002
982,49.276,86855.0,raw,5.637,0.0,0.06,0.0625,0.002
983,49.326,86905.0,raw,5.639,0.0,0.014,0.0625,0.002
984,49.376,86955.0,raw,5.639,0.0,0.038,0.0625,0.002
985,49.426,87005.0,raw,5.637,0.0,-0.003,0.0625,0.002
986,49.476,87055.0,raw,5.64,0.0,0.037,0.0625,0.002
987,49.526,87105.0,raw,5.64,0.0,0.0,0.0625,0.002
988,49.576,87155.0,raw,5.64,0.0,-0.026,0.0625,0.002
989,49.626,87205.0,raw,5.639,0.0,-0.047,0.0625,0.002
990,49.676,87255.0,raw,5.637,0.0,-0.016,0.0625,0.002
991,49.726,87305.0,raw,5.634,0.0,-0.056,0.0625,0.002
992,49.776,87355.0,raw,5.636,0.0,0.062,0.0625,0.002
993,49.826,87405.0,raw,5.636,0.0,0.0,0.0625,0.002
994,49.876,87455.0,raw,5.636,0.0,0.0,0.0625,0.002
995,49.926,87505.0,raw,5.636,0.0,0.0,0.0625,0.002
996,49.976,87555.0,raw,5.637,0.0,0.002,0.0625,0.002
997,50.026,87605.0,raw,5.639,0.0,0.035,0.0625,0.002
998,50.076,87655.0,raw,5.64,0.0,0.027,0.0625,0.002
999,50.126,87705.0,raw,5.64,0.0,-0.041,0.0625,0.002
1000,50.176,87755.0,raw,5.64,0.0,-0.089,0.0625,0.002
1001,50.226,87805.0,raw,5.642,0.0,0.009,0.0625,0.002
1002,50.276,87855.0,raw,5.64,0.0,-0.052,0.0625,0.002
1003,50.326,87905.0,raw,5.639,0.0,-0.059,0.0625,0.002
1004,50.376,87955.0,raw,5.639,0.0,-0.014,0.0625,0.002
1005,50.426,88005.0,raw,5.637,0.0,-0.035,0.0625,0.002
1006,50.476,88055.0,raw,5.637,0.0,-0.0,0.0625,0.002
1007,50.526,88105.0,raw,5.636,0.0,-0.003,0.0625,0.002
1008,50.576,88155.0,raw,5.636,0.0,-0.0,0.0625,0.002
1009,50.626,88205.0,raw,5.634,0.0,-0.009,0.0625,0.002
1010,50.676,88255.0,raw,5.634,0.0,-0.0,0.0625,0.002
1011,50.726,88305.0,raw,5.636,0.0,0.059,0.0625,0.002
1012,50.776,88355.0,raw,5.636,0.0,0.001,0.0625,0.002
1013,50.826,88405.0,raw,5.636,0.0,0.0,0.0625,0.002
1014,50.876,88455.0,raw,5.637,0.0,0.002,0.0625,0.002
1015,50.926,88505.0,raw,5.639,0.0,0.016,0.0625,0.002
1016,50.976,88555.0,raw,5.64,0.0,0.035,0.0625,0.002
1017,51.026,88605.0,raw,5.64,0.0,0.0,0.0625,0.002
1018,51.076,88655.0,raw,5.639,0.0,-0.002,0.0625,0.002
1019,51.126,88705.0,raw,5.639,0.0,0.038,0.0625,0.002
1020,51.176,88755.0,raw,5.64,0.0,0.103,0.0625,0.002
1021,51.226,88805.0,raw,5.644,0.0,0.124,0.0625,0.002
1022,51.276,88855.0,raw,5.645,0.0,0.009,0.0625,0.002
1023,51.326,88905.0,raw,5.645,0.0,0.0,0.0625,0.002
1024,51.376,88955.0,raw,5.644,0.0,-0.009,0.0625,0.002
1025,51.426,89005.0,raw,5.642,0.0,-0.011,0.0625,0.002
1026,51.476,89055.0,raw,5.642,0.0,-0.0,0.0625,0.002
1027,51.526,89105.0,raw,5.642,0.0,0.035,0.0625,0.002
1028,51.576,89155.0,raw,5.642,0.0,0.018,0.0625,0.002
1029,51.626,89205.0,raw,5.642,0.0,0.001,0.0625,0.002
1030,51.676,89255.0,raw,5.642,0.0,0.0,0.0625,0.002
1031,51.726,89305.0,raw,5.642,0.0,0.0,0.0625,0.002
1032,51.776,89355.0,raw,5.64,0.0,-0.072,0.0625,0.002
1033,51.826,89405.0,raw,5.64,0.0,-0.001,0.0625,0.002
1034,51.876,89455.0,raw,5.64,0.0,-0.0,0.0625,0.002
1035,51.926,89505.0,raw,5.64,0.0,0.0,0.0625,0.002
1036,51.976,89555.0,raw,5.64,0.0,0.0,0.0625,0.002
1037,52.026,89605.0,raw,5.64,0.0,0.0,0.0625,0.002
1038,52.076,89655.0,raw,5.64,0.0,0.0,0.0625,0.002
1039,52.126,89705.0,raw,5.64,0.0,0.0,0.0625,0.002
1040,52.176,89755.0,raw,5.64,0.0,0.0,0.0625,0.002
1041,52.226,89805.0,raw,5.642,0.0,0.014,0.0625,0.002
1042,52.276,89855.0,raw,5.64,0.0,-0.087,0.0625,0.002
1043,52.326,89905.0,raw,5.642,0.0,0.058,0.0625,0.002
1044,52.376,89955.0,raw,5.642,0.0,0.0,0.0625,0.002
1045,52.426,90005.0,raw,5.642,0.0,0.0,0.0625,0.002
1046,52.476,90055.0,raw,5.64,0.0,-0.11,0.0625,0.002
1047,52.71,90289.0,raw,5.64,0.0,-0.019,0.0625,0.002
1048,52.76,90339.0,raw,5.653,0.0,0.071,0.1562,0.005
1049,52.81,90389.0,raw,5.657,0.0,0.139,0.1562,0.005
1050,52.86,90439.0,raw,5.659,0.0,0.003,0.1562,0.005
1051,52.91,90489.0,raw,5.659,0.0,0.0,0.1562,0.005
1052,52.96,90539.0,raw,5.66,0.0,0.028,0.1562,0.005
1053,53.01,90589.0,raw,5.665,0.0,0.01,0.1562,0.005
1054,53.06,90639.0,raw,5.668,0.0,0.129,0.1562,0.005
1055,53.11,90689.0,raw,5.668,0.0,0.001,0.1562,0.005
1056,53.16,90739.0,raw,5.668,0.0,0.0,0.1562,0.005
1057,53.21,90789.0,raw,5.668,0.0,-0.001,0.1562,0.005
1058,53.26,90839.0,raw,5.67,0.0,0.008,0.1562,0.005
1059,53.31,90889.0,raw,5.671,0.0,0.004,0.1562,0.005
1060,53.36,90939.0,raw,5.673,0.0,0.029,0.1562,0.005
1061,53.41,90989.0,raw,5.673,0.0,0.0,0.1562,0.005
1062,53.46,91039.0,raw,5.674,0.0,0.014,0.1562,0.005
1063,53.51,91089.0,raw,5.676,0.0,0.061,0.1562,0.005
1064,53.56,91139.0,raw,5.677,0.0,0.04,0.1562,0.005
1065,53.61,91189.0,raw,5.68,0.0,0.08,0.1562,0.005
1066,53.66,91239.0,raw,5.686,0.0,0.24,0.1562,0.005
1067,53.71,91289.0,raw,5.69,0.0,0.089,0.1562,0.005
1068,53.76,91339.0,raw,5.688,0.0,-0.021,0.1562,0.005
1069,53.81,91389.0,raw,5.688,0.0,-0.001,0.1562,0.005
1070,53.86,91439.0,raw,5.688,0.0,-0.0,0.1562,0.005
1071,53.91,91489.0,raw,5.686,0.0,-0.061,0.1562,0.005
1072,53.96,91539.0,raw,5.688,0.0,0.016,0.1562,0.005
1073,54.01,91589.0,raw,5.69,0.0,0.013,0.1562,0.005
1074,54.06,91639.0,raw,5.691,0.0,0.012,0.1562,0.005
1075,54.11,91689.0,raw,5.69,0.0,-0.007,0.1562,0.005
1076,54.16,91739.0,raw,5.69,0.0,-0.0,0.1562,0.005
1077,54.21,91789.0,raw,5.688,0.0,-0.002,0.1562,0.005
1078,54.26,91839.0,raw,5.688,0.0,-0.001,0.1562,0.005
1079,54.31,91889.0,raw,5.688,0.0,-0.0,0.1562,0.005
1080,54.36,91939.0,raw,5.69,0.0,0.002,0.1562,0.005
1081,54.41,91989.0,raw,5.691,0.0,0.016,0.1562,0.005
1082,54.46,92039.0,raw,5.69,0.0,-0.005,0.1562,0.005
1083,54.51,92089.0,raw,5.694,0.0,0.144,0.1562,0.005
1084,54.56,92139.0,raw,5.699,0.0,0.088,0.1562,0.005
1085,54.61,92189.0,raw,5.699,0.0,0.001,0.1562,0.005
1086,54.66,92239.0,raw,5.699,0.0,0.0,0.1562,0.005
1087,54.71,92289.0,raw,5.697,0.0,-0.094,0.1562,0.005
1088,54.76,92339.0,raw,5.699,0.0,0.04,0.1562,0.005
1089,54.81,92389.0,raw,5.7,0.0,0.017,0.1562,0.005
1090,54.86,92439.0,raw,5.702,0.0,0.015,0.1562,0.005
1091,54.91,92489.0,raw,5.705,0.0,0.186,0.1562,0.005
1092,54.96,92539.0,raw,5.716,0.0,0.255,0.1562,0.005
1093,55.01,92589.0,raw,5.716,0.0,0.002,0.1562,0.005
1094,55.06,92639.0,raw,5.716,0.0,0.0,0.1562,0.005
1095,55.11,92689.0,raw,5.717,0.0,0.003,0.1562,0.005
1096,55.16,92739.0,raw,5.717,0.0,-0.003,0.1562,0.005
1097,55.21,92789.0,raw,5.717,0.0,-0.0,0.1562,0.005
1098,55.26,92839.0,raw,5.716,0.0,-0.12,0.1562,0.005
1099,55.31,92889.0,raw,5.716,0.0,0.048,0.1562,0.005
1100,55.36,92939.0,raw,5.717,0.0,0.018,0.1562,0.005
1101,55.41,92989.0,raw,5.716,0.0,-0.139,0.1562,0.005
1102,55.46,93039.0,raw,5.714,0.0,-0.02,0.1562,0.005
1103,55.51,93089.0,raw,5.711,0.0,-0.012,0.1562,0.005
1104,55.56,93139.0,raw,5.709,0.0,-0.004,0.1562,0.005
1105,55.61,93189.0,raw,5.709,0.0,-0.0,0.1562,0.005
1106,55.66,93239.0,raw,5.709,0.0,-0.0,0.1562,0.005
1107,55.71,93289.0,raw,5.709,0.0,-0.0,0.1562,0.005
1108,55.76,93339.0,raw,5.708,0.0,-0.002,0.1562,0.005
1109,55.81,93389.0,raw,5.706,0.0,-0.01,0.1562,0.005
1110,55.86,93439.0,raw,5.706,0.0,-0.0,0.1562,0.005
1111,55.91,93489.0,raw,5.706,0.0,-0.026,0.1562,0.005
1112,55.96,93539.0,raw,5.706,0.0,-0.032,0.1562,0.005
1113,56.01,93589.0,raw,5.706,0.0,0.068,0.1562,0.005
1114,56.06,93639.0,raw,5.706,0.0,0.021,0.1562,0.005
1115,56.11,93689.0,raw,5.705,0.0,-0.001,0.1562,0.005
1116,56.16,93739.0,raw,5.705,0.0,-0.0,0.1562,0.005
1117,56.21,93789.0,raw,5.706,0.0,0.122,0.1562,0.005
1118,56.26,93839.0,raw,5.708,0.0,0.083,0.1562,0.005
1119,56.31,93889.0,raw,5.706,0.0,-0.011,0.1562,0.005
1120,56.36,93939.0,raw,5.706,0.0,-0.0,0.1562,0.005
1121,56.41,93989.0,raw,5.705,0.0,-0.003,0.1562,0.005
1122,56.46,94039.0,raw,5.705,0.0,0.01,0.1562,0.005
1123,56.51,94089.0,raw,5.703,0.0,-0.095,0.1562,0.005
1124,56.56,94139.0,raw,5.705,0.0,0.0,0.1562,0.005
1125,56.61,94189.0,raw,5.706,0.0,0.026,0.1562,0.005
1126,56.66,94239.0,raw,5.706,0.0,-0.003,0.1562,0.005
1127,56.71,94289.0,raw,5.706,0.0,-0.0,0.1562,0.005
1128,56.76,94339.0,raw,5.706,0.0,-0.0,0.1562,0.005
1129,56.81,94389.0,raw,5.706,0.0,-0.0,0.1562,0.005
1130,56.86,94439.0,raw,5.706,0.0,-0.0,0.1562,0.005
1131,56.91,94489.0,raw,5.706,0.0,-0.0,0.1562,0.005
1132,56.96,94539.0,raw,5.706,0.0,-0.0,0.1562,0.005
1133,57.01,94589.0,raw,5.705,0.0,-0.074,0.1562,0.005
1134,57.06,94639.0,raw,5.706,0.0,0.043,0.1562,0.005
1135,57.11,94689.0,raw,5.706,0.0,0.001,0.1562,0.005
1136,57.16,94739.0,raw,5.706,0.0,0.0,0.1562,0.005
1137,57.21,94789.0,raw,5.708,0.0,0.052,0.1562,0.005
1138,57.26,94839.0,raw,5.706,0.0,-0.003,0.1562,0.005
1139,57.31,94889.0,raw,5.708,0.0,0.079,0.1562,0.005
1140,57.36,94939.0,raw,5.708,0.0,0.001,0.1562,0.005
1141,57.41,94989.0,raw,5.708,0.0,0.0,0.1562,0.005
1142,57.46,95039.0,raw,5.708,0.0,0.0,0.1562,0.005
1143,57.51,95089.0,raw,5.706,0.0,-0.121,0.1562,0.005
1144,57.56,95139.0,raw,5.706,0.0,-0.001,0.1562,0.005
1145,57.61,95189.0,raw,5.706,0.0,-0.013,0.1562,0.005
1146,57.66,95239.0,raw,5.708,0.0,0.011,0.1562,0.005
1147,57.71,95289.0,raw,5.706,0.0,-0.005,0.1562,0.005
1148,57.76,95339.0,raw,5.705,0.0,-0.01,0.1562,0.005
1149,57.81,95389.0,raw,5.706,0.0,0.108,0.1562,0.005
1150,57.86,95439.0,raw,5.706,0.0,0.001,0.1562,0.005
1151,57.91,95489.0,raw,5.706,0.0,0.0,0.1562,0.005
1152,57.96,95539.0,raw,5.706,0.0,0.0,0.1562,0.005
1153,58.01,95589.0,raw,5.706,0.0,0.0,0.1562,0.005
1154,58.06,95639.0,raw,5.706,0.0,0.0,0.1562,0.005
1155,58.11,95689.0,raw,5.706,0.0,0.0,0.1562,0.005
1156,58.16,95739.0,raw,5.708,0.0,0.027,0.1562,0.005
1157,58.21,95789.0,raw,5.708,0.0,0.0,0.1562,0.005
1158,58.26,95839.0,raw,5.708,0.0,0.0,0.1562,0.005
1159,58.31,95889.0,raw,5.708,0.0,0.0,0.1562,0.005
1160,58.36,95939.0,raw,5.706,0.0,-0.002,0.1562,0.005
1161,58.41,95989.0,raw,5.706,0.0,-0.0,0.1562,0.005
1162,58.46,96039.0,raw,5.706,0.0,0.002,0.1562,0.005
1163,58.51,96089.0,raw,5.706,0.0,0.0,0.1562,0.005
1164,58.56,96139.0,raw,5.705,0.0,-0.029,0.1562,0.005
1165,58.61,96189.0,raw,5.708,0.0,0.084,0.1562,0.005
1166,58.66,96239.0,raw,5.709,0.0,0.117,0.1562,0.005
1167,58.71,96289.0,raw,5.709,0.0,0.001,0.1562,0.005
1168,58.76,96339.0,raw,5.709,0.0,0.0,0.1562,0.005
1169,58.81,96389.0,raw,5.709,0.0,0.0,0.1562,0.005
1170,58.86,96439.0,raw,5.708,0.0,-0.046,0.1562,0.005
1171,58.91,96489.0,raw,5.709,0.0,0.003,0.1562,0.005
1172,58.96,96539.0,raw,5.709,0.0,0.127,0.1562,0.005
1173,59.01,96589.0,raw,5.709,0.0,0.002,0.1562,0.005
1174,59.06,96639.0,raw,5.709,0.0,0.0,0.1562,0.005
1175,59.11,96689.0,raw,5.709,0.0,0.0,0.1562,0.005
1176,59.16,96739.0,raw,5.711,0.0,0.004,0.1562,0.005
1177,59.21,96789.0,raw,5.711,0.0,0.0,0.1562,0.005
1178,59.26,96839.0,raw,5.713,0.0,0.006,0.1562,0.005
1179,59.31,96889.0,raw,5.713,0.0,0.0,0.1562,0.005
1180,59.36,96939.0,raw,5.714,0.0,0.104,0.1562,0.005
1181,59.41,96989.0,raw,5.714,0.0,0.006,0.1562,0.005
1182,59.46,97039.0,raw,5.714,0.0,0.0,0.1562,0.005
1183,59.51,97089.0,raw,5.714,0.0,0.0,0.1562,0.005
1184,59.56,97139.0,raw,5.716,0.0,0.006,0.1562,0.005
1185,59.61,97189.0,raw,5.714,0.0,-0.002,0.1562,0.005
1186,59.66,97239.0,raw,5.714,0.0,-0.0,0.1562,0.005
1187,59.71,97289.0,raw,5.716,0.0,0.002,0.1562,0.005
1188,59.76,97339.0,raw,5.717,0.0,0.106,0.1562,0.005
1189,59.81,97389.0,raw,5.717,0.0,0.001,0.1562,0.005
1190,59.86,97439.0,raw,5.717,0.0,0.0,0.1562,0.005
1191,59.91,97489.0,raw,5.717,0.0,0.001,0.1562,0.005
1192,59.96,97539.0,raw,5.717,0.0,0.0,0.1562,0.005
1193,60.01,97589.0,raw,5.717,0.0,-0.014,0.1562,0.005
1194,60.06,97639.0,raw,5.719,0.0,0.003,0.1562,0.005
1195,60.11,97689.0,raw,5.719,0.0,0.0,0.1562,0.005
1196,60.16,97739.0,raw,5.719,0.0,0.0,0.1562,0.005
1197,60.21,97789.0,raw,5.719,0.0,0.0,0.1562,0.005
1198,60.26,97839.0,raw,5.719,0.0,0.0,0.1562,0.005
1199,60.31,97889.0,raw,5.719,0.0,0.0,0.1562,0.005
1200,60.36,97939.0,raw,5.719,0.0,0.0,0.1562,0.005
1201,60.41,97989.0,raw,5.717,0.0,-0.031,0.1562,0.005
1202,60.46,98039.0,raw,5.717,0.0,-0.0,0.1562,0.005
1203,60.51,98089.0,raw,5.717,0.0,-0.011,0.1562,0.005
1204,60.56,98139.0,raw,5.719,0.0,0.01,0.1562,0.005
1205,60.61,98189.0,raw,5.719,0.0,0.0,0.1562,0.005
1206,60.66,98239.0,raw,5.719,0.0,0.0,0.1562,0.005
1207,60.71,98289.0,raw,5.717,0.0,-0.002,0.1562,0.005
1208,60.76,98339.0,raw,5.717,0.0,0.008,0.1562,0.005
1209,60.81,98389.0,raw,5.717,0.0,0.0,0.1562,0.005
1210,60.86,98439.0,raw,5.719,0.0,0.037,0.1562,0.005
1211,60.91,98489.0,raw,5.717,0.0,-0.003,0.1562,0.005
1212,60.96,98539.0,raw,5.717,0.0,-0.0,0.1562,0.005
1213,61.01,98589.0,raw,5.717,0.0,-0.0,0.1562,0.005
1214,61.06,98639.0,raw,5.717,0.0,-0.0,0.1562,0.005
1215,61.11,98689.0,raw,5.719,0.0,0.085,0.1562,0.005
1216,61.16,98739.0,raw,5.719,0.0,0.001,0.1562,0.005
1217,61.21,98789.0,raw,5.719,0.0,0.0,0.1562,0.005
1218,61.26,98839.0,raw,5.719,0.0,0.0,0.1562,0.005
1219,61.31,98889.0,raw,5.717,0.0,-0.124,0.1562,0.005
1220,61.36,98939.0,raw,5.719,0.0,0.0,0.1562,0.005
1221,61.41,98989.0,raw,5.719,0.0,0.0,0.1562,0.005
1222,61.46,99039.0,raw,5.719,0.0,0.0,0.1562,0.005
1223,61.51,99089.0,raw,5.717,0.0,-0.007,0.1562,0.005
1224,61.56,99139.0,raw,5.717,0.0,-0.0,0.1562,0.005
1225,61.61,99189.0,raw,5.717,0.0,-0.0,0.1562,0.005
1226,61.66,99239.0,raw,5.717,0.0,-0.0,0.1562,0.005
1227,61.71,99289.0,raw,5.717,0.0,-0.0,0.1562,0.005
1228,61.76,99339.0,raw,5.716,0.0,-0.003,0.1562,0.005
1229,61.81,99389.0,raw,5.714,0.0,-0.002,0.1562,0.005
1230,61.86,99439.0,raw,5.716,0.0,0.081,0.1562,0.005
1231,61.91,99489.0,raw,5.716,0.0,0.001,0.1562,0.005
1232,61.96,99539.0,raw,5.716,0.0,0.0,0.1562,0.005
1233,62.01,99589.0,raw,5.716,0.0,0.0,0.1562,0.005
1234,62.06,99639.0,raw,5.714,0.0,-0.045,0.1562,0.005
1235,62.11,99689.0,raw,5.714,0.0,-0.0,0.1562,0.005
1236,62.16,99739.0,raw,5.716,0.0,0.029,0.1562,0.005
1237,62.21,99789.0,raw,5.716,0.0,0.0,0.1562,0.005
1238,62.26,99839.0,raw,5.716,0.0,0.002,0.1562,0.005
1239,62.31,99889.0,raw,5.716,0.0,0.004,0.1562,0.005
1240,62.36,99939.0,raw,5.716,0.0,0.099,0.1562,0.005
1241,62.41,99989.0,raw,5.716,0.0,0.045,0.1562,0.005
1242,62.46,100039.0,raw,5.716,0.0,0.0,0.1562,0.005
1243,62.51,100089.0,raw,5.717,0.0,0.047,0.1562,0.005
1244,62.56,100139.0,raw,5.717,0.0,0.007,0.1562,0.005
1245,62.61,100189.0,raw,5.716,0.0,-0.051,0.1562,0.005
1246,62.66,100239.0,raw,5.714,0.0,-0.074,0.1562,0.005
1247,62.71,100289.0,raw,5.714,0.0,-0.001,0.1562,0.005
1248,62.76,100339.0,raw,5.716,0.0,0.035,0.1562,0.005
1249,62.81,100389.0,raw,5.716,0.0,0.01,0.1562,0.005
1250,62.86,100439.0,raw,5.716,0.0,0.0,0.1562,0.005
1251,62.91,100489.0,raw,5.716,0.0,0.0,0.1562,0.005
1252,62.96,100539.0,raw,5.714,0.0,-0.005,0.1562,0.005
1253,63.01,100589.0,raw,5.714,0.0,-0.0,0.1562,0.005
1254,63.06,100639.0,raw,5.716,0.0,0.068,0.1562,0.005
1255,63.11,100689.0,raw,5.716,0.0,0.0,0.1562,0.005
1256,63.16,100739.0,raw,5.716,0.0,0.0,0.1562,0.005
1257,63.21,100789.0,raw,5.716,0.0,-0.001,0.1562,0.005
1258,63.26,100839.0,raw,5.716,0.0,-0.0,0.1562,0.005
1259,63.31,100889.0,raw,5.716,0.0,0.001,0.1562,0.005
1260,63.36,100939.0,raw,5.716,0.0,0.0,0.1562,0.005
1261,63.41,100989.0,raw,5.716,0.0,-0.007,0.1562,0.005
1262,63.46,101039.0,raw,5.717,0.0,0.002,0.1562,0.005
1263,63.51,101089.0,raw,5.716,0.0,-0.004,0.1562,0.005
1264,63.56,101139.0,raw,5.716,0.0,-0.0,0.1562,0.005
1265,63.61,101189.0,raw,5.719,0.0,0.02,0.1562,0.005
1266,63.66,101239.0,raw,5.719,0.0,0.0,0.1562,0.005
1267,63.71,101289.0,raw,5.72,0.0,0.036,0.1562,0.005
1268,63.76,101339.0,raw,5.722,0.0,0.007,0.1562,0.005
1269,63.81,101389.0,raw,5.72,0.0,-0.004,0.1562,0.005
1270,63.86,101439.0,raw,5.719,0.0,-0.016,0.1562,0.005
1271,63.91,101489.0,raw,5.72,0.0,0.145,0.1562,0.005
1272,63.96,101539.0,raw,5.719,0.0,-0.0,0.1562,0.005
1273,64.01,101589.0,raw,5.72,0.0,0.035,0.1562,0.005
1274,64.06,101639.0,raw,5.719,0.0,-0.015,0.1562,0.005
1275,64.11,101689.0,raw,5.719,0.0,-0.0,0.1562,0.005
1276,64.16,101739.0,raw,5.719,0.0,-0.0,0.1562,0.005
1277,64.21,101789.0,raw,5.72,0.0,0.03,0.1562,0.005
1278,64.26,101839.0,raw,5.72,0.0,0.0,0.1562,0.005
1279,64.31,101889.0,raw,5.72,0.0,-0.006,0.1562,0.005
1280,64.36,101939.0,raw,5.72,0.0,-0.004,0.1562,0.005
1281,64.41,101989.0,raw,5.72,0.0,0.034,0.1562,0.005
1282,64.46,102039.0,raw,5.72,0.0,0.005,0.1562,0.005
1283,64.51,102089.0,raw,5.722,0.0,0.003,0.1562,0.005
1284,64.56,102139.0,raw,5.722,0.0,0.0,0.1562,0.005
1285,64.61,102189.0,raw,5.722,0.0,0.0,0.1562,0.005
1286,64.66,102239.0,raw,5.72,0.0,-0.034,0.1562,0.005
1287,64.71,102289.0,raw,5.72,0.0,-0.0,0.1562,0.005
1288,64.76,102339.0,raw,5.72,0.0,-0.0,0.1562,0.005
1289,64.81,102389.0,raw,5.72,0.0,-0.0,0.1562,0.005
1290,64.86,102439.0,raw,5.72,0.0,-0.097,0.1562,0.005
1291,64.91,102489.0,raw,5.72,0.0,-0.115,0.1562,0.005
1292,64.96,102539.0,raw,5.72,0.0,-0.002,0.1562,0.005
1293,65.01,102589.0,raw,5.72,0.0,-0.0,0.1562,0.005
1294,65.06,102639.0,raw,5.719,0.0,-0.074,0.1562,0.005
1295,65.11,102689.0,raw,5.719,0.0,-0.001,0.1562,0.005
1296,65.16,102739.0,raw,5.72,0.0,-0.001,0.1562,0.005
1297,65.21,102789.0,raw,5.722,0.0,0.003,0.1562,0.005
1298,65.26,102839.0,raw,5.72,0.0,-0.122,0.1562,0.005
1299,65.31,102889.0,raw,5.729,0.0,0.365,0.1562,0.005
1300,65.36,102939.0,raw,5.731,0.0,0.005,0.1562,0.005
1301,65.41,102989.0,raw,5.731,0.0,0.0,0.1562,0.005
1302,65.46,103039.0,raw,5.731,0.0,0.0,0.1562,0.005
1303,65.51,103089.0,raw,5.731,0.0,0.0,0.1562,0.005
1304,65.56,103139.0,raw,5.731,0.0,0.0,0.1562,0.005
1305,65.61,103189.0,raw,5.731,0.0,0.0,0.1562,0.005
1306,65.66,103239.0,raw,5.731,0.0,0.0,0.1562,0.005
1307,65.71,103289.0,raw,5.731,0.0,0.0,0.1562,0.005
1308,65.76,103339.0,raw,5.732,0.0,0.113,0.1562,0.005
1309,65.81,103389.0,raw,5.734,0.0,0.029,0.1562,0.005
1310,65.86,103439.0,raw,5.736,0.0,0.01,0.1562,0.005
1311,65.91,103489.0,raw,5.739,0.0,0.018,0.1562,0.005
1312,65.96,103539.0,raw,5.74,0.0,0.007,0.1562,0.005
1313,66.01,103589.0,raw,5.74,0.0,0.022,0.1562,0.005
1314,66.06,103639.0,raw,5.742,0.0,0.01,0.1562,0.005
1315,66.11,103689.0,raw,5.742,0.0,0.0,0.1562,0.005
1316,66.16,103739.0,raw,5.743,0.0,0.014,0.1562,0.005
1317,66.21,103789.0,raw,5.742,0.0,-0.008,0.1562,0.005
1318,66.26,103839.0,raw,5.743,0.0,0.013,0.1562,0.005
1319,66.31,103889.0,raw,5.742,0.0,-0.003,0.1562,0.005
1320,66.36,103939.0,raw,5.742,0.0,-0.0,0.1562,0.005
1321,66.41,103989.0,raw,5.742,0.0,-0.0,0.1562,0.005
1322,66.46,104039.0,raw,5.743,0.0,0.002,0.1562,0.005
1323,66.51,104089.0,raw,5.742,0.0,-0.007,0.1562,0.005
1324,66.56,104139.0,raw,5.742,0.0,-0.0,0.1562,0.005
1325,66.61,104189.0,raw,5.74,0.0,-0.056,0.1562,0.005
1326,66.66,104239.0,raw,5.74,0.0,-0.0,0.1562,0.005
1327,66.71,104289.0,raw,5.74,0.0,-0.0,0.1562,0.005
1328,66.76,104339.0,raw,5.739,0.0,-0.012,0.1562,0.005
1329,66.81,104389.0,raw,5.739,0.0,-0.017,0.1562,0.005
1330,66.86,104439.0,raw,5.739,0.0,-0.0,0.1562,0.005
1331,66.91,104489.0,raw,5.739,0.0,-0.0,0.1562,0.005
1332,66.96,104539.0,raw,5.737,0.0,-0.005,0.1562,0.005
1333,67.01,104589.0,raw,5.737,0.0,-0.01,0.1562,0.005
1334,67.06,104639.0,raw,5.737,0.0,-0.113,0.1562,0.005
1335,67.11,104689.0,raw,5.737,0.0,-0.007,0.1562,0.005
1336,67.16,104739.0,raw,5.737,0.0,-0.0,0.1562,0.005
1337,67.21,104789.0,raw,5.74,0.0,0.027,0.1562,0.005
1338,67.26,104839.0,raw,5.742,0.0,0.025,0.1562,0.005
1339,67.31,104889.0,raw,5.742,0.0,-0.009,0.1562,0.005
1340,67.36,104939.0,raw,5.742,0.0,-0.0,0.1562,0.005
1341,67.41,104989.0,raw,5.742,0.0,-0.0,0.1562,0.005
1342,67.46,105039.0,raw,5.743,0.0,0.019,0.1562,0.005
1343,67.51,105089.0,raw,5.743,0.0,0.0,0.1562,0.005
1344,67.56,105139.0,raw,5.743,0.0,-0.024,0.1562,0.005
1345,67.61,105189.0,raw,5.745,0.0,0.049,0.1562,0.005
1346,67.66,105239.0,raw,5.746,0.0,0.027,0.1562,0.005
1347,67.71,105289.0,raw,5.748,0.0,0.016,0.1562,0.005
1348,67.76,105339.0,raw,5.748,0.0,-0.001,0.1562,0.005
1349,67.81,105389.0,raw,5.748,0.0,-0.0,0.1562,0.005
1350,67.86,105439.0,raw,5.748,0.0,-0.004,0.1562,0.005
1351,67.91,105489.0,raw,5.748,0.0,-0.0,0.1562,0.005
1352,67.96,105539.0,raw,5.748,0.0,-0.0,0.1562,0.005
1353,68.01,105589.0,raw,5.748,0.0,-0.0,0.1562,0.005
1354,68.06,105639.0,raw,5.748,0.0,-0.0,0.1562,0.005
1355,68.11,105689.0,raw,5.748,0.0,-0.037,0.1562,0.005
1356,68.16,105739.0,raw,5.749,0.0,0.056,0.1562,0.005
1357,68.21,105789.0,raw,5.749,0.0,0.0,0.1562,0.005
1358,68.26,105839.0,raw,5.751,0.0,0.003,0.1562,0.005
1359,68.31,105889.0,raw,5.751,0.0,0.0,0.1562,0.005
1360,68.36,105939.0,raw,5.751,0.0,0.0,0.1562,0.005
1361,68.41,105989.0,raw,5.751,0.0,0.0,0.1562,0.005
1362,68.46,106039.0,raw,5.751,0.0,0.0,0.1562,0.005
1363,68.51,106089.0,raw,5.751,0.0,0.0,0.1562,0.005
1364,68.56,106139.0,raw,5.751,0.0,0.0,0.1562,0.005
1365,68.61,106189.0,raw,5.752,0.0,0.002,0.1562,0.005
1366,68.66,106239.0,raw,5.752,0.0,0.0,0.1562,0.005
1367,68.71,106289.0,raw,5.752,0.0,0.0,0.1562,0.005
1368,68.76,106339.0,raw,5.752,0.0,0.0,0.1562,0.005
1369,68.81,106389.0,raw,5.752,0.0,0.0,0.1562,0.005
1370,68.86,106439.0,raw,5.754,0.0,0.003,0.1562,0.005
1371,68.91,106489.0,raw,5.754,0.0,0.0,0.1562,0.005
1372,68.96,106539.0,raw,5.754,0.0,0.0,0.1562,0.005
1373,69.01,106589.0,raw,5.754,0.0,0.0,0.1562,0.005
1374,69.06,106639.0,raw,5.754,0.0,0.0,0.1562,0.005
1375,69.11,106689.0,raw,5.754,0.0,0.0,0.1562,0.005
1376,69.16,106739.0,raw,5.754,0.0,0.0,0.1562,0.005
1377,69.21,106789.0,raw,5.754,0.0,0.0,0.1562,0.005
1378,69.26,106839.0,raw,5.754,0.0,0.0,0.1562,0.005
1379,69.31,106889.0,raw,5.754,0.0,0.0,0.1562,0.005
1380,69.36,106939.0,raw,5.754,0.0,0.0,0.1562,0.005
1381,69.41,106989.0,raw,5.754,0.0,0.0,0.1562,0.005
1382,69.46,107039.0,raw,5.754,0.0,0.0,0.1562,0.005
1383,69.51,107089.0,raw,5.754,0.0,0.0,0.1562,0.005
1384,69.56,107139.0,raw,5.754,0.0,0.0,0.1562,0.005
1385,69.61,107189.0,raw,5.754,0.0,0.0,0.1562,0.005
1386,69.66,107239.0,raw,5.754,0.0,0.0,0.1562,0.005
1387,69.71,107289.0,raw,5.754,0.0,0.0,0.1562,0.005
1388,69.76,107339.0,raw,5.754,0.0,0.0,0.1562,0.005
1389,69.81,107389.0,raw,5.752,0.0,-0.005,0.1562,0.005
1390,69.86,107439.0,raw,5.752,0.0,-0.0,0.1562,0.005
1391,69.91,107489.0,raw,5.752,0.0,-0.0,0.1562,0.005
1392,69.96,107539.0,raw,5.752,0.0,-0.021,0.1562,0.005
1393,70.01,107589.0,raw,5.754,0.0,0.048,0.1562,0.005
1394,70.06,107639.0,raw,5.754,0.0,0.001,0.1562,0.005
1395,70.11,107689.0,raw,5.754,0.0,0.0,0.1562,0.005
1396,70.16,107739.0,raw,5.754,0.0,0.0,0.1562,0.005
1397,70.21,107789.0,raw,5.754,0.0,0.0,0.1562,0.005
1398,70.26,107839.0,raw,5.754,0.0,0.0,0.1562,0.005
1399,70.31,107889.0,raw,5.754,0.0,0.0,0.1562,0.005
1400,70.36,107939.0,raw,5.754,0.0,0.0,0.1562,0.005
1401,70.41,107989.0,raw,5.754,0.0,0.0,0.1562,0.005
1402,70.46,108039.0,raw,5.754,0.0,0.004,0.1562,0.005
1403,70.51,108089.0,raw,5.752,0.0,-0.031,0.1562,0.005
1404,70.56,108139.0,raw,5.754,0.0,0.031,0.1562,0.005
1405,70.61,108189.0,raw,5.754,0.0,0.04,0.1562,0.005
1406,70.66,108239.0,raw,5.754,0.0,0.002,0.1562,0.005
1407,70.71,108289.0,raw,5.754,0.0,0.0,0.1562,0.005
1408,70.76,108339.0,raw,5.752,0.0,-0.014,0.1562,0.005
1409,70.81,108389.0,raw,5.752,0.0,-0.0,0.1562,0.005
1410,70.86,108439.0,raw,5.752,0.0,-0.0,0.1562,0.005
1411,70.91,108489.0,raw,5.752,0.0,-0.0,0.1562,0.005
1412,70.96,108539.0,raw,5.752,0.0,-0.0,0.1562,0.005
1413,71.01,108589.0,raw,5.752,0.0,-0.0,0.1562,0.005
1414,71.06,108639.0,raw,5.752,0.0,-0.003,0.1562,0.005
1415,71.11,108689.0,raw,5.752,0.0,-0.0,0.1562,0.005
1416,71.16,108739.0,raw,5.752,0.0,-0.0,0.1562,0.005
1417,71.21,108789.0,raw,5.752,0.0,-0.0,0.1562,0.005
1418,71.26,108839.0,raw,5.752,0.0,-0.0,0.1562,0.005
1419,71.31,108889.0,raw,5.752,0.0,-0.0,0.1562,0.005
1420,71.36,108939.0,raw,5.752,0.0,-0.0,0.1562,0.005
1421,71.41,108989.0,raw,5.752,0.0,-0.0,0.1562,0.005
1422,71.46,109039.0,raw,5.752,0.0,-0.0,0.1562,0.005
1423,71.51,109089.0,raw,5.752,0.0,-0.0,0.1562,0.005
1424,71.56,109139.0,raw,5.752,0.0,-0.0,0.1562,0.005
1425,71.61,109189.0,raw,5.752,0.0,-0.0,0.1562,0.005
1426,71.66,109239.0,raw,5.752,0.0,-0.0,0.1562,0.005
1427,71.71,109289.0,raw,5.754,0.0,0.093,0.1562,0.005
1428,71.76,109339.0,raw,5.752,0.0,-0.092,0.1562,0.005
1429,71.81,109389.0,raw,5.752,0.0,-0.001,0.1562,0.005
1430,71.86,109439.0,raw,5.752,0.0,-0.0,0.1562,0.005
1431,71.91,109489.0,raw,5.752,0.0,-0.0,0.1562,0.005
1432,71.96,109539.0,raw,5.752,0.0,-0.0,0.1562,0.005
1433,72.01,109589.0,raw,5.752,0.0,-0.0,0.1562,0.005
1434,72.06,109639.0,raw,5.752,0.0,-0.0,0.1562,0.005
1435,72.11,109689.0,raw,5.752,0.0,-0.0,0.1562,0.005
1436,72.16,109739.0,raw,5.752,0.0,-0.0,0.1562,0.005
1437,72.21,109789.0,raw,5.752,0.0,0.089,0.1562,0.005
1438,72.26,109839.0,raw,5.751,0.0,-0.124,0.1562,0.005
1439,72.31,109889.0,raw,5.752,0.0,0.014,0.1562,0.005
1440,72.36,109939.0,raw,5.752,0.0,0.0,0.1562,0.005
1441,72.41,109989.0,raw,5.752,0.0,0.0,0.1562,0.005
1442,72.46,110039.0,raw,5.752,0.0,0.017,0.1562,0.005
1443,72.51,110089.0,raw,5.752,0.0,0.0,0.1562,0.005
1444,72.56,110139.0,raw,5.752,0.0,0.0,0.1562,0.005
1445,72.61,110189.0,raw,5.752,0.0,0.0,0.1562,0.005
1446,72.66,110239.0,raw,5.752,0.0,0.031,0.1562,0.005
1447,72.71,110289.0,raw,5.752,0.0,0.001,0.1562,0.005
1448,72.76,110339.0,raw,5.752,0.0,0.004,0.1562,0.005
1449,72.81,110389.0,raw,5.752,0.0,0.0,0.1562,0.005
1450,72.86,110439.0,raw,5.752,0.0,0.0,0.1562,0.005
1451,72.91,110489.0,raw,5.752,0.0,0.0,0.1562,0.005
1452,72.96,110539.0,raw,5.752,0.0,0.0,0.1562,0.005
1453,73.01,110589.0,raw,5.752,0.0,0.0,0.1562,0.005
1454,73.06,110639.0,raw,5.752,0.0,0.0,0.1562,0.005
1455,73.11,110689.0,raw,5.752,0.0,0.0,0.1562,0.005
1456,73.16,110739.0,raw,5.752,0.0,0.0,0.1562,0.005
1457,73.21,110789.0,raw,5.754,0.0,0.073,0.1562,0.005
1458,73.26,110839.0,raw,5.752,0.0,-0.104,0.1562,0.005
1459,73.31,110889.0,raw,5.754,0.0,0.068,0.1562,0.005
1460,73.36,110939.0,raw,5.754,0.0,0.132,0.1562,0.005
1461,73.41,110989.0,raw,5.754,0.0,0.049,0.1562,0.005
1462,73.46,111039.0,raw,5.754,0.0,0.024,0.1562,0.005
1463,73.51,111089.0,raw,5.754,0.0,0.022,0.1562,0.005
1464,73.56,111139.0,raw,5.754,0.0,0.0,0.1562,0.005
1465,73.61,111189.0,raw,5.754,0.0,0.007,0.1562,0.005
1466,73.66,111239.0,raw,5.752,0.0,-0.143,0.1562,0.005
1467,73.71,111289.0,raw,5.754,0.0,0.0,0.1562,0.005
1468,73.76,111339.0,raw,5.754,0.0,0.001,0.1562,0.005
1469,73.81,111389.0,raw,5.754,0.0,0.0,0.1562,0.005
1470,73.86,111439.0,raw,5.754,0.0,0.0,0.1562,0.005
1471,73.91,111489.0,raw,5.754,0.0,0.0,0.1562,0.005
1472,73.96,111539.0,raw,5.754,0.0,0.0,0.1562,0.005
1473,74.01,111589.0,raw,5.754,0.0,0.0,0.1562,0.005
1474,74.06,111639.0,raw,5.754,0.0,0.0,0.1562,0.005
1475,74.11,111689.0,raw,5.754,0.0,0.0,0.1562,0.005
1476,74.16,111739.0,raw,5.754,0.0,0.0,0.1562,0.005
1477,74.21,111789.0,raw,5.754,0.0,0.0,0.1562,0.005
1478,74.26,111839.0,raw,5.754,0.0,0.0,0.1562,0.005
1479,74.31,111889.0,raw,5.752,0.0,-0.035,0.1562,0.005
1480,74.36,111939.0,raw,5.751,0.0,-0.081,0.1562,0.005
1481,74.41,111989.0,raw,5.751,0.0,-0.001,0.1562,0.005
1482,74.46,112039.0,raw,5.751,0.0,-0.0,0.1562,0.005
1483,74.51,112089.0,raw,5.751,0.0,-0.0,0.1562,0.005
1484,74.56,112139.0,raw,5.754,0.0,0.193,0.1562,0.005
1485,74.61,112189.0,raw,5.754,0.0,0.001,0.1562,0.005
1486,74.66,112239.0,raw,5.755,0.0,0.04,0.1562,0.005
1487,74.71,112289.0,raw,5.757,0.0,0.117,0.1562,0.005
1488,74.76,112339.0,raw,5.757,0.0,-0.003,0.1562,0.005
1489,74.81,112389.0,raw,5.76,0.0,0.111,0.1562,0.005
1490,74.86,112439.0,raw,5.76,0.0,0.003,0.1562,0.005
1491,74.91,112489.0,raw,5.76,0.0,0.0,0.1562,0.005
1492,74.96,112539.0,raw,5.759,0.0,-0.015,0.1562,0.005
1493,75.01,112589.0,raw,5.759,0.0,-0.0,0.1562,0.005
1494,75.06,112639.0,raw,5.759,0.0,-0.0,0.1562,0.005
1495,75.11,112689.0,raw,5.757,0.0,-0.003,0.1562,0.005
1496,75.16,112739.0,raw,5.757,0.0,-0.0,0.1562,0.005
1497,75.21,112789.0,raw,5.757,0.0,-0.0,0.1562,0.005
1498,75.26,112839.0,raw,5.757,0.0,-0.0,0.1562,0.005
1499,75.31,112889.0,raw,5.757,0.0,-0.0,0.1562,0.005
1500,75.36,112939.0,raw,5.755,0.0,-0.01,0.1562,0.005
1501,75.41,112989.0,raw,5.755,0.0,-0.0,0.1562,0.005
1502,75.46,113039.0,raw,5.755,0.0,0.0,0.1562,0.005
1503,75.51,113089.0,raw,5.755,0.0,0.0,0.1562,0.005
1504,75.56,113139.0,raw,5.755,0.0,0.0,0.1562,0.005
1505,75.61,113189.0,raw,5.755,0.0,0.0,0.1562,0.005
1506,75.66,113239.0,raw,5.755,0.0,0.0,0.1562,0.005
1507,75.71,113289.0,raw,5.755,0.0,0.0,0.1562,0.005
1508,75.76,113339.0,raw,5.755,0.0,0.0,0.1562,0.005
1509,75.81,113389.0,raw,5.755,0.0,0.0,0.1562,0.005
1510,75.86,113439.0,raw,5.754,0.0,-0.006,0.1562,0.005
1511,76.09,113669.0,raw,5.754,0.0,-0.0,0.1562,0.005
1512,76.14,113719.0,raw,5.992,0.0,5.09,0.5,0.016
1513,76.19,113769.0,raw,6.225,0.0,2.611,0.5,0.016
1514,76.24,113819.0,raw,6.269,0.0,0.623,0.5,0.016
1515,76.29,113869.0,raw,6.294,0.0,0.6,0.5,0.016
1516,76.34,113919.0,raw,6.329,0.0,0.887,0.5,0.016
1517,76.39,113969.0,raw,6.334,0.0,0.109,0.5,0.016
1518,76.44,114019.0,raw,6.346,0.0,0.547,0.5,0.016
1519,76.49,114069.0,raw,6.352,0.0,0.015,0.5,0.016
1520,76.54,114119.0,raw,6.355,0.0,0.047,0.5,0.016
1521,76.59,114169.0,raw,6.352,0.0,-0.019,0.5,0.016
1522,76.64,114219.0,raw,6.352,0.0,-0.0,0.5,0.016
1523,76.69,114269.0,raw,6.354,0.0,0.026,0.5,0.016
1524,76.74,114319.0,raw,6.355,0.0,0.009,0.5,0.016
1525,76.79,114369.0,raw,6.357,0.0,0.136,0.5,0.016
1526,76.84,114419.0,raw,6.357,0.0,-0.005,0.5,0.016
1527,76.89,114469.0,raw,6.357,0.0,-0.0,0.5,0.016
1528,76.94,114519.0,raw,6.358,0.0,0.002,0.5,0.016
1529,76.99,114569.0,raw,6.36,0.0,0.035,0.5,0.016
1530,77.04,114619.0,raw,6.36,0.0,0.0,0.5,0.016
1531,77.09,114669.0,raw,6.36,0.0,0.0,0.5,0.016
1532,77.14,114719.0,raw,6.363,0.0,0.182,0.5,0.016
1533,77.19,114769.0,raw,6.366,0.0,-0.036,0.5,0.016
1534,77.24,114819.0,raw,6.366,0.0,-0.0,0.5,0.016
1535,77.29,114869.0,raw,6.366,0.0,-0.0,0.5,0.016
1536,77.34,114919.0,raw,6.374,0.0,0.151,0.5,0.016
1537,77.39,114969.0,raw,6.374,0.0,0.009,0.5,0.016
1538,77.44,115019.0,raw,6.366,0.0,-0.214,0.5,0.016
1539,77.49,115069.0,raw,6.358,0.0,-0.189,0.5,0.016
1540,77.54,115119.0,raw,6.358,0.0,0.011,0.5,0.016
1541,77.59,115169.0,raw,6.351,0.0,-0.112,0.5,0.016
1542,77.64,115219.0,raw,6.346,0.0,-0.068,0.5,0.016
1543,77.69,115269.0,raw,6.34,0.0,-0.138,0.5,0.016
1544,77.74,115319.0,raw,6.332,0.0,-0.097,0.5,0.016
1545,77.79,115369.0,raw,6.325,0.0,-0.161,0.5,0.016
1546,77.84,115419.0,raw,6.308,0.0,-0.283,0.5,0.016
1547,77.89,115469.0,raw,6.306,0.0,0.112,0.5,0.016
1548,77.94,115519.0,raw,6.308,0.0,0.003,0.5,0.016
1549,77.99,115569.0,raw,6.309,0.0,0.125,0.5,0.016
1550,78.04,115619.0,raw,6.311,0.0,0.09,0.5,0.016
1551,78.09,115669.0,raw,6.322,0.0,0.367,0.5,0.016
1552,78.14,115719.0,raw,6.338,0.0,0.186,0.5,0.016
1553,78.19,115769.0,raw,6.349,0.0,0.127,0.5,0.016
1554,78.24,115819.0,raw,6.345,0.0,-0.175,0.5,0.016
1555,78.29,115869.0,raw,6.341,0.0,-0.098,0.5,0.016
1556,78.34,115919.0,raw,6.334,0.0,-0.222,0.5,0.016
1557,78.39,115969.0,raw,6.314,0.0,-0.362,0.5,0.016
1558,78.44,116019.0,raw,6.308,0.0,-0.115,0.5,0.016
1559,78.49,116069.0,raw,6.309,0.0,0.004,0.5,0.016
1560,78.54,116119.0,raw,6.306,0.0,-0.06,0.5,0.016
1561,78.59,116169.0,raw,6.311,0.0,0.118,0.5,0.016
1562,78.64,116219.0,raw,6.314,0.0,0.019,0.5,0.016
1563,78.69,116269.0,raw,6.314,0.0,0.013,0.5,0.016
1564,78.74,116319.0,raw,6.325,0.0,0.359,0.5,0.016
1565,78.79,116369.0,raw,6.345,0.0,0.44,0.5,0.016
1566,78.84,116419.0,raw,6.348,0.0,-0.1,0.5,0.016
1567,78.89,116469.0,raw,6.34,0.0,-0.24,0.5,0.016
1568,78.94,116519.0,raw,6.328,0.0,-0.253,0.5,0.016
1569,78.99,116569.0,raw,6.322,0.0,-0.092,0.5,0.016
1570,79.04,116619.0,raw,6.318,0.0,-0.015,0.5,0.016
1571,79.09,116669.0,raw,6.323,0.0,0.199,0.5,0.016
1572,79.14,116719.0,raw,6.325,0.0,0.004,0.5,0.016
1573,79.19,116769.0,raw,6.329,0.0,0.227,0.5,0.016
1574,79.24,116819.0,raw,6.346,0.0,0.354,0.5,0.016
1575,79.29,116869.0,raw,6.391,0.0,1.189,0.5,0.016
1576,79.34,116919.0,raw,6.469,0.0,1.164,0.5,0.016
1577,79.39,116969.0,raw,6.499,0.0,0.333,0.5,0.016
1578,79.44,117019.0,raw,6.489,0.0,-0.509,0.5,0.016
1579,79.49,117069.0,raw,6.466,0.0,-0.437,0.5,0.016
1580,79.54,117119.0,raw,6.434,0.0,-0.616,0.5,0.016
1581,79.59,117169.0,raw,6.401,0.0,-0.595,0.5,0.016
1582,79.64,117219.0,raw,6.386,0.0,-0.188,0.5,0.016
1583,79.69,117269.0,raw,6.384,0.0,0.063,0.5,0.016
1584,79.74,117319.0,raw,6.391,0.0,0.143,0.5,0.016
1585,79.79,117369.0,raw,6.391,0.0,-0.108,0.5,0.016
1586,79.84,117419.0,raw,6.389,0.0,-0.005,0.5,0.016
1587,79.89,117469.0,raw,6.391,0.0,0.02,0.5,0.016
1588,79.94,117519.0,raw,6.392,0.0,0.003,0.5,0.016
1589,79.99,117569.0,raw,6.392,0.0,0.0,0.5,0.016
1590,80.04,117619.0,raw,6.401,0.0,0.277,0.5,0.016
1591,80.09,117669.0,raw,6.409,0.0,0.109,0.5,0.016
1592,80.14,117719.0,raw,6.412,0.0,0.009,0.5,0.016
1593,80.19,117769.0,raw,6.411,0.0,-0.046,0.5,0.016
1594,80.24,117819.0,raw,6.403,0.0,-0.248,0.5,0.016
1595,80.29,117869.0,raw,6.389,0.0,-0.248,0.5,0.016
1596,80.34,117919.0,raw,6.363,0.0,-0.574,0.5,0.016
1597,80.39,117969.0,raw,6.337,0.0,-0.445,0.5,0.016
1598,80.44,118019.0,raw,6.306,0.0,-0.638,0.5,0.016
1599,80.49,118069.0,raw,6.282,0.0,-0.437,0.5,0.016
1600,80.54,118119.0,raw,6.269,0.0,-0.331,0.5,0.016
1601,80.59,118169.0,raw,6.265,0.0,0.129,0.5,0.016
1602,80.64,118219.0,raw,6.274,0.0,0.214,0.5,0.016
1603,80.69,118269.0,raw,6.288,0.0,0.342,0.5,0.016
1604,80.74,118319.0,raw,6.309,0.0,0.427,0.5,0.016
1605,80.79,118369.0,raw,6.338,0.0,0.787,0.5,0.016
1606,80.84,118419.0,raw,6.372,0.0,0.491,0.5,0.016
1607,80.89,118469.0,raw,6.387,0.0,0.098,0.5,0.016
1608,80.94,118519.0,raw,6.391,0.0,0.101,0.5,0.016
1609,80.99,118569.0,raw,6.394,0.0,0.017,0.5,0.016
1610,81.04,118619.0,raw,6.397,0.0,0.054,0.5,0.016
1611,81.09,118669.0,raw,6.404,0.0,0.056,0.5,0.016
1612,81.14,118719.0,raw,6.414,0.0,0.158,0.5,0.016
1613,81.19,118769.0,raw,6.421,0.0,0.105,0.5,0.016
1614,81.24,118819.0,raw,6.435,0.0,0.366,0.5,0.016
1615,81.29,118869.0,raw,6.437,0.0,0.005,0.5,0.016
1616,81.34,118919.0,raw,6.449,0.0,0.235,0.5,0.016
1617,81.39,118969.0,raw,6.46,0.0,0.26,0.5,0.016
1618,81.44,119019.0,raw,6.476,0.0,0.278,0.5,0.016
1619,81.49,119069.0,raw,6.495,0.0,0.265,0.5,0.016
1620,81.54,119119.0,raw,6.498,0.0,0.027,0.5,0.016
1621,81.59,119169.0,raw,6.48,0.0,-0.426,0.5,0.016
1622,81.64,119219.0,raw,6.47,0.0,-0.064,0.5,0.016
1623,81.69,119269.0,raw,6.466,0.0,-0.138,0.5,0.016
1624,81.74,119319.0,raw,6.461,0.0,0.052,0.5,0.016
1625,81.79,119369.0,raw,6.443,0.0,-0.367,0.5,0.016
1626,81.84,119419.0,raw,6.43,0.0,0.163,0.5,0.016
1627,81.89,119469.0,raw,6.397,0.0,-0.819,0.5,0.016
1628,81.94,119519.0,raw,6.384,0.0,0.031,0.5,0.016
1629,81.99,119569.0,raw,6.386,0.0,-0.05,0.5,0.016
1630,82.04,119619.0,raw,6.381,0.0,-0.013,0.5,0.016
1631,82.09,119669.0,raw,6.394,0.0,0.273,0.5,0.016
1632,82.14,119719.0,raw,6.392,0.0,-0.16,0.5,0.016
1633,82.19,119769.0,raw,6.378,0.0,-0.209,0.5,0.016
1634,82.24,119819.0,raw,6.352,0.0,-0.47,0.5,0.016
1635,82.29,119869.0,raw,6.34,0.0,-0.123,0.5,0.016
1636,82.34,119919.0,raw,6.312,0.0,-0.763,0.5,0.016
1637,82.39,119969.0,raw,6.265,0.0,-0.664,0.5,0.016
1638,82.44,120019.0,raw,6.249,0.0,-0.479,0.5,0.016
1639,82.49,120069.0,raw,6.223,0.0,-0.47,0.5,0.016
1640,82.54,120119.0,raw,6.223,0.0,0.174,0.5,0.016
1641,82.59,120169.0,raw,6.22,0.0,-0.258,0.5,0.016
1642,82.64,120219.0,raw,6.214,0.0,-0.26,0.5,0.016
1643,82.69,120269.0,raw,6.205,0.0,-0.048,0.5,0.016
1644,82.74,120319.0,raw,6.208,0.0,0.037,0.5,0.016
1645,82.79,120369.0,raw,6.208,0.0,0.001,0.5,0.016
1646,82.84,120419.0,raw,6.205,0.0,-0.012,0.5,0.016
1647,82.89,120469.0,raw,6.208,0.0,0.163,0.5,0.016
1648,82.94,120519.0,raw,6.208,0.0,0.001,0.5,0.016
1649,82.99,120569.0,raw,6.206,0.0,-0.089,0.5,0.016
1650,83.04,120619.0,raw,6.205,0.0,-0.142,0.5,0.016
1651,83.09,120669.0,raw,6.199,0.0,-0.104,0.5,0.016
1652,83.14,120719.0,raw,6.194,0.0,-0.191,0.5,0.016
1653,83.19,120769.0,raw,6.188,0.0,-0.143,0.5,0.016
1654,83.24,120819.0,raw,6.188,0.0,-0.001,0.5,0.016
1655,83.29,120869.0,raw,6.19,0.0,0.017,0.5,0.016
1656,83.34,120919.0,raw,6.193,0.0,0.049,0.5,0.016
1657,83.39,120969.0,raw,6.196,0.0,0.11,0.5,0.016
1658,83.44,121019.0,raw,6.196,0.0,0.001,0.5,0.016
1659,83.49,121069.0,raw,6.2,0.0,0.085,0.5,0.016
1660,83.54,121119.0,raw,6.2,0.0,0.001,0.5,0.016
1661,83.59,121169.0,raw,6.202,0.0,0.01,0.5,0.016
1662,83.64,121219.0,raw,6.202,0.0,-0.002,0.5,0.016
1663,83.69,121269.0,raw,6.202,0.0,-0.0,0.5,0.016
1664,83.74,121319.0,raw,6.202,0.0,-0.0,0.5,0.016
1665,83.79,121369.0,raw,6.205,0.0,0.074,0.5,0.016
1666,83.84,121419.0,raw,6.206,0.0,0.08,0.5,0.016
1667,83.89,121469.0,raw,6.208,0.0,0.007,0.5,0.016
1668,83.94,121519.0,raw,6.21,0.0,0.095,0.5,0.016
1669,83.99,121569.0,raw,6.213,0.0,0.05,0.5,0.016
1670,84.04,121619.0,raw,6.213,0.0,0.0,0.5,0.016
1671,84.09,121669.0,raw,6.214,0.0,0.009,0.5,0.016
1672,84.14,121719.0,raw,6.214,0.0,0.0,0.5,0.016
1673,84.19,121769.0,raw,6.216,0.0,0.011,0.5,0.016
1674,84.24,121819.0,raw,6.216,0.0,0.0,0.5,0.016
1675,84.29,121869.0,raw,6.217,0.0,0.122,0.5,0.016
1676,84.34,121919.0,raw,6.216,0.0,-0.041,0.5,0.016
1677,84.39,121969.0,raw,6.217,0.0,0.001,0.5,0.016
1678,84.44,122019.0,raw,6.219,0.0,0.067,0.5,0.016
1679,84.49,122069.0,raw,6.22,0.0,0.011,0.5,0.016
1680,84.54,122119.0,raw,6.222,0.0,-0.001,0.5,0.016
1681,84.59,122169.0,raw,6.223,0.0,0.048,0.5,0.016
1682,84.64,122219.0,raw,6.223,0.0,0.0,0.5,0.016
1683,84.69,122269.0,raw,6.223,0.0,0.0,0.5,0.016
1684,84.74,122319.0,raw,6.223,0.0,-0.02,0.5,0.016
1685,84.79,122369.0,raw,6.223,0.0,-0.002,0.5,0.016
1686,84.84,122419.0,raw,6.223,0.0,-0.0,0.5,0.016
1687,84.89,122469.0,raw,6.223,0.0,-0.0,0.5,0.016
1688,84.94,122519.0,raw,6.223,0.0,0.057,0.5,0.016
1689,84.99,122569.0,raw,6.223,0.0,0.0,0.5,0.016
1690,85.04,122619.0,raw,6.223,0.0,0.016,0.5,0.016
1691,85.09,122669.0,raw,6.223,0.0,0.0,0.5,0.016
1692,85.14,122719.0,raw,6.223,0.0,0.0,0.5,0.016
1693,85.19,122769.0,raw,6.225,0.0,0.045,0.5,0.016
1694,85.24,122819.0,raw,6.225,0.0,-0.006,0.5,0.016
1695,85.29,122869.0,raw,6.228,0.0,0.052,0.5,0.016
1696,85.34,122919.0,raw,6.229,0.0,0.042,0.5,0.016
1697,85.39,122969.0,raw,6.231,0.0,0.015,0.5,0.016
1698,85.44,123019.0,raw,6.233,0.0,0.035,0.5,0.016
1699,85.49,123069.0,raw,6.234,0.0,0.002,0.5,0.016
1700,85.54,123119.0,raw,6.234,0.0,-0.002,0.5,0.016
1701,85.59,123169.0,raw,6.234,0.0,-0.0,0.5,0.016
1702,85.64,123219.0,raw,6.236,0.0,0.01,0.5,0.016
1703,85.69,123269.0,raw,6.237,0.0,0.032,0.5,0.016
1704,85.74,123319.0,raw,6.237,0.0,0.001,0.5,0.016
1705,85.79,123369.0,raw,6.239,0.0,0.005,0.5,0.016
1706,85.84,123419.0,raw,6.24,0.0,0.121,0.5,0.016
1707,85.89,123469.0,raw,6.24,0.0,0.001,0.5,0.016
1708,85.94,123519.0,raw,6.24,0.0,0.0,0.5,0.016
1709,85.99,123569.0,raw,6.242,0.0,0.002,0.5,0.016
1710,86.04,123619.0,raw,6.242,0.0,0.0,0.5,0.016
1711,86.09,123669.0,raw,6.243,0.0,0.003,0.5,0.016
1712,86.14,123719.0,raw,6.245,0.0,0.072,0.5,0.016
1713,86.19,123769.0,raw,6.245,0.0,0.077,0.5,0.016
1714,86.24,123819.0,raw,6.245,0.0,0.002,0.5,0.016
1715,86.29,123869.0,raw,6.243,0.0,-0.025,0.5,0.016
1716,86.34,123919.0,raw,6.243,0.0,-0.006,0.5,0.016
1717,86.39,123969.0,raw,6.245,0.0,0.098,0.5,0.016
1718,86.44,124019.0,raw,6.245,0.0,0.001,0.5,0.016
1719,86.49,124069.0,raw,6.246,0.0,0.124,0.5,0.016
1720,86.54,124119.0,raw,6.246,0.0,-0.003,0.5,0.016
1721,86.59,124169.0,raw,6.248,0.0,0.001,0.5,0.016
1722,86.64,124219.0,raw,6.249,0.0,0.005,0.5,0.016
1723,86.69,124269.0,raw,6.253,0.0,0.074,0.5,0.016
1724,86.74,124319.0,raw,6.254,0.0,0.037,0.5,0.016
1725,86.79,124369.0,raw,6.256,0.0,0.021,0.5,0.016
1726,86.84,124419.0,raw,6.257,0.0,-0.095,0.5,0.016
1727,86.89,124469.0,raw,6.26,0.0,0.061,0.5,0.016
1728,86.94,124519.0,raw,6.262,0.0,0.004,0.5,0.016
1729,86.99,124569.0,raw,6.265,0.0,0.16,0.5,0.016
1730,87.04,124619.0,raw,6.266,0.0,0.009,0.5,0.016
1731,87.09,124669.0,raw,6.269,0.0,0.005,0.5,0.016
1732,87.14,124719.0,raw,6.269,0.0,0.0,0.5,0.016
1733,87.19,124769.0,raw,6.268,0.0,-0.02,0.5,0.016
1734,87.24,124819.0,raw,6.266,0.0,-0.02,0.5,0.016
1735,87.29,124869.0,raw,6.265,0.0,-0.003,0.5,0.016
1736,87.34,124919.0,raw,6.26,0.0,-0.142,0.5,0.016
1737,87.39,124969.0,raw,6.259,0.0,-0.135,0.5,0.016
1738,87.44,125019.0,raw,6.257,0.0,-0.028,0.5,0.016
1739,87.49,125069.0,raw,6.257,0.0,-0.001,0.5,0.016
1740,87.54,125119.0,raw,6.254,0.0,-0.078,0.5,0.016
1741,87.59,125169.0,raw,6.253,0.0,-0.07,0.5,0.016
1742,87.64,125219.0,raw,6.254,0.0,0.005,0.5,0.016
1743,87.69,125269.0,raw,6.254,0.0,0.0,0.5,0.016
1744,87.74,125319.0,raw,6.254,0.0,0.0,0.5,0.016
1745,87.79,125369.0,raw,6.254,0.0,0.0,0.5,0.016
1746,87.84,125419.0,raw,6.254,0.0,0.0,0.5,0.016
1747,87.89,125469.0,raw,6.254,0.0,-0.053,0.5,0.016
1748,87.94,125519.0,raw,6.256,0.0,0.001,0.5,0.016
1749,87.99,125569.0,raw,6.256,0.0,0.0,0.5,0.016
1750,88.04,125619.0,raw,6.256,0.0,0.0,0.5,0.016
1751,88.09,125669.0,raw,6.256,0.0,0.0,0.5,0.016
1752,88.14,125719.0,raw,6.256,0.0,0.0,0.5,0.016
1753,88.19,125769.0,raw,6.256,0.0,0.0,0.5,0.016
1754,88.24,125819.0,raw,6.257,0.0,0.144,0.5,0.016
1755,88.29,125869.0,raw,6.257,0.0,0.042,0.5,0.016
1756,88.34,125919.0,raw,6.256,0.0,-0.003,0.5,0.016
1757,88.39,125969.0,raw,6.256,0.0,-0.0,0.5,0.016
1758,88.44,126019.0,raw,6.256,0.0,-0.0,0.5,0.016
1759,88.49,126069.0,raw,6.256,0.0,-0.0,0.5,0.016
1760,88.54,126119.0,raw,6.256,0.0,-0.0,0.5,0.016
1761,88.59,126169.0,raw,6.256,0.0,-0.0,0.5,0.016
1762,88.64,126219.0,raw,6.257,0.0,0.04,0.5,0.016
1763,88.69,126269.0,raw,6.257,0.0,0.025,0.5,0.016
1764,88.74,126319.0,raw,6.257,0.0,0.0,0.5,0.016
1765,88.79,126369.0,raw,6.257,0.0,0.0,0.5,0.016
1766,88.84,126419.0,raw,6.257,0.0,0.0,0.5,0.016
1767,88.89,126469.0,raw,6.257,0.0,-0.002,0.5,0.016
1768,88.94,126519.0,raw,6.259,0.0,0.014,0.5,0.016
1769,88.99,126569.0,raw,6.259,0.0,0.0,0.5,0.016
1770,89.04,126619.0,raw,6.259,0.0,0.0,0.5,0.016
1771,89.09,126669.0,raw,6.259,0.0,0.0,0.5,0.016
1772,89.14,126719.0,raw,6.259,0.0,-0.01,0.5,0.016
1773,89.19,126769.0,raw,6.26,0.0,0.006,0.5,0.016
1774,89.24,126819.0,raw,6.26,0.0,0.0,0.5,0.016
1775,89.29,126869.0,raw,6.26,0.0,0.0,0.5,0.016
1776,89.34,126919.0,raw,6.26,0.0,0.0,0.5,0.016
1777,89.39,126969.0,raw,6.26,0.0,0.0,0.5,0.016
1778,89.44,127019.0,raw,6.26,0.0,0.0,0.5,0.016
1779,89.49,127069.0,raw,6.262,0.0,0.028,0.5,0.016
1780,89.54,127119.0,raw,6.262,0.0,0.001,0.5,0.016
1781,89.59,127169.0,raw,6.262,0.0,0.0,0.5,0.016
1782,89.64,127219.0,raw,6.262,0.0,-0.001,0.5,0.016
1783,89.69,127269.0,raw,6.263,0.0,0.002,0.5,0.016
1784,89.74,127319.0,raw,6.263,0.0,0.0,0.5,0.016
1785,89.79,127369.0,raw,6.265,0.0,0.004,0.5,0.016
1786,89.84,127419.0,raw,6.265,0.0,-0.059,0.5,0.016
1787,89.89,127469.0,raw,6.266,0.0,0.001,0.5,0.016
1788,89.94,127519.0,raw,6.268,0.0,0.091,0.5,0.016
1789,89.99,127569.0,raw,6.268,0.0,0.001,0.5,0.016
1790,90.04,127619.0,raw,6.268,0.0,0.0,0.5,0.016
1791,90.09,127669.0,raw,6.268,0.0,0.0,0.5,0.016
1792,90.14,127719.0,raw,6.268,0.0,-0.065,0.5,0.016
1793,90.19,127769.0,raw,6.269,0.0,0.001,0.5,0.016
1794,90.24,127819.0,raw,6.269,0.0,-0.01,0.5,0.016
1795,90.29,127869.0,raw,6.269,0.0,-0.044,0.5,0.016
1796,90.34,127919.0,raw,6.271,0.0,0.003,0.5,0.016
1797,90.39,127969.0,raw,6.271,0.0,0.0,0.5,0.016
1798,90.44,128019.0,raw,6.271,0.0,0.0,0.5,0.016
1799,90.49,128069.0,raw,6.272,0.0,0.004,0.5,0.016
1800,90.54,128119.0,raw,6.272,0.0,0.0,0.5,0.016
1801,90.59,128169.0,raw,6.272,0.0,-0.047,0.5,0.016
1802,90.64,128219.0,raw,6.274,0.0,0.007,0.5,0.016
1803,90.69,128269.0,raw,6.274,0.0,0.0,0.5,0.016
1804,90.74,128319.0,raw,6.274,0.0,0.002,0.5,0.016
1805,90.79,128369.0,raw,6.274,0.0,0.0,0.5,0.016
1806,90.84,128419.0,raw,6.274,0.0,0.0,0.5,0.016
1807,90.89,128469.0,raw,6.274,0.0,0.0,0.5,0.016
1808,90.94,128519.0,raw,6.274,0.0,0.0,0.5,0.016
1809,90.99,128569.0,raw,6.274,0.0,0.0,0.5,0.016
1810,91.04,128619.0,raw,6.274,0.0,0.0,0.5,0.016
1811,91.09,128669.0,raw,6.274,0.0,0.0,0.5,0.016
1812,91.14,128719.0,raw,6.274,0.0,-0.001,0.5,0.016
1813,91.19,128769.0,raw,6.274,0.0,-0.0,0.5,0.016
1814,91.24,128819.0,raw,6.276,0.0,0.083,0.5,0.016
1815,91.29,128869.0,raw,6.274,0.0,-0.021,0.5,0.016
1816,91.34,128919.0,raw,6.276,0.0,0.087,0.5,0.016
1817,91.39,128969.0,raw,6.274,0.0,-0.028,0.5,0.016
1818,91.44,129019.0,raw,6.274,0.0,-0.01,0.5,0.016
1819,91.49,129069.0,raw,6.274,0.0,-0.0,0.5,0.016
1820,91.54,129119.0,raw,6.274,0.0,0.012,0.5,0.016
1821,91.59,129169.0,raw,6.272,0.0,-0.002,0.5,0.016
1822,91.64,129219.0,raw,6.272,0.0,-0.0,0.5,0.016
1823,91.69,129269.0,raw,6.272,0.0,-0.0,0.5,0.016
1824,91.74,129319.0,raw,6.272,0.0,-0.017,0.5,0.016
1825,91.79,129369.0,raw,6.274,0.0,0.004,0.5,0.016
1826,91.84,129419.0,raw,6.274,0.0,0.0,0.5,0.016
1827,91.89,129469.0,raw,6.274,0.0,0.0,0.5,0.016
1828,91.94,129519.0,raw,6.274,0.0,0.0,0.5,0.016
1829,91.99,129569.0,raw,6.276,0.0,0.129,0.5,0.016
1830,92.04,129619.0,raw,6.274,0.0,-0.016,0.5,0.016
1831,92.09,129669.0,raw,6.276,0.0,0.012,0.5,0.016
1832,92.14,129719.0,raw,6.276,0.0,0.004,0.5,0.016
1833,92.19,129769.0,raw,6.276,0.0,0.0,0.5,0.016
1834,92.24,129819.0,raw,6.276,0.0,0.0,0.5,0.016
1835,92.29,129869.0,raw,6.276,0.0,0.0,0.5,0.016
1836,92.34,129919.0,raw,6.277,0.0,0.007,0.5,0.016
1837,92.39,129969.0,raw,6.277,0.0,-0.004,0.5,0.016
1838,92.44,130019.0,raw,6.279,0.0,0.12,0.5,0.016
1839,92.49,130069.0,raw,6.279,0.0,0.012,0.5,0.016
1840,92.54,130119.0,raw,6.279,0.0,0.0,0.5,0.016
1841,92.59,130169.0,raw,6.279,0.0,0.0,0.5,0.016
1842,92.64,130219.0,raw,6.279,0.0,0.0,0.5,0.016
1843,92.69,130269.0,raw,6.279,0.0,0.0,0.5,0.016
1844,92.74,130319.0,raw,6.279,0.0,0.0,0.5,0.016
1845,92.79,130369.0,raw,6.279,0.0,0.0,0.5,0.016
1846,92.84,130419.0,raw,6.279,0.0,0.0,0.5,0.016
1847,92.89,130469.0,raw,6.279,0.0,0.0,0.5,0.016
1848,92.94,130519.0,raw,6.279,0.0,0.01,0.5,0.016
1849,92.99,130569.0,raw,6.279,0.0,0.0,0.5,0.016
1850,93.04,130619.0,raw,6.279,0.0,0.0,0.5,0.016
1851,93.09,130669.0,raw,6.279,0.0,0.0,0.5,0.016
1852,93.14,130719.0,raw,6.279,0.0,0.0,0.5,0.016
1853,93.19,130769.0,raw,6.279,0.0,0.0,0.5,0.016
1854,93.24,130819.0,raw,6.279,0.0,0.0,0.5,0.016
1855,93.29,130869.0,raw,6.279,0.0,0.0,0.5,0.016
1856,93.34,130919.0,raw,6.277,0.0,-0.091,0.5,0.016
1857,93.39,130969.0,raw,6.277,0.0,-0.032,0.5,0.016
1858,93.44,131019.0,raw,6.279,0.0,0.11,0.5,0.016
1859,93.49,131069.0,raw,6.277,0.0,-0.001,0.5,0.016
1860,93.54,131119.0,raw,6.279,0.0,0.079,0.5,0.016
1861,93.59,131169.0,raw,6.279,0.0,0.024,0.5,0.016
1862,93.64,131219.0,raw,6.279,0.0,0.0,0.5,0.016
1863,93.69,131269.0,raw,6.279,0.0,0.0,0.5,0.016
1864,93.74,131319.0,raw,6.279,0.0,0.0,0.5,0.016
1865,93.79,131369.0,raw,6.28,0.0,0.062,0.5,0.016
1866,93.84,131419.0,raw,6.28,0.0,0.0,0.5,0.016
1867,93.89,131469.0,raw,6.282,0.0,0.002,0.5,0.016
1868,93.94,131519.0,raw,6.282,0.0,0.0,0.5,0.016
1869,93.99,131569.0,raw,6.282,0.0,0.0,0.5,0.016
1870,94.04,131619.0,raw,6.282,0.0,0.0,0.5,0.016
1871,94.09,131669.0,raw,6.282,0.0,-0.026,0.5,0.016
1872,94.14,131719.0,raw,6.283,0.0,0.144,0.5,0.016
1873,94.19,131769.0,raw,6.283,0.0,0.05,0.5,0.016
1874,94.24,131819.0,raw,6.283,0.0,0.015,0.5,0.016
1875,94.29,131869.0,raw,6.283,0.0,0.0,0.5,0.016
1876,94.34,131919.0,raw,6.283,0.0,0.0,0.5,0.016
1877,94.39,131969.0,raw,6.283,0.0,0.0,0.5,0.016
1878,94.44,132019.0,raw,6.283,0.0,0.0,0.5,0.016
1879,94.49,132069.0,raw,6.283,0.0,-0.012,0.5,0.016
1880,94.54,132119.0,raw,6.285,0.0,0.064,0.5,0.016
1881,94.59,132169.0,raw,6.285,0.0,0.0,0.5,0.016
1882,94.64,132219.0,raw,6.286,0.0,0.058,0.5,0.016
1883,94.69,132269.0,raw,6.286,0.0,0.0,0.5,0.016
1884,94.74,132319.0,raw,6.286,0.0,0.0,0.5,0.016
1885,94.79,132369.0,raw,6.286,0.0,0.0,0.5,0.016
1886,94.84,132419.0,raw,6.286,0.0,0.0,0.5,0.016
1887,94.89,132469.0,raw,6.286,0.0,0.0,0.5,0.016
1888,94.94,132519.0,raw,6.286,0.0,0.0,0.5,0.016
1889,94.99,132569.0,raw,6.288,0.0,0.033,0.5,0.016
1890,95.04,132619.0,raw,6.288,0.0,0.0,0.5,0.016
1891,95.09,132669.0,raw,6.288,0.0,0.0,0.5,0.016
1892,95.14,132719.0,raw,6.288,0.0,0.0,0.5,0.016
1893,95.19,132769.0,raw,6.288,0.0,0.0,0.5,0.016
1894,95.24,132819.0,raw,6.288,0.0,0.0,0.5,0.016
1895,95.29,132869.0,raw,6.288,0.0,0.0,0.5,0.016
1896,95.34,132919.0,raw,6.288,0.0,0.0,0.5,0.016
1897,95.39,132969.0,raw,6.289,0.0,0.026,0.5,0.016
1898,95.44,133019.0,raw,6.289,0.0,0.0,0.5,0.016
1899,95.49,133069.0,raw,6.291,0.0,0.054,0.5,0.016
1900,95.54,133119.0,raw,6.291,0.0,0.0,0.5,0.016
1901,95.59,133169.0,raw,6.291,0.0,0.0,0.5,0.016
1902,95.64,133219.0,raw,6.291,0.0,0.0,0.5,0.016
1903,95.69,133269.0,raw,6.291,0.0,0.0,0.5,0.016
1904,95.74,133319.0,raw,6.291,0.0,0.0,0.5,0.016
1905,95.79,133369.0,raw,6.291,0.0,0.061,0.5,0.016
1906,95.84,133419.0,raw,6.291,0.0,0.0,0.5,0.016
1907,95.89,133469.0,raw,6.291,0.0,0.0,0.5,0.016
1908,95.94,133519.0,raw,6.292,0.0,0.092,0.5,0.016
1909,95.99,133569.0,raw,6.292,0.0,0.064,0.5,0.016
1910,96.04,133619.0,raw,6.291,0.0,-0.072,0.5,0.016
1911,96.09,133669.0,raw,6.292,0.0,0.013,0.5,0.016
1912,96.14,133719.0,raw,6.292,0.0,0.084,0.5,0.016
1913,96.19,133769.0,raw,6.291,0.0,-0.023,0.5,0.016
1914,96.24,133819.0,raw,6.291,0.0,-0.0,0.5,0.016
1915,96.29,133869.0,raw,6.291,0.0,-0.0,0.5,0.016
1916,96.34,133919.0,raw,6.291,0.0,0.023,0.5,0.016
1917,96.39,133969.0,raw,6.291,0.0,0.0,0.5,0.016
1918,96.44,134019.0,raw,6.291,0.0,0.0,0.5,0.016
1919,96.49,134069.0,raw,6.291,0.0,0.0,0.5,0.016
1920,96.54,134119.0,raw,6.292,0.0,0.065,0.5,0.016
1921,96.59,134169.0,raw,6.292,0.0,0.005,0.5,0.016
1922,96.64,134219.0,raw,6.292,0.0,0.0,0.5,0.016
1923,96.69,134269.0,raw,6.294,0.0,0.109,0.5,0.016
1924,96.74,134319.0,raw,6.294,0.0,0.001,0.5,0.016
1925,96.79,134369.0,raw,6.295,0.0,0.104,0.5,0.016
1926,96.84,134419.0,raw,6.295,0.0,0.028,0.5,0.016
1927,96.89,134469.0,raw,6.295,0.0,0.0,0.5,0.016
1928,96.94,134519.0,raw,6.297,0.0,0.019,0.5,0.016
1929,96.99,134569.0,raw,6.297,0.0,0.0,0.5,0.016
1930,97.04,134619.0,raw,6.299,0.0,0.018,0.5,0.016
1931,97.09,134669.0,raw,6.3,0.0,0.068,0.5,0.016
1932,97.14,134719.0,raw,6.3,0.0,0.001,0.5,0.016
1933,97.19,134769.0,raw,6.302,0.0,0.003,0.5,0.016
1934,97.24,134819.0,raw,6.303,0.0,0.141,0.5,0.016
1935,97.29,134869.0,raw,6.302,0.0,-0.001,0.5,0.016
1936,97.34,134919.0,raw,6.302,0.0,-0.0,0.5,0.016
1937,97.39,134969.0,raw,6.302,0.0,-0.0,0.5,0.016
1938,97.44,135019.0,raw,6.302,0.0,-0.0,0.5,0.016
1939,97.49,135069.0,raw,6.302,0.0,-0.0,0.5,0.016
1940,97.54,135119.0,raw,6.303,0.0,0.083,0.5,0.016
1941,97.59,135169.0,raw,6.303,0.0,0.001,0.5,0.016
1942,97.64,135219.0,raw,6.303,0.0,0.0,0.5,0.016
1943,97.69,135269.0,raw,6.303,0.0,0.0,0.5,0.016
1944,97.74,135319.0,raw,6.303,0.0,0.0,0.5,0.016
1945,97.79,135369.0,raw,6.303,0.0,0.0,0.5,0.016
1946,97.84,135419.0,raw,6.303,0.0,0.0,0.5,0.016
1947,97.89,135469.0,raw,6.303,0.0,-0.0,0.5,0.016
1948,97.94,135519.0,raw,6.305,0.0,0.077,0.5,0.016
1949,97.99,135569.0,raw,6.305,0.0,0.002,0.5,0.016
1950,98.04,135619.0,raw,6.305,0.0,0.0,0.5,0.016
1951,98.09,135669.0,raw,6.305,0.0,-0.004,0.5,0.016
1952,98.14,135719.0,raw,6.306,0.0,0.006,0.5,0.016
1953,98.19,135769.0,raw,6.306,0.0,0.0,0.5,0.016
1954,98.24,135819.0,raw,6.306,0.0,0.0,0.5,0.016
1955,98.29,135869.0,raw,6.306,0.0,-0.014,0.5,0.016
1956,98.34,135919.0,raw,6.308,0.0,0.023,0.5,0.016
1957,98.39,135969.0,raw,6.306,0.0,-0.022,0.5,0.016
1958,98.44,136019.0,raw,6.306,0.0,-0.0,0.5,0.016
1959,98.49,136069.0,raw,6.306,0.0,0.089,0.5,0.016
1960,98.54,136119.0,raw,6.306,0.0,0.001,0.5,0.016
1961,98.59,136169.0,raw,6.306,0.0,0.0,0.5,0.016
1962,98.64,136219.0,raw,6.306,0.0,0.0,0.5,0.016
1963,98.69,136269.0,raw,6.306,0.0,0.0,0.5,0.016
1964,98.74,136319.0,raw,6.306,0.0,0.0,0.5,0.016
1965,98.79,136369.0,raw,6.306,0.0,0.0,0.5,0.016
1966,98.84,136419.0,raw,6.308,0.0,0.01,0.5,0.016
1967,98.89,136469.0,raw,6.308,0.0,0.0,0.5,0.016
1968,98.94,136519.0,raw,6.308,0.0,0.0,0.5,0.016
1969,98.99,136569.0,raw,6.308,0.0,0.0,0.5,0.016
1970,99.04,136619.0,raw,6.308,0.0,-0.024,0.5,0.016
1971,99.09,136669.0,raw,6.309,0.0,0.03,0.5,0.016
1972,99.14,136719.0,raw,6.309,0.0,0.001,0.5,0.016
1973,99.19,136769.0,raw,6.309,0.0,0.0,0.5,0.016
1974,99.24,136819.0,raw,6.309,0.0,0.0,0.5,0.016
1975,99.29,136869.0,raw,6.309,0.0,0.0,0.5,0.016
1976,99.34,136919.0,raw,6.309,0.0,0.0,0.5,0.016
1977,99.39,136969.0,raw,6.309,0.0,0.0,0.5,0.016
1978,99.44,137019.0,raw,6.309,0.0,0.0,0.5,0.016
1979,99.49,137069.0,raw,6.309,0.0,0.0,0.5,0.016
1980,99.54,137119.0,raw,6.311,0.0,0.007,0.5,0.016
1981,99.59,137169.0,raw,6.311,0.0,0.0,0.5,0.016
1982,99.64,137219.0,raw,6.312,0.0,0.066,0.5,0.016
1983,99.69,137269.0,raw,6.312,0.0,0.0,0.5,0.016
1984,99.74,137319.0,raw,6.312,0.0,0.0,0.5,0.016
1985,99.79,137369.0,raw,6.312,0.0,0.0,0.5,0.016
1986,99.84,137419.0,raw,6.314,0.0,0.073,0.5,0.016
1987,99.89,137469.0,raw,6.314,0.0,0.003,0.5,0.016
1988,99.94,137519.0,raw,6.314,0.0,0.0,0.5,0.016
1989,99.99,137569.0,raw,6.314,0.0,0.0,0.5,0.016
1990,100.04,137619.0,raw,6.315,0.0,0.077,0.5,0.016
1991,100.09,137669.0,raw,6.315,0.0,0.002,0.5,0.016
1992,100.14,137719.0,raw,6.315,0.0,0.0,0.5,0.016
1993,100.19,137769.0,raw,6.315,0.0,0.0,0.5,0.016
1994,100.24,137819.0,raw,6.315,0.0,0.0,0.5,0.016
1995,100.29,137869.0,raw,6.315,0.0,0.0,0.5,0.016
1996,100.34,137919.0,raw,6.315,0.0,0.0,0.5,0.016
1997,100.39,137969.0,raw,6.314,0.0,-0.002,0.5,0.016
1998,100.44,138019.0,raw,6.314,0.0,-0.0,0.5,0.016
1999,100.49,138069.0,raw,6.314,0.0,0.004,0.5,0.016
2000,100.54,138119.0,raw,6.312,0.0,-0.125,0.5,0.016
2001,100.59,138169.0,raw,6.312,0.0,-0.049,0.5,0.016
2002,100.64,138219.0,raw,6.312,0.0,-0.002,0.5,0.016
2003,100.69,138269.0,raw,6.312,0.0,-0.1,0.5,0.016
2004,100.74,138319.0,raw,6.314,0.0,0.046,0.5,0.016
2005,100.79,138369.0,raw,6.314,0.0,0.003,0.5,0.016
2006,100.84,138419.0,raw,6.314,0.0,0.0,0.5,0.016
2007,100.89,138469.0,raw,6.314,0.0,0.0,0.5,0.016
2008,100.94,138519.0,raw,6.315,0.0,0.02,0.5,0.016
2009,100.99,138569.0,raw,6.314,0.0,-0.004,0.5,0.016
2010,101.04,138619.0,raw,6.314,0.0,-0.006,0.5,0.016
2011,101.09,138669.0,raw,6.314,0.0,-0.0,0.5,0.016
2012,101.14,138719.0,raw,6.314,0.0,-0.0,0.5,0.016
2013,101.19,138769.0,raw,6.314,0.0,-0.0,0.5,0.016
2014,101.24,138819.0,raw,6.315,0.0,0.146,0.5,0.016
2015,101.29,138869.0,raw,6.314,0.0,-0.066,0.5,0.016
2016,101.34,138919.0,raw,6.314,0.0,-0.012,0.5,0.016
2017,101.39,138969.0,raw,6.315,0.0,0.057,0.5,0.016
2018,101.44,139019.0,raw,6.315,0.0,0.001,0.5,0.016
2019,101.49,139069.0,raw,6.314,0.0,-0.004,0.5,0.016
2020,101.54,139119.0,raw,6.314,0.0,-0.0,0.5,0.016
2021,101.778,139357.0,raw,6.314,0.0,-0.0,0.5,0.016
2022,101.828,139407.0,raw,6.153,0.0,-1.597,-0.0625,-0.002
2023,101.878,139457.0,raw,6.107,0.0,-0.806,-0.0625,-0.002
2024,101.928,139507.0,raw,6.081,0.0,-0.411,-0.0625,-0.002
2025,101.978,139557.0,raw,6.065,0.0,-0.245,-0.0625,-0.002
2026,102.028,139607.0,raw,6.052,0.0,-0.183,-0.0625,-0.002
2027,102.078,139657.0,raw,6.044,0.0,-0.184,-0.0625,-0.002
2028,102.128,139707.0,raw,6.035,0.0,-0.135,-0.0625,-0.002
2029,102.178,139757.0,raw,6.027,0.0,-0.114,-0.0625,-0.002
2030,102.228,139807.0,raw,6.021,0.0,-0.149,-0.0625,-0.002
2031,102.278,139857.0,raw,6.015,0.0,-0.168,-0.0625,-0.002
2032,102.328,139907.0,raw,6.01,0.0,-0.136,-0.0625,-0.002
2033,102.378,139957.0,raw,6.007,0.0,-0.038,-0.0625,-0.002
2034,102.428,140007.0,raw,6.004,0.0,-0.072,-0.0625,-0.002
2035,102.478,140057.0,raw,6.001,0.0,-0.079,-0.0625,-0.002
2036,102.528,140107.0,raw,5.998,0.0,-0.147,-0.0625,-0.002
2037,102.578,140157.0,raw,5.996,0.0,-0.01,-0.0625,-0.002
2038,102.628,140207.0,raw,5.992,0.0,-0.093,-0.0625,-0.002
2039,102.678,140257.0,raw,5.99,0.0,-0.035,-0.0625,-0.002
2040,102.728,140307.0,raw,5.987,0.0,-0.07,-0.0625,-0.002
2041,102.778,140357.0,raw,5.986,0.0,-0.045,-0.0625,-0.002
2042,102.828,140407.0,raw,5.983,0.0,-0.157,-0.0625,-0.002
2043,102.878,140457.0,raw,5.979,0.0,-0.158,-0.0625,-0.002
2044,102.928,140507.0,raw,5.978,0.0,-0.032,-0.0625,-0.002
2045,102.978,140557.0,raw,5.975,0.0,-0.048,-0.0625,-0.002
2046,103.028,140607.0,raw,5.973,0.0,-0.02,-0.0625,-0.002
2047,103.078,140657.0,raw,5.972,0.0,-0.007,-0.0625,-0.002
2048,103.128,140707.0,raw,5.972,0.0,-0.0,-0.0625,-0.002
2049,103.178,140757.0,raw,5.973,0.0,0.013,-0.0625,-0.002
2050,103.228,140807.0,raw,5.973,0.0,-0.006,-0.0625,-0.002
2051,103.278,140857.0,raw,5.973,0.0,-0.0,-0.0625,-0.002
2052,103.328,140907.0,raw,5.972,0.0,-0.019,-0.0625,-0.002
2053,103.378,140957.0,raw,5.972,0.0,-0.0,-0.0625,-0.002
2054,103.428,141007.0,raw,5.97,0.0,-0.039,-0.0625,-0.002
2055,103.478,141057.0,raw,5.97,0.0,0.019,-0.0625,-0.002
2056,103.528,141107.0,raw,5.969,0.0,-0.004,-0.0625,-0.002
2057,103.578,141157.0,raw,5.97,0.0,0.028,-0.0625,-0.002
2058,103.628,141207.0,raw,5.972,0.0,0.019,-0.0625,-0.002
2059,103.678,141257.0,raw,5.976,0.0,0.096,-0.0625,-0.002
2060,103.728,141307.0,raw,5.976,0.0,-0.134,-0.0625,-0.002
2061,103.778,141357.0,raw,5.976,0.0,-0.001,-0.0625,-0.002
2062,103.828,141407.0,raw,5.976,0.0,0.002,-0.0625,-0.002
2063,103.878,141457.0,raw,5.976,0.0,0.0,-0.0625,-0.002
2064,103.928,141507.0,raw,5.975,0.0,-0.032,-0.0625,-0.002
2065,103.978,141557.0,raw,5.975,0.0,-0.0,-0.0625,-0.002
2066,104.028,141607.0,raw,5.973,0.0,-0.039,-0.0625,-0.002
2067,104.078,141657.0,raw,5.972,0.0,-0.054,-0.0625,-0.002
2068,104.128,141707.0,raw,5.972,0.0,-0.0,-0.0625,-0.002
2069,104.178,141757.0,raw,5.972,0.0,-0.0,-0.0625,-0.002
2070,104.228,141807.0,raw,5.972,0.0,-0.0,-0.0625,-0.002
2071,104.278,141857.0,raw,5.97,0.0,-0.009,-0.0625,-0.002
2072,104.328,141907.0,raw,5.969,0.0,-0.046,-0.0625,-0.002
2073,104.378,141957.0,raw,5.969,0.0,-0.002,-0.0625,-0.002
2074,104.428,142007.0,raw,5.967,0.0,-0.139,-0.0625,-0.002
2075,104.478,142057.0,raw,5.966,0.0,-0.159,-0.0625,-0.002
2076,104.528,142107.0,raw,5.966,0.0,-0.001,-0.0625,-0.002
2077,104.578,142157.0,raw,5.964,0.0,0.095,-0.0625,-0.002
2078,104.628,142207.0,raw,5.961,0.0,-0.024,-0.0625,-0.002
2079,104.678,142257.0,raw,5.961,0.0,-0.0,-0.0625,-0.002
2080,104.728,142307.0,raw,5.961,0.0,-0.0,-0.0625,-0.002
2081,104.778,142357.0,raw,5.961,0.0,-0.0,-0.0625,-0.002
2082,104.828,142407.0,raw,5.96,0.0,-0.001,-0.0625,-0.002
2083,104.878,142457.0,raw,5.958,0.0,-0.023,-0.0625,-0.002
2084,104.928,142507.0,raw,5.958,0.0,-0.0,-0.0625,-0.002
2085,104.978,142557.0,raw,5.958,0.0,-0.0,-0.0625,-0.002
2086,105.028,142607.0,raw,5.955,0.0,-0.033,-0.0625,-0.002
2087,105.078,142657.0,raw,5.956,0.0,0.007,-0.0625,-0.002
2088,105.128,142707.0,raw,5.956,0.0,0.038,-0.0625,-0.002
2089,105.178,142757.0,raw,5.955,0.0,-0.001,-0.0625,-0.002
2090,105.228,142807.0,raw,5.955,0.0,-0.0,-0.0625,-0.002
2091,105.278,142857.0,raw,5.953,0.0,0.009,-0.0625,-0.002
2092,105.328,142907.0,raw,5.952,0.0,-0.026,-0.0625,-0.002
2093,105.378,142957.0,raw,5.95,0.0,-0.064,-0.0625,-0.002
2094,105.428,143007.0,raw,5.949,0.0,-0.117,-0.0625,-0.002
2095,105.478,143057.0,raw,5.949,0.0,-0.001,-0.0625,-0.002
2096,105.528,143107.0,raw,5.947,0.0,-0.029,-0.0625,-0.002
2097,105.578,143157.0,raw,5.947,0.0,-0.0,-0.0625,-0.002
2098,105.628,143207.0,raw,5.946,0.0,-0.004,-0.0625,-0.002
2099,105.678,143257.0,raw,5.944,0.0,-0.028,-0.0625,-0.002
2100,105.728,143307.0,raw,5.943,0.0,-0.019,-0.0625,-0.002
2101,105.778,143357.0,raw,5.943,0.0,0.02,-0.0625,-0.002
2102,105.828,143407.0,raw,5.941,0.0,-0.001,-0.0625,-0.002
2103,105.878,143457.0,raw,5.941,0.0,-0.0,-0.0625,-0.002
2104,105.928,143507.0,raw,5.941,0.0,0.012,-0.0625,-0.002
2105,105.978,143557.0,raw,5.94,0.0,-0.002,-0.0625,-0.002
2106,106.028,143607.0,raw,5.938,0.0,-0.079,-0.0625,-0.002
2107,106.078,143657.0,raw,5.938,0.0,-0.001,-0.0625,-0.002
2108,106.128,143707.0,raw,5.937,0.0,-0.001,-0.0625,-0.002
2109,106.178,143757.0,raw,5.937,0.0,0.014,-0.0625,-0.002
2110,106.228,143807.0,raw,5.935,0.0,-0.036,-0.0625,-0.002
2111,106.278,143857.0,raw,5.933,0.0,-0.014,-0.0625,-0.002
2112,106.328,143907.0,raw,5.933,0.0,-0.0,-0.0625,-0.002
2113,106.378,143957.0,raw,5.932,0.0,-0.019,-0.0625,-0.002
2114,106.428,144007.0,raw,5.932,0.0,-0.0,-0.0625,-0.002
2115,106.478,144057.0,raw,5.93,0.0,-0.003,-0.0625,-0.002
2116,106.528,144107.0,raw,5.929,0.0,-0.008,-0.0625,-0.002
2117,106.578,144157.0,raw,5.929,0.0,-0.0,-0.0625,-0.002
2118,106.628,144207.0,raw,5.929,0.0,-0.0,-0.0625,-0.002
2119,106.678,144257.0,raw,5.927,0.0,-0.139,-0.0625,-0.002
2120,106.728,144307.0,raw,5.929,0.0,0.004,-0.0625,-0.002
2121,106.778,144357.0,raw,5.927,0.0,-0.007,-0.0625,-0.002
2122,106.828,144407.0,raw,5.927,0.0,-0.0,-0.0625,-0.002
2123,106.878,144457.0,raw,5.927,0.0,-0.0,-0.0625,-0.002
2124,106.928,144507.0,raw,5.927,0.0,-0.0,-0.0625,-0.002
2125,106.978,144557.0,raw,5.927,0.0,0.009,-0.0625,-0.002
2126,107.028,144607.0,raw,5.926,0.0,-0.023,-0.0625,-0.002
2127,107.078,144657.0,raw,5.926,0.0,-0.0,-0.0625,-0.002
2128,107.128,144707.0,raw,5.926,0.0,-0.0,-0.0625,-0.002
2129,107.178,144757.0,raw,5.924,0.0,-0.002,-0.0625,-0.002
2130,107.228,144807.0,raw,5.923,0.0,-0.018,-0.0625,-0.002
2131,107.278,144857.0,raw,5.923,0.0,-0.0,-0.0625,-0.002
2132,107.328,144907.0,raw,5.921,0.0,-0.001,-0.0625,-0.002
2133,107.378,144957.0,raw,5.921,0.0,-0.0,-0.0625,-0.002
2134,107.428,145007.0,raw,5.92,0.0,-0.006,-0.0625,-0.002
2135,107.478,145057.0,raw,5.92,0.0,-0.0,-0.0625,-0.002
2136,107.528,145107.0,raw,5.918,0.0,-0.021,-0.0625,-0.002
2137,107.578,145157.0,raw,5.918,0.0,-0.0,-0.0625,-0.002
2138,107.628,145207.0,raw,5.918,0.0,0.009,-0.0625,-0.002
2139,107.678,145257.0,raw,5.917,0.0,-0.006,-0.0625,-0.002
2140,107.728,145307.0,raw,5.917,0.0,-0.0,-0.0625,-0.002
2141,107.778,145357.0,raw,5.917,0.0,-0.0,-0.0625,-0.002
2142,107.828,145407.0,raw,5.915,0.0,-0.002,-0.0625,-0.002
2143,107.878,145457.0,raw,5.913,0.0,-0.032,-0.0625,-0.002
2144,107.928,145507.0,raw,5.912,0.0,-0.089,-0.0625,-0.002
2145,107.978,145557.0,raw,5.912,0.0,-0.001,-0.0625,-0.002
2146,108.028,145607.0,raw,5.91,0.0,-0.081,-0.0625,-0.002
2147,108.078,145657.0,raw,5.91,0.0,-0.001,-0.0625,-0.002
2148,108.128,145707.0,raw,5.909,0.0,-0.023,-0.0625,-0.002
2149,108.178,145757.0,raw,5.909,0.0,-0.0,-0.0625,-0.002
2150,108.228,145807.0,raw,5.907,0.0,-0.112,-0.0625,-0.002
2151,108.278,145857.0,raw,5.907,0.0,-0.001,-0.0625,-0.002
2152,108.328,145907.0,raw,5.907,0.0,0.018,-0.0625,-0.002
2153,108.378,145957.0,raw,5.906,0.0,-0.001,-0.0625,-0.002
2154,108.428,146007.0,raw,5.904,0.0,-0.005,-0.0625,-0.002
2155,108.478,146057.0,raw,5.903,0.0,-0.028,-0.0625,-0.002
2156,108.528,146107.0,raw,5.903,0.0,-0.0,-0.0625,-0.002
2157,108.578,146157.0,raw,5.901,0.0,-0.03,-0.0625,-0.002
2158,108.628,146207.0,raw,5.901,0.0,-0.0,-0.0625,-0.002
2159,108.678,146257.0,raw,5.9,0.0,-0.007,-0.0625,-0.002
2160,108.728,146307.0,raw,5.898,0.0,-0.019,-0.0625,-0.002
2161,108.778,146357.0,raw,5.898,0.0,-0.0,-0.0625,-0.002
2162,108.828,146407.0,raw,5.897,0.0,-0.002,-0.0625,-0.002
2163,108.878,146457.0,raw,5.895,0.0,-0.121,-0.0625,-0.002
2164,108.928,146507.0,raw,5.895,0.0,-0.001,-0.0625,-0.002
2165,108.978,146557.0,raw,5.894,0.0,-0.017,-0.0625,-0.002
2166,109.028,146607.0,raw,5.894,0.0,-0.0,-0.0625,-0.002
2167,109.078,146657.0,raw,5.894,0.0,-0.0,-0.0625,-0.002
2168,109.128,146707.0,raw,5.892,0.0,-0.004,-0.0625,-0.002
2169,109.178,146757.0,raw,5.892,0.0,-0.0,-0.0625,-0.002
2170,109.228,146807.0,raw,5.89,0.0,-0.005,-0.0625,-0.002
2171,109.278,146857.0,raw,5.89,0.0,0.038,-0.0625,-0.002
2172,109.328,146907.0,raw,5.889,0.0,-0.001,-0.0625,-0.002
2173,109.378,146957.0,raw,5.887,0.0,-0.049,-0.0625,-0.002
2174,109.428,147007.0,raw,5.887,0.0,-0.001,-0.0625,-0.002
2175,109.478,147057.0,raw,5.886,0.0,-0.017,-0.0625,-0.002
2176,109.528,147107.0,raw,5.886,0.0,-0.0,-0.0625,-0.002
2177,109.578,147157.0,raw,5.884,0.0,-0.008,-0.0625,-0.002
2178,109.628,147207.0,raw,5.884,0.0,-0.0,-0.0625,-0.002
2179,109.678,147257.0,raw,5.883,0.0,-0.019,-0.0625,-0.002
2180,109.728,147307.0,raw,5.883,0.0,-0.0,-0.0625,-0.002
2181,109.778,147357.0,raw,5.881,0.0,-0.029,-0.0625,-0.002
2182,109.828,147407.0,raw,5.881,0.0,-0.0,-0.0625,-0.002
2183,109.878,147457.0,raw,5.88,0.0,-0.016,-0.0625,-0.002
2184,109.928,147507.0,raw,5.88,0.0,-0.0,-0.0625,-0.002
2185,109.978,147557.0,raw,5.878,0.0,-0.012,-0.0625,-0.002
2186,110.028,147607.0,raw,5.878,0.0,-0.0,-0.0625,-0.002
2187,110.078,147657.0,raw,5.877,0.0,0.013,-0.0625,-0.002
2188,110.128,147707.0,raw,5.875,0.0,-0.003,-0.0625,-0.002
2189,110.178,147757.0,raw,5.875,0.0,0.019,-0.0625,-0.002
2190,110.228,147807.0,raw,5.874,0.0,-0.001,-0.0625,-0.002
2191,110.278,147857.0,raw,5.872,0.0,-0.08,-0.0625,-0.002
2192,110.328,147907.0,raw,5.872,0.0,-0.001,-0.0625,-0.002
2193,110.378,147957.0,raw,5.871,0.0,-0.081,-0.0625,-0.002
2194,110.428,148007.0,raw,5.871,0.0,-0.001,-0.0625,-0.002
2195,110.478,148057.0,raw,5.871,0.0,-0.0,-0.0625,-0.002
2196,110.528,148107.0,raw,5.871,0.0,0.001,-0.0625,-0.002
2197,110.578,148157.0,raw,5.869,0.0,-0.007,-0.0625,-0.002
2198,110.628,148207.0,raw,5.869,0.0,-0.0,-0.0625,-0.002
2199,110.678,148257.0,raw,5.867,0.0,-0.149,-0.0625,-0.002
2200,110.728,148307.0,raw,5.867,0.0,-0.019,-0.0625,-0.002
2201,110.778,148357.0,raw,5.867,0.0,-0.0,-0.0625,-0.002
2202,110.828,148407.0,raw,5.867,0.0,-0.0,-0.0625,-0.002
2203,110.878,148457.0,raw,5.866,0.0,-0.006,-0.0625,-0.002
2204,110.928,148507.0,raw,5.866,0.0,-0.0,-0.0625,-0.002
2205,110.978,148557.0,raw,5.864,0.0,-0.025,-0.0625,-0.002
2206,111.028,148607.0,raw,5.864,0.0,-0.0,-0.0625,-0.002
2207,111.078,148657.0,raw,5.863,0.0,-0.082,-0.0625,-0.002
2208,111.128,148707.0,raw,5.863,0.0,-0.001,-0.0625,-0.002
2209,111.178,148757.0,raw,5.863,0.0,-0.0,-0.0625,-0.002
2210,111.228,148807.0,raw,5.863,0.0,-0.0,-0.0625,-0.002
2211,111.278,148857.0,raw,5.861,0.0,-0.039,-0.0625,-0.002
2212,111.328,148907.0,raw,5.861,0.0,-0.002,-0.0625,-0.002
2213,111.378,148957.0,raw,5.861,0.0,-0.0,-0.0625,-0.002
2214,111.428,149007.0,raw,5.861,0.0,-0.0,-0.0625,-0.002
2215,111.478,149057.0,raw,5.86,0.0,-0.098,-0.0625,-0.002
2216,111.528,149107.0,raw,5.86,0.0,-0.001,-0.0625,-0.002
2217,111.578,149157.0,raw,5.86,0.0,-0.0,-0.0625,-0.002
2218,111.628,149207.0,raw,5.858,0.0,-0.101,-0.0625,-0.002
2219,111.678,149257.0,raw,5.858,0.0,-0.001,-0.0625,-0.002
2220,111.728,149307.0,raw,5.858,0.0,-0.0,-0.0625,-0.002
2221,111.778,149357.0,raw,5.857,0.0,-0.029,-0.0625,-0.002
2222,111.828,149407.0,raw,5.857,0.0,-0.0,-0.0625,-0.002
2223,111.878,149457.0,raw,5.855,0.0,-0.128,-0.0625,-0.002
2224,111.928,149507.0,raw,5.855,0.0,-0.014,-0.0625,-0.002
2225,111.978,149557.0,raw,5.855,0.0,-0.0,-0.0625,-0.002
2226,112.028,149607.0,raw,5.855,0.0,-0.0,-0.0625,-0.002
2227,112.078,149657.0,raw,5.854,0.0,-0.006,-0.0625,-0.002
2228,112.128,149707.0,raw,5.854,0.0,-0.0,-0.0625,-0.002
2229,112.178,149757.0,raw,5.854,0.0,-0.0,-0.0625,-0.002
2230,112.228,149807.0,raw,5.852,0.0,-0.04,-0.0625,-0.002
2231,112.278,149857.0,raw,5.852,0.0,-0.0,-0.0625,-0.002
2232,112.328,149907.0,raw,5.852,0.0,-0.0,-0.0625,-0.002
2233,112.378,149957.0,raw,5.852,0.0,-0.0,-0.0625,-0.002
2234,112.428,150007.0,raw,5.852,0.0,-0.0,-0.0625,-0.002
2235,112.478,150057.0,raw,5.852,0.0,-0.0,-0.0625,-0.002
2236,112.528,150107.0,raw,5.852,0.0,-0.0,-0.0625,-0.002
2237,112.578,150157.0,raw,5.852,0.0,0.055,-0.0625,-0.002
2238,112.628,150207.0,raw,5.851,0.0,-0.002,-0.0625,-0.002
2239,112.678,150257.0,raw,5.851,0.0,-0.0,-0.0625,-0.002
2240,112.728,150307.0,raw,5.851,0.0,-0.0,-0.0625,-0.002
2241,112.778,150357.0,raw,5.851,0.0,-0.0,-0.0625,-0.002
2242,112.828,150407.0,raw,5.851,0.0,-0.0,-0.0625,-0.002
2243,112.878,150457.0,raw,5.851,0.0,-0.0,-0.0625,-0.002
2244,112.928,150507.0,raw,5.849,0.0,-0.028,-0.0625,-0.002
2245,112.978,150557.0,raw,5.849,0.0,-0.0,-0.0625,-0.002
2246,113.028,150607.0,raw,5.849,0.0,-0.0,-0.0625,-0.002
2247,113.078,150657.0,raw,5.849,0.0,-0.0,-0.0625,-0.002
2248,113.128,150707.0,raw,5.848,0.0,-0.041,-0.0625,-0.002
2249,113.178,150757.0,raw,5.848,0.0,-0.0,-0.0625,-0.002
2250,113.228,150807.0,raw,5.848,0.0,-0.0,-0.0625,-0.002
2251,113.278,150857.0,raw,5.848,0.0,0.005,-0.0625,-0.002
2252,113.328,150907.0,raw,5.846,0.0,-0.029,-0.0625,-0.002
2253,113.378,150957.0,raw,5.846,0.0,-0.0,-0.0625,-0.002
2254,113.428,151007.0,raw,5.846,0.0,-0.0,-0.0625,-0.002
2255,113.478,151057.0,raw,5.846,0.0,-0.0,-0.0625,-0.002
2256,113.528,151107.0,raw,5.846,0.0,-0.0,-0.0625,-0.002
2257,113.578,151157.0,raw,5.844,0.0,-0.006,-0.0625,-0.002
2258,113.628,151207.0,raw,5.844,0.0,-0.0,-0.0625,-0.002
2259,113.678,151257.0,raw,5.844,0.0,-0.0,-0.0625,-0.002
2260,113.728,151307.0,raw,5.844,0.0,-0.0,-0.0625,-0.002
2261,113.778,151357.0,raw,5.843,0.0,-0.021,-0.0625,-0.002
2262,113.828,151407.0,raw,5.843,0.0,-0.0,-0.0625,-0.002
2263,113.878,151457.0,raw,5.843,0.0,-0.0,-0.0625,-0.002
2264,113.928,151507.0,raw,5.841,0.0,-0.123,-0.0625,-0.002
2265,113.978,151557.0,raw,5.841,0.0,-0.042,-0.0625,-0.002
2266,114.028,151607.0,raw,5.841,0.0,-0.005,-0.0625,-0.002
2267,114.078,151657.0,raw,5.841,0.0,-0.0,-0.0625,-0.002
2268,114.128,151707.0,raw,5.841,0.0,-0.0,-0.0625,-0.002
2269,114.178,151757.0,raw,5.84,0.0,-0.106,-0.0625,-0.002
2270,114.228,151807.0,raw,5.84,0.0,-0.032,-0.0625,-0.002
2271,114.278,151857.0,raw,5.84,0.0,-0.0,-0.0625,-0.002
2272,114.328,151907.0,raw,5.84,0.0,-0.0,-0.0625,-0.002
2273,114.378,151957.0,raw,5.84,0.0,-0.0,-0.0625,-0.002
2274,114.428,152007.0,raw,5.84,0.0,-0.0,-0.0625,-0.002
2275,114.478,152057.0,raw,5.84,0.0,0.043,-0.0625,-0.002
2276,114.528,152107.0,raw,5.838,0.0,-0.002,-0.0625,-0.002
2277,114.578,152157.0,raw,5.838,0.0,-0.0,-0.0625,-0.002
2278,114.628,152207.0,raw,5.838,0.0,-0.0,-0.0625,-0.002
2279,114.678,152257.0,raw,5.838,0.0,-0.0,-0.0625,-0.002
2280,114.728,152307.0,raw,5.837,0.0,-0.021,-0.0625,-0.002
2281,114.778,152357.0,raw,5.837,0.0,-0.0,-0.0625,-0.002
2282,114.828,152407.0,raw,5.837,0.0,-0.0,-0.0625,-0.002
2283,114.878,152457.0,raw,5.835,0.0,-0.016,-0.0625,-0.002
2284,114.928,152507.0,raw,5.835,0.0,-0.0,-0.0625,-0.002
2285,114.978,152557.0,raw,5.835,0.0,-0.0,-0.0625,-0.002
2286,115.028,152607.0,raw,5.835,0.0,0.003,-0.0625,-0.002
2287,115.078,152657.0,raw,5.834,0.0,-0.132,-0.0625,-0.002
2288,115.128,152707.0,raw,5.834,0.0,-0.001,-0.0625,-0.002
2289,115.178,152757.0,raw,5.834,0.0,-0.0,-0.0625,-0.002
2290,115.228,152807.0,raw,5.834,0.0,-0.0,-0.0625,-0.002
2291,115.278,152857.0,raw,5.832,0.0,-0.116,-0.0625,-0.002
2292,115.328,152907.0,raw,5.832,0.0,-0.016,-0.0625,-0.002
2293,115.378,152957.0,raw,5.832,0.0,-0.016,-0.0625,-0.002
2294,115.428,153007.0,raw,5.832,0.0,-0.0,-0.0625,-0.002
2295,115.478,153057.0,raw,5.832,0.0,-0.0,-0.0625,-0.002
2296,115.528,153107.0,raw,5.831,0.0,-0.023,-0.0625,-0.002
2297,115.578,153157.0,raw,5.831,0.0,-0.0,-0.0625,-0.002
2298,115.628,153207.0,raw,5.831,0.0,-0.0,-0.0625,-0.002
2299,115.678,153257.0,raw,5.831,0.0,-0.0,-0.0625,-0.002
2300,115.728,153307.0,raw,5.831,0.0,-0.0,-0.0625,-0.002
2301,115.778,153357.0,raw,5.831,0.0,-0.0,-0.0625,-0.002
2302,115.828,153407.0,raw,5.831,0.0,-0.0,-0.0625,-0.002
2303,115.878,153457.0,raw,5.831,0.0,-0.0,-0.0625,-0.002
2304,115.928,153507.0,raw,5.831,0.0,-0.0,-0.0625,-0.002
2305,115.978,153557.0,raw,5.831,0.0,-0.0,-0.0625,-0.002
2306,116.028,153607.0,raw,5.831,0.0,-0.0,-0.0625,-0.002
2307,116.078,153657.0,raw,5.831,0.0,-0.0,-0.0625,-0.002
2308,116.128,153707.0,raw,5.829,0.0,-0.042,-0.0625,-0.002
2309,116.178,153757.0,raw,5.829,0.0,-0.001,-0.0625,-0.002
2310,116.228,153807.0,raw,5.829,0.0,-0.0,-0.0625,-0.002
2311,116.278,153857.0,raw,5.829,0.0,-0.0,-0.0625,-0.002
2312,116.328,153907.0,raw,5.829,0.0,-0.0,-0.0625,-0.002
2313,116.378,153957.0,raw,5.829,0.0,0.074,-0.0625,-0.002
2314,116.428,154007.0,raw,5.828,0.0,-0.013,-0.0625,-0.002
2315,116.478,154057.0,raw,5.828,0.0,-0.003,-0.0625,-0.002
2316,116.528,154107.0,raw,5.828,0.0,-0.0,-0.0625,-0.002
2317,116.578,154157.0,raw,5.828,0.0,-0.0,-0.0625,-0.002
2318,116.628,154207.0,raw,5.828,0.0,-0.0,-0.0625,-0.002
2319,116.678,154257.0,raw,5.828,0.0,-0.0,-0.0625,-0.002
2320,116.728,154307.0,raw,5.828,0.0,0.006,-0.0625,-0.002
2321,116.778,154357.0,raw,5.828,0.0,0.0,-0.0625,-0.002
2322,116.828,154407.0,raw,5.826,0.0,-0.138,-0.0625,-0.002
2323,116.878,154457.0,raw,5.828,0.0,0.025,-0.0625,-0.002
2324,116.928,154507.0,raw,5.826,0.0,-0.001,-0.0625,-0.002
2325,116.978,154557.0,raw,5.826,0.0,-0.0,-0.0625,-0.002
2326,117.028,154607.0,raw,5.826,0.0,-0.0,-0.0625,-0.002
2327,117.078,154657.0,raw,5.826,0.0,-0.0,-0.0625,-0.002
2328,117.128,154707.0,raw,5.826,0.0,-0.0,-0.0625,-0.002
2329,117.178,154757.0,raw,5.826,0.0,-0.0,-0.0625,-0.002
2330,117.228,154807.0,raw,5.826,0.0,-0.0,-0.0625,-0.002
2331,117.278,154857.0,raw,5.826,0.0,-0.0,-0.0625,-0.002
2332,117.328,154907.0,raw,5.826,0.0,-0.0,-0.0625,-0.002
2333,117.378,154957.0,raw,5.825,0.0,-0.055,-0.0625,-0.002
2334,117.428,155007.0,raw,5.825,0.0,-0.014,-0.0625,-0.002
2335,117.478,155057.0,raw,5.825,0.0,-0.0,-0.0625,-0.002
2336,117.528,155107.0,raw,5.825,0.0,-0.0,-0.0625,-0.002
2337,117.578,155157.0,raw,5.825,0.0,-0.0,-0.0625,-0.002
2338,117.628,155207.0,raw,5.825,0.0,-0.0,-0.0625,-0.002
2339,117.678,155257.0,raw,5.825,0.0,-0.0,-0.0625,-0.002
2340,117.728,155307.0,raw,5.825,0.0,-0.0,-0.0625,-0.002
2341,117.778,155357.0,raw,5.825,0.0,-0.0,-0.0625,-0.002
2342,117.828,155407.0,raw,5.825,0.0,0.03,-0.0625,-0.002
2343,117.878,155457.0,raw,5.823,0.0,-0.057,-0.0625,-0.002
2344,117.928,155507.0,raw,5.823,0.0,-0.033,-0.0625,-0.002
2345,117.978,155557.0,raw,5.823,0.0,-0.001,-0.0625,-0.002
2346,118.028,155607.0,raw,5.823,0.0,-0.0,-0.0625,-0.002
2347,118.078,155657.0,raw,5.823,0.0,-0.0,-0.0625,-0.002
2348,118.128,155707.0,raw,5.823,0.0,-0.0,-0.0625,-0.002
2349,118.35,155929.0,raw,5.823,0.0,-0.0,-0.0625,-0.002
2350,118.4,155979.0,raw,5.809,0.0,-0.129,-0.1562,-0.005
2351,118.45,156029.0,raw,5.806,0.0,-0.03,-0.1562,-0.005
2352,118.5,156079.0,raw,5.805,0.0,-0.008,-0.1562,-0.005
2353,118.55,156129.0,raw,5.803,0.0,-0.01,-0.1562,-0.005
2354,118.6,156179.0,raw,5.803,0.0,-0.0,-0.1562,-0.005
2355,118.65,156229.0,raw,5.802,0.0,-0.023,-0.1562,-0.005
2356,118.7,156279.0,raw,5.802,0.0,-0.0,-0.1562,-0.005
2357,118.75,156329.0,raw,5.8,0.0,-0.001,-0.1562,-0.005
2358,118.8,156379.0,raw,5.798,0.0,-0.004,-0.1562,-0.005
2359,118.85,156429.0,raw,5.797,0.0,-0.002,-0.1562,-0.005
2360,118.9,156479.0,raw,5.795,0.0,-0.011,-0.1562,-0.005
2361,118.95,156529.0,raw,5.794,0.0,-0.004,-0.1562,-0.005
2362,119.0,156579.0,raw,5.791,0.0,-0.08,-0.1562,-0.005
2363,119.05,156629.0,raw,5.789,0.0,-0.094,-0.1562,-0.005
2364,119.1,156679.0,raw,5.788,0.0,-0.149,-0.1562,-0.005
2365,119.15,156729.0,raw,5.786,0.0,-0.069,-0.1562,-0.005
2366,119.2,156779.0,raw,5.783,0.0,-0.104,-0.1562,-0.005
2367,119.25,156829.0,raw,5.782,0.0,-0.048,-0.1562,-0.005
2368,119.3,156879.0,raw,5.78,0.0,-0.012,-0.1562,-0.005
2369,119.35,156929.0,raw,5.779,0.0,-0.031,-0.1562,-0.005
2370,119.4,156979.0,raw,5.777,0.0,-0.059,-0.1562,-0.005
2371,119.45,157029.0,raw,5.777,0.0,-0.0,-0.1562,-0.005
2372,119.5,157079.0,raw,5.775,0.0,-0.004,-0.1562,-0.005
2373,119.55,157129.0,raw,5.772,0.0,-0.146,-0.1562,-0.005
2374,119.6,157179.0,raw,5.771,0.0,-0.013,-0.1562,-0.005
2375,119.65,157229.0,raw,5.768,0.0,-0.097,-0.1562,-0.005
2376,119.7,157279.0,raw,5.765,0.0,-0.08,-0.1562,-0.005
2377,119.75,157329.0,raw,5.762,0.0,-0.067,-0.1562,-0.005
2378,119.8,157379.0,raw,5.757,0.0,-0.16,-0.1562,-0.005
2379,119.85,157429.0,raw,5.749,0.0,-0.179,-0.1562,-0.005
2380,119.9,157479.0,raw,5.737,0.0,-0.174,-0.1562,-0.005
2381,119.95,157529.0,raw,5.728,0.0,-0.209,-0.1562,-0.005
2382,120.0,157579.0,raw,5.716,0.0,-0.252,-0.1562,-0.005
2383,120.05,157629.0,raw,5.706,0.0,-0.153,-0.1562,-0.005
2384,120.1,157679.0,raw,5.702,0.0,-0.045,-0.1562,-0.005
2385,120.15,157729.0,raw,5.697,0.0,-0.098,-0.1562,-0.005
2386,120.2,157779.0,raw,5.699,0.0,0.021,-0.1562,-0.005
2387,120.25,157829.0,raw,5.703,0.0,0.082,-0.1562,-0.005
2388,120.3,157879.0,raw,5.703,0.0,0.001,-0.1562,-0.005
2389,120.35,157929.0,raw,5.699,0.0,-0.172,-0.1562,-0.005
2390,120.4,157979.0,raw,5.693,0.0,-0.18,-0.1562,-0.005
2391,120.45,158029.0,raw,5.686,0.0,-0.164,-0.1562,-0.005
2392,120.5,158079.0,raw,5.68,0.0,-0.146,-0.1562,-0.005
2393,120.55,158129.0,raw,5.668,0.0,-0.3,-0.1562,-0.005
2394,120.6,158179.0,raw,5.633,0.0,-0.81,-0.1562,-0.005
2395,120.65,158229.0,raw,5.593,0.0,-0.744,-0.1562,-0.005
2396,120.7,158279.0,raw,5.573,0.0,-0.342,-0.1562,-0.005
2397,120.75,158329.0,raw,5.559,0.0,-0.32,-0.1562,-0.005
2398,120.8,158379.0,raw,5.548,0.0,-0.188,-0.1562,-0.005
2399,120.85,158429.0,raw,5.539,0.0,-0.225,-0.1562,-0.005
2400,120.9,158479.0,raw,5.528,0.0,-0.145,-0.1562,-0.005
2401,120.95,158529.0,raw,5.513,0.0,-0.343,-0.1562,-0.005
2402,121.0,158579.0,raw,5.499,0.0,-0.295,-0.1562,-0.005
2403,121.05,158629.0,raw,5.482,0.0,-0.458,-0.1562,-0.005
2404,121.1,158679.0,raw,5.461,0.0,-0.4,-0.1562,-0.005
2405,121.15,158729.0,raw,5.447,0.0,-0.241,-0.1562,-0.005
2406,121.2,158779.0,raw,5.427,0.0,-0.484,-0.1562,-0.005
2407,121.25,158829.0,raw,5.398,0.0,-0.771,-0.1562,-0.005
2408,121.3,158879.0,raw,5.344,0.0,-1.224,-0.1562,-0.005
2409,121.35,158929.0,raw,5.275,0.0,-1.367,-0.1562,-0.005
2410,121.4,158979.0,raw,5.22,0.0,-1.146,-0.1562,-0.005
2411,121.45,159029.0,raw,5.143,0.0,-1.671,-0.1562,-0.005
2412,121.5,159079.0,raw,5.05,0.0,-2.137,-0.1562,-0.005
2413,121.55,159129.0,raw,4.946,0.0,-2.042,-0.1562,-0.005
2414,121.6,159179.0,raw,4.832,0.0,-2.226,-0.1562,-0.005
2415,121.65,159229.0,raw,4.772,0.0,-0.9,-0.1562,-0.005
2416,121.7,159279.0,raw,4.732,0.0,-0.647,-0.1562,-0.005
2417,121.75,159329.0,raw,4.714,0.0,-0.355,-0.1562,-0.005
2418,121.8,159379.0,raw,4.692,0.0,-0.239,-0.1562,-0.005
2419,121.85,159429.0,raw,4.685,0.0,-0.067,-0.1562,-0.005
2420,121.9,159479.0,raw,4.679,0.0,-0.185,-0.1562,-0.005
2421,121.95,159529.0,raw,4.676,0.0,-0.118,-0.1562,-0.005
2422,122.0,159579.0,raw,4.671,0.0,-0.039,-0.1562,-0.005
2423,122.05,159629.0,raw,4.666,0.0,-0.045,-0.1562,-0.005
2424,122.1,159679.0,raw,4.662,0.0,-0.091,-0.1562,-0.005
2425,122.15,159729.0,raw,4.66,0.0,-0.023,-0.1562,-0.005
2426,122.2,159779.0,raw,4.656,0.0,-0.105,-0.1562,-0.005
2427,122.25,159829.0,raw,4.648,0.0,-0.126,-0.1562,-0.005
2428,122.3,159879.0,raw,4.643,0.0,-0.074,-0.1562,-0.005
2429,122.35,159929.0,raw,4.645,0.0,0.04,-0.1562,-0.005
2430,122.4,159979.0,raw,4.653,0.0,0.3,-0.1562,-0.005
2431,122.45,160029.0,raw,4.657,0.0,-0.089,-0.1562,-0.005
2432,122.5,160079.0,raw,4.657,0.0,0.005,-0.1562,-0.005
2433,122.55,160129.0,raw,4.662,0.0,0.179,-0.1562,-0.005
2434,122.6,160179.0,raw,4.665,0.0,0.008,-0.1562,-0.005
2435,122.65,160229.0,raw,4.679,0.0,0.415,-0.1562,-0.005
2436,122.7,160279.0,raw,4.699,0.0,0.385,-0.1562,-0.005
2437,122.75,160329.0,raw,4.715,0.0,0.261,-0.1562,-0.005
2438,122.8,160379.0,raw,4.746,0.0,0.803,-0.1562,-0.005
2439,122.85,160429.0,raw,4.792,0.0,0.902,-0.1562,-0.005
2440,122.9,160479.0,raw,4.864,0.0,1.838,-0.1562,-0.005
2441,122.95,160529.0,raw,4.958,0.0,1.75,-0.1562,-0.005
2442,123.0,160579.0,raw,5.018,0.0,1.028,-0.1562,-0.005
2443,123.05,160629.0,raw,5.048,0.0,0.209,-0.1562,-0.005
2444,123.1,160679.0,raw,5.019,0.0,-0.676,-0.1562,-0.005
2445,123.15,160729.0,raw,4.978,0.0,-0.89,-0.1562,-0.005
2446,123.2,160779.0,raw,4.919,0.0,-1.218,-0.1562,-0.005
2447,123.25,160829.0,raw,4.878,0.0,-0.764,-0.1562,-0.005
2448,123.3,160879.0,raw,4.846,0.0,-0.592,-0.1562,-0.005
2449,123.35,160929.0,raw,4.812,0.0,-0.712,-0.1562,-0.005
2450,123.4,160979.0,raw,4.794,0.0,-0.231,-0.1562,-0.005
2451,123.45,161029.0,raw,4.783,0.0,-0.315,-0.1562,-0.005
2452,123.5,161079.0,raw,4.777,0.0,-0.066,-0.1562,-0.005
2453,123.55,161129.0,raw,4.771,0.0,-0.234,-0.1562,-0.005
2454,123.6,161179.0,raw,4.768,0.0,-0.073,-0.1562,-0.005
2455,123.65,161229.0,raw,4.766,0.0,-0.007,-0.1562,-0.005
2456,123.7,161279.0,raw,4.766,0.0,-0.064,-0.1562,-0.005
2457,123.75,161329.0,raw,4.763,0.0,-0.131,-0.1562,-0.005
2458,123.8,161379.0,raw,4.765,0.0,0.02,-0.1562,-0.005
2459,123.85,161429.0,raw,4.763,0.0,-0.054,-0.1562,-0.005
2460,123.9,161479.0,raw,4.763,0.0,-0.0,-0.1562,-0.005
2461,123.95,161529.0,raw,4.765,0.0,0.002,-0.1562,-0.005
2462,124.0,161579.0,raw,4.765,0.0,0.0,-0.1562,-0.005
2463,124.05,161629.0,raw,4.765,0.0,0.0,-0.1562,-0.005
2464,124.1,161679.0,raw,4.765,0.0,0.0,-0.1562,-0.005
2465,124.15,161729.0,raw,4.765,0.0,-0.135,-0.1562,-0.005
2466,124.2,161779.0,raw,4.765,0.0,-0.047,-0.1562,-0.005
2467,124.25,161829.0,raw,4.766,0.0,0.141,-0.1562,-0.005
2468,124.3,161879.0,raw,4.765,0.0,-0.006,-0.1562,-0.005
2469,124.35,161929.0,raw,4.765,0.0,-0.0,-0.1562,-0.005
2470,124.4,161979.0,raw,4.765,0.0,-0.066,-0.1562,-0.005
2471,124.45,162029.0,raw,4.765,0.0,-0.002,-0.1562,-0.005
2472,124.5,162079.0,raw,4.765,0.0,-0.0,-0.1562,-0.005
2473,124.55,162129.0,raw,4.766,0.0,0.092,-0.1562,-0.005
2474,124.6,162179.0,raw,4.765,0.0,-0.049,-0.1562,-0.005
2475,124.65,162229.0,raw,4.765,0.0,-0.0,-0.1562,-0.005
2476,124.7,162279.0,raw,4.765,0.0,-0.0,-0.1562,-0.005
2477,124.75,162329.0,raw,4.763,0.0,-0.015,-0.1562,-0.005
2478,124.8,162379.0,raw,4.763,0.0,-0.0,-0.1562,-0.005
2479,124.85,162429.0,raw,4.761,0.0,-0.009,-0.1562,-0.005
2480,124.9,162479.0,raw,4.76,0.0,-0.073,-0.1562,-0.005
2481,124.95,162529.0,raw,4.76,0.0,-0.001,-0.1562,-0.005
2482,125.0,162579.0,raw,4.758,0.0,-0.017,-0.1562,-0.005
2483,125.05,162629.0,raw,4.758,0.0,-0.0,-0.1562,-0.005
2484,125.1,162679.0,raw,4.757,0.0,-0.018,-0.1562,-0.005
2485,125.15,162729.0,raw,4.755,0.0,-0.008,-0.1562,-0.005
2486,125.2,162779.0,raw,4.754,0.0,-0.028,-0.1562,-0.005
2487,125.25,162829.0,raw,4.754,0.0,-0.0,-0.1562,-0.005
2488,125.3,162879.0,raw,4.754,0.0,-0.0,-0.1562,-0.005
2489,125.35,162929.0,raw,4.754,0.0,-0.0,-0.1562,-0.005
2490,125.4,162979.0,raw,4.754,0.0,0.022,-0.1562,-0.005
2491,125.45,163029.0,raw,4.754,0.0,0.053,-0.1562,-0.005
2492,125.5,163079.0,raw,4.752,0.0,-0.094,-0.1562,-0.005
2493,125.55,163129.0,raw,4.752,0.0,-0.001,-0.1562,-0.005
2494,125.6,163179.0,raw,4.751,0.0,-0.121,-0.1562,-0.005
2495,125.65,163229.0,raw,4.751,0.0,-0.074,-0.1562,-0.005
2496,125.7,163279.0,raw,4.752,0.0,0.141,-0.1562,-0.005
2497,125.75,163329.0,raw,4.751,0.0,-0.0,-0.1562,-0.005
2498,125.8,163379.0,raw,4.751,0.0,-0.0,-0.1562,-0.005
2499,125.85,163429.0,raw,4.751,0.0,-0.0,-0.1562,-0.005
2500,125.9,163479.0,raw,4.749,0.0,-0.002,-0.1562,-0.005
2501,125.95,163529.0,raw,4.748,0.0,-0.029,-0.1562,-0.005
2502,126.0,163579.0,raw,4.748,0.0,-0.001,-0.1562,-0.005
2503,126.05,163629.0,raw,4.746,0.0,-0.008,-0.1562,-0.005
2504,126.1,163679.0,raw,4.745,0.0,0.003,-0.1562,-0.005
2505,126.15,163729.0,raw,4.743,0.0,0.082,-0.1562,-0.005
2506,126.2,163779.0,raw,4.742,0.0,-0.002,-0.1562,-0.005
2507,126.25,163829.0,raw,4.74,0.0,-0.084,-0.1562,-0.005
2508,126.3,163879.0,raw,4.74,0.0,-0.001,-0.1562,-0.005
2509,126.35,163929.0,raw,4.74,0.0,-0.0,-0.1562,-0.005
2510,126.4,163979.0,raw,4.738,0.0,-0.024,-0.1562,-0.005
2511,126.45,164029.0,raw,4.738,0.0,-0.0,-0.1562,-0.005
2512,126.5,164079.0,raw,4.738,0.0,0.023,-0.1562,-0.005
2513,126.55,164129.0,raw,4.738,0.0,0.0,-0.1562,-0.005
2514,126.6,164179.0,raw,4.737,0.0,-0.094,-0.1562,-0.005
2515,126.65,164229.0,raw,4.737,0.0,-0.001,-0.1562,-0.005
2516,126.7,164279.0,raw,4.737,0.0,-0.0,-0.1562,-0.005
2517,126.75,164329.0,raw,4.737,0.0,-0.0,-0.1562,-0.005
2518,126.8,164379.0,raw,4.737,0.0,-0.0,-0.1562,-0.005
2519,126.85,164429.0,raw,4.737,0.0,-0.0,-0.1562,-0.005
2520,126.9,164479.0,raw,4.737,0.0,0.008,-0.1562,-0.005
2521,126.95,164529.0,raw,4.737,0.0,0.043,-0.1562,-0.005
2522,127.0,164579.0,raw,4.737,0.0,0.002,-0.1562,-0.005
2523,127.05,164629.0,raw,4.737,0.0,0.13,-0.1562,-0.005
2524,127.1,164679.0,raw,4.735,0.0,-0.002,-0.1562,-0.005
2525,127.15,164729.0,raw,4.735,0.0,-0.0,-0.1562,-0.005
2526,127.2,164779.0,raw,4.735,0.0,-0.0,-0.1562,-0.005
2527,127.25,164829.0,raw,4.735,0.0,-0.0,-0.1562,-0.005
2528,127.3,164879.0,raw,4.735,0.0,-0.0,-0.1562,-0.005
2529,127.35,164929.0,raw,4.735,0.0,-0.0,-0.1562,-0.005
2530,127.4,164979.0,raw,4.735,0.0,-0.0,-0.1562,-0.005
2531,127.45,165029.0,raw,4.735,0.0,-0.0,-0.1562,-0.005
2532,127.5,165079.0,raw,4.734,0.0,-0.009,-0.1562,-0.005
2533,127.55,165129.0,raw,4.734,0.0,-0.0,-0.1562,-0.005
2534,127.6,165179.0,raw,4.734,0.0,0.038,-0.1562,-0.005
2535,127.65,165229.0,raw,4.734,0.0,0.067,-0.1562,-0.005
2536,127.7,165279.0,raw,4.732,0.0,-0.003,-0.1562,-0.005
2537,127.75,165329.0,raw,4.732,0.0,-0.0,-0.1562,-0.005
2538,127.8,165379.0,raw,4.732,0.0,-0.0,-0.1562,-0.005
2539,127.85,165429.0,raw,4.732,0.0,-0.0,-0.1562,-0.005
2540,127.9,165479.0,raw,4.732,0.0,-0.001,-0.1562,-0.005
2541,127.95,165529.0,raw,4.731,0.0,-0.01,-0.1562,-0.005
2542,128.0,165579.0,raw,4.731,0.0,-0.0,-0.1562,-0.005
2543,128.05,165629.0,raw,4.731,0.0,-0.0,-0.1562,-0.005
2544,128.1,165679.0,raw,4.731,0.0,-0.0,-0.1562,-0.005
2545,128.15,165729.0,raw,4.729,0.0,-0.02,-0.1562,-0.005
2546,128.2,165779.0,raw,4.728,0.0,-0.018,-0.1562,-0.005
2547,128.25,165829.0,raw,4.728,0.0,-0.0,-0.1562,-0.005
2548,128.3,165879.0,raw,4.726,0.0,-0.012,-0.1562,-0.005
2549,128.35,165929.0,raw,4.726,0.0,-0.0,-0.1562,-0.005
2550,128.4,165979.0,raw,4.726,0.0,-0.0,-0.1562,-0.005
2551,128.45,166029.0,raw,4.726,0.0,-0.0,-0.1562,-0.005
2552,128.5,166079.0,raw,4.726,0.0,-0.0,-0.1562,-0.005
2553,128.55,166129.0,raw,4.725,0.0,-0.014,-0.1562,-0.005
2554,128.6,166179.0,raw,4.725,0.0,-0.0,-0.1562,-0.005
2555,128.65,166229.0,raw,4.723,0.0,-0.046,-0.1562,-0.005
2556,128.7,166279.0,raw,4.723,0.0,-0.001,-0.1562,-0.005
2557,128.75,166329.0,raw,4.723,0.0,-0.0,-0.1562,-0.005
2558,128.8,166379.0,raw,4.723,0.0,-0.0,-0.1562,-0.005
2559,128.85,166429.0,raw,4.723,0.0,-0.0,-0.1562,-0.005
2560,128.9,166479.0,raw,4.723,0.0,-0.0,-0.1562,-0.005
2561,128.95,166529.0,raw,4.723,0.0,0.007,-0.1562,-0.005
2562,129.0,166579.0,raw,4.722,0.0,-0.008,-0.1562,-0.005
2563,129.05,166629.0,raw,4.722,0.0,-0.0,-0.1562,-0.005
2564,129.1,166679.0,raw,4.722,0.0,-0.0,-0.1562,-0.005
2565,129.15,166729.0,raw,4.722,0.0,-0.0,-0.1562,-0.005
2566,129.2,166779.0,raw,4.72,0.0,-0.013,-0.1562,-0.005
2567,129.25,166829.0,raw,4.72,0.0,-0.0,-0.1562,-0.005
2568,129.3,166879.0,raw,4.72,0.0,-0.0,-0.1562,-0.005
2569,129.35,166929.0,raw,4.72,0.0,0.002,-0.1562,-0.005
2570,129.4,166979.0,raw,4.719,0.0,-0.088,-0.1562,-0.005
2571,129.45,167029.0,raw,4.719,0.0,-0.025,-0.1562,-0.005
2572,129.5,167079.0,raw,4.719,0.0,-0.043,-0.1562,-0.005
2573,129.55,167129.0,raw,4.72,0.0,0.054,-0.1562,-0.005
2574,129.6,167179.0,raw,4.72,0.0,0.014,-0.1562,-0.005
2575,129.65,167229.0,raw,4.72,0.0,0.069,-0.1562,-0.005
2576,129.7,167279.0,raw,4.719,0.0,-0.087,-0.1562,-0.005
2577,129.75,167329.0,raw,4.719,0.0,-0.001,-0.1562,-0.005
2578,129.8,167379.0,raw,4.719,0.0,-0.0,-0.1562,-0.005
2579,129.85,167429.0,raw,4.719,0.0,-0.0,-0.1562,-0.005
2580,129.9,167479.0,raw,4.719,0.0,-0.0,-0.1562,-0.005
2581,129.95,167529.0,raw,4.719,0.0,-0.0,-0.1562,-0.005
2582,130.0,167579.0,raw,4.717,0.0,-0.006,-0.1562,-0.005
2583,130.05,167629.0,raw,4.717,0.0,-0.0,-0.1562,-0.005
2584,130.1,167679.0,raw,4.715,0.0,-0.001,-0.1562,-0.005
2585,130.15,167729.0,raw,4.715,0.0,0.02,-0.1562,-0.005
2586,130.2,167779.0,raw,4.715,0.0,0.047,-0.1562,-0.005
2587,130.25,167829.0,raw,4.715,0.0,0.0,-0.1562,-0.005
2588,130.3,167879.0,raw,4.715,0.0,0.0,-0.1562,-0.005
2589,130.35,167929.0,raw,4.715,0.0,0.059,-0.1562,-0.005
2590,130.4,167979.0,raw,4.714,0.0,-0.02,-0.1562,-0.005
2591,130.45,168029.0,raw,4.714,0.0,-0.0,-0.1562,-0.005
2592,130.5,168079.0,raw,4.714,0.0,-0.122,-0.1562,-0.005
2593,130.55,168129.0,raw,4.715,0.0,0.004,-0.1562,-0.005
2594,130.6,168179.0,raw,4.715,0.0,0.084,-0.1562,-0.005
2595,130.65,168229.0,raw,4.715,0.0,0.141,-0.1562,-0.005
2596,130.7,168279.0,raw,4.714,0.0,-0.011,-0.1562,-0.005
2597,130.75,168329.0,raw,4.714,0.0,-0.0,-0.1562,-0.005
2598,130.8,168379.0,raw,4.714,0.0,-0.0,-0.1562,-0.005
2599,130.85,168429.0,raw,4.714,0.0,-0.0,-0.1562,-0.005
2600,130.9,168479.0,raw,4.714,0.0,-0.0,-0.1562,-0.005
2601,130.95,168529.0,raw,4.714,0.0,-0.0,-0.1562,-0.005
2602,131.0,168579.0,raw,4.714,0.0,-0.0,-0.1562,-0.005
2603,131.05,168629.0,raw,4.714,0.0,-0.0,-0.1562,-0.005
2604,131.1,168679.0,raw,4.714,0.0,-0.0,-0.1562,-0.005
2605,131.15,168729.0,raw,4.714,0.0,-0.0,-0.1562,-0.005
2606,131.2,168779.0,raw,4.714,0.0,-0.0,-0.1562,-0.005
2607,131.25,168829.0,raw,4.714,0.0,-0.0,-0.1562,-0.005
2608,131.3,168879.0,raw,4.714,0.0,-0.0,-0.1562,-0.005
2609,131.35,168929.0,raw,4.714,0.0,-0.0,-0.1562,-0.005
2610,131.4,168979.0,raw,4.714,0.0,-0.0,-0.1562,-0.005
2611,131.45,169029.0,raw,4.714,0.0,-0.0,-0.1562,-0.005
2612,131.5,169079.0,raw,4.714,0.0,-0.0,-0.1562,-0.005
2613,131.55,169129.0,raw,4.714,0.0,-0.0,-0.1562,-0.005
2614,131.6,169179.0,raw,4.714,0.0,-0.0,-0.1562,-0.005
2615,131.65,169229.0,raw,4.712,0.0,-0.008,-0.1562,-0.005
2616,131.7,169279.0,raw,4.712,0.0,-0.0,-0.1562,-0.005
2617,131.75,169329.0,raw,4.712,0.0,-0.0,-0.1562,-0.005
2618,131.8,169379.0,raw,4.712,0.0,0.025,-0.1562,-0.005
2619,131.85,169429.0,raw,4.711,0.0,-0.029,-0.1562,-0.005
2620,131.9,169479.0,raw,4.711,0.0,-0.035,-0.1562,-0.005
2621,131.95,169529.0,raw,4.711,0.0,-0.0,-0.1562,-0.005
2622,132.0,169579.0,raw,4.711,0.0,-0.0,-0.1562,-0.005
2623,132.235,169814.0,raw,4.711,0.0,-0.0,-0.1562,-0.005
2624,132.285,169864.0,raw,4.659,0.0,-0.451,-0.3125,-0.01
2625,132.335,169914.0,raw,4.645,0.0,-0.143,-0.3125,-0.01
2626,132.385,169964.0,raw,4.642,0.0,-0.024,-0.3125,-0.01
2627,132.435,170014.0,raw,4.64,0.0,-0.005,-0.3125,-0.01
2628,132.485,170064.0,raw,4.639,0.0,-0.013,-0.3125,-0.01
2629,132.535,170114.0,raw,4.64,0.0,0.044,-0.3125,-0.01
2630,132.585,170164.0,raw,4.639,0.0,-0.102,-0.3125,-0.01
2631,132.635,170214.0,raw,4.64,0.0,0.008,-0.3125,-0.01
2632,132.685,170264.0,raw,4.64,0.0,-0.006,-0.3125,-0.01
2633,132.735,170314.0,raw,4.642,0.0,0.074,-0.3125,-0.01
2634,132.785,170364.0,raw,4.64,0.0,-0.011,-0.3125,-0.01
2635,132.835,170414.0,raw,4.642,0.0,0.008,-0.3125,-0.01
2636,132.885,170464.0,raw,4.642,0.0,-0.06,-0.3125,-0.01
2637,132.935,170514.0,raw,4.642,0.0,-0.0,-0.3125,-0.01
2638,132.985,170564.0,raw,4.642,0.0,-0.003,-0.3125,-0.01
2639,133.035,170614.0,raw,4.642,0.0,-0.0,-0.3125,-0.01
2640,133.085,170664.0,raw,4.64,0.0,-0.024,-0.3125,-0.01
2641,133.135,170714.0,raw,4.639,0.0,-0.008,-0.3125,-0.01
2642,133.185,170764.0,raw,4.64,0.0,0.098,-0.3125,-0.01
2643,133.235,170814.0,raw,4.64,0.0,0.085,-0.3125,-0.01
2644,133.285,170864.0,raw,4.64,0.0,0.049,-0.3125,-0.01
2645,133.335,170914.0,raw,4.642,0.0,0.023,-0.3125,-0.01
2646,133.385,170964.0,raw,4.642,0.0,-0.041,-0.3125,-0.01
2647,133.435,171014.0,raw,4.643,0.0,0.048,-0.3125,-0.01
2648,133.485,171064.0,raw,4.642,0.0,-0.129,-0.3125,-0.01
2649,133.535,171114.0,raw,4.642,0.0,-0.001,-0.3125,-0.01
2650,133.585,171164.0,raw,4.642,0.0,-0.0,-0.3125,-0.01
2651,133.635,171214.0,raw,4.642,0.0,-0.0,-0.3125,-0.01
2652,133.685,171264.0,raw,4.643,0.0,0.007,-0.3125,-0.01
2653,133.735,171314.0,raw,4.643,0.0,0.0,-0.3125,-0.01
2654,133.785,171364.0,raw,4.643,0.0,-0.015,-0.3125,-0.01
2655,133.835,171414.0,raw,4.645,0.0,0.003,-0.3125,-0.01
2656,133.885,171464.0,raw,4.645,0.0,0.0,-0.3125,-0.01
2657,133.935,171514.0,raw,4.645,0.0,0.0,-0.3125,-0.01
2658,133.985,171564.0,raw,4.645,0.0,-0.0,-0.3125,-0.01
2659,134.035,171614.0,raw,4.645,0.0,-0.0,-0.3125,-0.01
2660,134.085,171664.0,raw,4.645,0.0,-0.0,-0.3125,-0.01
2661,134.135,171714.0,raw,4.646,0.0,0.036,-0.3125,-0.01
2662,134.185,171764.0,raw,4.648,0.0,0.041,-0.3125,-0.01
2663,134.235,171814.0,raw,4.648,0.0,0.0,-0.3125,-0.01
2664,134.285,171864.0,raw,4.649,0.0,0.042,-0.3125,-0.01
2665,134.335,171914.0,raw,4.649,0.0,0.041,-0.3125,-0.01
2666,134.385,171964.0,raw,4.649,0.0,0.105,-0.3125,-0.01
2667,134.435,172014.0,raw,4.648,0.0,-0.005,-0.3125,-0.01
2668,134.485,172064.0,raw,4.648,0.0,-0.0,-0.3125,-0.01
2669,134.535,172114.0,raw,4.649,0.0,0.018,-0.3125,-0.01
2670,134.585,172164.0,raw,4.649,0.0,0.063,-0.3125,-0.01
2671,134.635,172214.0,raw,4.649,0.0,0.056,-0.3125,-0.01
2672,134.685,172264.0,raw,4.649,0.0,0.01,-0.3125,-0.01
2673,134.735,172314.0,raw,4.649,0.0,0.0,-0.3125,-0.01
2674,134.785,172364.0,raw,4.649,0.0,0.003,-0.3125,-0.01
2675,134.835,172414.0,raw,4.648,0.0,-0.087,-0.3125,-0.01
2676,134.885,172464.0,raw,4.648,0.0,-0.011,-0.3125,-0.01
2677,134.935,172514.0,raw,4.648,0.0,-0.008,-0.3125,-0.01
2678,134.985,172564.0,raw,4.648,0.0,-0.0,-0.3125,-0.01
2679,135.035,172614.0,raw,4.648,0.0,-0.0,-0.3125,-0.01
2680,135.085,172664.0,raw,4.646,0.0,-0.036,-0.3125,-0.01
2681,135.135,172714.0,raw,4.645,0.0,-0.026,-0.3125,-0.01
2682,135.185,172764.0,raw,4.645,0.0,-0.0,-0.3125,-0.01
2683,135.235,172814.0,raw,4.643,0.0,-0.006,-0.3125,-0.01
2684,135.285,172864.0,raw,4.643,0.0,-0.0,-0.3125,-0.01
2685,135.335,172914.0,raw,4.642,0.0,-0.149,-0.3125,-0.01
2686,135.385,172964.0,raw,4.642,0.0,-0.012,-0.3125,-0.01
2687,135.435,173014.0,raw,4.64,0.0,-0.005,-0.3125,-0.01
2688,135.485,173064.0,raw,4.639,0.0,-0.025,-0.3125,-0.01
2689,135.535,173114.0,raw,4.636,0.0,-0.028,-0.3125,-0.01
2690,135.585,173164.0,raw,4.634,0.0,-0.021,-0.3125,-0.01
2691,135.635,173214.0,raw,4.634,0.0,-0.0,-0.3125,-0.01
2692,135.685,173264.0,raw,4.633,0.0,-0.044,-0.3125,-0.01
2693,135.735,173314.0,raw,4.633,0.0,-0.0,-0.3125,-0.01
2694,135.785,173364.0,raw,4.631,0.0,-0.007,-0.3125,-0.01
2695,135.835,173414.0,raw,4.63,0.0,-0.138,-0.3125,-0.01
2696,135.885,173464.0,raw,4.63,0.0,-0.005,-0.3125,-0.01
2697,135.935,173514.0,raw,4.626,0.0,-0.094,-0.3125,-0.01
2698,135.985,173564.0,raw,4.626,0.0,-0.001,-0.3125,-0.01
2699,136.035,173614.0,raw,4.625,0.0,-0.019,-0.3125,-0.01
2700,136.085,173664.0,raw,4.625,0.0,-0.0,-0.3125,-0.01
2701,136.135,173714.0,raw,4.623,0.0,-0.07,-0.3125,-0.01
2702,136.185,173764.0,raw,4.623,0.0,-0.0,-0.3125,-0.01
2703,136.235,173814.0,raw,4.622,0.0,-0.091,-0.3125,-0.01
2704,136.285,173864.0,raw,4.622,0.0,-0.001,-0.3125,-0.01
2705,136.335,173914.0,raw,4.62,0.0,-0.096,-0.3125,-0.01
2706,136.385,173964.0,raw,4.62,0.0,-0.001,-0.3125,-0.01
2707,136.435,174014.0,raw,4.619,0.0,-0.028,-0.3125,-0.01
2708,136.485,174064.0,raw,4.619,0.0,-0.0,-0.3125,-0.01
2709,136.535,174114.0,raw,4.617,0.0,-0.022,-0.3125,-0.01
2710,136.585,174164.0,raw,4.617,0.0,-0.0,-0.3125,-0.01
2711,136.635,174214.0,raw,4.617,0.0,-0.0,-0.3125,-0.01
2712,136.685,174264.0,raw,4.611,0.0,-0.225,-0.3125,-0.01
2713,136.735,174314.0,raw,4.61,0.0,-0.017,-0.3125,-0.01
2714,136.785,174364.0,raw,4.608,0.0,-0.005,-0.3125,-0.01
2715,136.835,174414.0,raw,4.607,0.0,-0.077,-0.3125,-0.01
2716,136.885,174464.0,raw,4.608,0.0,0.03,-0.3125,-0.01
2717,136.935,174514.0,raw,4.607,0.0,-0.027,-0.3125,-0.01
2718,136.985,174564.0,raw,4.607,0.0,-0.0,-0.3125,-0.01
2719,137.035,174614.0,raw,4.608,0.0,0.109,-0.3125,-0.01
2720,137.085,174664.0,raw,4.608,0.0,-0.007,-0.3125,-0.01
2721,137.135,174714.0,raw,4.608,0.0,-0.0,-0.3125,-0.01
2722,137.185,174764.0,raw,4.61,0.0,0.049,-0.3125,-0.01
2723,137.235,174814.0,raw,4.611,0.0,0.055,-0.3125,-0.01
2724,137.285,174864.0,raw,4.61,0.0,-0.083,-0.3125,-0.01
2725,137.335,174914.0,raw,4.61,0.0,-0.034,-0.3125,-0.01
2726,137.385,174964.0,raw,4.611,0.0,0.024,-0.3125,-0.01
2727,137.435,175014.0,raw,4.611,0.0,0.124,-0.3125,-0.01
2728,137.485,175064.0,raw,4.61,0.0,-0.064,-0.3125,-0.01
2729,137.535,175114.0,raw,4.611,0.0,0.008,-0.3125,-0.01
2730,137.585,175164.0,raw,4.611,0.0,0.002,-0.3125,-0.01
2731,137.635,175214.0,raw,4.61,0.0,-0.11,-0.3125,-0.01
2732,137.685,175264.0,raw,4.61,0.0,-0.018,-0.3125,-0.01
2733,137.735,175314.0,raw,4.61,0.0,-0.012,-0.3125,-0.01
2734,137.785,175364.0,raw,4.611,0.0,0.101,-0.3125,-0.01
2735,137.835,175414.0,raw,4.61,0.0,-0.002,-0.3125,-0.01
2736,137.885,175464.0,raw,4.61,0.0,-0.0,-0.3125,-0.01
2737,137.935,175514.0,raw,4.61,0.0,-0.0,-0.3125,-0.01
2738,137.985,175564.0,raw,4.61,0.0,-0.0,-0.3125,-0.01
2739,138.035,175614.0,raw,4.608,0.0,-0.04,-0.3125,-0.01
2740,138.085,175664.0,raw,4.608,0.0,-0.0,-0.3125,-0.01
2741,138.135,175714.0,raw,4.607,0.0,-0.047,-0.3125,-0.01
2742,138.185,175764.0,raw,4.607,0.0,-0.0,-0.3125,-0.01
2743,138.235,175814.0,raw,4.605,0.0,-0.036,-0.3125,-0.01
2744,138.285,175864.0,raw,4.605,0.0,-0.0,-0.3125,-0.01
2745,138.335,175914.0,raw,4.603,0.0,-0.108,-0.3125,-0.01
2746,138.385,175964.0,raw,4.602,0.0,-0.065,-0.3125,-0.01
2747,138.435,176014.0,raw,4.602,0.0,-0.0,-0.3125,-0.01
2748,138.485,176064.0,raw,4.6,0.0,-0.023,-0.3125,-0.01
2749,138.535,176114.0,raw,4.6,0.0,-0.0,-0.3125,-0.01
2750,138.585,176164.0,raw,4.6,0.0,-0.0,-0.3125,-0.01
2751,138.635,176214.0,raw,4.6,0.0,-0.0,-0.3125,-0.01
2752,138.685,176264.0,raw,4.597,0.0,-0.113,-0.3125,-0.01
2753,138.735,176314.0,raw,4.597,0.0,-0.001,-0.3125,-0.01
2754,138.785,176364.0,raw,4.597,0.0,-0.0,-0.3125,-0.01
2755,138.835,176414.0,raw,4.596,0.0,-0.024,-0.3125,-0.01
2756,138.885,176464.0,raw,4.596,0.0,-0.0,-0.3125,-0.01
2757,138.935,176514.0,raw,4.594,0.0,-0.005,-0.3125,-0.01
2758,138.985,176564.0,raw,4.594,0.0,-0.0,-0.3125,-0.01
2759,139.035,176614.0,raw,4.594,0.0,-0.0,-0.3125,-0.01
2760,139.085,176664.0,raw,4.593,0.0,-0.003,-0.3125,-0.01
2761,139.135,176714.0,raw,4.587,0.0,-0.034,-0.3125,-0.01
2762,139.185,176764.0,raw,4.585,0.0,-0.003,-0.3125,-0.01
2763,139.235,176814.0,raw,4.585,0.0,-0.0,-0.3125,-0.01
2764,139.285,176864.0,raw,4.584,0.0,-0.003,-0.3125,-0.01
2765,139.335,176914.0,raw,4.584,0.0,-0.0,-0.3125,-0.01
2766,139.385,176964.0,raw,4.582,0.0,-0.057,-0.3125,-0.01
2767,139.435,177014.0,raw,4.582,0.0,-0.001,-0.3125,-0.01
2768,139.485,177064.0,raw,4.584,0.0,0.045,-0.3125,-0.01
2769,139.535,177114.0,raw,4.582,0.0,-0.002,-0.3125,-0.01
2770,139.585,177164.0,raw,4.582,0.0,-0.0,-0.3125,-0.01
2771,139.635,177214.0,raw,4.582,0.0,-0.0,-0.3125,-0.01
2772,139.685,177264.0,raw,4.582,0.0,-0.0,-0.3125,-0.01
2773,139.735,177314.0,raw,4.582,0.0,0.011,-0.3125,-0.01
2774,139.785,177364.0,raw,4.582,0.0,0.0,-0.3125,-0.01
2775,139.835,177414.0,raw,4.58,0.0,-0.052,-0.3125,-0.01
2776,139.885,177464.0,raw,4.58,0.0,-0.026,-0.3125,-0.01
2777,139.935,177514.0,raw,4.58,0.0,-0.0,-0.3125,-0.01
2778,139.985,177564.0,raw,4.58,0.0,0.093,-0.3125,-0.01
2779,140.035,177614.0,raw,4.573,0.0,-0.346,-0.3125,-0.01
2780,140.085,177664.0,raw,4.571,0.0,-0.005,-0.3125,-0.01
2781,140.135,177714.0,raw,4.57,0.0,-0.033,-0.3125,-0.01
2782,140.185,177764.0,raw,4.57,0.0,-0.115,-0.3125,-0.01
2783,140.235,177814.0,raw,4.571,0.0,0.001,-0.3125,-0.01
2784,140.285,177864.0,raw,4.573,0.0,0.019,-0.3125,-0.01
2785,140.335,177914.0,raw,4.573,0.0,0.0,-0.3125,-0.01
2786,140.385,177964.0,raw,4.574,0.0,0.002,-0.3125,-0.01
2787,140.435,178014.0,raw,4.574,0.0,0.0,-0.3125,-0.01
2788,140.485,178064.0,raw,4.574,0.0,0.0,-0.3125,-0.01
2789,140.535,178114.0,raw,4.574,0.0,0.0,-0.3125,-0.01
2790,140.585,178164.0,raw,4.574,0.0,0.0,-0.3125,-0.01
2791,140.635,178214.0,raw,4.574,0.0,0.0,-0.3125,-0.01
2792,140.685,178264.0,raw,4.574,0.0,0.028,-0.3125,-0.01
2793,140.735,178314.0,raw,4.573,0.0,-0.015,-0.3125,-0.01
2794,140.785,178364.0,raw,4.573,0.0,-0.001,-0.3125,-0.01
2795,140.835,178414.0,raw,4.573,0.0,-0.0,-0.3125,-0.01
2796,140.885,178464.0,raw,4.573,0.0,-0.0,-0.3125,-0.01
2797,140.935,178514.0,raw,4.573,0.0,0.069,-0.3125,-0.01
2798,140.985,178564.0,raw,4.571,0.0,-0.034,-0.3125,-0.01
2799,141.035,178614.0,raw,4.571,0.0,-0.037,-0.3125,-0.01
2800,141.085,178664.0,raw,4.571,0.0,-0.0,-0.3125,-0.01
2801,141.135,178714.0,raw,4.571,0.0,-0.0,-0.3125,-0.01
2802,141.185,178764.0,raw,4.571,0.0,-0.0,-0.3125,-0.01
2803,141.235,178814.0,raw,4.571,0.0,-0.0,-0.3125,-0.01
2804,141.285,178864.0,raw,4.571,0.0,-0.0,-0.3125,-0.01
2805,141.335,178914.0,raw,4.571,0.0,-0.0,-0.3125,-0.01
2806,141.385,178964.0,raw,4.571,0.0,-0.0,-0.3125,-0.01
2807,141.435,179014.0,raw,4.571,0.0,-0.0,-0.3125,-0.01
2808,141.485,179064.0,raw,4.57,0.0,-0.013,-0.3125,-0.01
2809,141.535,179114.0,raw,4.57,0.0,-0.001,-0.3125,-0.01
2810,141.585,179164.0,raw,4.57,0.0,-0.0,-0.3125,-0.01
2811,141.635,179214.0,raw,4.568,0.0,-0.021,-0.3125,-0.01
2812,141.685,179264.0,raw,4.568,0.0,-0.0,-0.3125,-0.01
2813,141.735,179314.0,raw,4.568,0.0,-0.0,-0.3125,-0.01
2814,141.785,179364.0,raw,4.568,0.0,-0.0,-0.3125,-0.01
2815,141.835,179414.0,raw,4.567,0.0,-0.019,-0.3125,-0.01
2816,141.885,179464.0,raw,4.567,0.0,-0.0,-0.3125,-0.01
2817,141.935,179514.0,raw,4.565,0.0,-0.1,-0.3125,-0.01
2818,141.985,179564.0,raw,4.565,0.0,-0.003,-0.3125,-0.01
2819,142.035,179614.0,raw,4.565,0.0,-0.005,-0.3125,-0.01
2820,142.085,179664.0,raw,4.565,0.0,-0.0,-0.3125,-0.01
2821,142.135,179714.0,raw,4.565,0.0,-0.0,-0.3125,-0.01
