sample,t_s,ms,meta,the,thc,tho,dth,we,wo,iq
0,0.0,20380.0,enc/off/vf=off/lk=0,6.121,6.121,0.0,0.0,0.0,0.0,0.0
1,0.05,20430.0,enc/off/vf=off/lk=0,6.121,6.121,0.0,0.0,0.0,0.0,0.0
2,0.1,20480.0,enc/off/vf=off/lk=0,6.121,6.121,0.0,0.0,0.0,0.0,0.0
3,0.15,20530.0,enc/off/vf=off/lk=0,6.121,6.121,0.0,0.0,0.0,0.0,0.0
4,0.2,20580.0,enc/off/vf=off/lk=0,6.121,6.121,0.0,0.0,0.0,0.0,0.0
5,0.25,20630.0,enc/off/vf=off/lk=0,6.121,6.121,0.0,0.0,0.0,0.0,0.0
6,0.3,20680.0,enc/off/vf=off/lk=0,6.121,6.121,0.0,0.0,0.0,0.0,0.0
7,0.35,20730.0,enc/off/vf=off/lk=0,6.121,6.121,0.0,0.0,0.0,0.0,0.0
8,0.4,20780.0,enc/off/vf=off/lk=0,6.121,6.121,0.0,0.0,0.0,0.0,0.0
9,0.45,20830.0,enc/off/vf=off/lk=0,6.121,6.121,0.0,0.0,0.0,0.0,0.0
10,0.5,20880.0,enc/off/vf=off/lk=0,6.122,6.122,0.0,0.0,0.0,0.0,0.0
11,0.55,20930.0,enc/off/vf=off/lk=0,6.121,6.121,0.0,0.0,0.0,0.0,0.0
12,0.6,20980.0,enc/off/vf=off/lk=0,6.121,6.121,0.0,0.0,0.0,0.0,0.0
13,0.65,21030.0,enc/off/vf=off/lk=0,6.121,6.121,0.0,0.0,0.0,0.0,0.0
14,0.7,21080.0,enc/off/vf=off/lk=0,6.121,6.121,0.0,0.0,0.0,0.0,0.0
15,0.75,21130.0,enc/off/vf=off/lk=0,6.121,6.121,0.0,0.0,0.0,0.0,0.0
16,0.8,21180.0,enc/off/vf=off/lk=0,6.121,6.121,0.0,0.0,0.0,0.0,0.0
17,0.85,21230.0,enc/off/vf=off/lk=0,6.121,6.121,0.0,0.0,0.0,0.0,0.0
18,0.9,21280.0,enc/off/vf=off/lk=0,6.121,6.121,0.0,0.0,0.0,0.0,0.0
19,0.95,21330.0,enc/off/vf=off/lk=0,6.121,6.121,0.0,0.0,0.0,0.0,0.0
20,1.0,21380.0,enc/off/vf=off/lk=0,6.121,6.121,0.0,0.0,0.0,0.0,0.0
21,1.05,21430.0,enc/off/vf=off/lk=0,6.121,6.121,0.0,0.0,0.0,0.0,0.0
22,1.1,21480.0,enc/off/vf=off/lk=0,6.121,6.121,0.0,0.0,0.0,0.0,0.0
23,1.15,21530.0,enc/off/vf=off/lk=0,6.121,6.121,0.0,0.0,0.0,0.0,0.0
24,1.2,21580.0,enc/off/vf=off/lk=0,6.121,6.121,0.0,0.0,0.0,0.0,0.0
25,1.25,21630.0,enc/off/vf=off/lk=0,6.121,6.121,0.0,0.0,0.0,0.0,0.0
26,1.3,21680.0,enc/off/vf=off/lk=0,6.121,6.121,0.0,0.0,0.0,0.0,0.0
27,1.35,21730.0,enc/off/vf=off/lk=0,6.121,6.121,0.0,0.0,0.0,0.0,0.0
28,1.4,21780.0,enc/off/vf=off/lk=0,6.121,6.121,0.0,0.0,0.0,0.0,0.0
29,1.45,21830.0,enc/off/vf=off/lk=0,6.121,6.121,0.0,0.0,0.0,0.0,0.0
30,1.5,21880.0,enc/off/vf=off/lk=0,6.121,6.121,0.0,0.0,0.0,0.0,0.0
31,1.55,21930.0,enc/off/vf=off/lk=0,6.121,6.121,0.0,0.0,0.0,0.0,0.0
32,1.6,21980.0,enc/off/vf=off/lk=0,6.121,6.121,0.0,0.0,0.0,0.0,0.0
33,1.65,22030.0,enc/off/vf=off/lk=0,6.121,6.121,0.0,0.0,0.0,0.0,0.0
34,1.7,22080.0,enc/off/vf=off/lk=0,6.121,6.121,0.0,0.0,0.0,0.0,0.0
35,1.75,22130.0,enc/off/vf=off/lk=0,6.121,6.121,0.0,0.0,0.0,0.0,0.0
36,1.8,22180.0,enc/off/vf=off/lk=0,6.121,6.121,0.0,0.0,0.0,0.0,0.0
37,1.85,22230.0,enc/off/vf=off/lk=0,6.121,6.121,0.0,0.0,0.0,0.0,0.0
38,1.9,22280.0,enc/off/vf=off/lk=0,6.121,6.121,0.0,0.0,0.0,0.0,0.0
39,1.95,22330.0,enc/off/vf=off/lk=0,6.121,6.121,0.0,0.0,0.0,0.0,0.0
40,2.0,22380.0,enc/off/vf=off/lk=0,6.121,6.121,0.0,0.0,0.0,0.0,0.0
41,2.05,22430.0,enc/off/vf=off/lk=0,6.121,6.121,0.0,0.0,0.0,0.0,0.0
42,2.1,22480.0,enc/off/vf=off/lk=0,6.121,6.121,0.0,0.0,0.0,0.0,0.0
43,2.15,22530.0,enc/off/vf=off/lk=0,6.121,6.121,0.0,0.0,0.0,0.0,0.0
44,2.2,22580.0,enc/off/vf=off/lk=0,6.121,6.121,0.0,0.0,0.0,0.0,0.0
45,2.25,22630.0,enc/off/vf=off/lk=0,6.121,6.121,0.0,0.0,0.0,0.0,0.0
46,2.3,22680.0,enc/off/vf=off/lk=0,6.121,6.121,0.0,0.0,0.0,0.0,0.0
47,2.35,22730.0,enc/off/vf=off/lk=0,6.121,6.121,0.0,0.0,0.0,0.0,0.0
48,2.4,22780.0,enc/off/vf=off/lk=0,6.121,6.121,0.0,0.0,0.0,0.0,0.0
49,2.45,22830.0,enc/off/vf=off/lk=0,6.121,6.121,0.0,0.0,0.0,0.0,0.0
50,2.5,22880.0,enc/off/vf=off/lk=0,6.121,6.121,0.0,0.0,0.0,0.0,0.0
51,2.55,22930.0,enc/off/vf=off/lk=0,6.121,6.121,0.0,0.0,0.0,0.0,0.0
52,2.6,22980.0,enc/off/vf=off/lk=0,6.121,6.121,0.0,0.0,0.0,0.0,0.0
53,2.65,23030.0,enc/off/vf=off/lk=0,6.121,6.121,0.0,0.0,0.0,0.0,0.0
54,2.7,23080.0,enc/off/vf=off/lk=0,6.121,6.121,0.0,0.0,0.0,0.0,0.0
55,2.75,23130.0,enc/off/vf=off/lk=0,6.121,6.121,0.0,0.0,0.0,0.0,0.0
56,2.8,23180.0,enc/off/vf=off/lk=0,6.121,6.121,0.0,0.0,0.0,0.0,0.0
57,2.85,23230.0,enc/off/vf=off/lk=0,6.121,6.121,0.0,0.0,0.0,0.0,0.0
58,2.9,23280.0,enc/off/vf=off/lk=0,6.121,6.121,0.0,0.0,0.0,0.0,0.0
59,2.95,23330.0,enc/off/vf=off/lk=0,6.121,6.121,0.0,0.0,0.0,0.0,0.0
60,3.0,23380.0,enc/off/vf=off/lk=0,6.121,6.121,0.0,0.0,0.0,0.0,0.0
61,3.05,23430.0,enc/off/vf=off/lk=0,6.121,6.121,0.0,0.0,0.0,0.0,0.0
62,3.1,23480.0,enc/off/vf=off/lk=0,6.121,6.121,0.0,0.0,0.0,0.0,0.0
63,3.15,23530.0,enc/off/vf=off/lk=0,6.121,6.121,0.0,0.0,0.0,0.0,0.0
64,3.2,23580.0,enc/off/vf=off/lk=0,6.121,6.121,0.0,0.0,0.0,0.0,0.0
65,3.25,23630.0,enc/off/vf=off/lk=0,6.121,6.121,0.0,0.0,0.0,0.0,0.0
66,3.3,23680.0,enc/off/vf=off/lk=0,6.121,6.121,0.0,0.0,0.0,0.0,0.0
67,3.35,23730.0,enc/off/vf=off/lk=0,6.121,6.121,0.0,0.0,0.0,0.0,0.0
68,3.4,23780.0,enc/off/vf=off/lk=0,6.121,6.121,0.0,0.0,0.0,0.0,0.0
69,3.45,23830.0,enc/off/vf=off/lk=0,6.121,6.121,0.0,0.0,0.0,0.0,0.0
70,3.5,23880.0,enc/off/vf=off/lk=0,6.121,6.121,0.0,0.0,0.0,0.0,0.0
71,3.55,23930.0,enc/off/vf=off/lk=0,6.121,6.121,0.0,0.0,0.0,0.0,0.0
72,3.6,23980.0,enc/off/vf=off/lk=0,6.121,6.121,0.0,0.0,0.0,0.0,0.0
73,3.65,24030.0,enc/off/vf=off/lk=0,6.121,6.121,0.0,0.0,0.0,0.0,0.0
74,3.7,24080.0,enc/off/vf=off/lk=0,6.121,6.121,0.0,0.0,0.0,0.0,0.0
75,3.75,24130.0,enc/off/vf=off/lk=0,6.121,6.121,0.0,0.0,0.0,0.0,0.0
76,3.8,24180.0,enc/off/vf=off/lk=0,6.121,6.121,0.0,0.0,0.0,0.0,0.0
77,3.85,24230.0,enc/off/vf=off/lk=0,6.121,6.121,0.0,0.0,0.0,0.0,0.0
78,3.9,24280.0,enc/off/vf=off/lk=0,6.121,6.121,0.0,0.0,0.0,0.0,0.0
79,3.95,24330.0,enc/off/vf=off/lk=0,6.121,6.121,0.0,0.0,0.0,0.0,0.0
80,4.0,24380.0,enc/off/vf=off/lk=0,6.121,6.121,0.0,0.0,0.0,0.0,0.0
81,4.05,24430.0,enc/off/vf=off/lk=0,6.121,6.121,0.0,0.0,0.0,0.0,0.0
82,4.1,24480.0,enc/off/vf=off/lk=0,6.121,6.121,0.0,0.0,0.0,0.0,0.0
83,4.15,24530.0,enc/off/vf=off/lk=0,6.121,6.121,0.0,0.0,0.0,0.0,0.0
84,4.2,24580.0,enc/off/vf=off/lk=0,6.121,6.121,0.0,0.0,0.0,0.0,0.0
85,4.25,24630.0,enc/off/vf=off/lk=0,6.121,6.121,0.0,0.0,0.0,0.0,0.0
86,4.3,24680.0,enc/off/vf=off/lk=0,6.121,6.121,0.0,0.0,0.0,0.0,0.0
87,4.35,24730.0,enc/off/vf=off/lk=0,6.121,6.121,0.0,0.0,0.0,0.0,0.0
88,4.4,24780.0,enc/off/vf=off/lk=0,6.121,6.121,0.0,0.0,0.0,0.0,0.0
89,4.45,24830.0,enc/off/vf=off/lk=0,6.121,6.121,0.0,0.0,0.0,0.0,0.0
90,4.5,24880.0,enc/off/vf=off/lk=0,6.121,6.121,0.0,0.0,0.0,0.0,0.0
91,4.55,24930.0,enc/off/vf=off/lk=0,6.121,6.121,0.0,0.0,0.0,0.0,0.0
92,4.6,24980.0,enc/off/vf=off/lk=0,6.121,6.121,0.0,0.0,0.0,0.0,0.0
93,4.65,25030.0,enc/off/vf=off/lk=0,6.121,6.121,0.0,0.0,0.0,0.0,0.0
94,4.7,25080.0,enc/off/vf=off/lk=0,6.121,6.121,0.0,0.0,0.0,0.0,0.0
95,4.75,25130.0,enc/off/vf=off/lk=0,6.121,6.121,0.0,0.0,0.0,0.0,0.0
96,4.8,25180.0,enc/off/vf=off/lk=0,6.121,6.121,0.0,0.0,0.0,0.0,0.0
97,4.85,25230.0,enc/off/vf=off/lk=0,6.121,6.121,0.0,0.0,0.0,0.0,0.0
98,4.9,25280.0,enc/off/vf=off/lk=0,6.121,6.121,0.0,0.0,0.0,0.0,0.0
99,4.95,25330.0,enc/off/vf=off/lk=0,6.121,6.121,0.0,0.0,0.0,0.0,0.0
100,5.0,25380.0,enc/off/vf=off/lk=0,6.121,6.121,0.0,0.0,0.0,0.0,0.0
101,5.05,25430.0,enc/off/vf=off/lk=0,6.121,6.121,0.0,0.0,0.0,0.0,0.0
102,5.1,25480.0,enc/off/vf=off/lk=0,6.121,6.121,0.0,0.0,0.0,0.0,0.0
103,5.15,25530.0,enc/off/vf=off/lk=0,6.121,6.121,0.0,0.0,0.0,0.0,0.0
104,5.2,25580.0,enc/off/vf=off/lk=0,6.121,6.121,0.0,0.0,0.0,0.0,0.0
105,5.25,25630.0,enc/off/vf=off/lk=0,6.121,6.121,0.0,0.0,0.0,0.0,0.0
106,5.3,25680.0,enc/off/vf=off/lk=0,6.121,6.121,0.0,0.0,0.0,0.0,0.0
107,5.35,25730.0,enc/off/vf=off/lk=0,6.121,6.121,0.0,0.0,0.0,0.0,0.0
108,5.4,25780.0,enc/off/vf=off/lk=0,6.121,6.121,0.0,0.0,0.0,0.0,0.0
109,5.45,25830.0,enc/off/vf=off/lk=0,6.121,6.121,0.0,0.0,0.0,0.0,0.0
110,5.5,25880.0,enc/off/vf=off/lk=0,6.121,6.121,0.0,0.0,0.0,0.0,0.0
111,5.55,25930.0,enc/off/vf=off/lk=0,6.121,6.121,0.0,0.0,0.0,0.0,0.0
112,5.6,25980.0,enc/off/vf=off/lk=0,6.121,6.121,0.0,0.0,0.0,0.0,0.0
113,5.65,26030.0,enc/off/vf=off/lk=0,6.121,6.121,0.0,0.0,0.0,0.0,0.0
114,5.7,26080.0,enc/off/vf=off/lk=0,6.121,6.121,0.0,0.0,0.0,0.0,0.0
115,5.75,26130.0,enc/off/vf=off/lk=0,6.121,6.121,0.0,0.0,0.0,0.0,0.0
116,5.8,26180.0,enc/off/vf=off/lk=0,6.121,6.121,0.0,0.0,0.0,0.0,0.0
117,5.85,26230.0,enc/off/vf=off/lk=0,6.121,6.121,0.0,0.0,0.0,0.0,0.0
118,5.9,26280.0,enc/off/vf=off/lk=0,6.121,6.121,0.0,0.0,0.0,0.0,0.0
119,5.95,26330.0,enc/off/vf=off/lk=0,6.121,6.121,0.0,0.0,0.0,0.0,0.0
120,6.0,26380.0,enc/off/vf=off/lk=0,6.121,6.121,0.0,0.0,0.0,0.0,0.0
121,6.05,26430.0,enc/off/vf=off/lk=0,6.121,6.121,0.0,0.0,0.0,0.0,0.0
122,6.1,26480.0,enc/off/vf=off/lk=0,6.121,6.121,0.0,0.0,0.0,0.0,0.0
123,6.15,26530.0,enc/off/vf=off/lk=0,6.121,6.121,0.0,0.0,0.0,0.0,0.0
124,6.2,26580.0,enc/off/vf=off/lk=0,6.121,6.121,0.0,0.0,0.0,0.0,0.0
125,6.25,26630.0,enc/off/vf=off/lk=0,6.121,6.121,0.0,0.0,0.0,0.0,0.0
126,6.3,26680.0,enc/off/vf=off/lk=0,6.121,6.121,0.0,0.0,0.0,0.0,0.0
127,6.35,26730.0,enc/off/vf=off/lk=0,6.121,6.121,0.0,0.0,0.0,0.0,0.0
128,6.4,26780.0,enc/off/vf=off/lk=0,6.121,6.121,0.0,0.0,0.0,0.0,0.0
129,6.45,26830.0,enc/off/vf=off/lk=0,6.121,6.121,0.0,0.0,0.0,0.0,0.0
130,6.5,26880.0,enc/off/vf=off/lk=0,6.121,6.121,0.0,0.0,0.0,0.0,0.0
131,6.55,26930.0,enc/off/vf=off/lk=0,6.121,6.121,0.0,0.0,0.0,0.0,0.0
132,6.6,26980.0,enc/off/vf=off/lk=0,6.121,6.121,0.0,0.0,0.0,0.0,0.0
133,6.65,27030.0,enc/off/vf=off/lk=0,6.121,6.121,0.0,0.0,0.0,0.0,0.0
134,6.7,27080.0,enc/off/vf=off/lk=0,6.121,6.121,0.0,0.0,0.0,0.0,0.0
135,6.75,27130.0,enc/off/vf=off/lk=0,6.121,6.121,0.0,0.0,0.0,0.0,0.0
136,6.8,27180.0,enc/off/vf=off/lk=0,6.121,6.121,0.0,0.0,0.0,0.0,0.0
137,6.85,27230.0,enc/off/vf=off/lk=0,6.121,6.121,0.0,0.0,0.0,0.0,0.0
138,6.9,27280.0,enc/off/vf=off/lk=0,6.121,6.121,0.0,0.0,0.0,0.0,0.0
139,6.95,27330.0,enc/off/vf=off/lk=0,6.121,6.121,0.0,0.0,0.0,0.0,0.0
140,7.0,27380.0,enc/off/vf=off/lk=0,6.121,6.121,0.0,0.0,0.0,0.0,0.0
141,7.05,27430.0,enc/off/vf=off/lk=0,6.121,6.121,0.0,0.0,0.0,0.0,0.0
142,7.1,27480.0,enc/off/vf=off/lk=0,6.121,6.121,0.0,0.0,0.0,0.0,0.0
143,7.15,27530.0,enc/off/vf=off/lk=0,6.121,6.121,0.0,0.0,0.0,0.0,0.0
144,7.2,27580.0,enc/off/vf=off/lk=0,6.121,6.121,0.0,0.0,0.0,0.0,0.0
145,7.25,27630.0,enc/off/vf=off/lk=0,6.121,6.121,0.0,0.0,0.0,0.0,0.0
146,7.3,27680.0,enc/off/vf=off/lk=0,6.121,6.121,0.0,0.0,0.0,0.0,0.0
147,7.35,27730.0,enc/off/vf=off/lk=0,6.121,6.121,0.0,0.0,0.0,0.0,0.0
148,7.4,27780.0,enc/off/vf=off/lk=0,6.121,6.121,0.0,0.0,0.0,0.0,0.0
149,7.451,27831.0,enc/off/vf=off/lk=0,6.121,6.121,0.0,0.0,0.0,0.0,0.0
150,7.501,27881.0,enc/off/vf=off/lk=0,6.121,6.121,0.0,0.0,0.0,0.0,0.0
151,7.551,27931.0,enc/off/vf=off/lk=0,6.121,6.121,0.0,0.0,0.0,0.0,0.0
152,7.601,27981.0,enc/off/vf=off/lk=0,6.121,6.121,0.0,0.0,0.0,0.0,0.0
153,7.651,28031.0,enc/off/vf=off/lk=0,6.121,6.121,0.0,0.0,0.0,0.0,0.0
154,7.701,28081.0,enc/off/vf=off/lk=0,6.121,6.121,0.0,0.0,0.0,0.0,0.0
155,7.751,28131.0,enc/off/vf=off/lk=0,6.121,6.121,0.0,0.0,0.0,0.0,0.0
156,7.801,28181.0,enc/off/vf=off/lk=0,6.121,6.121,0.0,0.0,0.0,0.0,0.0
157,7.851,28231.0,enc/off/vf=off/lk=0,6.121,6.121,0.0,0.0,0.0,0.0,0.0
158,7.901,28281.0,enc/off/vf=off/lk=0,6.121,6.121,0.0,0.0,0.0,0.0,0.0
159,7.951,28331.0,enc/off/vf=off/lk=0,6.121,6.121,0.0,0.0,0.0,0.0,0.0
160,8.001,28381.0,enc/off/vf=off/lk=0,6.121,6.121,0.0,0.0,0.0,0.0,0.0
161,8.051,28431.0,enc/off/vf=off/lk=0,6.121,6.121,0.0,0.0,0.0,0.0,0.0
162,8.101,28481.0,enc/off/vf=off/lk=0,6.121,6.121,0.0,0.0,0.0,0.0,0.0
163,8.151,28531.0,enc/off/vf=off/lk=0,6.121,6.121,0.0,0.0,0.0,0.0,0.0
164,8.201,28581.0,enc/off/vf=off/lk=0,6.121,6.121,0.0,0.0,0.0,0.0,0.0
165,8.251,28631.0,enc/off/vf=off/lk=0,6.121,6.121,0.0,0.0,0.0,0.0,0.0
166,8.301,28681.0,enc/off/vf=off/lk=0,6.121,6.121,0.0,0.0,0.0,0.0,0.0
167,8.351,28731.0,enc/off/vf=off/lk=0,6.121,6.121,0.0,0.0,0.0,0.0,0.0
168,8.401,28781.0,enc/off/vf=off/lk=0,6.121,6.121,0.0,0.0,0.0,0.0,0.0
169,8.451,28831.0,enc/off/vf=off/lk=0,6.121,6.121,0.0,0.0,0.0,0.0,0.0
170,8.501,28881.0,enc/off/vf=off/lk=0,6.121,6.121,0.0,0.0,0.0,0.0,0.0
171,8.551,28931.0,enc/off/vf=off/lk=0,6.121,6.121,0.0,0.0,0.0,0.0,0.0
172,8.601,28981.0,enc/off/vf=off/lk=0,6.121,6.121,0.0,0.0,0.0,0.0,0.0
173,8.651,29031.0,enc/off/vf=off/lk=0,6.121,6.121,0.0,0.0,0.0,0.0,0.0
174,8.701,29081.0,enc/off/vf=off/lk=0,6.121,6.121,0.0,0.0,0.0,0.0,0.0
175,8.751,29131.0,enc/off/vf=off/lk=0,6.121,6.121,0.0,0.0,0.0,0.0,0.0
176,8.801,29181.0,enc/off/vf=off/lk=0,6.121,6.121,0.0,0.0,0.0,0.0,0.0
177,8.851,29231.0,enc/off/vf=off/lk=0,6.121,6.121,0.0,0.0,0.0,0.0,0.0
178,8.901,29281.0,enc/off/vf=off/lk=0,6.121,6.121,0.0,0.0,0.0,0.0,0.0
179,8.951,29331.0,enc/off/vf=off/lk=0,6.121,6.121,0.0,0.0,0.0,0.0,0.0
180,9.001,29381.0,enc/off/vf=off/lk=0,6.121,6.121,0.0,0.0,0.0,0.0,0.0
181,9.051,29431.0,enc/off/vf=off/lk=0,6.121,6.121,0.0,0.0,0.0,0.0,0.0
182,9.101,29481.0,enc/off/vf=off/lk=0,6.121,6.121,0.0,0.0,0.0,0.0,0.0
183,9.151,29531.0,enc/off/vf=off/lk=0,6.121,6.121,0.0,0.0,0.0,0.0,0.0
184,9.201,29581.0,enc/off/vf=off/lk=0,6.121,6.121,0.0,0.0,0.0,0.0,0.0
185,9.251,29631.0,enc/off/vf=off/lk=0,6.121,6.121,0.0,0.0,0.0,0.0,0.0
186,9.301,29681.0,enc/off/vf=off/lk=0,6.121,6.121,0.0,0.0,0.0,0.0,0.0
187,9.351,29731.0,enc/off/vf=off/lk=0,6.121,6.121,0.0,0.0,0.0,0.0,0.0
188,9.401,29781.0,enc/off/vf=off/lk=0,6.121,6.121,0.0,0.0,0.0,0.0,0.0
189,9.451,29831.0,enc/off/vf=off/lk=0,6.121,6.121,0.0,0.0,0.0,0.0,0.0
190,9.501,29881.0,enc/off/vf=off/lk=0,6.121,6.121,0.0,0.0,0.0,0.0,0.0
191,9.551,29931.0,enc/off/vf=off/lk=0,6.121,6.121,0.0,0.0,0.0,0.0,0.0
192,9.601,29981.0,enc/off/vf=off/lk=0,6.121,6.121,0.0,0.0,0.0,0.0,0.0
193,9.651,30031.0,enc/off/vf=off/lk=0,6.121,6.121,0.0,0.0,0.0,0.0,0.0
194,9.701,30081.0,enc/off/vf=off/lk=0,6.121,6.121,0.0,0.0,0.0,0.0,0.0
195,9.751,30131.0,enc/off/vf=off/lk=0,6.121,6.121,0.0,0.0,0.0,0.0,0.0
196,9.801,30181.0,enc/off/vf=off/lk=0,6.121,6.121,0.0,0.0,0.0,0.0,0.0
197,9.851,30231.0,enc/off/vf=off/lk=0,6.121,6.121,0.0,0.0,0.0,0.0,0.0
198,9.901,30281.0,enc/off/vf=off/lk=0,6.121,6.121,0.0,0.0,0.0,0.0,0.0
199,9.951,30331.0,enc/off/vf=off/lk=0,6.121,6.121,0.0,0.0,0.0,0.0,0.0
200,10.001,30381.0,enc/off/vf=off/lk=0,6.121,6.121,0.0,0.0,0.0,0.0,0.0
201,10.051,30431.0,enc/off/vf=off/lk=0,6.121,6.121,0.0,0.0,0.0,0.0,0.0
202,10.101,30481.0,enc/off/vf=off/lk=0,6.121,6.121,0.0,0.0,0.0,0.0,0.0
203,10.151,30531.0,enc/off/vf=off/lk=0,6.121,6.121,0.0,0.0,0.0,0.0,0.0
204,10.201,30581.0,enc/off/vf=off/lk=0,6.121,6.121,0.0,0.0,0.0,0.0,0.0
205,10.251,30631.0,enc/off/vf=off/lk=0,6.121,6.121,0.0,0.0,0.0,0.0,0.0
206,10.301,30681.0,enc/off/vf=off/lk=0,6.121,6.121,0.0,0.0,0.0,0.0,0.0
207,10.351,30731.0,enc/off/vf=off/lk=0,6.121,6.121,0.0,0.0,0.0,0.0,0.0
208,10.401,30781.0,enc/off/vf=off/lk=0,6.121,6.121,0.0,0.0,0.0,0.0,0.0
209,10.451,30831.0,enc/off/vf=off/lk=0,6.121,6.121,0.0,0.0,0.0,0.0,0.0
210,10.501,30881.0,enc/off/vf=off/lk=0,6.121,6.121,0.0,0.0,0.0,0.0,0.0
211,10.551,30931.0,enc/off/vf=off/lk=0,6.121,6.121,0.0,0.0,0.0,0.0,0.0
212,10.601,30981.0,enc/off/vf=off/lk=0,6.121,6.121,0.0,0.0,0.0,0.0,0.0
213,10.651,31031.0,enc/off/vf=off/lk=0,6.121,6.121,0.0,0.0,0.0,0.0,0.0
214,10.701,31081.0,enc/off/vf=off/lk=0,6.121,6.121,0.0,0.0,0.0,0.0,0.0
215,10.751,31131.0,enc/off/vf=off/lk=0,6.121,6.121,0.0,0.0,0.0,0.0,0.0
216,10.801,31181.0,enc/off/vf=off/lk=0,6.121,6.121,0.0,0.0,0.0,0.0,0.0
217,10.851,31231.0,enc/off/vf=off/lk=0,6.121,6.121,0.0,0.0,0.0,0.0,0.0
218,10.901,31281.0,enc/off/vf=off/lk=0,6.121,6.121,0.0,0.0,0.0,0.0,0.0
219,10.951,31331.0,enc/off/vf=off/lk=0,6.121,6.121,0.0,0.0,0.0,0.0,0.0
220,11.001,31381.0,enc/off/vf=off/lk=0,6.121,6.121,0.0,0.0,0.0,0.0,0.0
221,11.051,31431.0,enc/off/vf=off/lk=0,6.121,6.121,0.0,0.0,0.0,0.0,0.0
222,11.101,31481.0,enc/off/vf=off/lk=0,6.121,6.121,0.0,0.0,0.0,0.0,0.0
223,11.151,31531.0,enc/off/vf=off/lk=0,6.121,6.121,0.0,0.0,0.0,0.0,0.0
224,11.201,31581.0,enc/off/vf=off/lk=0,6.121,6.121,0.0,0.0,0.0,0.0,0.0
225,11.251,31631.0,enc/off/vf=off/lk=0,6.121,6.121,0.0,0.0,0.0,0.0,0.0
226,11.301,31681.0,enc/off/vf=off/lk=0,6.121,6.121,0.0,0.0,0.0,0.0,0.0
227,11.351,31731.0,enc/off/vf=off/lk=0,6.121,6.121,0.0,0.0,0.0,0.0,0.0
228,11.401,31781.0,enc/off/vf=off/lk=0,6.121,6.121,0.0,0.0,0.0,0.0,0.0
229,11.451,31831.0,enc/off/vf=off/lk=0,6.121,6.121,0.0,0.0,0.0,0.0,0.0
230,11.501,31881.0,enc/off/vf=off/lk=0,6.121,6.121,0.0,0.0,0.0,0.0,0.0
231,11.551,31931.0,enc/off/vf=off/lk=0,6.121,6.121,0.0,0.0,0.0,0.0,0.0
232,11.601,31981.0,enc/off/vf=off/lk=0,6.121,6.121,0.0,0.0,0.0,0.0,0.0
233,11.651,32031.0,enc/off/vf=off/lk=0,6.121,6.121,0.0,0.0,0.0,0.0,0.0
234,11.701,32081.0,enc/off/vf=off/lk=0,6.121,6.121,0.0,0.0,0.0,0.0,0.0
235,11.751,32131.0,enc/off/vf=off/lk=0,6.121,6.121,0.0,0.0,0.0,0.0,0.0
236,11.801,32181.0,enc/off/vf=off/lk=0,6.121,6.121,0.0,0.0,0.0,0.0,0.0
237,11.851,32231.0,enc/off/vf=off/lk=0,6.121,6.121,0.0,0.0,0.0,0.0,0.0
238,11.901,32281.0,enc/off/vf=off/lk=0,6.121,6.121,0.0,0.0,0.0,0.0,0.0
239,11.951,32331.0,enc/off/vf=off/lk=0,6.121,6.121,0.0,0.0,0.0,0.0,0.0
240,12.001,32381.0,enc/off/vf=off/lk=0,6.121,6.121,0.0,0.0,0.0,0.0,0.0
241,12.051,32431.0,enc/off/vf=off/lk=0,6.121,6.121,0.0,0.0,0.0,0.0,0.0
242,12.101,32481.0,enc/off/vf=off/lk=0,6.121,6.121,0.0,0.0,0.0,0.0,0.0
243,12.151,32531.0,enc/off/vf=off/lk=0,6.121,6.121,0.0,0.0,0.0,0.0,0.0
244,12.201,32581.0,enc/off/vf=off/lk=0,6.121,6.121,0.0,0.0,0.0,0.0,0.0
245,12.251,32631.0,enc/off/vf=off/lk=0,6.121,6.121,0.0,0.0,0.0,0.0,0.0
246,12.301,32681.0,enc/off/vf=off/lk=0,6.121,6.121,0.0,0.0,0.0,0.0,0.0
247,12.351,32731.0,enc/off/vf=off/lk=0,6.121,6.121,0.0,0.0,0.0,0.0,0.0
248,12.401,32781.0,enc/off/vf=off/lk=0,6.121,6.121,0.0,0.0,0.0,0.0,0.0
249,12.451,32831.0,enc/off/vf=off/lk=0,6.121,6.121,0.0,0.0,0.0,0.0,0.0
250,12.501,32881.0,enc/off/vf=off/lk=0,6.121,6.121,0.0,0.0,0.0,0.0,0.0
251,12.551,32931.0,enc/off/vf=off/lk=0,6.121,6.121,0.0,0.0,0.0,0.0,0.0
252,12.601,32981.0,enc/off/vf=off/lk=0,6.121,6.121,0.0,0.0,0.0,0.0,0.0
253,12.651,33031.0,enc/off/vf=off/lk=0,6.121,6.121,0.0,0.0,0.0,0.0,0.0
254,12.701,33081.0,enc/off/vf=off/lk=0,6.121,6.121,0.0,0.0,0.0,0.0,0.0
255,12.751,33131.0,enc/off/vf=off/lk=0,6.121,6.121,0.0,0.0,0.0,0.0,0.0
256,12.801,33181.0,enc/off/vf=off/lk=0,6.121,6.121,0.0,0.0,0.0,0.0,0.0
257,12.851,33231.0,enc/off/vf=off/lk=0,6.121,6.121,0.0,0.0,0.0,0.0,0.0
258,12.901,33281.0,enc/off/vf=off/lk=0,6.121,6.121,0.0,0.0,0.0,0.0,0.0
259,12.951,33331.0,enc/off/vf=off/lk=0,6.121,6.121,0.0,0.0,0.0,0.0,0.0
260,13.001,33381.0,enc/off/vf=off/lk=0,6.121,6.121,0.0,0.0,0.0,0.0,0.0
261,13.051,33431.0,enc/off/vf=off/lk=0,6.121,6.121,0.0,0.0,0.0,0.0,0.0
262,13.101,33481.0,enc/off/vf=off/lk=0,6.121,6.121,0.0,0.0,0.0,0.0,0.0
263,13.151,33531.0,enc/off/vf=off/lk=0,6.121,6.121,0.0,0.0,0.0,0.0,0.0
264,13.201,33581.0,enc/off/vf=off/lk=0,6.121,6.121,0.0,0.0,0.0,0.0,0.0
265,13.251,33631.0,enc/off/vf=off/lk=0,6.121,6.121,0.0,0.0,0.0,0.0,0.0
266,13.301,33681.0,enc/off/vf=off/lk=0,6.121,6.121,0.0,0.0,0.0,0.0,0.0
267,13.351,33731.0,enc/off/vf=off/lk=0,6.121,6.121,0.0,0.0,0.0,0.0,0.0
268,13.401,33781.0,enc/off/vf=off/lk=0,6.121,6.121,0.0,0.0,0.0,0.0,0.0
269,13.451,33831.0,enc/off/vf=off/lk=0,6.121,6.121,0.0,0.0,0.0,0.0,0.0
270,13.501,33881.0,enc/off/vf=off/lk=0,6.121,6.121,0.0,0.0,0.0,0.0,0.0
271,13.551,33931.0,enc/off/vf=off/lk=0,6.121,6.121,0.0,0.0,0.0,0.0,0.0
272,13.601,33981.0,enc/off/vf=off/lk=0,6.121,6.121,0.0,0.0,0.0,0.0,0.0
273,13.651,34031.0,enc/off/vf=off/lk=0,6.121,6.121,0.0,0.0,0.0,0.0,0.0
274,13.701,34081.0,enc/off/vf=off/lk=0,6.121,6.121,0.0,0.0,0.0,0.0,0.0
275,13.751,34131.0,enc/off/vf=off/lk=0,6.121,6.121,0.0,0.0,0.0,0.0,0.0
276,13.801,34181.0,enc/off/vf=off/lk=0,6.121,6.121,0.0,0.0,0.0,0.0,0.0
277,13.851,34231.0,enc/off/vf=off/lk=0,6.121,6.121,0.0,0.0,0.0,0.0,0.0
278,13.901,34281.0,enc/off/vf=off/lk=0,6.121,6.121,0.0,0.0,0.0,0.0,0.0
279,13.951,34331.0,enc/off/vf=off/lk=0,6.121,6.121,0.0,0.0,0.0,0.0,0.0
280,14.001,34381.0,enc/off/vf=off/lk=0,6.121,6.121,0.0,0.0,0.0,0.0,0.0
281,14.051,34431.0,enc/off/vf=off/lk=0,6.121,6.121,0.0,0.0,0.0,0.0,0.0
282,14.101,34481.0,enc/off/vf=off/lk=0,6.121,6.121,0.0,0.0,0.0,0.0,0.0
283,14.151,34531.0,enc/off/vf=off/lk=0,6.121,6.121,0.0,0.0,0.0,0.0,0.0
284,14.201,34581.0,enc/off/vf=off/lk=0,6.121,6.121,0.0,0.0,0.0,0.0,0.0
285,14.251,34631.0,enc/off/vf=off/lk=0,6.121,6.121,0.0,0.0,0.0,0.0,0.0
286,14.301,34681.0,enc/off/vf=off/lk=0,6.121,6.121,0.0,0.0,0.0,0.0,0.0
287,14.351,34731.0,enc/off/vf=off/lk=0,6.121,6.121,0.0,0.0,0.0,0.0,0.0
288,14.401,34781.0,enc/off/vf=off/lk=0,6.121,6.121,0.0,0.0,0.0,0.0,0.0
289,14.451,34831.0,enc/off/vf=off/lk=0,6.121,6.121,0.0,0.0,0.0,0.0,0.0
290,14.501,34881.0,enc/off/vf=off/lk=0,6.121,6.121,0.0,0.0,0.0,0.0,0.0
291,14.551,34931.0,enc/off/vf=off/lk=0,6.121,6.121,0.0,0.0,0.0,0.0,0.0
292,14.601,34981.0,enc/off/vf=off/lk=0,6.121,6.121,0.0,0.0,0.0,0.0,0.0
293,14.651,35031.0,enc/off/vf=off/lk=0,6.121,6.121,0.0,0.0,0.0,0.0,0.0
294,14.701,35081.0,enc/off/vf=off/lk=0,6.121,6.121,0.0,0.0,0.0,0.0,0.0
295,14.751,35131.0,enc/off/vf=off/lk=0,6.121,6.121,0.0,0.0,0.0,0.0,0.0
296,14.801,35181.0,enc/off/vf=off/lk=0,6.121,6.121,0.0,0.0,0.0,0.0,0.0
297,14.851,35231.0,enc/off/vf=off/lk=0,6.121,6.121,0.0,0.0,0.0,0.0,0.0
298,14.901,35281.0,enc/off/vf=off/lk=0,6.121,6.121,0.0,0.0,0.0,0.0,0.0
299,14.951,35331.0,enc/off/vf=off/lk=0,6.121,6.121,0.0,0.0,0.0,0.0,0.0
300,15.001,35381.0,enc/off/vf=off/lk=0,6.121,6.121,0.0,0.0,0.0,0.0,0.0
301,15.051,35431.0,enc/off/vf=off/lk=0,6.121,6.121,0.0,0.0,0.0,0.0,0.0
302,15.101,35481.0,enc/off/vf=off/lk=0,6.121,6.121,0.0,0.0,0.0,0.0,0.0
303,15.151,35531.0,enc/off/vf=off/lk=0,6.121,6.121,0.0,0.0,0.0,0.0,0.0
304,15.201,35581.0,enc/off/vf=off/lk=0,6.121,6.121,0.0,0.0,0.0,0.0,0.0
305,15.251,35631.0,enc/off/vf=off/lk=0,6.121,6.121,0.0,0.0,0.0,0.0,0.0
306,15.301,35681.0,enc/off/vf=off/lk=0,6.121,6.121,0.0,0.0,0.0,0.0,0.0
307,15.351,35731.0,enc/off/vf=off/lk=0,6.121,6.121,0.0,0.0,0.0,0.0,0.0
308,15.401,35781.0,enc/off/vf=off/lk=0,6.121,6.121,0.0,0.0,0.0,0.0,0.0
309,15.451,35831.0,enc/off/vf=off/lk=0,6.121,6.121,0.0,0.0,0.0,0.0,0.0
310,15.501,35881.0,enc/off/vf=off/lk=0,6.121,6.121,0.0,0.0,0.0,0.0,0.0
311,15.551,35931.0,enc/off/vf=off/lk=0,6.121,6.121,0.0,0.0,0.0,0.0,0.0
312,15.601,35981.0,enc/off/vf=off/lk=0,6.121,6.121,0.0,0.0,0.0,0.0,0.0
313,15.651,36031.0,enc/off/vf=off/lk=0,6.121,6.121,0.0,0.0,0.0,0.0,0.0
314,15.701,36081.0,enc/off/vf=off/lk=0,6.121,6.121,0.0,0.0,0.0,0.0,0.0
315,15.751,36131.0,enc/off/vf=off/lk=0,6.121,6.121,0.0,0.0,0.0,0.0,0.0
316,15.801,36181.0,enc/off/vf=off/lk=0,6.121,6.121,0.0,0.0,0.0,0.0,0.0
317,15.851,36231.0,enc/off/vf=off/lk=0,6.121,6.121,0.0,0.0,0.0,0.0,0.0
318,15.901,36281.0,enc/off/vf=off/lk=0,6.121,6.121,0.0,0.0,0.0,0.0,0.0
319,15.921,36301.0,enc/off/vf=off/lk=0,6.121,6.121,0.0,0.0,0.0,0.0,0.0
320,15.941,36321.0,enc/off/vf=off/lk=0,6.121,6.121,0.0,0.0,0.0,0.0,0.0
321,15.961,36341.0,enc/off/vf=off/lk=0,6.121,6.121,0.0,0.0,0.0,0.0,0.0
322,15.981,36361.0,enc/off/vf=off/lk=0,6.121,6.121,0.0,0.0,0.0,0.0,0.0
323,16.001,36381.0,enc/off/vf=off/lk=0,6.121,6.121,0.0,0.0,0.0,0.0,0.0
324,16.021,36401.0,enc/off/vf=off/lk=0,6.121,6.121,0.0,0.0,0.0,0.0,0.0
325,16.041,36421.0,enc/off/vf=off/lk=0,6.121,6.121,0.0,0.0,0.0,0.0,0.0
326,16.061,36441.0,enc/off/vf=off/lk=0,6.121,6.121,0.0,0.0,0.0,0.0,0.0
327,16.081,36461.0,enc/off/vf=off/lk=0,6.121,6.121,0.0,0.0,0.0,0.0,0.0
328,16.101,36481.0,enc/off/vf=off/lk=0,6.121,6.121,0.0,0.0,0.0,0.0,0.0
329,16.121,36501.0,enc/off/vf=off/lk=0,6.121,6.121,0.0,0.0,0.0,0.0,0.0
330,16.141,36521.0,enc/off/vf=off/lk=0,6.121,6.121,0.0,0.0,0.0,0.0,0.0
331,16.161,36541.0,enc/off/vf=off/lk=0,6.121,6.121,0.0,0.0,0.0,0.0,0.0
332,16.181,36561.0,enc/off/vf=off/lk=0,6.121,6.121,0.0,0.0,0.0,0.0,0.0
333,16.201,36581.0,enc/off/vf=off/lk=0,6.121,6.121,0.0,0.0,0.0,0.0,0.0
334,16.221,36601.0,enc/off/vf=off/lk=0,6.121,6.121,0.0,0.0,0.0,0.0,0.0
335,16.241,36621.0,enc/off/vf=off/lk=0,6.121,6.121,0.0,0.0,0.0,0.0,0.0
336,16.261,36641.0,enc/off/vf=off/lk=0,6.121,6.121,0.0,0.0,0.0,0.0,0.0
337,16.281,36661.0,enc/off/vf=off/lk=0,6.121,6.121,0.0,0.0,0.0,0.0,0.0
338,16.301,36681.0,enc/off/vf=off/lk=0,6.121,6.121,0.0,0.0,0.0,0.0,0.0
339,16.321,36701.0,enc/off/vf=off/lk=0,6.121,6.121,0.0,0.0,0.0,0.0,0.0
340,16.341,36721.0,enc/off/vf=off/lk=0,6.121,6.121,0.0,0.0,0.0,0.0,0.0
341,16.361,36741.0,enc/off/vf=off/lk=0,6.121,6.121,0.0,0.0,0.0,0.0,0.0
342,16.381,36761.0,enc/off/vf=off/lk=0,6.121,6.121,0.0,0.0,0.0,0.0,0.0
343,16.401,36781.0,enc/off/vf=off/lk=0,6.121,6.121,0.0,0.0,0.0,0.0,0.0
344,16.421,36801.0,enc/off/vf=off/lk=0,6.121,6.121,0.0,0.0,0.0,0.0,0.0
345,16.441,36821.0,enc/off/vf=off/lk=0,6.121,6.121,0.0,0.0,0.0,0.0,0.0
346,16.461,36841.0,enc/off/vf=off/lk=0,6.121,6.121,0.0,0.0,0.0,0.0,0.0
347,16.481,36861.0,enc/off/vf=off/lk=0,6.121,6.121,0.0,0.0,0.0,0.0,0.0
348,16.501,36881.0,enc/off/vf=off/lk=0,6.121,6.121,0.0,0.0,0.0,0.0,0.0
349,16.521,36901.0,enc/off/vf=off/lk=0,6.121,6.121,0.0,0.0,0.0,0.0,0.0
350,16.541,36921.0,enc/off/vf=off/lk=0,6.121,6.121,0.0,0.0,0.0,0.0,0.0
351,16.561,36941.0,enc/off/vf=off/lk=0,6.121,6.121,0.0,0.0,0.0,0.0,0.0
352,16.581,36961.0,enc/off/vf=off/lk=0,6.121,6.121,0.0,0.0,0.0,0.0,0.0
353,16.601,36981.0,enc/off/vf=off/lk=0,6.121,6.121,0.0,0.0,0.0,0.0,0.0
354,16.621,37001.0,enc/off/vf=off/lk=0,6.121,6.121,0.0,0.0,0.0,0.0,0.0
355,16.641,37021.0,enc/off/vf=off/lk=0,6.121,6.121,0.0,0.0,0.0,0.0,0.0
356,16.661,37041.0,enc/off/vf=off/lk=0,6.121,6.121,0.0,0.0,0.0,0.0,0.0
357,16.681,37061.0,enc/off/vf=off/lk=0,6.121,6.121,0.0,0.0,0.0,0.0,0.0
358,16.701,37081.0,enc/off/vf=off/lk=0,6.121,6.121,0.0,0.0,0.0,0.0,0.0
359,16.721,37101.0,enc/off/vf=off/lk=0,6.121,6.121,0.0,0.0,0.0,0.0,0.0
360,16.741,37121.0,enc/off/vf=off/lk=0,6.121,6.121,0.0,0.0,0.0,0.0,0.0
361,16.761,37141.0,enc/off/vf=off/lk=0,6.121,6.121,0.0,0.0,0.0,0.0,0.0
362,16.781,37161.0,enc/off/vf=off/lk=0,6.121,6.121,0.0,0.0,0.0,0.0,0.0
363,16.801,37181.0,enc/off/vf=off/lk=0,6.121,6.121,0.0,0.0,0.0,0.0,0.0
364,16.821,37201.0,enc/off/vf=off/lk=0,6.121,6.121,0.0,0.0,0.0,0.0,0.0
365,16.841,37221.0,enc/off/vf=off/lk=0,6.121,6.121,0.0,0.0,0.0,0.0,0.0
366,16.861,37241.0,enc/off/vf=off/lk=0,6.121,6.121,0.0,0.0,0.0,0.0,0.0
367,16.881,37261.0,enc/off/vf=off/lk=0,6.121,6.121,0.0,0.0,0.0,0.0,0.0
368,16.901,37281.0,enc/off/vf=off/lk=0,6.121,6.121,0.0,0.0,0.0,0.0,0.0
369,16.921,37301.0,enc/off/vf=off/lk=0,6.121,6.121,0.0,0.0,0.0,0.0,0.0
370,16.941,37321.0,enc/off/vf=off/lk=0,6.121,6.121,0.0,0.0,0.0,0.0,0.0
371,16.961,37341.0,enc/off/vf=off/lk=0,6.121,6.121,0.0,0.0,0.0,0.0,0.0
372,16.981,37361.0,enc/off/vf=off/lk=0,6.121,6.121,0.0,0.0,0.0,0.0,0.0
373,17.001,37381.0,enc/off/vf=off/lk=0,6.121,6.121,0.0,0.0,0.0,0.0,0.0
374,17.021,37401.0,enc/off/vf=off/lk=0,6.121,6.121,0.0,0.0,0.0,0.0,0.0
375,17.041,37421.0,enc/off/vf=off/lk=0,6.121,6.121,0.0,0.0,0.0,0.0,0.0
376,17.061,37441.0,enc/off/vf=off/lk=0,6.121,6.121,0.0,0.0,0.0,0.0,0.0
377,17.081,37461.0,enc/off/vf=off/lk=0,6.121,6.121,0.0,0.0,0.0,0.0,0.0
378,17.101,37481.0,enc/off/vf=off/lk=0,6.121,6.121,0.0,0.0,0.0,0.0,0.0
379,17.121,37501.0,enc/off/vf=off/lk=0,6.121,6.121,0.0,0.0,0.0,0.0,0.0
380,17.141,37521.0,enc/off/vf=off/lk=0,6.121,6.121,0.0,0.0,0.0,0.0,0.0
381,17.161,37541.0,enc/off/vf=off/lk=0,6.121,6.121,0.0,0.0,0.0,0.0,0.0
382,17.181,37561.0,enc/off/vf=off/lk=0,6.121,6.121,0.0,0.0,0.0,0.0,0.0
383,17.201,37581.0,enc/off/vf=off/lk=0,6.121,6.121,0.0,0.0,0.0,0.0,0.0
384,17.221,37601.0,enc/off/vf=off/lk=0,6.121,6.121,0.0,0.0,0.0,0.0,0.0
385,17.241,37621.0,enc/off/vf=off/lk=0,6.121,6.121,0.0,0.0,0.0,0.0,0.0
386,17.261,37641.0,enc/off/vf=off/lk=0,6.121,6.121,0.0,0.0,0.0,0.0,0.0
387,17.281,37661.0,enc/off/vf=off/lk=0,6.121,6.121,0.0,0.0,0.0,0.0,0.0
388,17.301,37681.0,enc/off/vf=off/lk=0,6.121,6.121,0.0,0.0,0.0,0.0,0.0
389,17.321,37701.0,enc/off/vf=off/lk=0,6.121,6.121,0.0,0.0,0.0,0.0,0.0
390,17.341,37721.0,enc/off/vf=off/lk=0,6.121,6.121,0.0,0.0,0.0,0.0,0.0
391,17.361,37741.0,enc/off/vf=off/lk=0,6.121,6.121,0.0,0.0,0.0,0.0,0.0
392,17.381,37761.0,enc/off/vf=off/lk=0,6.121,6.121,0.0,0.0,0.0,0.0,0.0
393,17.401,37781.0,enc/off/vf=off/lk=0,6.121,6.121,0.0,0.0,0.0,0.0,0.0
394,17.421,37801.0,enc/off/vf=off/lk=0,6.121,6.121,0.0,0.0,0.0,0.0,0.0
395,17.441,37821.0,enc/off/vf=off/lk=0,6.121,6.121,0.0,0.0,0.0,0.0,0.0
396,17.461,37841.0,enc/off/vf=off/lk=0,6.121,6.121,0.0,0.0,0.0,0.0,0.0
397,17.481,37861.0,enc/off/vf=off/lk=0,6.121,6.121,0.0,0.0,0.0,0.0,0.0
398,17.501,37881.0,enc/off/vf=off/lk=0,6.121,6.121,0.0,0.0,0.0,0.0,0.0
399,17.521,37901.0,enc/off/vf=off/lk=0,6.121,6.121,0.0,0.0,0.0,0.0,0.0
400,17.541,37921.0,enc/off/vf=off/lk=0,6.121,6.121,0.0,0.0,0.0,0.0,0.0
401,17.561,37941.0,enc/off/vf=off/lk=0,6.121,6.121,0.0,0.0,0.0,0.0,0.0
402,17.581,37961.0,enc/off/vf=off/lk=0,6.121,6.121,0.0,0.0,0.0,0.0,0.0
403,17.601,37981.0,enc/off/vf=off/lk=0,6.121,6.121,0.0,0.0,0.0,0.0,0.0
404,17.621,38001.0,enc/off/vf=off/lk=0,6.121,6.121,0.0,0.0,0.0,0.0,0.0
405,17.641,38021.0,enc/off/vf=off/lk=0,6.121,6.121,0.0,0.0,0.0,0.0,0.0
406,17.661,38041.0,enc/off/vf=off/lk=0,6.121,6.121,0.0,0.0,0.0,0.0,0.0
407,17.681,38061.0,enc/off/vf=off/lk=0,6.121,6.121,0.0,0.0,0.0,0.0,0.0
408,17.701,38081.0,enc/off/vf=off/lk=0,6.121,6.121,0.0,0.0,0.0,0.0,0.0
409,17.721,38101.0,enc/off/vf=off/lk=0,6.121,6.121,0.0,0.0,0.0,0.0,0.0
410,17.741,38121.0,enc/off/vf=off/lk=0,6.121,6.121,0.0,0.0,0.0,0.0,0.0
411,17.761,38141.0,enc/off/vf=off/lk=0,6.121,6.121,0.0,0.0,0.0,0.0,0.0
412,17.781,38161.0,enc/off/vf=off/lk=0,6.121,6.121,0.0,0.0,0.0,0.0,0.0
413,17.801,38181.0,enc/off/vf=off/lk=0,6.121,6.121,0.0,0.0,0.0,0.0,0.0
414,17.821,38201.0,enc/off/vf=off/lk=0,6.121,6.121,0.0,0.0,0.0,0.0,0.0
415,17.841,38221.0,enc/off/vf=off/lk=0,6.121,6.121,0.0,0.0,0.0,0.0,0.0
416,17.861,38241.0,enc/off/vf=off/lk=0,6.121,6.121,0.0,0.0,0.0,0.0,0.0
417,17.881,38261.0,enc/off/vf=off/lk=0,6.121,6.121,0.0,0.0,0.0,0.0,0.0
418,17.901,38281.0,enc/off/vf=off/lk=0,6.121,6.121,0.0,0.0,0.0,0.0,0.0
419,17.921,38301.0,enc/off/vf=off/lk=0,6.121,6.121,0.0,0.0,0.0,0.0,0.0
420,17.941,38321.0,enc/off/vf=off/lk=0,6.121,6.121,0.0,0.0,0.0,0.0,0.0
421,17.961,38341.0,enc/off/vf=off/lk=0,6.121,6.121,0.0,0.0,0.0,0.0,0.0
422,17.981,38361.0,enc/off/vf=off/lk=0,6.121,6.121,0.0,0.0,0.0,0.0,0.0
423,18.001,38381.0,enc/off/vf=off/lk=0,6.121,6.121,0.0,0.0,0.0,0.0,0.0
424,18.021,38401.0,enc/off/vf=off/lk=0,6.121,6.121,0.0,0.0,0.0,0.0,0.0
425,18.041,38421.0,enc/off/vf=off/lk=0,6.121,6.121,0.0,0.0,0.0,0.0,0.0
426,18.061,38441.0,enc/off/vf=off/lk=0,6.121,6.121,0.0,0.0,0.0,0.0,0.0
427,18.081,38461.0,enc/off/vf=off/lk=0,6.121,6.121,0.0,0.0,0.0,0.0,0.0
428,18.101,38481.0,enc/off/vf=off/lk=0,6.121,6.121,0.0,0.0,0.0,0.0,0.0
429,18.121,38501.0,enc/off/vf=off/lk=0,6.121,6.121,0.0,0.0,0.0,0.0,0.0
430,18.141,38521.0,enc/off/vf=off/lk=0,6.121,6.121,0.0,0.0,0.0,0.0,0.0
431,18.161,38541.0,enc/off/vf=off/lk=0,6.121,6.121,0.0,0.0,0.0,0.0,0.0
432,18.181,38561.0,enc/off/vf=off/lk=0,6.121,6.121,0.0,0.0,0.0,0.0,0.0
433,18.201,38581.0,enc/off/vf=off/lk=0,6.121,6.121,0.0,0.0,0.0,0.0,0.0
434,18.221,38601.0,enc/off/vf=off/lk=0,6.121,6.121,0.0,0.0,0.0,0.0,0.0
435,18.241,38621.0,enc/off/vf=off/lk=0,6.121,6.121,0.0,0.0,0.0,0.0,0.0
436,18.261,38641.0,enc/off/vf=off/lk=0,6.121,6.121,0.0,0.0,0.0,0.0,0.0
437,18.281,38661.0,enc/off/vf=off/lk=0,6.121,6.121,0.0,0.0,0.0,0.0,0.0
438,18.301,38681.0,enc/off/vf=off/lk=0,6.121,6.121,0.0,0.0,0.0,0.0,0.0
439,18.321,38701.0,enc/off/vf=off/lk=0,6.121,6.121,0.0,0.0,0.0,0.0,0.0
440,18.341,38721.0,enc/off/vf=off/lk=0,6.121,6.121,0.0,0.0,0.0,0.0,0.0
441,18.361,38741.0,enc/off/vf=off/lk=0,6.121,6.121,0.0,0.0,0.0,0.0,0.0
442,18.381,38761.0,enc/off/vf=off/lk=0,6.121,6.121,0.0,0.0,0.0,0.0,0.0
443,18.401,38781.0,enc/off/vf=off/lk=0,6.121,6.121,0.0,0.0,0.0,0.0,0.0
444,18.421,38801.0,enc/off/vf=off/lk=0,6.121,6.121,0.0,0.0,0.0,0.0,0.0
445,18.441,38821.0,enc/off/vf=off/lk=0,6.121,6.121,0.0,0.0,0.0,0.0,0.0
446,18.461,38841.0,enc/off/vf=off/lk=0,6.121,6.121,0.0,0.0,0.0,0.0,0.0
447,18.481,38861.0,enc/off/vf=off/lk=0,6.121,6.121,0.0,0.0,0.0,0.0,0.0
448,18.501,38881.0,enc/off/vf=off/lk=0,6.121,6.121,0.0,0.0,0.0,0.0,0.0
449,18.521,38901.0,enc/off/vf=off/lk=0,6.121,6.121,0.0,0.0,0.0,0.0,0.0
450,18.541,38921.0,enc/off/vf=off/lk=0,6.121,6.121,0.0,0.0,0.0,0.0,0.0
451,18.561,38941.0,enc/off/vf=off/lk=0,6.121,6.121,0.0,0.0,0.0,0.0,0.0
452,18.581,38961.0,enc/off/vf=off/lk=0,6.121,6.121,0.0,0.0,0.0,0.0,0.0
453,18.601,38981.0,enc/off/vf=off/lk=0,6.121,6.121,0.0,0.0,0.0,0.0,0.0
454,18.621,39001.0,enc/off/vf=off/lk=0,6.121,6.121,0.0,0.0,0.0,0.0,0.0
455,18.641,39021.0,enc/off/vf=off/lk=0,6.121,6.121,0.0,0.0,0.0,0.0,0.0
456,18.661,39041.0,enc/off/vf=off/lk=0,6.121,6.121,0.0,0.0,0.0,0.0,0.0
457,18.681,39061.0,enc/off/vf=off/lk=0,6.121,6.121,0.0,0.0,0.0,0.0,0.0
458,18.701,39081.0,enc/off/vf=off/lk=0,6.121,6.121,0.0,0.0,0.0,0.0,0.0
459,18.721,39101.0,enc/off/vf=off/lk=0,6.121,6.121,0.0,0.0,0.0,0.0,0.0
460,18.741,39121.0,enc/off/vf=off/lk=0,6.121,6.121,0.0,0.0,0.0,0.0,0.0
461,18.761,39141.0,enc/off/vf=off/lk=0,6.121,6.121,0.0,0.0,0.0,0.0,0.0
462,18.781,39161.0,enc/off/vf=off/lk=0,6.121,6.121,0.0,0.0,0.0,0.0,0.0
463,18.801,39181.0,enc/off/vf=off/lk=0,6.121,6.121,0.0,0.0,0.0,0.0,0.0
464,18.821,39201.0,enc/off/vf=off/lk=0,6.121,6.121,0.0,0.0,0.0,0.0,0.0
465,18.841,39221.0,enc/off/vf=off/lk=0,6.121,6.121,0.0,0.0,0.0,0.0,0.0
466,18.861,39241.0,enc/off/vf=off/lk=0,6.121,6.121,0.0,0.0,0.0,0.0,0.0
467,18.881,39261.0,enc/off/vf=off/lk=0,6.121,6.121,0.0,0.0,0.0,0.0,0.0
468,18.901,39281.0,enc/off/vf=off/lk=0,6.121,6.121,0.0,0.0,0.0,0.0,0.0
469,18.921,39301.0,enc/off/vf=off/lk=0,6.121,6.121,0.0,0.0,0.0,0.0,0.0
470,18.941,39321.0,enc/off/vf=off/lk=0,6.121,6.121,0.0,0.0,0.0,0.0,0.0
471,18.961,39341.0,enc/off/vf=off/lk=0,6.121,6.121,0.0,0.0,0.0,0.0,0.0
472,18.981,39361.0,enc/off/vf=off/lk=0,6.121,6.121,0.0,0.0,0.0,0.0,0.0
473,19.001,39381.0,enc/off/vf=off/lk=0,6.121,6.121,0.0,0.0,0.0,0.0,0.0
474,19.021,39401.0,enc/off/vf=off/lk=0,6.121,6.121,0.0,0.0,0.0,0.0,0.0
475,19.041,39421.0,enc/off/vf=off/lk=0,6.121,6.121,0.0,0.0,0.0,0.0,0.0
476,19.061,39441.0,enc/off/vf=off/lk=0,6.121,6.121,0.0,0.0,0.0,0.0,0.0
477,19.081,39461.0,enc/off/vf=off/lk=0,6.121,6.121,0.0,0.0,0.0,0.0,0.0
478,19.101,39481.0,enc/off/vf=off/lk=0,6.121,6.121,0.0,0.0,0.0,0.0,0.0
479,19.121,39501.0,enc/off/vf=off/lk=0,6.121,6.121,0.0,0.0,0.0,0.0,0.0
480,19.141,39521.0,enc/off/vf=off/lk=0,6.121,6.121,0.0,0.0,0.0,0.0,0.0
481,19.161,39541.0,enc/off/vf=off/lk=0,6.121,6.121,0.0,0.0,0.0,0.0,0.0
482,19.181,39561.0,enc/off/vf=off/lk=0,6.121,6.121,0.0,0.0,0.0,0.0,0.0
483,19.201,39581.0,enc/off/vf=off/lk=0,6.121,6.121,0.0,0.0,0.0,0.0,0.0
484,19.221,39601.0,enc/off/vf=off/lk=0,6.121,6.121,0.0,0.0,0.0,0.0,0.0
485,19.241,39621.0,enc/off/vf=off/lk=0,6.121,6.121,0.0,0.0,0.0,0.0,0.0
486,19.261,39641.0,enc/off/vf=off/lk=0,6.121,6.121,0.0,0.0,0.0,0.0,0.0
487,19.281,39661.0,enc/off/vf=off/lk=0,6.121,6.121,0.0,0.0,0.0,0.0,0.0
488,19.301,39681.0,enc/off/vf=off/lk=0,6.121,6.121,0.0,0.0,0.0,0.0,0.0
489,19.321,39701.0,enc/off/vf=off/lk=0,6.121,6.121,0.0,0.0,0.0,0.0,0.0
490,19.341,39721.0,enc/off/vf=off/lk=0,6.121,6.121,0.0,0.0,0.0,0.0,0.0
491,19.361,39741.0,enc/off/vf=off/lk=0,6.121,6.121,0.0,0.0,0.0,0.0,0.0
492,19.381,39761.0,enc/off/vf=off/lk=0,6.121,6.121,0.0,0.0,0.0,0.0,0.0
493,19.401,39781.0,enc/off/vf=off/lk=0,6.121,6.121,0.0,0.0,0.0,0.0,0.0
494,19.421,39801.0,enc/off/vf=off/lk=0,6.121,6.121,0.0,0.0,0.0,0.0,0.0
495,19.441,39821.0,enc/off/vf=off/lk=0,6.121,6.121,0.0,0.0,0.0,0.0,0.0
496,19.461,39841.0,enc/off/vf=off/lk=0,6.121,6.121,0.0,0.0,0.0,0.0,0.0
497,19.481,39861.0,enc/off/vf=off/lk=0,6.121,6.121,0.0,0.0,0.0,0.0,0.0
498,19.501,39881.0,enc/off/vf=off/lk=0,6.121,6.121,0.0,0.0,0.0,0.0,0.0
499,19.521,39901.0,enc/off/vf=off/lk=0,6.121,6.121,0.0,0.0,0.0,0.0,0.0
500,19.541,39921.0,enc/off/vf=off/lk=0,6.121,6.121,0.0,0.0,0.0,0.0,0.0
501,19.561,39941.0,enc/off/vf=off/lk=0,6.121,6.121,0.0,0.0,0.0,0.0,0.0
502,19.581,39961.0,enc/off/vf=off/lk=0,6.121,6.121,0.0,0.0,0.0,0.0,0.0
503,19.601,39981.0,enc/off/vf=off/lk=0,6.121,6.121,0.0,0.0,0.0,0.0,0.0
504,19.621,40001.0,enc/off/vf=off/lk=0,6.121,6.121,0.0,0.0,0.0,0.0,0.0
505,19.641,40021.0,enc/off/vf=off/lk=0,6.121,6.121,0.0,0.0,0.0,0.0,0.0
506,19.661,40041.0,enc/off/vf=off/lk=0,6.121,6.121,0.0,0.0,0.0,0.0,0.0
507,19.681,40061.0,enc/off/vf=off/lk=0,6.121,6.121,0.0,0.0,0.0,0.0,0.0
508,19.701,40081.0,enc/off/vf=off/lk=0,6.121,6.121,0.0,0.0,0.0,0.0,0.0
509,19.721,40101.0,enc/off/vf=off/lk=0,6.121,6.121,0.0,0.0,0.0,0.0,0.0
510,19.741,40121.0,enc/off/vf=off/lk=0,6.121,6.121,0.0,0.0,0.0,0.0,0.0
511,19.761,40141.0,enc/off/vf=off/lk=0,6.121,6.121,0.0,0.0,0.0,0.0,0.0
512,19.781,40161.0,enc/off/vf=off/lk=0,6.121,6.121,0.0,0.0,0.0,0.0,0.0
513,19.801,40181.0,enc/off/vf=off/lk=0,6.121,6.121,0.0,0.0,0.0,0.0,0.0
514,19.821,40201.0,enc/off/vf=off/lk=0,6.121,6.121,0.0,0.0,0.0,0.0,0.0
515,19.841,40221.0,enc/off/vf=off/lk=0,6.121,6.121,0.0,0.0,0.0,0.0,0.0
516,19.861,40241.0,enc/off/vf=off/lk=0,6.121,6.121,0.0,0.0,0.0,0.0,0.0
517,19.881,40261.0,enc/off/vf=off/lk=0,6.121,6.121,0.0,0.0,0.0,0.0,0.0
518,19.901,40281.0,enc/off/vf=off/lk=0,6.121,6.121,0.0,0.0,0.0,0.0,0.0
519,19.921,40301.0,enc/off/vf=off/lk=0,6.121,6.121,0.0,0.0,0.0,0.0,0.0
520,19.941,40321.0,enc/off/vf=off/lk=0,6.121,6.121,0.0,0.0,0.0,0.0,0.0
521,19.961,40341.0,enc/off/vf=off/lk=0,6.121,6.121,0.0,0.0,0.0,0.0,0.0
522,19.981,40361.0,enc/off/vf=off/lk=0,6.121,6.121,0.0,0.0,0.0,0.0,0.0
523,20.001,40381.0,enc/off/vf=off/lk=0,6.121,6.121,0.0,0.0,0.0,0.0,0.0
524,20.021,40401.0,enc/off/vf=off/lk=0,6.121,6.121,0.0,0.0,0.0,0.0,0.0
525,20.041,40421.0,enc/off/vf=off/lk=0,6.121,6.121,0.0,0.0,0.0,0.0,0.0
526,20.061,40441.0,enc/off/vf=off/lk=0,6.121,6.121,0.0,0.0,0.0,0.0,0.0
527,20.081,40461.0,enc/off/vf=off/lk=0,6.121,6.121,0.0,0.0,0.0,0.0,0.0
528,20.101,40481.0,enc/off/vf=off/lk=0,6.121,6.121,0.0,0.0,0.0,0.0,0.0
529,20.121,40501.0,enc/off/vf=off/lk=0,6.121,6.121,0.0,0.0,0.0,0.0,0.0
530,20.141,40521.0,enc/off/vf=off/lk=0,6.121,6.121,0.0,0.0,0.0,0.0,0.0
531,20.161,40541.0,enc/off/vf=off/lk=0,6.121,6.121,0.0,0.0,0.0,0.0,0.0
532,20.181,40561.0,enc/off/vf=off/lk=0,6.121,6.121,0.0,0.0,0.0,0.0,0.0
533,20.202,40582.0,enc/off/vf=off/lk=0,6.121,6.121,0.0,0.0,0.0,0.0,0.0
534,20.222,40602.0,enc/off/vf=off/lk=0,6.121,6.121,0.0,0.0,0.0,0.0,0.0
535,20.242,40622.0,enc/off/vf=off/lk=0,6.121,6.121,0.0,0.0,0.0,0.0,0.0
536,20.262,40642.0,enc/off/vf=off/lk=0,6.121,6.121,0.0,0.0,0.0,0.0,0.0
537,20.282,40662.0,enc/off/vf=off/lk=0,6.121,6.121,0.0,0.0,0.0,0.0,0.0
538,20.302,40682.0,enc/off/vf=off/lk=0,6.121,6.121,0.0,0.0,0.0,0.0,0.0
539,20.322,40702.0,enc/off/vf=off/lk=0,6.121,6.121,0.0,0.0,0.0,0.0,0.0
540,20.342,40722.0,enc/off/vf=off/lk=0,6.121,6.121,0.0,0.0,0.0,0.0,0.0
541,20.362,40742.0,enc/off/vf=off/lk=0,6.121,6.121,0.0,0.0,0.0,0.0,0.0
542,20.382,40762.0,enc/off/vf=off/lk=0,6.121,6.121,0.0,0.0,0.0,0.0,0.0
543,20.402,40782.0,enc/off/vf=off/lk=0,6.121,6.121,0.0,0.0,0.0,0.0,0.0
544,20.422,40802.0,enc/off/vf=off/lk=0,6.121,6.121,0.0,0.0,0.0,0.0,0.0
545,20.442,40822.0,enc/off/vf=off/lk=0,6.121,6.121,0.0,0.0,0.0,0.0,0.0
546,20.462,40842.0,enc/off/vf=off/lk=0,6.121,6.121,0.0,0.0,0.0,0.0,0.0
547,20.482,40862.0,enc/off/vf=off/lk=0,6.121,6.121,0.0,0.0,0.0,0.0,0.0
548,20.502,40882.0,enc/off/vf=off/lk=0,6.121,6.121,0.0,0.0,0.0,0.0,0.0
549,20.522,40902.0,enc/off/vf=off/lk=0,6.121,6.121,0.0,0.0,0.0,0.0,0.0
550,20.542,40922.0,enc/off/vf=off/lk=0,6.121,6.121,0.0,0.0,0.0,0.0,0.0
551,20.562,40942.0,enc/off/vf=off/lk=0,6.121,6.121,0.0,0.0,0.0,0.0,0.0
552,20.582,40962.0,enc/off/vf=off/lk=0,6.121,6.121,0.0,0.0,0.0,0.0,0.0
553,20.602,40982.0,enc/off/vf=off/lk=0,6.121,6.121,0.0,0.0,0.0,0.0,0.0
554,20.622,41002.0,enc/off/vf=off/lk=0,6.121,6.121,0.0,0.0,0.0,0.0,0.0
555,20.642,41022.0,enc/off/vf=off/lk=0,6.121,6.121,0.0,0.0,0.0,0.0,0.0
556,20.662,41042.0,enc/off/vf=off/lk=0,6.121,6.121,0.0,0.0,0.0,0.0,0.0
557,20.682,41062.0,enc/off/vf=off/lk=0,6.121,6.121,0.0,0.0,0.0,0.0,0.0
558,20.702,41082.0,enc/off/vf=off/lk=0,6.121,6.121,0.0,0.0,0.0,0.0,0.0
559,20.722,41102.0,enc/off/vf=off/lk=0,6.121,6.121,0.0,0.0,0.0,0.0,0.0
560,20.742,41122.0,enc/off/vf=off/lk=0,6.121,6.121,0.0,0.0,0.0,0.0,0.0
561,20.762,41142.0,enc/off/vf=off/lk=0,6.121,6.121,0.0,0.0,0.0,0.0,0.0
562,20.782,41162.0,enc/off/vf=off/lk=0,6.121,6.121,0.0,0.0,0.0,0.0,0.0
563,20.802,41182.0,enc/off/vf=off/lk=0,6.121,6.121,0.0,0.0,0.0,0.0,0.0
564,20.822,41202.0,enc/off/vf=off/lk=0,6.121,6.121,0.0,0.0,0.0,0.0,0.0
565,20.842,41222.0,enc/off/vf=off/lk=0,6.121,6.121,0.0,0.0,0.0,0.0,0.0
566,20.862,41242.0,enc/off/vf=off/lk=0,6.121,6.121,0.0,0.0,0.0,0.0,0.0
567,20.882,41262.0,enc/off/vf=off/lk=0,6.121,6.121,0.0,0.0,0.0,0.0,0.0
568,20.902,41282.0,enc/off/vf=off/lk=0,6.121,6.121,0.0,0.0,0.0,0.0,0.0
569,20.922,41302.0,enc/off/vf=off/lk=0,6.121,6.121,0.0,0.0,0.0,0.0,0.0
570,20.942,41322.0,enc/off/vf=off/lk=0,6.121,6.121,0.0,0.0,0.0,0.0,0.0
571,20.962,41342.0,enc/off/vf=off/lk=0,6.121,6.121,0.0,0.0,0.0,0.0,0.0
572,20.982,41362.0,enc/off/vf=off/lk=0,6.121,6.121,0.0,0.0,0.0,0.0,0.0
573,21.002,41382.0,enc/off/vf=off/lk=0,6.121,6.121,0.0,0.0,0.0,0.0,0.0
574,21.022,41402.0,enc/off/vf=off/lk=0,6.121,6.121,0.0,0.0,0.0,0.0,0.0
575,21.042,41422.0,enc/off/vf=off/lk=0,6.121,6.121,0.0,0.0,0.0,0.0,0.0
576,21.062,41442.0,enc/off/vf=off/lk=0,6.121,6.121,0.0,0.0,0.0,0.0,0.0
577,21.082,41462.0,enc/off/vf=off/lk=0,6.121,6.121,0.0,0.0,0.0,0.0,0.0
578,21.102,41482.0,enc/off/vf=off/lk=0,6.121,6.121,0.0,0.0,0.0,0.0,0.0
579,21.122,41502.0,enc/off/vf=off/lk=0,6.121,6.121,0.0,0.0,0.0,0.0,0.0
580,21.142,41522.0,enc/off/vf=off/lk=0,6.121,6.121,0.0,0.0,0.0,0.0,0.0
581,21.162,41542.0,enc/off/vf=off/lk=0,6.121,6.121,0.0,0.0,0.0,0.0,0.0
582,21.182,41562.0,enc/off/vf=off/lk=0,6.121,6.121,0.0,0.0,0.0,0.0,0.0
583,21.202,41582.0,enc/off/vf=off/lk=0,6.121,6.121,0.0,0.0,0.0,0.0,0.0
584,21.222,41602.0,enc/off/vf=off/lk=0,6.121,6.121,0.0,0.0,0.0,0.0,0.0
585,21.242,41622.0,enc/off/vf=off/lk=0,6.121,6.121,0.0,0.0,0.0,0.0,0.0
586,21.262,41642.0,enc/off/vf=off/lk=0,6.121,6.121,0.0,0.0,0.0,0.0,0.0
587,21.282,41662.0,enc/off/vf=off/lk=0,6.121,6.121,0.0,0.0,0.0,0.0,0.0
588,21.302,41682.0,enc/off/vf=off/lk=0,6.121,6.121,0.0,0.0,0.0,0.0,0.0
589,21.322,41702.0,enc/off/vf=off/lk=0,6.121,6.121,0.0,0.0,0.0,0.0,0.0
590,21.342,41722.0,enc/off/vf=off/lk=0,6.121,6.121,0.0,0.0,0.0,0.0,0.0
591,21.362,41742.0,enc/off/vf=off/lk=0,6.121,6.121,0.0,0.0,0.0,0.0,0.0
592,21.382,41762.0,enc/off/vf=off/lk=0,6.121,6.121,0.0,0.0,0.0,0.0,0.0
593,21.402,41782.0,enc/off/vf=off/lk=0,6.121,6.121,0.0,0.0,0.0,0.0,0.0
594,21.422,41802.0,enc/off/vf=off/lk=0,6.121,6.121,0.0,0.0,0.0,0.0,0.0
595,21.442,41822.0,enc/off/vf=off/lk=0,6.121,6.121,0.0,0.0,0.0,0.0,0.0
596,21.462,41842.0,enc/off/vf=off/lk=0,6.121,6.121,0.0,0.0,0.0,0.0,0.0
597,21.482,41862.0,enc/off/vf=off/lk=0,6.121,6.121,0.0,0.0,0.0,0.0,0.0
598,21.502,41882.0,enc/off/vf=off/lk=0,6.121,6.121,0.0,0.0,0.0,0.0,0.0
599,21.522,41902.0,enc/off/vf=off/lk=0,6.121,6.121,0.0,0.0,0.0,0.0,0.0
600,21.542,41922.0,enc/off/vf=off/lk=0,6.121,6.121,0.0,0.0,0.0,0.0,0.0
601,21.562,41942.0,enc/off/vf=off/lk=0,6.121,6.121,0.0,0.0,0.0,0.0,0.0
602,21.582,41962.0,enc/off/vf=off/lk=0,6.121,6.121,0.0,0.0,0.0,0.0,0.0
603,21.602,41982.0,enc/off/vf=off/lk=0,6.121,6.121,0.0,0.0,0.0,0.0,0.0
604,21.622,42002.0,enc/off/vf=off/lk=0,6.121,6.121,0.0,0.0,0.0,0.0,0.0
605,21.642,42022.0,enc/off/vf=off/lk=0,6.121,6.121,0.0,0.0,0.0,0.0,0.0
606,21.662,42042.0,enc/off/vf=off/lk=0,6.121,6.121,0.0,0.0,0.0,0.0,0.0
607,21.682,42062.0,enc/off/vf=off/lk=0,6.121,6.121,0.0,0.0,0.0,0.0,0.0
608,21.702,42082.0,enc/off/vf=off/lk=0,6.121,6.121,0.0,0.0,0.0,0.0,0.0
609,21.722,42102.0,enc/off/vf=off/lk=0,6.121,6.121,0.0,0.0,0.0,0.0,0.0
610,21.742,42122.0,enc/off/vf=off/lk=0,6.121,6.121,0.0,0.0,0.0,0.0,0.0
611,21.762,42142.0,enc/off/vf=off/lk=0,6.121,6.121,0.0,0.0,0.0,0.0,0.0
612,21.782,42162.0,enc/off/vf=off/lk=0,6.121,6.121,0.0,0.0,0.0,0.0,0.0
613,21.802,42182.0,enc/off/vf=off/lk=0,6.121,6.121,0.0,0.0,0.0,0.0,0.0
614,21.822,42202.0,enc/off/vf=off/lk=0,6.121,6.121,0.0,0.0,0.0,0.0,0.0
615,21.842,42222.0,enc/off/vf=off/lk=0,6.121,6.121,0.0,0.0,0.0,0.0,0.0
616,21.862,42242.0,enc/off/vf=off/lk=0,6.121,6.121,0.0,0.0,0.0,0.0,0.0
617,21.882,42262.0,enc/off/vf=off/lk=0,6.121,6.121,0.0,0.0,0.0,0.0,0.0
618,21.902,42282.0,enc/off/vf=off/lk=0,6.121,6.121,0.0,0.0,0.0,0.0,0.0
619,21.922,42302.0,enc/off/vf=off/lk=0,6.121,6.121,0.0,0.0,0.0,0.0,0.0
620,21.942,42322.0,enc/off/vf=off/lk=0,6.121,6.121,0.0,0.0,0.0,0.0,0.0
621,21.962,42342.0,enc/off/vf=off/lk=0,6.121,6.121,0.0,0.0,0.0,0.0,0.0
622,21.982,42362.0,enc/off/vf=off/lk=0,6.121,6.121,0.0,0.0,0.0,0.0,0.0
623,22.002,42382.0,enc/off/vf=off/lk=0,6.121,6.121,0.0,0.0,0.0,0.0,0.0
624,22.022,42402.0,enc/off/vf=off/lk=0,6.121,6.121,0.0,0.0,0.0,0.0,0.0
625,22.042,42422.0,enc/off/vf=off/lk=0,6.121,6.121,0.0,0.0,0.0,0.0,0.0
626,22.062,42442.0,enc/off/vf=off/lk=0,6.121,6.121,0.0,0.0,0.0,0.0,0.0
627,22.082,42462.0,enc/off/vf=off/lk=0,6.121,6.121,0.0,0.0,0.0,0.0,0.0
628,22.102,42482.0,enc/off/vf=off/lk=0,6.121,6.121,0.0,0.0,0.0,0.0,0.0
629,22.122,42502.0,enc/off/vf=off/lk=0,6.121,6.121,0.0,0.0,0.0,0.0,0.0
630,22.142,42522.0,enc/off/vf=off/lk=0,6.121,6.121,0.0,0.0,0.0,0.0,0.0
631,22.162,42542.0,enc/off/vf=off/lk=0,6.121,6.121,0.0,0.0,0.0,0.0,0.0
632,22.182,42562.0,enc/off/vf=off/lk=0,6.121,6.121,0.0,0.0,0.0,0.0,0.0
633,22.202,42582.0,enc/off/vf=off/lk=0,6.121,6.121,0.0,0.0,0.0,0.0,0.0
634,22.222,42602.0,enc/off/vf=off/lk=0,6.121,6.121,0.0,0.0,0.0,0.0,0.0
635,22.242,42622.0,enc/off/vf=off/lk=0,6.121,6.121,0.0,0.0,0.0,0.0,0.0
636,22.262,42642.0,enc/off/vf=off/lk=0,6.121,6.121,0.0,0.0,0.0,0.0,0.0
637,22.282,42662.0,enc/off/vf=off/lk=0,6.121,6.121,0.0,0.0,0.0,0.0,0.0
638,22.302,42682.0,enc/off/vf=off/lk=0,6.121,6.121,0.0,0.0,0.0,0.0,0.0
639,22.322,42702.0,enc/off/vf=off/lk=0,6.121,6.121,0.0,0.0,0.0,0.0,0.0
640,22.342,42722.0,enc/off/vf=off/lk=0,6.121,6.121,0.0,0.0,0.0,0.0,0.0
641,22.362,42742.0,enc/off/vf=off/lk=0,6.121,6.121,0.0,0.0,0.0,0.0,0.0
642,22.382,42762.0,enc/off/vf=off/lk=0,6.121,6.121,0.0,0.0,0.0,0.0,0.0
643,22.402,42782.0,enc/off/vf=off/lk=0,6.121,6.121,0.0,0.0,0.0,0.0,0.0
644,22.422,42802.0,enc/off/vf=off/lk=0,6.121,6.121,0.0,0.0,0.0,0.0,0.0
645,22.442,42822.0,enc/off/vf=off/lk=0,6.121,6.121,0.0,0.0,0.0,0.0,0.0
646,22.462,42842.0,enc/off/vf=off/lk=0,6.121,6.121,0.0,0.0,0.0,0.0,0.0
647,22.482,42862.0,enc/off/vf=off/lk=0,6.121,6.121,0.0,0.0,0.0,0.0,0.0
648,22.502,42882.0,enc/off/vf=off/lk=0,6.121,6.121,0.0,0.0,0.0,0.0,0.0
649,22.522,42902.0,enc/off/vf=off/lk=0,6.121,6.121,0.0,0.0,0.0,0.0,0.0
650,22.542,42922.0,enc/off/vf=off/lk=0,6.121,6.121,0.0,0.0,0.0,0.0,0.0
651,22.562,42942.0,enc/off/vf=off/lk=0,6.121,6.121,0.0,0.0,0.0,0.0,0.0
652,22.582,42962.0,enc/off/vf=off/lk=0,6.121,6.121,0.0,0.0,0.0,0.0,0.0
653,22.602,42982.0,enc/off/vf=off/lk=0,6.121,6.121,0.0,0.0,0.0,0.0,0.0
654,22.622,43002.0,enc/off/vf=off/lk=0,6.121,6.121,0.0,0.0,0.0,0.0,0.0
655,22.642,43022.0,enc/off/vf=off/lk=0,6.121,6.121,0.0,0.0,0.0,0.0,0.0
656,22.662,43042.0,enc/off/vf=off/lk=0,6.121,6.121,0.0,0.0,0.0,0.0,0.0
657,22.682,43062.0,enc/off/vf=off/lk=0,6.121,6.121,0.0,0.0,0.0,0.0,0.0
658,22.702,43082.0,enc/off/vf=off/lk=0,6.121,6.121,0.0,0.0,0.0,0.0,0.0
659,22.722,43102.0,enc/off/vf=off/lk=0,6.121,6.121,0.0,0.0,0.0,0.0,0.0
660,22.742,43122.0,enc/off/vf=off/lk=0,6.121,6.121,0.0,0.0,0.0,0.0,0.0
661,22.762,43142.0,enc/off/vf=off/lk=0,6.121,6.121,0.0,0.0,0.0,0.0,0.0
662,22.782,43162.0,enc/off/vf=off/lk=0,6.121,6.121,0.0,0.0,0.0,0.0,0.0
663,22.802,43182.0,enc/off/vf=off/lk=0,6.121,6.121,0.0,0.0,0.0,0.0,0.0
664,22.822,43202.0,enc/off/vf=off/lk=0,6.121,6.121,0.0,0.0,0.0,0.0,0.0
665,22.842,43222.0,enc/off/vf=off/lk=0,6.121,6.121,0.0,0.0,0.0,0.0,0.0
666,22.862,43242.0,enc/off/vf=off/lk=0,6.121,6.121,0.0,0.0,0.0,0.0,0.0
667,22.882,43262.0,enc/off/vf=off/lk=0,6.121,6.121,0.0,0.0,0.0,0.0,0.0
668,22.902,43282.0,enc/off/vf=off/lk=0,6.121,6.121,0.0,0.0,0.0,0.0,0.0
669,22.922,43302.0,enc/off/vf=off/lk=0,6.121,6.121,0.0,0.0,0.0,0.0,0.0
670,22.942,43322.0,enc/off/vf=off/lk=0,6.121,6.121,0.0,0.0,0.0,0.0,0.0
671,22.962,43342.0,enc/off/vf=off/lk=0,6.121,6.121,0.0,0.0,0.0,0.0,0.0
672,22.982,43362.0,enc/off/vf=off/lk=0,6.121,6.121,0.0,0.0,0.0,0.0,0.0
673,23.002,43382.0,enc/off/vf=off/lk=0,6.121,6.121,0.0,0.0,0.0,0.0,0.0
674,23.022,43402.0,enc/off/vf=off/lk=0,6.121,6.121,0.0,0.0,0.0,0.0,0.0
675,23.042,43422.0,enc/off/vf=off/lk=0,6.121,6.121,0.0,0.0,0.0,0.0,0.0
676,23.062,43442.0,enc/off/vf=off/lk=0,6.121,6.121,0.0,0.0,0.0,0.0,0.0
677,23.082,43462.0,enc/off/vf=off/lk=0,6.121,6.121,0.0,0.0,0.0,0.0,0.0
678,23.102,43482.0,enc/off/vf=off/lk=0,6.121,6.121,0.0,0.0,0.0,0.0,0.0
679,23.122,43502.0,enc/off/vf=off/lk=0,6.121,6.121,0.0,0.0,0.0,0.0,0.0
680,23.142,43522.0,enc/off/vf=off/lk=0,6.121,6.121,0.0,0.0,0.0,0.0,0.0
681,23.162,43542.0,enc/off/vf=off/lk=0,6.121,6.121,0.0,0.0,0.0,0.0,0.0
682,23.182,43562.0,enc/off/vf=off/lk=0,6.121,6.121,0.0,0.0,0.0,0.0,0.0
683,23.202,43582.0,enc/off/vf=off/lk=0,6.121,6.121,0.0,0.0,0.0,0.0,0.0
684,23.222,43602.0,enc/off/vf=off/lk=0,6.121,6.121,0.0,0.0,0.0,0.0,0.0
685,23.242,43622.0,enc/off/vf=off/lk=0,6.121,6.121,0.0,0.0,0.0,0.0,0.0
686,23.262,43642.0,enc/off/vf=off/lk=0,6.121,6.121,0.0,0.0,0.0,0.0,0.0
687,23.282,43662.0,enc/off/vf=off/lk=0,6.121,6.121,0.0,0.0,0.0,0.0,0.0
688,23.302,43682.0,enc/off/vf=off/lk=0,6.121,6.121,0.0,0.0,0.0,0.0,0.0
689,23.322,43702.0,enc/off/vf=off/lk=0,6.121,6.121,0.0,0.0,0.0,0.0,0.0
690,23.342,43722.0,enc/off/vf=off/lk=0,6.121,6.121,0.0,0.0,0.0,0.0,0.0
691,23.362,43742.0,enc/off/vf=off/lk=0,6.121,6.121,0.0,0.0,0.0,0.0,0.0
692,23.382,43762.0,enc/off/vf=off/lk=0,6.121,6.121,0.0,0.0,0.0,0.0,0.0
693,23.402,43782.0,enc/off/vf=off/lk=0,6.121,6.121,0.0,0.0,0.0,0.0,0.0
694,23.422,43802.0,enc/off/vf=off/lk=0,6.121,6.121,0.0,0.0,0.0,0.0,0.0
695,23.442,43822.0,enc/off/vf=off/lk=0,6.121,6.121,0.0,0.0,0.0,0.0,0.0
696,23.462,43842.0,enc/off/vf=off/lk=0,6.121,6.121,0.0,0.0,0.0,0.0,0.0
697,23.482,43862.0,enc/off/vf=off/lk=0,6.121,6.121,0.0,0.0,0.0,0.0,0.0
698,23.502,43882.0,enc/off/vf=off/lk=0,6.121,6.121,0.0,0.0,0.0,0.0,0.0
699,23.522,43902.0,enc/off/vf=off/lk=0,6.121,6.121,0.0,0.0,0.0,0.0,0.0
700,23.542,43922.0,enc/off/vf=off/lk=0,6.121,6.121,0.0,0.0,0.0,0.0,0.0
701,23.562,43942.0,enc/off/vf=off/lk=0,6.121,6.121,0.0,0.0,0.0,0.0,0.0
702,23.582,43962.0,enc/off/vf=off/lk=0,6.121,6.121,0.0,0.0,0.0,0.0,0.0
703,23.602,43982.0,enc/off/vf=off/lk=0,6.121,6.121,0.0,0.0,0.0,0.0,0.0
704,23.622,44002.0,enc/off/vf=off/lk=0,6.121,6.121,0.0,0.0,0.0,0.0,0.0
705,23.642,44022.0,enc/off/vf=off/lk=0,6.121,6.121,0.0,0.0,0.0,0.0,0.0
706,23.662,44042.0,enc/off/vf=off/lk=0,6.121,6.121,0.0,0.0,0.0,0.0,0.0
707,23.682,44062.0,enc/off/vf=off/lk=0,6.121,6.121,0.0,0.0,0.0,0.0,0.0
708,23.702,44082.0,enc/off/vf=off/lk=0,6.121,6.121,0.0,0.0,0.0,0.0,0.0
709,23.722,44102.0,enc/off/vf=off/lk=0,6.121,6.121,0.0,0.0,0.0,0.0,0.0
710,23.742,44122.0,enc/off/vf=off/lk=0,6.121,6.121,0.0,0.0,0.0,0.0,0.0
711,23.762,44142.0,enc/off/vf=off/lk=0,6.121,6.121,0.0,0.0,0.0,0.0,0.0
712,23.782,44162.0,enc/off/vf=off/lk=0,6.121,6.121,0.0,0.0,0.0,0.0,0.0
713,23.802,44182.0,enc/off/vf=off/lk=0,6.121,6.121,0.0,0.0,0.0,0.0,0.0
714,23.822,44202.0,enc/off/vf=off/lk=0,6.121,6.121,0.0,0.0,0.0,0.0,0.0
715,23.842,44222.0,enc/off/vf=off/lk=0,6.121,6.121,0.0,0.0,0.0,0.0,0.0
716,23.862,44242.0,enc/off/vf=off/lk=0,6.121,6.121,0.0,0.0,0.0,0.0,0.0
717,23.882,44262.0,enc/off/vf=off/lk=0,6.121,6.121,0.0,0.0,0.0,0.0,0.0
718,23.902,44282.0,enc/off/vf=off/lk=0,6.121,6.121,0.0,0.0,0.0,0.0,0.0
719,23.922,44302.0,enc/off/vf=off/lk=0,6.121,6.121,0.0,0.0,0.0,0.0,0.0
720,23.942,44322.0,enc/off/vf=off/lk=0,6.121,6.121,0.0,0.0,0.0,0.0,0.0
721,23.962,44342.0,enc/off/vf=off/lk=0,6.121,6.121,0.0,0.0,0.0,0.0,0.0
722,23.982,44362.0,enc/off/vf=off/lk=0,6.121,6.121,0.0,0.0,0.0,0.0,0.0
723,24.002,44382.0,enc/off/vf=off/lk=0,6.121,6.121,0.0,0.0,0.0,0.0,0.0
724,24.022,44402.0,enc/off/vf=off/lk=0,6.121,6.121,0.0,0.0,0.0,0.0,0.0
725,24.042,44422.0,enc/off/vf=off/lk=0,6.121,6.121,0.0,0.0,0.0,0.0,0.0
726,24.062,44442.0,enc/off/vf=off/lk=0,6.121,6.121,0.0,0.0,0.0,0.0,0.0
727,24.082,44462.0,enc/off/vf=off/lk=0,6.121,6.121,0.0,0.0,0.0,0.0,0.0
728,24.102,44482.0,enc/off/vf=off/lk=0,6.121,6.121,0.0,0.0,0.0,0.0,0.0
729,24.122,44502.0,enc/off/vf=off/lk=0,6.121,6.121,0.0,0.0,0.0,0.0,0.0
730,24.142,44522.0,enc/off/vf=off/lk=0,6.121,6.121,0.0,0.0,0.0,0.0,0.0
731,24.162,44542.0,enc/off/vf=off/lk=0,6.121,6.121,0.0,0.0,0.0,0.0,0.0
732,24.182,44562.0,enc/off/vf=off/lk=0,6.121,6.121,0.0,0.0,0.0,0.0,0.0
733,24.202,44582.0,enc/off/vf=off/lk=0,6.121,6.121,0.0,0.0,0.0,0.0,0.0
734,24.222,44602.0,enc/off/vf=off/lk=0,6.121,6.121,0.0,0.0,0.0,0.0,0.0
735,24.242,44622.0,enc/off/vf=off/lk=0,6.121,6.121,0.0,0.0,0.0,0.0,0.0
736,24.262,44642.0,enc/off/vf=off/lk=0,6.121,6.121,0.0,0.0,0.0,0.0,0.0
737,24.282,44662.0,enc/off/vf=off/lk=0,6.121,6.121,0.0,0.0,0.0,0.0,0.0
738,24.302,44682.0,enc/off/vf=off/lk=0,6.121,6.121,0.0,0.0,0.0,0.0,0.0
739,24.322,44702.0,enc/off/vf=off/lk=0,6.121,6.121,0.0,0.0,0.0,0.0,0.0
740,24.342,44722.0,enc/off/vf=off/lk=0,6.121,6.121,0.0,0.0,0.0,0.0,0.0
741,24.362,44742.0,enc/off/vf=off/lk=0,6.121,6.121,0.0,0.0,0.0,0.0,0.0
742,24.382,44762.0,enc/off/vf=off/lk=0,6.121,6.121,0.0,0.0,0.0,0.0,0.0
743,24.402,44782.0,enc/off/vf=off/lk=0,6.121,6.121,0.0,0.0,0.0,0.0,0.0
744,24.422,44802.0,enc/off/vf=off/lk=0,6.121,6.121,0.0,0.0,0.0,0.0,0.0
745,24.442,44822.0,enc/off/vf=off/lk=0,6.121,6.121,0.0,0.0,0.0,0.0,0.0
746,24.462,44842.0,enc/off/vf=off/lk=0,6.121,6.121,0.0,0.0,0.0,0.0,0.0
747,24.482,44862.0,enc/off/vf=off/lk=0,6.121,6.121,0.0,0.0,0.0,0.0,0.0
748,24.502,44882.0,enc/off/vf=off/lk=0,6.121,6.121,0.0,0.0,0.0,0.0,0.0
749,24.522,44902.0,enc/off/vf=off/lk=0,6.121,6.121,0.0,0.0,0.0,0.0,0.0
750,24.542,44922.0,enc/off/vf=off/lk=0,6.121,6.121,0.0,0.0,0.0,0.0,0.0
751,24.562,44942.0,enc/off/vf=off/lk=0,6.121,6.121,0.0,0.0,0.0,0.0,0.0
752,24.582,44962.0,enc/off/vf=off/lk=0,6.121,6.121,0.0,0.0,0.0,0.0,0.0
753,24.602,44982.0,enc/off/vf=off/lk=0,6.121,6.121,0.0,0.0,0.0,0.0,0.0
754,24.622,45002.0,enc/off/vf=off/lk=0,6.121,6.121,0.0,0.0,0.0,0.0,0.0
755,24.642,45022.0,enc/off/vf=off/lk=0,6.121,6.121,0.0,0.0,0.0,0.0,0.0
756,24.662,45042.0,enc/off/vf=off/lk=0,6.121,6.121,0.0,0.0,0.0,0.0,0.0
757,24.682,45062.0,enc/off/vf=off/lk=0,6.121,6.121,0.0,0.0,0.0,0.0,0.0
758,24.702,45082.0,enc/off/vf=off/lk=0,6.121,6.121,0.0,0.0,0.0,0.0,0.0
759,24.722,45102.0,enc/off/vf=off/lk=0,6.121,6.121,0.0,0.0,0.0,0.0,0.0
760,24.742,45122.0,enc/off/vf=off/lk=0,6.121,6.121,0.0,0.0,0.0,0.0,0.0
761,24.762,45142.0,enc/off/vf=off/lk=0,6.121,6.121,0.0,0.0,0.0,0.0,0.0
762,24.782,45162.0,enc/off/vf=off/lk=0,6.121,6.121,0.0,0.0,0.0,0.0,0.0
763,24.802,45182.0,enc/off/vf=off/lk=0,6.121,6.121,0.0,0.0,0.0,0.0,0.0
764,24.822,45202.0,enc/off/vf=off/lk=0,6.121,6.121,0.0,0.0,0.0,0.0,0.0
765,24.842,45222.0,enc/off/vf=off/lk=0,6.121,6.121,0.0,0.0,0.0,0.0,0.0
766,24.862,45242.0,enc/off/vf=off/lk=0,6.121,6.121,0.0,0.0,0.0,0.0,0.0
767,24.882,45262.0,enc/off/vf=off/lk=0,6.121,6.121,0.0,0.0,0.0,0.0,0.0
768,24.902,45282.0,enc/off/vf=off/lk=0,6.121,6.121,0.0,0.0,0.0,0.0,0.0
769,24.922,45302.0,enc/off/vf=off/lk=0,6.121,6.121,0.0,0.0,0.0,0.0,0.0
770,24.942,45322.0,enc/off/vf=off/lk=0,6.121,6.121,0.0,0.0,0.0,0.0,0.0
771,24.962,45342.0,enc/off/vf=off/lk=0,6.121,6.121,0.0,0.0,0.0,0.0,0.0
772,24.982,45362.0,enc/off/vf=off/lk=0,6.121,6.121,0.0,0.0,0.0,0.0,0.0
773,25.002,45382.0,enc/off/vf=off/lk=0,6.121,6.121,0.0,0.0,0.0,0.0,0.0
774,25.022,45402.0,enc/off/vf=off/lk=0,6.121,6.121,0.0,0.0,0.0,0.0,0.0
775,25.042,45422.0,enc/off/vf=off/lk=0,6.121,6.121,0.0,0.0,0.0,0.0,0.0
776,25.062,45442.0,enc/off/vf=off/lk=0,6.121,6.121,0.0,0.0,0.0,0.0,0.0
777,25.082,45462.0,enc/off/vf=off/lk=0,6.121,6.121,0.0,0.0,0.0,0.0,0.0
778,25.102,45482.0,enc/off/vf=off/lk=0,6.121,6.121,0.0,0.0,0.0,0.0,0.0
779,25.122,45502.0,enc/off/vf=off/lk=0,6.121,6.121,0.0,0.0,0.0,0.0,0.0
780,25.142,45522.0,enc/off/vf=off/lk=0,6.121,6.121,0.0,0.0,0.0,0.0,0.0
781,25.162,45542.0,enc/off/vf=off/lk=0,6.121,6.121,0.0,0.0,0.0,0.0,0.0
782,25.182,45562.0,enc/off/vf=off/lk=0,6.121,6.121,0.0,0.0,0.0,0.0,0.0
783,25.202,45582.0,enc/off/vf=off/lk=0,6.121,6.121,0.0,0.0,0.0,0.0,0.0
784,25.222,45602.0,enc/off/vf=off/lk=0,6.121,6.121,0.0,0.0,0.0,0.0,0.0
785,25.242,45622.0,enc/off/vf=off/lk=0,6.121,6.121,0.0,0.0,0.0,0.0,0.0
786,25.262,45642.0,enc/off/vf=off/lk=0,6.121,6.121,0.0,0.0,0.0,0.0,0.0
787,25.282,45662.0,enc/off/vf=off/lk=0,6.121,6.121,0.0,0.0,0.0,0.0,0.0
788,25.302,45682.0,enc/off/vf=off/lk=0,6.121,6.121,0.0,0.0,0.0,0.0,0.0
789,25.322,45702.0,enc/off/vf=off/lk=0,6.121,6.121,0.0,0.0,0.0,0.0,0.0
790,25.342,45722.0,enc/off/vf=off/lk=0,6.121,6.121,0.0,0.0,0.0,0.0,0.0
791,25.362,45742.0,enc/off/vf=off/lk=0,6.121,6.121,0.0,0.0,0.0,0.0,0.0
792,25.382,45762.0,enc/off/vf=off/lk=0,6.121,6.121,0.0,0.0,0.0,0.0,0.0
793,25.402,45782.0,enc/off/vf=off/lk=0,6.121,6.121,0.0,0.0,0.0,0.0,0.0
794,25.422,45802.0,enc/off/vf=off/lk=0,6.121,6.121,0.0,0.0,0.0,0.0,0.0
795,25.442,45822.0,enc/off/vf=off/lk=0,6.121,6.121,0.0,0.0,0.0,0.0,0.0
796,25.462,45842.0,enc/off/vf=off/lk=0,6.121,6.121,0.0,0.0,0.0,0.0,0.0
797,25.482,45862.0,enc/off/vf=off/lk=0,6.121,6.121,0.0,0.0,0.0,0.0,0.0
798,25.502,45882.0,enc/off/vf=off/lk=0,6.121,6.121,0.0,0.0,0.0,0.0,0.0
799,25.522,45902.0,enc/off/vf=off/lk=0,6.121,6.121,0.0,0.0,0.0,0.0,0.0
800,25.542,45922.0,enc/off/vf=off/lk=0,6.121,6.121,0.0,0.0,0.0,0.0,0.0
801,25.562,45942.0,enc/off/vf=off/lk=0,6.121,6.121,0.0,0.0,0.0,0.0,0.0
802,25.582,45962.0,enc/off/vf=off/lk=0,6.121,6.121,0.0,0.0,0.0,0.0,0.0
803,25.602,45982.0,enc/off/vf=off/lk=0,6.121,6.121,0.0,0.0,0.0,0.0,0.0
804,25.622,46002.0,enc/off/vf=off/lk=0,6.121,6.121,0.0,0.0,0.0,0.0,0.0
805,25.642,46022.0,enc/off/vf=off/lk=0,6.121,6.121,0.0,0.0,0.0,0.0,0.0
806,25.662,46042.0,enc/off/vf=off/lk=0,6.121,6.121,0.0,0.0,0.0,0.0,0.0
807,25.682,46062.0,enc/off/vf=off/lk=0,6.121,6.121,0.0,0.0,0.0,0.0,0.0
808,25.702,46082.0,enc/off/vf=off/lk=0,6.121,6.121,0.0,0.0,0.0,0.0,0.0
809,25.722,46102.0,enc/off/vf=off/lk=0,6.121,6.121,0.0,0.0,0.0,0.0,0.0
810,25.742,46122.0,enc/off/vf=off/lk=0,6.121,6.121,0.0,0.0,0.0,0.0,0.0
811,25.762,46142.0,enc/off/vf=off/lk=0,6.121,6.121,0.0,0.0,0.0,0.0,0.0
812,25.782,46162.0,enc/off/vf=off/lk=0,6.121,6.121,0.0,0.0,0.0,0.0,0.0
813,25.802,46182.0,enc/off/vf=off/lk=0,6.121,6.121,0.0,0.0,0.0,0.0,0.0
814,25.822,46202.0,enc/off/vf=off/lk=0,6.121,6.121,0.0,0.0,0.0,0.0,0.0
815,25.842,46222.0,enc/off/vf=off/lk=0,6.121,6.121,0.0,0.0,0.0,0.0,0.0
816,25.862,46242.0,enc/off/vf=off/lk=0,6.121,6.121,0.0,0.0,0.0,0.0,0.0
817,25.882,46262.0,enc/off/vf=off/lk=0,6.121,6.121,0.0,0.0,0.0,0.0,0.0
818,25.902,46282.0,enc/off/vf=off/lk=0,6.121,6.121,0.0,0.0,0.0,0.0,0.0
819,25.922,46302.0,enc/off/vf=off/lk=0,6.121,6.121,0.0,0.0,0.0,0.0,0.0
820,25.942,46322.0,enc/off/vf=off/lk=0,6.121,6.121,0.0,0.0,0.0,0.0,0.0
821,25.962,46342.0,enc/off/vf=off/lk=0,6.121,6.121,0.0,0.0,0.0,0.0,0.0
822,25.982,46362.0,enc/off/vf=off/lk=0,6.121,6.121,0.0,0.0,0.0,0.0,0.0
823,26.002,46382.0,enc/off/vf=off/lk=0,6.121,6.121,0.0,0.0,0.0,0.0,0.0
824,26.022,46402.0,enc/off/vf=off/lk=0,6.121,6.121,0.0,0.0,0.0,0.0,0.0
825,26.042,46422.0,enc/off/vf=off/lk=0,6.121,6.121,0.0,0.0,0.0,0.0,0.0
826,26.062,46442.0,enc/off/vf=off/lk=0,6.121,6.121,0.0,0.0,0.0,0.0,0.0
827,26.082,46462.0,enc/off/vf=off/lk=0,6.121,6.121,0.0,0.0,0.0,0.0,0.0
828,26.102,46482.0,enc/off/vf=off/lk=0,6.121,6.121,0.0,0.0,0.0,0.0,0.0
829,26.122,46502.0,enc/off/vf=off/lk=0,6.121,6.121,0.0,0.0,0.0,0.0,0.0
830,26.142,46522.0,enc/off/vf=off/lk=0,6.121,6.121,0.0,0.0,0.0,0.0,0.0
831,26.162,46542.0,enc/off/vf=off/lk=0,6.121,6.121,0.0,0.0,0.0,0.0,0.0
832,26.182,46562.0,enc/off/vf=off/lk=0,6.121,6.121,0.0,0.0,0.0,0.0,0.0
833,26.202,46582.0,enc/off/vf=off/lk=0,6.121,6.121,0.0,0.0,0.0,0.0,0.0
834,26.222,46602.0,enc/off/vf=off/lk=0,6.121,6.121,0.0,0.0,0.0,0.0,0.0
835,26.242,46622.0,enc/off/vf=off/lk=0,6.121,6.121,0.0,0.0,0.0,0.0,0.0
836,26.262,46642.0,enc/off/vf=off/lk=0,6.121,6.121,0.0,0.0,0.0,0.0,0.0
837,26.282,46662.0,enc/off/vf=off/lk=0,6.121,6.121,0.0,0.0,0.0,0.0,0.0
838,26.302,46682.0,enc/off/vf=off/lk=0,6.121,6.121,0.0,0.0,0.0,0.0,0.0
839,26.322,46702.0,enc/off/vf=off/lk=0,6.121,6.121,0.0,0.0,0.0,0.0,0.0
840,26.342,46722.0,enc/off/vf=off/lk=0,6.121,6.121,0.0,0.0,0.0,0.0,0.0
841,26.362,46742.0,enc/off/vf=off/lk=0,6.121,6.121,0.0,0.0,0.0,0.0,0.0
842,26.382,46762.0,enc/off/vf=off/lk=0,6.121,6.121,0.0,0.0,0.0,0.0,0.0
843,26.402,46782.0,enc/off/vf=off/lk=0,6.121,6.121,0.0,0.0,0.0,0.0,0.0
844,26.422,46802.0,enc/off/vf=off/lk=0,6.121,6.121,0.0,0.0,0.0,0.0,0.0
845,26.442,46822.0,enc/off/vf=off/lk=0,6.121,6.121,0.0,0.0,0.0,0.0,0.0
846,26.462,46842.0,enc/off/vf=off/lk=0,6.121,6.121,0.0,0.0,0.0,0.0,0.0
847,26.482,46862.0,enc/off/vf=off/lk=0,6.121,6.121,0.0,0.0,0.0,0.0,0.0
848,26.502,46882.0,enc/off/vf=off/lk=0,6.121,6.121,0.0,0.0,0.0,0.0,0.0
849,26.522,46902.0,enc/off/vf=off/lk=0,6.121,6.121,0.0,0.0,0.0,0.0,0.0
850,26.542,46922.0,enc/off/vf=off/lk=0,6.121,6.121,0.0,0.0,0.0,0.0,0.0
851,26.562,46942.0,enc/off/vf=off/lk=0,6.121,6.121,0.0,0.0,0.0,0.0,0.0
852,26.582,46962.0,enc/off/vf=off/lk=0,6.121,6.121,0.0,0.0,0.0,0.0,0.0
853,26.602,46982.0,enc/off/vf=off/lk=0,6.121,6.121,0.0,0.0,0.0,0.0,0.0
854,26.622,47002.0,enc/off/vf=off/lk=0,6.121,6.121,0.0,0.0,0.0,0.0,0.0
855,26.642,47022.0,enc/off/vf=off/lk=0,6.121,6.121,0.0,0.0,0.0,0.0,0.0
856,26.662,47042.0,enc/off/vf=off/lk=0,6.121,6.121,0.0,0.0,0.0,0.0,0.0
857,26.682,47062.0,enc/off/vf=off/lk=0,6.121,6.121,0.0,0.0,0.0,0.0,0.0
858,26.702,47082.0,enc/off/vf=off/lk=0,6.121,6.121,0.0,0.0,0.0,0.0,0.0
859,26.722,47102.0,enc/off/vf=off/lk=0,6.121,6.121,0.0,0.0,0.0,0.0,0.0
860,26.742,47122.0,enc/off/vf=off/lk=0,6.121,6.121,0.0,0.0,0.0,0.0,0.0
861,26.762,47142.0,enc/off/vf=off/lk=0,6.121,6.121,0.0,0.0,0.0,0.0,0.0
862,26.782,47162.0,enc/off/vf=off/lk=0,6.121,6.121,0.0,0.0,0.0,0.0,0.0
863,26.802,47182.0,enc/off/vf=off/lk=0,6.121,6.121,0.0,0.0,0.0,0.0,0.0
864,26.822,47202.0,enc/off/vf=off/lk=0,6.121,6.121,0.0,0.0,0.0,0.0,0.0
865,26.842,47222.0,enc/smo/vf=off/lk=0,6.121,6.121,-0.478,0.316,0.0,0.023,0.0
866,26.862,47242.0,enc/smo/vf=off/lk=0,6.121,6.121,-0.479,0.316,0.0,-0.11,0.0
867,26.882,47262.0,enc/smo/vf=off/lk=0,6.121,6.121,-0.482,0.32,0.0,-0.222,0.0
868,26.902,47282.0,enc/smo/vf=off/lk=0,6.121,6.121,-0.487,0.325,0.0,0.098,0.0
869,26.922,47302.0,enc/smo/vf=off/lk=0,6.121,6.121,-0.492,0.329,0.0,-0.307,0.0
870,26.942,47322.0,enc/smo/vf=off/lk=0,6.121,6.121,-0.494,0.332,0.0,-0.217,0.0
871,26.962,47342.0,enc/smo/vf=off/lk=0,6.121,6.121,-0.494,0.332,0.0,-0.379,0.0
872,26.982,47362.0,enc/smo/vf=off/lk=0,6.121,6.121,-0.498,0.335,0.0,-0.187,0.0
873,27.002,47382.0,enc/smo/vf=off/lk=0,6.121,6.121,-0.5,0.337,0.0,0.261,0.0
874,27.022,47402.0,enc/smo/vf=off/lk=0,6.121,6.121,-0.505,0.343,0.0,-0.325,0.0
875,27.042,47422.0,enc/smo/vf=off/lk=0,6.121,6.121,-0.509,0.346,0.0,0.02,0.0
876,27.062,47442.0,enc/smo/vf=off/lk=0,6.121,6.121,-0.512,0.35,0.0,0.12,0.0
877,27.082,47462.0,enc/smo/vf=off/lk=0,6.121,6.121,-0.519,0.356,0.0,-0.318,0.0
878,27.102,47482.0,enc/smo/vf=off/lk=0,6.121,6.121,-0.523,0.36,0.0,-0.195,0.0
879,27.122,47502.0,enc/smo/vf=off/lk=0,6.121,6.121,-0.532,0.369,0.0,-0.225,0.0
880,27.142,47522.0,enc/smo/vf=off/lk=0,6.121,6.121,-0.541,0.378,0.0,-0.133,0.0
881,27.162,47542.0,enc/smo/vf=off/lk=0,6.121,6.121,-0.542,0.379,0.0,-0.343,0.0
882,27.182,47562.0,enc/smo/vf=off/lk=0,6.121,6.121,-0.546,0.384,0.0,-0.557,0.0
883,27.202,47582.0,enc/smo/vf=off/lk=0,6.121,6.121,-0.551,0.388,0.0,-0.268,0.0
884,27.222,47602.0,enc/smo/vf=off/lk=0,6.121,6.121,-0.555,0.393,0.0,-0.271,0.0
885,27.242,47622.0,enc/smo/vf=off/lk=0,6.121,6.121,-0.559,0.397,0.0,-0.073,0.0
886,27.262,47642.0,enc/smo/vf=off/lk=0,6.121,6.121,-0.567,0.404,0.0,-0.44,0.0
887,27.282,47662.0,enc/smo/vf=off/lk=0,6.121,6.121,-0.572,0.409,0.0,-0.259,0.0
888,27.302,47682.0,enc/smo/vf=off/lk=0,6.121,6.121,-0.576,0.413,0.0,-0.169,0.0
889,27.322,47702.0,enc/smo/vf=off/lk=0,6.121,6.121,-0.579,0.416,0.0,-0.285,0.0
890,27.342,47722.0,enc/smo/vf=off/lk=0,6.121,6.121,-0.581,0.419,0.0,-0.271,0.0
891,27.362,47742.0,enc/smo/vf=off/lk=0,6.121,6.121,-0.583,0.42,0.0,-0.036,0.0
892,27.382,47762.0,enc/smo/vf=off/lk=0,6.121,6.121,-0.587,0.424,0.0,-0.365,0.0
893,27.402,47782.0,enc/smo/vf=off/lk=0,6.121,6.121,-0.591,0.429,0.0,-0.072,0.0
894,27.422,47802.0,enc/smo/vf=off/lk=0,6.121,6.121,-0.596,0.433,0.0,-0.355,0.0
895,27.442,47822.0,enc/smo/vf=off/lk=0,6.121,6.121,-0.599,0.436,0.0,-0.182,0.0
896,27.462,47842.0,enc/smo/vf=off/lk=0,6.121,6.121,-0.596,0.433,0.0,-0.091,0.0
897,27.482,47862.0,enc/smo/vf=off/lk=0,6.121,6.121,-0.598,0.435,0.0,-0.034,0.0
898,27.502,47882.0,enc/smo/vf=off/lk=0,6.121,6.121,-0.6,0.437,0.0,0.023,0.0
899,27.522,47902.0,enc/smo/vf=off/lk=0,6.121,6.121,-0.601,0.438,0.0,-0.039,0.0
900,27.542,47922.0,enc/smo/vf=off/lk=0,6.121,6.121,-0.603,0.441,0.0,0.035,0.0
901,27.562,47942.0,enc/smo/vf=off/lk=0,6.121,6.121,-0.604,0.442,0.0,0.122,0.0
902,27.582,47962.0,enc/smo/vf=off/lk=0,6.121,6.121,-0.608,0.445,0.0,-0.039,0.0
903,27.602,47982.0,enc/smo/vf=off/lk=0,6.121,6.121,-0.609,0.446,0.0,-0.1,0.0
904,27.622,48002.0,enc/smo/vf=off/lk=0,6.121,6.121,-0.613,0.451,0.0,-0.1,0.0
905,27.642,48022.0,enc/smo/vf=off/lk=0,6.121,6.121,-0.615,0.453,0.0,0.043,0.0
906,27.662,48042.0,enc/smo/vf=off/lk=0,6.121,6.121,-0.616,0.453,0.0,-0.04,0.0
907,27.682,48062.0,enc/smo/vf=off/lk=0,6.121,6.121,-0.616,0.453,0.0,0.161,0.0
908,27.702,48082.0,enc/smo/vf=off/lk=0,6.121,6.121,-0.618,0.455,0.0,0.172,0.0
909,27.722,48102.0,enc/smo/vf=off/lk=0,6.121,6.121,-0.619,0.457,0.0,0.085,0.0
910,27.742,48122.0,enc/smo/vf=off/lk=0,6.121,6.121,-0.621,0.459,0.0,0.015,0.0
911,27.762,48142.0,enc/smo/vf=off/lk=0,6.121,6.121,-0.622,0.46,0.0,0.087,0.0
912,27.782,48162.0,enc/smo/vf=off/lk=0,6.121,6.121,-0.622,0.459,0.0,-0.303,0.0
913,27.802,48182.0,enc/smo/vf=off/lk=0,6.121,6.121,-0.622,0.46,0.0,-0.035,0.0
914,27.822,48202.0,enc/smo/vf=off/lk=0,6.121,6.121,-0.622,0.46,0.0,0.03,0.0
915,27.842,48222.0,enc/smo/vf=off/lk=0,6.121,6.121,-0.624,0.462,0.0,-0.269,0.0
916,27.862,48242.0,enc/smo/vf=off/lk=0,6.121,6.121,-0.624,0.461,0.0,-0.319,0.0
917,27.882,48262.0,enc/smo/vf=off/lk=0,6.121,6.121,-0.622,0.459,0.0,-0.158,0.0
918,27.902,48282.0,enc/smo/vf=off/lk=0,6.121,6.121,-0.622,0.459,0.0,-0.03,0.0
919,27.922,48302.0,enc/smo/vf=off/lk=0,6.121,6.121,-0.622,0.46,0.0,-0.093,0.0
920,27.942,48322.0,enc/smo/vf=off/lk=0,6.121,6.121,-0.619,0.457,0.0,0.198,0.0
921,27.962,48342.0,enc/smo/vf=off/lk=0,6.121,6.121,-0.618,0.455,0.0,-0.023,0.0
922,27.982,48362.0,enc/smo/vf=off/lk=0,6.121,6.121,-0.616,0.453,0.0,-0.141,0.0
923,28.002,48382.0,enc/smo/vf=off/lk=0,6.121,6.121,-0.617,0.455,0.0,-0.148,0.0
924,28.022,48402.0,enc/smo/vf=off/lk=0,6.121,6.121,-0.615,0.453,0.0,0.274,0.0
925,28.042,48422.0,enc/smo/vf=off/lk=0,6.121,6.121,-0.613,0.451,0.0,-0.081,0.0
926,28.062,48442.0,enc/smo/vf=off/lk=0,6.121,6.121,-0.61,0.448,0.0,0.628,0.0
927,28.082,48462.0,enc/smo/vf=off/lk=0,6.121,6.121,-0.611,0.448,0.0,-0.228,0.0
928,28.102,48482.0,enc/smo/vf=off/lk=0,6.121,6.121,-0.608,0.446,0.0,0.219,0.0
929,28.122,48502.0,enc/smo/vf=off/lk=0,6.121,6.121,-0.606,0.443,0.0,0.287,0.0
930,28.142,48522.0,enc/smo/vf=off/lk=0,6.121,6.121,-0.607,0.444,0.0,-0.137,0.0
931,28.162,48542.0,enc/smo/vf=off/lk=0,6.121,6.121,-0.6,0.438,0.0,0.237,0.0
932,28.182,48562.0,enc/smo/vf=off/lk=0,6.121,6.121,-0.595,0.433,0.0,0.105,0.0
933,28.202,48582.0,enc/smo/vf=off/lk=0,6.121,6.121,-0.59,0.427,0.0,0.191,0.0
934,28.222,48602.0,enc/smo/vf=off/lk=0,6.121,6.121,-0.585,0.423,0.0,0.081,0.0
935,28.242,48622.0,enc/smo/vf=off/lk=0,6.121,6.121,-0.581,0.418,0.0,0.504,0.0
936,28.262,48642.0,enc/smo/vf=off/lk=0,6.121,6.121,-0.579,0.417,0.0,0.263,0.0
937,28.282,48662.0,enc/smo/vf=off/lk=0,6.121,6.121,-0.575,0.412,0.0,0.185,0.0
938,28.302,48682.0,enc/smo/vf=off/lk=0,6.121,6.121,-0.571,0.409,0.0,0.357,0.0
939,28.322,48702.0,enc/smo/vf=off/lk=0,6.121,6.121,-0.567,0.405,0.0,0.279,0.0
940,28.342,48722.0,enc/smo/vf=off/lk=0,6.121,6.121,-0.573,0.41,0.0,0.198,0.0
941,28.362,48742.0,enc/smo/vf=off/lk=0,6.121,6.121,-0.575,0.412,0.0,0.198,0.0
942,28.382,48762.0,enc/smo/vf=off/lk=0,6.121,6.121,-0.573,0.411,0.0,-0.12,0.0
943,28.402,48782.0,enc/smo/vf=off/lk=0,6.121,6.121,-0.575,0.412,0.0,-0.21,0.0
944,28.422,48802.0,enc/smo/vf=off/lk=0,6.121,6.121,-0.572,0.409,0.0,0.092,0.0
945,28.442,48822.0,enc/smo/vf=off/lk=0,6.121,6.121,-0.57,0.407,0.0,-0.022,0.0
946,28.462,48842.0,enc/smo/vf=off/lk=0,6.121,6.121,-0.568,0.405,0.0,0.016,0.0
947,28.482,48862.0,enc/smo/vf=off/lk=0,6.121,6.121,-0.565,0.402,0.0,0.147,0.0
948,28.502,48882.0,enc/smo/vf=off/lk=0,6.121,6.121,-0.564,0.401,0.0,-0.01,0.0
949,28.522,48902.0,enc/smo/vf=off/lk=0,6.121,6.121,-0.56,0.398,0.0,0.309,0.0
950,28.542,48922.0,enc/smo/vf=off/lk=0,6.121,6.121,-0.557,0.395,0.0,0.213,0.0
951,28.562,48942.0,enc/smo/vf=off/lk=0,6.121,6.121,-0.558,0.396,0.0,0.113,0.0
952,28.582,48962.0,enc/smo/vf=off/lk=0,6.121,6.121,-0.556,0.393,0.0,0.4,0.0
953,28.602,48982.0,enc/smo/vf=off/lk=0,6.121,6.121,-0.559,0.397,0.0,-0.567,0.0
954,28.622,49002.0,enc/smo/vf=off/lk=0,6.121,6.121,-0.552,0.39,0.0,0.162,0.0
955,28.642,49022.0,enc/smo/vf=off/lk=0,6.121,6.121,-0.55,0.387,0.0,0.042,0.0
956,28.662,49042.0,enc/smo/vf=off/lk=0,6.121,6.121,-0.549,0.386,0.0,-0.344,0.0
957,28.682,49062.0,enc/smo/vf=off/lk=0,6.121,6.121,-0.548,0.386,0.0,0.177,0.0
958,28.702,49082.0,enc/smo/vf=off/lk=0,6.121,6.121,-0.546,0.384,0.0,0.016,0.0
959,28.722,49102.0,enc/smo/vf=off/lk=0,6.121,6.121,-0.545,0.383,0.0,-0.427,0.0
960,28.742,49122.0,enc/smo/vf=off/lk=0,6.121,6.121,-0.544,0.381,0.0,0.103,0.0
961,28.762,49142.0,enc/smo/vf=off/lk=0,6.121,6.121,-0.542,0.38,0.0,0.111,0.0
962,28.782,49162.0,enc/smo/vf=off/lk=0,6.121,6.121,-0.541,0.379,0.0,-0.075,0.0
963,28.802,49182.0,enc/smo/vf=off/lk=0,6.121,6.121,-0.541,0.378,0.0,0.386,0.0
964,28.822,49202.0,enc/smo/vf=off/lk=0,6.121,6.121,-0.538,0.375,0.0,0.081,0.0
965,28.842,49222.0,enc/smo/vf=off/lk=0,6.121,6.121,-0.536,0.374,0.0,-0.125,0.0
966,28.862,49242.0,enc/smo/vf=off/lk=0,6.121,6.121,-0.533,0.37,0.0,0.214,0.0
967,28.882,49262.0,enc/smo/vf=off/lk=0,6.121,6.121,-0.532,0.369,0.0,0.037,0.0
968,28.902,49282.0,enc/smo/vf=off/lk=0,6.121,6.121,-0.531,0.368,0.0,0.103,0.0
969,28.922,49302.0,enc/smo/vf=off/lk=0,6.121,6.121,-0.531,0.368,0.0,-0.002,0.0
970,28.942,49322.0,enc/smo/vf=off/lk=0,6.121,6.121,-0.532,0.369,0.0,-0.065,0.0
971,28.962,49342.0,enc/smo/vf=off/lk=0,6.121,6.121,-0.53,0.367,0.0,0.14,0.0
972,28.982,49362.0,enc/smo/vf=off/lk=0,6.121,6.121,-0.53,0.368,0.0,0.051,0.0
973,29.002,49382.0,enc/smo/vf=off/lk=0,6.121,6.121,-0.528,0.365,0.0,0.322,0.0
974,29.022,49402.0,enc/smo/vf=off/lk=0,6.121,6.121,-0.528,0.365,0.0,-1.06,0.0
975,29.042,49422.0,enc/smo/vf=off/lk=0,6.121,6.121,-0.519,0.356,0.0,-0.342,0.0
976,29.062,49442.0,enc/smo/vf=off/lk=0,6.121,6.121,-0.515,0.352,0.0,0.211,0.0
977,29.082,49462.0,enc/smo/vf=off/lk=0,6.121,6.121,-0.518,0.356,0.0,-0.204,0.0
978,29.102,49482.0,enc/smo/vf=off/lk=0,6.121,6.121,-0.519,0.357,0.0,-0.088,0.0
979,29.122,49502.0,enc/smo/vf=off/lk=0,6.121,6.121,-0.521,0.358,0.0,0.12,0.0
980,29.142,49522.0,enc/smo/vf=off/lk=0,6.121,6.121,-0.523,0.361,0.0,-0.127,0.0
981,29.162,49542.0,enc/smo/vf=off/lk=0,6.121,6.121,-0.524,0.361,0.0,-0.231,0.0
982,29.182,49562.0,enc/smo/vf=off/lk=0,6.121,6.121,-0.526,0.363,0.0,-0.058,0.0
983,29.202,49582.0,enc/smo/vf=off/lk=0,6.121,6.121,-0.524,0.361,0.0,-0.139,0.0
984,29.222,49602.0,enc/smo/vf=off/lk=0,6.121,6.121,-0.52,0.357,0.0,0.015,0.0
985,29.242,49622.0,enc/smo/vf=off/lk=0,6.121,6.121,-0.519,0.357,0.0,0.109,0.0
986,29.262,49642.0,enc/smo/vf=off/lk=0,6.121,6.121,-0.522,0.36,0.0,0.051,0.0
987,29.282,49662.0,enc/smo/vf=off/lk=0,6.121,6.121,-0.525,0.362,0.0,-0.347,0.0
988,29.302,49682.0,enc/smo/vf=off/lk=0,6.121,6.121,-0.526,0.363,0.0,-0.197,0.0
989,29.322,49702.0,enc/smo/vf=off/lk=0,6.121,6.121,-0.526,0.363,0.0,-0.254,0.0
990,29.342,49722.0,enc/smo/vf=off/lk=0,6.121,6.121,-0.527,0.364,0.0,0.036,0.0
991,29.362,49742.0,enc/smo/vf=off/lk=0,6.121,6.121,-0.529,0.366,0.0,-0.155,0.0
992,29.382,49762.0,enc/smo/vf=off/lk=0,6.121,6.121,-0.531,0.368,0.0,-0.064,0.0
993,29.402,49782.0,enc/smo/vf=off/lk=0,6.121,6.121,-0.531,0.368,0.0,-0.075,0.0
994,29.422,49802.0,enc/smo/vf=off/lk=0,6.121,6.121,-0.534,0.371,0.0,-0.375,0.0
995,29.442,49822.0,enc/smo/vf=off/lk=0,6.121,6.121,-0.537,0.374,0.0,0.196,0.0
996,29.462,49842.0,enc/smo/vf=off/lk=0,6.121,6.121,-0.539,0.376,0.0,0.276,0.0
997,29.482,49862.0,enc/smo/vf=off/lk=0,6.121,6.121,-0.539,0.377,0.0,-0.151,0.0
998,29.502,49882.0,enc/smo/vf=off/lk=0,6.121,6.121,-0.539,0.376,0.0,-0.16,0.0
999,29.522,49902.0,enc/smo/vf=off/lk=0,6.121,6.121,-0.543,0.38,0.0,-0.202,0.0
1000,29.542,49922.0,enc/smo/vf=off/lk=0,6.121,6.121,-0.542,0.379,0.0,0.061,0.0
1001,29.562,49942.0,enc/smo/vf=off/lk=0,6.121,6.121,-0.544,0.381,0.0,0.044,0.0
1002,29.582,49962.0,enc/smo/vf=off/lk=0,6.121,6.121,-0.546,0.383,0.0,-0.118,0.0
1003,29.602,49982.0,enc/smo/vf=off/lk=0,6.121,6.121,-0.547,0.384,0.0,0.355,0.0
1004,29.622,50002.0,enc/smo/vf=off/lk=0,6.121,6.121,-0.549,0.387,0.0,0.02,0.0
1005,29.642,50022.0,enc/smo/vf=off/lk=0,6.121,6.121,-0.552,0.39,0.0,0.24,0.0
1006,29.662,50042.0,enc/smo/vf=off/lk=0,6.121,6.121,-0.554,0.391,0.0,-0.054,0.0
1007,29.682,50062.0,enc/smo/vf=off/lk=0,6.121,6.121,-0.556,0.393,0.0,-0.037,0.0
1008,29.702,50082.0,enc/smo/vf=off/lk=0,6.121,6.121,-0.557,0.394,0.0,-0.079,0.0
1009,29.722,50102.0,enc/smo/vf=off/lk=0,6.121,6.121,-0.555,0.392,0.0,0.103,0.0
1010,29.742,50122.0,enc/smo/vf=off/lk=0,6.121,6.121,-0.556,0.393,0.0,0.109,0.0
1011,29.762,50142.0,enc/smo/vf=off/lk=0,6.121,6.121,-0.555,0.392,0.0,-0.279,0.0
1012,29.782,50162.0,enc/smo/vf=off/lk=0,6.121,6.121,-0.557,0.394,0.0,-0.277,0.0
1013,29.802,50182.0,enc/smo/vf=off/lk=0,6.121,6.121,-0.582,0.419,0.0,-0.318,0.0
1014,29.822,50202.0,enc/smo/vf=off/lk=0,6.121,6.121,-0.594,0.431,0.0,-0.53,0.0
1015,29.842,50222.0,enc/smo/vf=off/lk=0,6.121,6.121,-0.602,0.44,0.0,-0.506,0.0
1016,29.862,50242.0,enc/smo/vf=off/lk=0,6.121,6.121,-0.609,0.446,0.0,-0.222,0.0
1017,29.882,50262.0,enc/smo/vf=off/lk=0,6.121,6.121,-0.62,0.457,0.0,-0.297,0.0
1018,29.902,50282.0,enc/smo/vf=off/lk=0,6.121,6.121,-0.628,0.466,0.0,-0.78,0.0
1019,29.922,50302.0,enc/smo/vf=off/lk=0,6.121,6.121,-0.637,0.475,0.0,-0.397,0.0
1020,29.942,50322.0,enc/smo/vf=off/lk=0,6.121,6.121,-0.646,0.483,0.0,-0.298,0.0
1021,29.962,50342.0,enc/smo/vf=off/lk=0,6.121,6.121,-0.653,0.491,0.0,-0.293,0.0
1022,29.982,50362.0,enc/smo/vf=off/lk=0,6.121,6.121,-0.661,0.499,0.0,-0.197,0.0
1023,30.002,50382.0,enc/smo/vf=off/lk=0,6.121,6.121,-0.67,0.507,0.0,-0.459,0.0
1024,30.022,50402.0,enc/smo/vf=off/lk=0,6.121,6.121,-0.677,0.514,0.0,-0.387,0.0
1025,30.042,50422.0,enc/smo/vf=off/lk=0,6.121,6.121,-0.683,0.52,0.0,-0.352,0.0
1026,30.062,50442.0,enc/smo/vf=off/lk=0,6.121,6.121,-0.69,0.528,0.0,-0.178,0.0
1027,30.082,50462.0,enc/smo/vf=off/lk=0,6.121,6.121,-0.696,0.533,0.0,-0.172,0.0
1028,30.102,50482.0,enc/smo/vf=off/lk=0,6.121,6.121,-0.7,0.538,0.0,-0.169,0.0
1029,30.122,50502.0,enc/smo/vf=off/lk=0,6.121,6.121,-0.707,0.544,0.0,-0.185,0.0
1030,30.142,50522.0,enc/smo/vf=off/lk=0,6.121,6.121,-0.711,0.549,0.0,-0.353,0.0
1031,30.162,50542.0,enc/smo/vf=off/lk=0,6.121,6.121,-0.715,0.552,0.0,-0.346,0.0
1032,30.182,50562.0,enc/smo/vf=off/lk=0,6.121,6.121,-0.718,0.556,0.0,-0.265,0.0
1033,30.202,50582.0,enc/smo/vf=off/lk=0,6.121,6.121,-0.72,0.557,0.0,-0.162,0.0
1034,30.222,50602.0,enc/smo/vf=off/lk=0,6.121,6.121,-0.723,0.56,0.0,-0.046,0.0
1035,30.242,50622.0,enc/smo/vf=off/lk=0,6.121,6.121,-0.725,0.562,0.0,-0.014,0.0
1036,30.262,50642.0,enc/smo/vf=off/lk=0,6.121,6.121,-0.725,0.562,0.0,-0.057,0.0
1037,30.282,50662.0,enc/smo/vf=off/lk=0,6.121,6.121,-0.723,0.561,0.0,0.112,0.0
1038,30.302,50682.0,enc/smo/vf=off/lk=0,6.121,6.121,-0.722,0.559,0.0,0.009,0.0
1039,30.322,50702.0,enc/smo/vf=off/lk=0,6.121,6.121,-0.72,0.557,0.0,-0.051,0.0
1040,30.342,50722.0,enc/smo/vf=off/lk=0,6.121,6.121,-0.718,0.556,0.0,0.076,0.0
1041,30.362,50742.0,enc/smo/vf=off/lk=0,6.121,6.121,-0.714,0.551,0.0,0.111,0.0
1042,30.382,50762.0,enc/smo/vf=off/lk=0,6.121,6.121,-0.709,0.547,0.0,0.242,0.0
1043,30.402,50782.0,enc/smo/vf=off/lk=0,6.121,6.121,-0.708,0.545,0.0,0.174,0.0
1044,30.422,50802.0,enc/smo/vf=off/lk=0,6.121,6.121,-0.704,0.541,0.0,0.264,0.0
1045,30.442,50822.0,enc/smo/vf=off/lk=0,6.121,6.121,-0.698,0.535,0.0,0.337,0.0
1046,30.462,50842.0,enc/smo/vf=off/lk=0,6.121,6.121,-0.69,0.528,0.0,0.377,0.0
1047,30.482,50862.0,enc/smo/vf=off/lk=0,6.121,6.121,-0.683,0.52,0.0,0.262,0.0
1048,30.502,50882.0,enc/smo/vf=off/lk=0,6.121,6.121,-0.675,0.513,0.0,0.391,0.0
1049,30.522,50902.0,enc/smo/vf=off/lk=0,6.121,6.121,-0.669,0.507,0.0,0.446,0.0
1050,30.542,50922.0,enc/smo/vf=off/lk=0,6.121,6.121,-0.662,0.5,0.0,0.477,0.0
1051,30.562,50942.0,enc/smo/vf=off/lk=0,6.121,6.121,-0.654,0.491,0.0,0.463,0.0
1052,30.582,50962.0,enc/smo/vf=off/lk=0,6.121,6.121,-0.646,0.483,0.0,0.317,0.0
1053,30.602,50982.0,enc/smo/vf=off/lk=0,6.121,6.121,-0.636,0.473,0.0,0.338,0.0
1054,30.622,51002.0,enc/smo/vf=off/lk=0,6.121,6.121,-0.627,0.464,0.0,0.557,0.0
1055,30.642,51022.0,enc/smo/vf=off/lk=0,6.121,6.121,-0.616,0.453,0.0,0.648,0.0
1056,30.662,51042.0,enc/smo/vf=off/lk=0,6.121,6.121,-0.606,0.443,0.0,0.7,0.0
1057,30.682,51062.0,enc/smo/vf=off/lk=0,6.121,6.121,-0.597,0.434,0.0,0.765,0.0
1058,30.702,51082.0,enc/smo/vf=off/lk=0,6.121,6.121,-0.587,0.424,0.0,0.523,0.0
1059,30.722,51102.0,enc/smo/vf=off/lk=0,6.121,6.121,-0.574,0.411,0.0,0.654,0.0
1060,30.742,51122.0,enc/smo/vf=off/lk=1,6.121,6.121,-0.567,0.405,0.0,-1.649,0.0
1061,30.762,51142.0,enc/smo/vf=off/lk=0,6.121,6.121,-0.551,0.389,0.0,0.844,0.0
1062,30.782,51162.0,enc/smo/vf=off/lk=0,6.121,6.121,-0.543,0.38,0.0,0.686,0.0
1063,30.802,51182.0,enc/smo/vf=off/lk=0,6.121,6.121,-0.532,0.37,0.0,0.737,0.0
1064,30.822,51202.0,enc/smo/vf=off/lk=0,6.121,6.121,-0.52,0.357,0.0,0.487,0.0
1065,30.842,51222.0,enc/smo/vf=off/lk=0,6.121,6.121,-0.511,0.348,0.0,0.456,0.0
1066,30.862,51242.0,enc/smo/vf=off/lk=0,6.121,6.121,-0.502,0.34,0.0,0.67,0.0
1067,30.882,51262.0,enc/smo/vf=off/lk=0,6.121,6.121,-0.492,0.33,0.0,0.074,0.0
1068,30.902,51282.0,enc/smo/vf=off/lk=0,6.121,6.121,-0.48,0.317,0.0,1.042,0.0
1069,30.922,51302.0,enc/smo/vf=off/lk=0,6.121,6.121,-0.47,0.308,0.0,0.911,0.0
1070,30.942,51322.0,enc/smo/vf=off/lk=0,6.121,6.121,-0.463,0.3,0.0,0.397,0.0
1071,30.962,51342.0,enc/smo/vf=off/lk=0,6.121,6.121,-0.455,0.292,0.0,0.176,0.0
1072,30.982,51362.0,enc/smo/vf=off/lk=0,6.121,6.121,-0.449,0.286,0.0,0.4,0.0
1073,31.002,51382.0,enc/smo/vf=off/lk=0,6.121,6.121,-0.44,0.277,0.0,0.409,0.0
1074,31.022,51402.0,enc/smo/vf=off/lk=0,6.121,6.121,-0.434,0.272,0.0,0.218,0.0
1075,31.042,51422.0,enc/smo/vf=off/lk=0,6.121,6.121,-0.427,0.265,0.0,0.271,0.0
1076,31.062,51442.0,enc/smo/vf=off/lk=0,6.121,6.121,-0.421,0.258,0.0,0.321,0.0
1077,31.082,51462.0,enc/smo/vf=off/lk=0,6.121,6.121,-0.416,0.254,0.0,0.174,0.0
1078,31.102,51482.0,enc/smo/vf=off/lk=0,6.121,6.121,-0.411,0.249,0.0,0.133,0.0
1079,31.122,51502.0,enc/smo/vf=off/lk=0,6.121,6.121,-0.405,0.243,0.0,0.234,0.0
1080,31.142,51522.0,enc/smo/vf=off/lk=0,6.121,6.121,-0.401,0.238,0.0,0.487,0.0
1081,31.162,51542.0,enc/smo/vf=off/lk=0,6.121,6.121,-0.397,0.235,0.0,0.013,0.0
1082,31.182,51562.0,enc/smo/vf=off/lk=0,6.121,6.121,-0.394,0.231,0.0,0.083,0.0
1083,31.202,51582.0,enc/smo/vf=off/lk=0,6.121,6.121,-0.391,0.229,0.0,0.102,0.0
1084,31.222,51602.0,enc/smo/vf=off/lk=0,6.121,6.121,-0.39,0.228,0.0,0.233,0.0
1085,31.242,51622.0,enc/smo/vf=off/lk=0,6.121,6.121,-0.392,0.229,0.0,0.19,0.0
1086,31.262,51642.0,enc/smo/vf=off/lk=0,6.121,6.121,-0.389,0.226,0.0,-0.015,0.0
1087,31.282,51662.0,enc/smo/vf=off/lk=0,6.121,6.121,-0.39,0.228,0.0,-0.057,0.0
1088,31.302,51682.0,enc/smo/vf=off/lk=0,6.121,6.121,-0.392,0.23,0.0,-0.095,0.0
1089,31.322,51702.0,enc/smo/vf=off/lk=0,6.121,6.121,-0.395,0.233,0.0,-0.3,0.0
1090,31.342,51722.0,enc/smo/vf=off/lk=0,6.121,6.121,-0.398,0.235,0.0,-0.267,0.0
1091,31.362,51742.0,enc/smo/vf=off/lk=0,6.121,6.121,-0.401,0.238,0.0,-0.143,0.0
1092,31.382,51762.0,enc/smo/vf=off/lk=0,6.121,6.121,-0.403,0.241,0.0,-0.241,0.0
1093,31.402,51782.0,enc/smo/vf=off/lk=0,6.121,6.121,-0.412,0.249,0.0,-0.181,0.0
1094,31.422,51802.0,enc/smo/vf=off/lk=0,6.121,6.121,-0.42,0.257,0.0,-0.533,0.0
1095,31.442,51822.0,enc/smo/vf=off/lk=0,6.121,6.121,-0.427,0.265,0.0,-0.245,0.0
1096,31.462,51842.0,enc/smo/vf=off/lk=0,6.121,6.121,-0.436,0.274,0.0,-0.471,0.0
1097,31.482,51862.0,enc/smo/vf=off/lk=0,6.121,6.121,-0.445,0.282,0.0,-0.482,0.0
1098,31.502,51882.0,enc/smo/vf=off/lk=0,6.121,6.121,-0.456,0.293,0.0,-0.327,0.0
1099,31.522,51902.0,enc/smo/vf=off/lk=0,6.121,6.121,-0.473,0.31,0.0,-0.625,0.0
1100,31.542,51922.0,enc/smo/vf=off/lk=0,6.121,6.121,-0.487,0.324,0.0,-0.807,0.0
1101,31.562,51942.0,enc/smo/vf=off/lk=0,6.121,6.121,-0.5,0.337,0.0,-0.713,0.0
1102,31.582,51962.0,enc/smo/vf=off/lk=0,6.121,6.121,-0.51,0.347,0.0,-0.476,0.0
1103,31.602,51982.0,enc/smo/vf=off/lk=0,6.121,6.121,-0.521,0.358,0.0,0.19,0.0
1104,31.622,52002.0,enc/smo/vf=off/lk=0,6.121,6.121,-0.538,0.376,0.0,-0.629,0.0
1105,31.642,52022.0,enc/smo/vf=off/lk=0,6.121,6.121,-0.552,0.39,0.0,-0.683,0.0
1106,31.662,52042.0,enc/smo/vf=off/lk=0,6.121,6.121,-0.566,0.403,0.0,-0.688,0.0
1107,31.682,52062.0,enc/smo/vf=off/lk=0,6.121,6.121,-0.58,0.417,0.0,-0.563,0.0
1108,31.702,52082.0,enc/smo/vf=off/lk=0,6.121,6.121,-0.588,0.425,0.0,-0.427,0.0
1109,31.722,52102.0,enc/smo/vf=off/lk=0,6.121,6.121,-0.6,0.437,0.0,-0.461,0.0
1110,31.742,52122.0,enc/smo/vf=off/lk=0,6.121,6.121,-0.607,0.444,0.0,-0.397,0.0
1111,31.762,52142.0,enc/smo/vf=off/lk=0,6.121,6.121,-0.617,0.454,0.0,-0.625,0.0
1112,31.782,52162.0,enc/smo/vf=off/lk=0,6.121,6.121,-0.627,0.464,0.0,-0.419,0.0
1113,31.802,52182.0,enc/smo/vf=off/lk=0,6.121,6.121,-0.636,0.473,0.0,-0.47,0.0
1114,31.822,52202.0,enc/smo/vf=off/lk=0,6.121,6.121,-0.647,0.484,0.0,-0.351,0.0
1115,31.842,52222.0,enc/smo/vf=off/lk=0,6.121,6.121,-0.656,0.494,0.0,-0.473,0.0
1116,31.862,52242.0,enc/smo/vf=off/lk=0,6.121,6.121,-0.665,0.502,0.0,-0.563,0.0
1117,31.882,52262.0,enc/smo/vf=off/lk=0,6.121,6.121,-0.672,0.509,0.0,-0.223,0.0
1118,31.902,52282.0,enc/smo/vf=off/lk=0,6.121,6.121,-0.679,0.517,0.0,-0.202,0.0
1119,31.922,52302.0,enc/smo/vf=off/lk=0,6.121,6.121,-0.687,0.524,0.0,-0.515,0.0
1120,31.942,52322.0,enc/smo/vf=off/lk=0,6.121,6.121,-0.691,0.529,0.0,-0.217,0.0
1121,31.962,52342.0,enc/smo/vf=off/lk=0,6.121,6.121,-0.695,0.532,0.0,-0.212,0.0
1122,31.982,52362.0,enc/smo/vf=off/lk=0,6.121,6.121,-0.698,0.536,0.0,-0.215,0.0
1123,32.002,52382.0,enc/smo/vf=off/lk=0,6.121,6.121,-0.701,0.539,0.0,-0.489,0.0
1124,32.022,52402.0,enc/smo/vf=off/lk=0,6.121,6.121,-0.705,0.542,0.0,-0.181,0.0
1125,32.042,52422.0,enc/smo/vf=off/lk=0,6.121,6.121,-0.707,0.545,0.0,-0.334,0.0
1126,32.062,52442.0,enc/smo/vf=off/lk=0,6.121,6.121,-0.709,0.546,0.0,-0.063,0.0
1127,32.082,52462.0,enc/smo/vf=off/lk=0,6.121,6.121,-0.711,0.548,0.0,0.006,0.0
1128,32.102,52482.0,enc/smo/vf=off/lk=0,6.121,6.121,-0.712,0.549,0.0,-0.22,0.0
1129,32.122,52502.0,enc/smo/vf=off/lk=0,6.121,6.121,-0.71,0.548,0.0,0.151,0.0
1130,32.142,52522.0,enc/smo/vf=off/lk=0,6.121,6.121,-0.709,0.546,0.0,0.133,0.0
1131,32.162,52542.0,enc/smo/vf=off/lk=0,6.121,6.121,-0.708,0.545,0.0,0.059,0.0
1132,32.182,52562.0,enc/smo/vf=off/lk=0,6.121,6.121,-0.706,0.543,0.0,0.122,0.0
1133,32.202,52582.0,enc/smo/vf=off/lk=0,6.121,6.121,-0.702,0.539,0.0,0.134,0.0
1134,32.222,52602.0,enc/smo/vf=off/lk=0,6.121,6.121,-0.697,0.535,0.0,0.406,0.0
1135,32.242,52622.0,enc/smo/vf=off/lk=0,6.121,6.121,-0.693,0.531,0.0,0.012,0.0
1136,32.262,52642.0,enc/smo/vf=off/lk=0,6.121,6.121,-0.69,0.527,0.0,0.422,0.0
1137,32.282,52662.0,enc/smo/vf=off/lk=0,6.121,6.121,-0.686,0.523,0.0,0.384,0.0
1138,32.302,52682.0,enc/smo/vf=off/lk=1,6.121,6.121,-0.679,0.517,0.0,0.988,0.0
1139,32.322,52702.0,enc/smo/vf=off/lk=0,6.121,6.121,-0.675,0.513,0.0,0.318,0.0
1140,32.342,52722.0,enc/smo/vf=off/lk=0,6.121,6.121,-0.671,0.509,0.0,0.441,0.0
1141,32.362,52742.0,enc/smo/vf=off/lk=0,6.121,6.121,-0.667,0.504,0.0,0.324,0.0
1142,32.382,52762.0,enc/smo/vf=off/lk=0,6.121,6.121,-0.66,0.497,0.0,0.359,0.0
1143,32.402,52782.0,enc/smo/vf=off/lk=0,6.121,6.121,-0.653,0.49,0.0,0.207,0.0
1144,32.422,52802.0,enc/smo/vf=off/lk=0,6.121,6.121,-0.646,0.483,0.0,0.289,0.0
1145,32.442,52822.0,enc/smo/vf=off/lk=0,6.121,6.121,-0.636,0.474,0.0,0.411,0.0
1146,32.462,52842.0,enc/smo/vf=off/lk=0,6.121,6.121,-0.628,0.466,0.0,0.412,0.0
1147,32.482,52862.0,enc/smo/vf=off/lk=0,6.121,6.121,-0.619,0.456,0.0,0.897,0.0
1148,32.502,52882.0,enc/smo/vf=off/lk=0,6.121,6.121,-0.611,0.449,0.0,0.475,0.0
1149,32.522,52902.0,enc/smo/vf=off/lk=0,6.121,6.121,-0.608,0.446,0.0,0.332,0.0
1150,32.542,52922.0,enc/smo/vf=off/lk=0,6.121,6.121,-0.599,0.437,0.0,0.463,0.0
1151,32.562,52942.0,enc/smo/vf=off/lk=0,6.121,6.121,-0.592,0.429,0.0,0.391,0.0
1152,32.582,52962.0,enc/smo/vf=off/lk=0,6.121,6.121,-0.586,0.423,0.0,0.518,0.0
1153,32.602,52982.0,enc/smo/vf=off/lk=0,6.121,6.121,-0.58,0.417,0.0,0.247,0.0
1154,32.622,53002.0,enc/smo/vf=off/lk=0,6.121,6.121,-0.572,0.41,0.0,0.328,0.0
1155,32.642,53022.0,enc/smo/vf=off/lk=0,6.121,6.121,-0.565,0.403,0.0,0.315,0.0
1156,32.662,53042.0,enc/smo/vf=off/lk=0,6.121,6.121,-0.56,0.397,0.0,0.124,0.0
1157,32.682,53062.0,enc/smo/vf=off/lk=0,6.121,6.121,-0.551,0.388,0.0,0.408,0.0
1158,32.702,53082.0,enc/smo/vf=off/lk=0,6.121,6.121,-0.542,0.38,0.0,0.089,0.0
1159,32.722,53102.0,enc/smo/vf=off/lk=0,6.121,6.121,-0.535,0.373,0.0,0.565,0.0
1160,32.742,53122.0,enc/smo/vf=off/lk=0,6.121,6.121,-0.53,0.368,0.0,0.385,0.0
1161,32.762,53142.0,enc/smo/vf=off/lk=0,6.121,6.121,-0.526,0.364,0.0,0.341,0.0
1162,32.782,53162.0,enc/smo/vf=off/lk=0,6.121,6.121,-0.517,0.355,0.0,0.178,0.0
1163,32.802,53182.0,enc/smo/vf=off/lk=0,6.121,6.121,-0.51,0.347,0.0,0.232,0.0
1164,32.822,53202.0,enc/smo/vf=off/lk=0,6.121,6.121,-0.503,0.34,0.0,0.18,0.0
1165,32.842,53222.0,enc/smo/vf=off/lk=0,6.121,6.121,-0.498,0.335,0.0,0.136,0.0
1166,32.862,53242.0,enc/smo/vf=off/lk=0,6.121,6.121,-0.491,0.328,0.0,0.269,0.0
1167,32.882,53262.0,enc/smo/vf=off/lk=0,6.121,6.121,-0.484,0.322,0.0,0.062,0.0
1168,32.902,53282.0,enc/smo/vf=off/lk=0,6.121,6.121,-0.479,0.317,0.0,0.132,0.0
1169,32.922,53302.0,enc/smo/vf=off/lk=0,6.121,6.121,-0.473,0.31,0.0,0.768,0.0
1170,32.942,53322.0,enc/smo/vf=off/lk=0,6.121,6.121,-0.469,0.306,0.0,0.177,0.0
1171,32.962,53342.0,enc/smo/vf=off/lk=0,6.121,6.121,-0.467,0.304,0.0,0.023,0.0
1172,32.982,53362.0,enc/smo/vf=off/lk=0,6.121,6.121,-0.463,0.3,0.0,0.289,0.0
1173,33.002,53382.0,enc/smo/vf=off/lk=0,6.121,6.121,-0.46,0.297,0.0,-0.087,0.0
1174,33.022,53402.0,enc/smo/vf=off/lk=0,6.121,6.121,-0.458,0.295,0.0,-0.086,0.0
1175,33.042,53422.0,enc/smo/vf=off/lk=0,6.121,6.121,-0.453,0.291,0.0,0.274,0.0
1176,33.062,53442.0,enc/smo/vf=off/lk=0,6.121,6.121,-0.45,0.287,0.0,0.02,0.0
1177,33.082,53462.0,enc/smo/vf=off/lk=0,6.121,6.121,-0.449,0.287,0.0,0.017,0.0
1178,33.102,53482.0,enc/smo/vf=off/lk=0,6.121,6.121,-0.448,0.286,0.0,0.001,0.0
1179,33.122,53502.0,enc/smo/vf=off/lk=0,6.121,6.121,-0.447,0.285,0.0,0.057,0.0
1180,33.142,53522.0,enc/smo/vf=off/lk=0,6.121,6.121,-0.447,0.284,0.0,-0.098,0.0
1181,33.162,53542.0,enc/smo/vf=off/lk=0,6.121,6.121,-0.447,0.284,0.0,-0.091,0.0
1182,33.182,53562.0,enc/smo/vf=off/lk=0,6.121,6.121,-0.448,0.285,0.0,-0.19,0.0
1183,33.202,53582.0,enc/smo/vf=off/lk=0,6.121,6.121,-0.448,0.286,0.0,0.029,0.0
1184,33.222,53602.0,enc/smo/vf=off/lk=0,6.121,6.121,-0.452,0.29,0.0,-0.077,0.0
1185,33.242,53622.0,enc/smo/vf=off/lk=0,6.121,6.121,-0.456,0.293,0.0,-0.197,0.0
1186,33.262,53642.0,enc/smo/vf=off/lk=0,6.121,6.121,-0.46,0.297,0.0,-0.095,0.0
1187,33.282,53662.0,enc/smo/vf=off/lk=0,6.121,6.121,-0.462,0.3,0.0,-0.087,0.0
1188,33.302,53682.0,enc/smo/vf=off/lk=0,6.121,6.121,-0.466,0.303,0.0,-0.367,0.0
1189,33.322,53702.0,enc/smo/vf=off/lk=0,6.121,6.121,-0.471,0.308,0.0,-0.248,0.0
1190,33.342,53722.0,enc/smo/vf=off/lk=0,6.121,6.121,-0.477,0.315,0.0,-0.316,0.0
1191,33.362,53742.0,enc/smo/vf=off/lk=1,6.121,6.121,-0.483,0.321,0.0,1.278,0.0
1192,33.382,53762.0,enc/smo/vf=off/lk=1,6.121,6.121,-0.49,0.327,0.0,4.995,0.0
1193,33.402,53782.0,enc/smo/vf=off/lk=0,6.121,6.121,-0.518,0.355,0.0,-0.588,0.0
1194,33.422,53802.0,enc/smo/vf=off/lk=0,6.121,6.121,-0.53,0.368,0.0,-0.65,0.0
1195,33.442,53822.0,enc/smo/vf=off/lk=0,6.121,6.121,-0.542,0.38,0.0,-0.61,0.0
1196,33.462,53842.0,enc/smo/vf=off/lk=0,6.121,6.121,-0.556,0.393,0.0,-0.699,0.0
1197,33.482,53862.0,enc/smo/vf=off/lk=0,6.121,6.121,-0.568,0.406,0.0,-0.696,0.0
1198,33.502,53882.0,enc/smo/vf=off/lk=0,6.121,6.121,-0.58,0.418,0.0,-0.625,0.0
1199,33.522,53902.0,enc/smo/vf=off/lk=0,6.121,6.121,-0.595,0.432,0.0,-0.617,0.0
1200,33.542,53922.0,enc/smo/vf=off/lk=0,6.121,6.121,-0.608,0.446,0.0,-0.546,0.0
1201,33.562,53942.0,enc/smo/vf=off/lk=0,6.121,6.121,-0.621,0.458,0.0,-0.444,0.0
1202,33.582,53962.0,enc/smo/vf=off/lk=0,6.121,6.121,-0.635,0.472,0.0,-0.76,0.0
1203,33.602,53982.0,enc/smo/vf=off/lk=0,6.121,6.121,-0.645,0.482,0.0,-0.577,0.0
1204,33.622,54002.0,enc/smo/vf=off/lk=0,6.121,6.121,-0.655,0.493,0.0,-0.526,0.0
1205,33.642,54022.0,enc/smo/vf=off/lk=0,6.121,6.121,-0.667,0.504,0.0,-0.375,0.0
1206,33.662,54042.0,enc/smo/vf=off/lk=0,6.121,6.121,-0.677,0.514,0.0,-0.497,0.0
1207,33.682,54062.0,enc/smo/vf=off/lk=0,6.121,6.121,-0.685,0.523,0.0,-0.459,0.0
1208,33.702,54082.0,enc/smo/vf=off/lk=0,6.121,6.121,-0.695,0.533,0.0,-0.464,0.0
1209,33.722,54102.0,enc/smo/vf=off/lk=0,6.121,6.121,-0.704,0.541,0.0,-0.547,0.0
1210,33.742,54122.0,enc/smo/vf=off/lk=0,6.121,6.121,-0.711,0.548,0.0,-0.452,0.0
1211,33.762,54142.0,enc/smo/vf=off/lk=0,6.121,6.121,-0.717,0.555,0.0,-0.362,0.0
1212,33.782,54162.0,enc/smo/vf=off/lk=0,6.121,6.121,-0.724,0.561,0.0,-0.309,0.0
1213,33.802,54182.0,enc/smo/vf=off/lk=0,6.121,6.121,-0.73,0.568,0.0,-1.208,0.0
1214,33.822,54202.0,enc/smo/vf=off/lk=0,6.121,6.121,-0.732,0.569,0.0,-0.212,0.0
1215,33.842,54222.0,enc/smo/vf=off/lk=0,6.121,6.121,-0.735,0.573,0.0,-0.216,0.0
1216,33.862,54242.0,enc/smo/vf=off/lk=0,6.121,6.121,-0.738,0.575,0.0,-0.264,0.0
1217,33.882,54262.0,enc/smo/vf=off/lk=0,6.121,6.121,-0.739,0.577,0.0,0.165,0.0
1218,33.902,54282.0,enc/smo/vf=off/lk=0,6.121,6.121,-0.741,0.578,0.0,-0.171,0.0
1219,33.922,54302.0,enc/smo/vf=off/lk=0,6.121,6.121,-0.743,0.58,0.0,-0.068,0.0
1220,33.942,54322.0,enc/smo/vf=off/lk=0,6.121,6.121,-0.743,0.58,0.0,-0.095,0.0
1221,33.962,54342.0,enc/smo/vf=off/lk=0,6.121,6.121,-0.742,0.579,0.0,0.064,0.0
1222,33.982,54362.0,enc/smo/vf=off/lk=0,6.121,6.121,-0.741,0.578,0.0,0.164,0.0
1223,34.002,54382.0,enc/smo/vf=off/lk=0,6.121,6.121,-0.739,0.576,0.0,0.228,0.0
1224,34.022,54402.0,enc/smo/vf=off/lk=0,6.121,6.121,-0.736,0.573,0.0,0.196,0.0
1225,34.042,54422.0,enc/smo/vf=off/lk=0,6.121,6.121,-0.732,0.569,0.0,0.217,0.0
1226,34.062,54442.0,enc/smo/vf=off/lk=0,6.121,6.121,-0.73,0.567,0.0,0.19,0.0
1227,34.082,54462.0,enc/smo/vf=off/lk=0,6.121,6.121,-0.725,0.562,0.0,0.687,0.0
1228,34.102,54482.0,enc/smo/vf=off/lk=0,6.121,6.121,-0.721,0.558,0.0,0.365,0.0
1229,34.122,54502.0,enc/smo/vf=off/lk=0,6.121,6.121,-0.716,0.553,0.0,0.172,0.0
1230,34.142,54522.0,enc/smo/vf=off/lk=0,6.121,6.121,-0.711,0.549,0.0,0.321,0.0
1231,34.162,54542.0,enc/smo/vf=off/lk=0,6.121,6.121,-0.704,0.541,0.0,0.344,0.0
1232,34.182,54562.0,enc/smo/vf=off/lk=0,6.121,6.121,-0.696,0.534,0.0,0.468,0.0
1233,34.202,54582.0,enc/smo/vf=off/lk=0,6.121,6.121,-0.691,0.528,0.0,0.3,0.0
1234,34.222,54602.0,enc/smo/vf=off/lk=0,6.121,6.121,-0.684,0.521,0.0,0.294,0.0
1235,34.242,54622.0,enc/smo/vf=off/lk=0,6.121,6.121,-0.678,0.515,0.0,0.508,0.0
1236,34.262,54642.0,enc/smo/vf=off/lk=0,6.121,6.121,-0.67,0.507,0.0,0.432,0.0
1237,34.282,54662.0,enc/smo/vf=off/lk=0,6.121,6.121,-0.662,0.499,0.0,0.431,0.0
1238,34.302,54682.0,enc/smo/vf=off/lk=0,6.121,6.121,-0.653,0.49,0.0,0.38,0.0
1239,34.322,54702.0,enc/smo/vf=off/lk=0,6.121,6.121,-0.643,0.48,0.0,0.627,0.0
1240,34.342,54722.0,enc/smo/vf=off/lk=0,6.121,6.121,-0.637,0.474,0.0,0.643,0.0
1241,34.362,54742.0,enc/smo/vf=off/lk=0,6.121,6.121,-0.629,0.467,0.0,0.252,0.0
1242,34.382,54762.0,enc/smo/vf=off/lk=0,6.121,6.121,-0.62,0.457,0.0,0.504,0.0
1243,34.402,54782.0,enc/smo/vf=off/lk=0,6.121,6.121,-0.61,0.447,0.0,0.63,0.0
1244,34.422,54802.0,enc/smo/vf=off/lk=0,6.121,6.121,-0.601,0.439,0.0,0.373,0.0
1245,34.442,54822.0,enc/smo/vf=off/lk=0,6.121,6.121,-0.591,0.428,0.0,0.335,0.0
1246,34.462,54842.0,enc/smo/vf=off/lk=0,6.121,6.121,-0.582,0.419,0.0,0.407,0.0
1247,34.482,54862.0,enc/smo/vf=off/lk=0,6.121,6.121,-0.57,0.408,0.0,0.455,0.0
1248,34.502,54882.0,enc/smo/vf=off/lk=0,6.121,6.121,-0.561,0.399,0.0,0.163,0.0
1249,34.522,54902.0,enc/smo/vf=off/lk=0,6.121,6.121,-0.559,0.396,0.0,0.265,0.0
1250,34.542,54922.0,enc/smo/vf=off/lk=0,6.121,6.121,-0.553,0.391,0.0,0.31,0.0
1251,34.562,54942.0,enc/smo/vf=off/lk=0,6.121,6.121,-0.546,0.383,0.0,0.515,0.0
1252,34.582,54962.0,enc/smo/vf=off/lk=0,6.121,6.121,-0.539,0.377,0.0,0.479,0.0
1253,34.602,54982.0,enc/smo/vf=off/lk=0,6.121,6.121,-0.533,0.371,0.0,0.333,0.0
1254,34.622,55002.0,enc/smo/vf=off/lk=0,6.121,6.121,-0.527,0.364,0.0,0.482,0.0
1255,34.642,55022.0,enc/smo/vf=off/lk=0,6.121,6.121,-0.521,0.358,0.0,0.278,0.0
1256,34.662,55042.0,enc/smo/vf=off/lk=0,6.121,6.121,-0.516,0.353,0.0,0.145,0.0
1257,34.682,55062.0,enc/smo/vf=off/lk=0,6.121,6.121,-0.511,0.349,0.0,0.169,0.0
1258,34.702,55082.0,enc/smo/vf=off/lk=0,6.121,6.121,-0.509,0.346,0.0,0.203,0.0
1259,34.722,55102.0,enc/smo/vf=off/lk=0,6.121,6.121,-0.503,0.341,0.0,0.38,0.0
1260,34.742,55122.0,enc/smo/vf=off/lk=0,6.121,6.121,-0.5,0.338,0.0,0.199,0.0
1261,34.762,55142.0,enc/smo/vf=off/lk=0,6.121,6.121,-0.498,0.335,0.0,0.008,0.0
1262,34.782,55162.0,enc/smo/vf=off/lk=0,6.121,6.121,-0.498,0.335,0.0,-0.024,0.0
1263,34.802,55182.0,enc/smo/vf=off/lk=0,6.121,6.121,-0.496,0.334,0.0,0.028,0.0
1264,34.822,55202.0,enc/smo/vf=off/lk=0,6.121,6.121,-0.495,0.333,0.0,-0.091,0.0
1265,34.842,55222.0,enc/smo/vf=off/lk=0,6.121,6.121,-0.496,0.333,0.0,0.014,0.0
1266,34.862,55242.0,enc/smo/vf=off/lk=0,6.121,6.121,-0.497,0.334,0.0,0.071,0.0
1267,34.882,55262.0,enc/smo/vf=off/lk=0,6.121,6.121,-0.495,0.333,0.0,0.053,0.0
1268,34.902,55282.0,enc/smo/vf=off/lk=0,6.121,6.121,-0.5,0.337,0.0,-0.078,0.0
1269,34.922,55302.0,enc/smo/vf=off/lk=0,6.121,6.121,-0.499,0.336,0.0,0.132,0.0
1270,34.942,55322.0,enc/smo/vf=off/lk=0,6.121,6.121,-0.502,0.339,0.0,-0.239,0.0
1271,34.962,55342.0,enc/smo/vf=off/lk=0,6.121,6.121,-0.504,0.341,0.0,-0.0,0.0
1272,34.982,55362.0,enc/smo/vf=off/lk=0,6.121,6.121,-0.507,0.344,0.0,-0.196,0.0
1273,35.002,55382.0,enc/smo/vf=off/lk=0,6.121,6.121,-0.509,0.346,0.0,-0.145,0.0
1274,35.022,55402.0,enc/smo/vf=off/lk=0,6.121,6.121,-0.512,0.349,0.0,-0.121,0.0
1275,35.042,55422.0,enc/smo/vf=off/lk=0,6.121,6.121,-0.514,0.351,0.0,-0.267,0.0
1276,35.062,55442.0,enc/smo/vf=off/lk=0,6.121,6.121,-0.517,0.355,0.0,-0.118,0.0
1277,35.082,55462.0,enc/smo/vf=off/lk=0,6.121,6.121,-0.52,0.357,0.0,0.193,0.0
1278,35.102,55482.0,enc/smo/vf=off/lk=0,6.121,6.121,-0.524,0.361,0.0,-0.158,0.0
1279,35.122,55502.0,enc/smo/vf=off/lk=0,6.121,6.121,-0.529,0.366,0.0,-0.234,0.0
1280,35.142,55522.0,enc/smo/vf=off/lk=0,6.121,6.121,-0.531,0.369,0.0,-0.071,0.0
1281,35.162,55542.0,enc/smo/vf=off/lk=0,6.121,6.121,-0.531,0.368,0.0,-0.216,0.0
1282,35.182,55562.0,enc/smo/vf=off/lk=0,6.121,6.121,-0.529,0.366,0.0,-0.129,0.0
1283,35.202,55582.0,enc/smo/vf=off/lk=0,6.121,6.121,-0.531,0.369,0.0,-0.087,0.0
1284,35.222,55602.0,enc/smo/vf=off/lk=0,6.121,6.121,-0.532,0.369,0.0,-0.049,0.0
1285,35.242,55622.0,enc/smo/vf=off/lk=0,6.121,6.121,-0.532,0.37,0.0,-0.096,0.0
1286,35.262,55642.0,enc/smo/vf=off/lk=0,6.121,6.121,-0.535,0.372,0.0,-0.081,0.0
1287,35.282,55662.0,enc/smo/vf=off/lk=0,6.121,6.121,-0.537,0.375,0.0,-0.159,0.0
1288,35.302,55682.0,enc/smo/vf=off/lk=0,6.121,6.121,-0.539,0.377,0.0,-0.066,0.0
1289,35.322,55702.0,enc/smo/vf=off/lk=0,6.121,6.121,-0.542,0.38,0.0,-0.097,0.0
1290,35.342,55722.0,enc/smo/vf=off/lk=0,6.121,6.121,-0.544,0.381,0.0,-0.194,0.0
1291,35.362,55742.0,enc/smo/vf=off/lk=0,6.121,6.121,-0.544,0.381,0.0,0.319,0.0
1292,35.382,55762.0,enc/smo/vf=off/lk=0,6.121,6.121,-0.552,0.389,0.0,-0.939,0.0
1293,35.402,55782.0,enc/smo/vf=off/lk=0,6.121,6.121,-0.552,0.389,0.0,-0.202,0.0
1294,35.422,55802.0,enc/smo/vf=off/lk=0,6.121,6.121,-0.555,0.392,0.0,-0.023,0.0
1295,35.442,55822.0,enc/smo/vf=off/lk=0,6.121,6.121,-0.559,0.396,0.0,-0.29,0.0
1296,35.462,55842.0,enc/smo/vf=off/lk=0,6.121,6.121,-0.559,0.396,0.0,-0.135,0.0
1297,35.482,55862.0,enc/smo/vf=off/lk=0,6.121,6.121,-0.563,0.4,0.0,-0.206,0.0
1298,35.502,55882.0,enc/smo/vf=off/lk=0,6.121,6.121,-0.566,0.404,0.0,-0.096,0.0
1299,35.522,55902.0,enc/smo/vf=off/lk=0,6.121,6.121,-0.567,0.404,0.0,-0.002,0.0
1300,35.542,55922.0,enc/smo/vf=off/lk=0,6.121,6.121,-0.57,0.407,0.0,-0.115,0.0
1301,35.562,55942.0,enc/smo/vf=off/lk=0,6.121,6.121,-0.571,0.409,0.0,0.175,0.0
1302,35.582,55962.0,enc/smo/vf=off/lk=0,6.121,6.121,-0.576,0.413,0.0,-0.069,0.0
1303,35.602,55982.0,enc/smo/vf=off/lk=0,6.121,6.121,-0.576,0.413,0.0,-0.038,0.0
1304,35.622,56002.0,enc/smo/vf=off/lk=0,6.121,6.121,-0.579,0.416,0.0,-0.02,0.0
1305,35.642,56022.0,enc/smo/vf=off/lk=0,6.121,6.121,-0.581,0.418,0.0,-0.081,0.0
1306,35.662,56042.0,enc/smo/vf=off/lk=0,6.121,6.121,-0.589,0.426,0.0,-0.18,0.0
1307,35.682,56062.0,enc/smo/vf=off/lk=0,6.121,6.121,-0.593,0.43,0.0,0.058,0.0
1308,35.702,56082.0,enc/smo/vf=off/lk=0,6.121,6.121,-0.598,0.436,0.0,-0.043,0.0
1309,35.722,56102.0,enc/smo/vf=off/lk=0,6.121,6.121,-0.601,0.438,0.0,-0.403,0.0
1310,35.742,56122.0,enc/smo/vf=off/lk=0,6.121,6.121,-0.599,0.437,0.0,-0.148,0.0
1311,35.762,56142.0,enc/smo/vf=off/lk=0,6.121,6.121,-0.603,0.441,0.0,0.169,0.0
1312,35.782,56162.0,enc/smo/vf=off/lk=0,6.121,6.121,-0.609,0.446,0.0,-0.016,0.0
1313,35.802,56182.0,enc/smo/vf=off/lk=0,6.121,6.121,-0.612,0.449,0.0,-0.158,0.0
1314,35.822,56202.0,enc/smo/vf=off/lk=0,6.121,6.121,-0.613,0.45,0.0,-0.043,0.0
1315,35.842,56222.0,enc/smo/vf=off/lk=0,6.121,6.121,-0.617,0.454,0.0,0.088,0.0
1316,35.862,56242.0,enc/smo/vf=off/lk=0,6.121,6.121,-0.62,0.457,0.0,0.033,0.0
1317,35.882,56262.0,enc/smo/vf=off/lk=0,6.121,6.121,-0.622,0.46,0.0,-0.232,0.0
1318,35.902,56282.0,enc/smo/vf=off/lk=0,6.121,6.121,-0.623,0.46,0.0,-0.318,0.0
1319,35.922,56302.0,enc/smo/vf=off/lk=0,6.121,6.121,-0.624,0.462,0.0,0.163,0.0
1320,35.942,56322.0,enc/smo/vf=off/lk=0,6.121,6.121,-0.623,0.46,0.0,0.156,0.0
1321,35.962,56342.0,enc/smo/vf=off/lk=0,6.121,6.121,-0.623,0.46,0.0,0.038,0.0
1322,35.982,56362.0,enc/smo/vf=off/lk=0,6.121,6.121,-0.621,0.458,0.0,0.13,0.0
1323,36.002,56382.0,enc/smo/vf=off/lk=0,6.121,6.121,-0.617,0.454,0.0,0.103,0.0
1324,36.022,56402.0,enc/smo/vf=off/lk=0,6.121,6.121,-0.616,0.453,0.0,-0.007,0.0
1325,36.042,56422.0,enc/smo/vf=off/lk=0,6.121,6.121,-0.613,0.451,0.0,0.286,0.0
1326,36.062,56442.0,enc/smo/vf=off/lk=0,6.121,6.121,-0.61,0.447,0.0,0.139,0.0
1327,36.082,56462.0,enc/smo/vf=off/lk=0,6.121,6.121,-0.606,0.443,0.0,0.231,0.0
1328,36.102,56482.0,enc/smo/vf=off/lk=0,6.121,6.121,-0.601,0.438,0.0,0.286,0.0
1329,36.122,56502.0,enc/smo/vf=off/lk=0,6.121,6.121,-0.599,0.436,0.0,0.229,0.0
1330,36.142,56522.0,enc/smo/vf=off/lk=0,6.121,6.121,-0.595,0.432,0.0,0.187,0.0
1331,36.162,56542.0,enc/smo/vf=off/lk=0,6.121,6.121,-0.591,0.428,0.0,0.046,0.0
1332,36.182,56562.0,enc/smo/vf=off/lk=0,6.121,6.121,-0.588,0.426,0.0,0.164,0.0
1333,36.202,56582.0,enc/smo/vf=off/lk=0,6.121,6.121,-0.585,0.422,0.0,0.313,0.0
1334,36.222,56602.0,enc/smo/vf=off/lk=0,6.121,6.121,-0.583,0.42,0.0,0.065,0.0
1335,36.242,56622.0,enc/smo/vf=off/lk=0,6.121,6.121,-0.578,0.416,0.0,-0.06,0.0
1336,36.262,56642.0,enc/smo/vf=off/lk=0,6.121,6.121,-0.575,0.412,0.0,0.32,0.0
1337,36.282,56662.0,enc/smo/vf=off/lk=0,6.121,6.121,-0.572,0.409,0.0,-0.076,0.0
1338,36.302,56682.0,enc/smo/vf=off/lk=0,6.121,6.121,-0.57,0.408,0.0,0.213,0.0
1339,36.322,56702.0,enc/smo/vf=off/lk=0,6.121,6.121,-0.568,0.405,0.0,0.055,0.0
1340,36.342,56722.0,enc/smo/vf=off/lk=0,6.121,6.121,-0.566,0.403,0.0,-0.018,0.0
1341,36.362,56742.0,enc/smo/vf=off/lk=0,6.121,6.121,-0.563,0.401,0.0,0.134,0.0
1342,36.382,56762.0,enc/smo/vf=off/lk=0,6.121,6.121,-0.562,0.399,0.0,-0.048,0.0
1343,36.402,56782.0,enc/smo/vf=off/lk=0,6.121,6.121,-0.549,0.387,0.0,0.317,0.0
1344,36.422,56802.0,enc/smo/vf=off/lk=0,6.121,6.121,-0.546,0.384,0.0,0.055,0.0
1345,36.442,56822.0,enc/smo/vf=off/lk=0,6.121,6.121,-0.539,0.377,0.0,0.507,0.0
1346,36.462,56842.0,enc/smo/vf=off/lk=0,6.121,6.121,-0.534,0.372,0.0,0.117,0.0
1347,36.482,56862.0,vf/smo/vf=on/lk=1,6.121,0.0,-0.481,0.318,0.406,0.617,0.1501
1348,36.502,56882.0,vf/smo/vf=on/lk=1,6.381,0.002,-0.499,0.597,13.052,-1.616,0.1507
1349,36.522,56902.0,vf/smo/vf=on/lk=1,6.526,0.008,-0.546,0.788,7.042,0.946,0.1514
1350,36.542,56922.0,vf/smo/vf=on/lk=1,6.527,0.016,-0.561,0.805,0.077,0.576,0.152
1351,36.562,56942.0,vf/smo/vf=on/lk=1,6.529,0.028,-0.572,0.818,0.077,0.859,0.1526
1352,36.582,56962.0,vf/smo/vf=on/lk=1,6.538,0.043,-0.579,0.834,0.461,0.98,0.1532
1353,36.602,56982.0,vf/smo/vf=on/lk=1,6.552,0.061,-0.587,0.855,0.696,0.791,0.1538
1354,36.622,57002.0,vf/smo/vf=on/lk=1,6.567,0.083,-0.595,0.879,0.759,0.75,0.1545
1355,36.642,57022.0,vf/smo/vf=on/lk=1,6.584,0.107,-0.602,0.902,0.84,0.655,0.1551
1356,36.662,57042.0,vf/smo/vf=on/lk=1,6.601,0.135,-0.608,0.925,0.848,0.469,0.1557
1357,36.682,57062.0,vf/smo/vf=on/lk=1,6.621,0.166,-0.611,0.948,1.006,0.539,0.1563
1358,36.702,57082.0,vf/smo/vf=on/lk=1,6.648,0.2,-0.612,0.977,1.364,0.51,0.1569
1359,36.722,57102.0,vf/smo/vf=on/lk=1,6.687,0.238,-0.608,1.012,2.011,0.653,0.1576
1360,36.742,57122.0,vf/smo/vf=on/lk=1,6.745,0.278,-0.601,1.063,2.831,0.636,0.1582
1361,36.762,57142.0,vf/smo/vf=on/lk=1,6.788,0.322,-0.583,1.087,2.215,1.036,0.1588
1362,36.782,57162.0,vf/smo/vf=on/lk=1,6.831,0.369,-0.553,1.101,2.139,1.53,0.1594
1363,36.802,57182.0,vf/smo/vf=on/lk=1,6.885,0.419,-0.506,1.107,2.635,2.877,0.16
1364,36.822,57202.0,vf/smo/vf=on/lk=1,6.941,-0.425,-0.424,1.082,2.894,5.2,0.1607
1365,36.842,57222.0,vf/smo/vf=on/lk=1,7.001,-0.369,-1.205,1.923,2.931,6.408,0.1613
1366,36.862,57242.0,vf/smo/vf=on/lk=1,7.05,-0.309,-1.106,1.873,2.531,3.987,0.1619
1367,36.882,57262.0,vf/smo/vf=on/lk=1,7.11,-0.246,-1.059,1.886,2.926,1.866,0.1625
1368,36.902,57282.0,vf/smo/vf=on/lk=1,7.167,-0.179,-1.037,1.92,2.802,1.142,0.1631
1369,36.922,57302.0,vf/smo/vf=on/lk=1,7.243,-0.11,-1.013,1.974,3.929,1.431,0.1638
1370,36.942,57322.0,vf/smo/vf=on/lk=1,7.326,-0.037,-0.967,2.01,4.083,3.185,0.1644
1371,36.962,57342.0,vf/smo/vf=on/lk=1,7.408,0.038,-0.876,2.0,4.087,6.087,0.165
1372,36.982,57362.0,vf/smo/vf=on/lk=1,7.469,0.118,-0.737,1.923,3.031,6.429,0.1656
1373,37.002,57382.0,vf/smo/vf=on/lk=1,7.547,0.2,-0.642,1.906,3.995,3.517,0.1662
1374,37.022,57402.0,vf/smo/vf=on/lk=1,7.651,0.285,-0.596,1.964,5.226,2.022,0.1669
1375,37.042,57422.0,vf/smo/vf=on/lk=1,7.721,0.374,-0.546,1.983,3.437,2.965,0.1675
1376,37.062,57442.0,vf/smo/vf=on/lk=1,7.834,-0.433,-0.466,2.016,5.737,5.43,0.1681
1377,37.082,57462.0,vf/smo/vf=on/lk=1,7.923,-0.338,-1.219,2.859,4.387,8.023,0.1687
1378,37.102,57482.0,vf/smo/vf=on/lk=1,7.994,-0.24,-1.096,2.806,3.6,4.374,0.1693
1379,37.122,57502.0,vf/smo/vf=on/lk=1,8.124,-0.137,-1.034,2.874,6.437,2.589,0.17
1380,37.142,57522.0,vf/smo/vf=on/lk=1,8.228,-0.033,-0.962,2.907,5.235,4.735,0.1706
1381,37.162,57542.0,vf/smo/vf=on/lk=1,8.345,0.074,-0.837,2.898,5.881,7.71,0.1712
1382,37.182,57562.0,vf/smo/vf=on/lk=1,8.434,0.187,-0.68,2.831,4.311,6.04,0.1718
1383,37.202,57582.0,vf/smo/vf=on/lk=1,8.543,0.301,-0.594,2.853,5.527,3.393,0.1725
1384,37.222,57602.0,vf/smo/vf=on/lk=1,8.692,0.417,-0.521,2.93,7.513,4.644,0.1731
1385,37.242,57622.0,vf/smo/vf=on/lk=1,8.802,-0.359,-0.372,2.891,5.457,9.222,0.1737
1386,37.262,57642.0,vf/smo/vf=on/lk=1,8.908,-0.236,-1.108,-2.55,5.327,6.103,0.1743
1387,37.282,57662.0,vf/smo/vf=on/lk=1,9.034,-0.109,-1.017,-2.516,6.3,4.001,0.1749
1388,37.302,57682.0,vf/smo/vf=on/lk=1,9.184,0.022,-0.911,-2.471,7.495,6.787,0.1756
1389,37.322,57702.0,vf/smo/vf=on/lk=1,9.294,0.155,-0.731,-2.541,5.462,9.018,0.1762
1390,37.342,57722.0,vf/smo/vf=on/lk=1,9.423,0.291,-0.602,-2.541,6.552,4.705,0.1768
1391,37.362,57742.0,vf/smo/vf=on/lk=1,9.564,0.431,-0.501,-2.501,7.013,6.324,0.1774
1392,37.382,57762.0,vf/smo/vf=on/lk=1,9.732,-0.323,-1.226,-1.609,8.32,10.274,0.178
1393,37.402,57782.0,vf/smo/vf=on/lk=1,9.831,-0.177,-1.063,-1.672,5.072,5.648,0.1787
1394,37.422,57802.0,vf/smo/vf=on/lk=1,10.009,-0.027,-0.958,-1.6,8.801,6.35,0.1793
1395,37.442,57822.0,vf/smo/vf=on/lk=1,10.161,0.124,-0.783,-1.623,7.666,10.64,0.1799
1396,37.462,57842.0,vf/smo/vf=on/lk=1,10.304,0.281,-0.612,-1.65,7.088,6.01,0.1805
1397,37.482,57862.0,vf/smo/vf=on/lk=1,10.469,0.438,-0.496,-1.601,8.447,6.854,0.1811
1398,37.502,57882.0,vf/smo/vf=on/lk=1,10.632,-0.296,-1.192,-0.742,7.984,10.995,0.1818
1399,37.522,57902.0,vf/smo/vf=on/lk=1,10.802,-0.13,-1.032,-0.732,8.438,5.721,0.1824
1400,37.542,57922.0,vf/smo/vf=on/lk=1,10.974,0.038,-0.891,-0.702,8.712,9.191,0.183
1401,37.562,57942.0,vf/smo/vf=on/lk=1,11.124,0.209,-0.676,-0.765,7.456,9.236,0.1836
1402,37.582,57962.0,vf/smo/vf=on/lk=1,11.324,0.385,-0.539,-0.704,10.089,6.167,0.1842
1403,37.602,57982.0,vf/smo/vf=on/lk=1,11.509,-0.333,-0.348,-0.709,9.105,11.859,0.1849
1404,37.622,58002.0,vf/smo/vf=on/lk=1,11.655,-0.154,-1.051,0.139,7.48,7.41,0.1855
1405,37.642,58022.0,vf/smo/vf=on/lk=1,11.878,0.03,-0.905,0.216,11.114,9.37,0.1861
1406,37.662,58042.0,vf/smo/vf=on/lk=1,12.04,0.218,-0.673,0.147,8.059,10.067,0.1867
1407,37.682,58062.0,vf/smo/vf=on/lk=1,12.229,0.41,-0.516,0.179,9.456,7.62,0.1873
1408,37.702,58082.0,vf/smo/vf=on/lk=1,12.441,-0.292,-1.182,1.056,10.441,12.283,0.188
1409,37.722,58102.0,vf/smo/vf=on/lk=1,12.608,-0.097,-1.003,1.044,8.528,6.958,0.1886
1410,37.742,58122.0,vf/smo/vf=on/lk=1,12.833,0.105,-0.814,1.081,11.059,12.197,0.1892
1411,37.762,58142.0,vf/smo/vf=on/lk=1,12.997,0.307,-0.595,1.026,8.342,7.989,0.1898
1412,37.782,58162.0,vf/smo/vf=on/lk=1,13.235,-0.381,-0.419,1.088,11.746,11.805,0.1905
1413,37.802,58182.0,vf/smo/vf=on/lk=1,13.432,-0.172,-1.073,1.938,9.876,9.478,0.1911
1414,37.822,58202.0,vf/smo/vf=on/lk=1,13.652,0.04,-0.893,1.98,11.263,10.571,0.1917
1415,37.842,58222.0,vf/smo/vf=on/lk=1,13.858,0.257,-0.64,1.931,10.187,10.397,0.1923
1416,37.862,58242.0,vf/smo/vf=on/lk=1,14.096,-0.418,-0.452,1.982,11.675,10.812,0.1929
1417,37.882,58262.0,vf/smo/vf=on/lk=1,14.304,-0.195,-1.09,2.828,10.456,11.007,0.1936
1418,37.902,58282.0,vf/smo/vf=on/lk=1,14.556,0.03,-0.903,2.893,12.707,10.976,0.1942
1419,37.922,58302.0,vf/smo/vf=on/lk=1,14.766,0.259,-0.637,2.836,10.425,11.142,0.1948
1420,37.942,58322.0,vf/smo/vf=on/lk=1,15.021,-0.404,-0.441,2.896,12.725,11.371,0.1954
1421,37.962,58342.0,vf/smo/vf=on/lk=1,15.229,-0.17,-1.067,-2.553,10.426,10.862,0.196
1422,37.982,58362.0,vf/smo/vf=on/lk=1,15.484,0.068,-0.861,-2.505,12.957,12.293,0.1967
1423,38.002,58382.0,vf/smo/vf=on/lk=1,15.697,0.31,-0.593,-2.559,10.585,10.124,0.1973
1424,38.022,58402.0,vf/smo/vf=on/lk=1,15.961,-0.342,-0.371,-2.518,13.25,14.367,0.1979
1425,38.042,58422.0,vf/smo/vf=on/lk=1,16.182,-0.093,-1.001,-1.666,10.944,9.91,0.1985
1426,38.062,58442.0,vf/smo/vf=on/lk=1,16.461,0.158,-0.754,-1.634,13.928,15.286,0.1991
1427,38.082,58462.0,vf/smo/vf=on/lk=1,16.694,0.413,-0.508,-1.648,11.724,10.388,0.1998
1428,38.102,58482.0,vf/smo/vf=on/lk=1,16.969,-0.225,-1.125,-0.755,13.58,14.351,0.2004
1429,38.122,58502.0,vf/smo/vf=on/lk=1,17.23,0.036,-0.892,-0.728,13.21,12.456,0.201
1430,38.142,58522.0,vf/smo/vf=on/lk=1,17.484,0.302,-0.6,-0.765,12.529,11.756,0.2016
1431,38.162,58542.0,vf/smo/vf=on/lk=1,17.783,-0.327,-0.354,-0.712,14.986,15.929,0.2022
1432,38.182,58562.0,vf/smo/vf=on/lk=1,18.021,-0.056,-0.972,0.144,11.975,10.885,0.2029
1433,38.202,58582.0,vf/smo/vf=on/lk=1,18.322,0.216,-0.689,0.161,14.999,15.591,0.2035
1434,38.222,58602.0,vf/smo/vf=on/lk=1,18.58,-0.403,-0.436,0.166,12.971,12.923,0.2041
1435,38.242,58622.0,vf/smo/vf=on/lk=1,18.853,-0.125,-1.03,1.033,13.617,12.209,0.2047
1436,38.262,58642.0,vf/smo/vf=on/lk=1,19.15,0.159,-0.758,1.059,15.066,16.692,0.2053
1437,38.282,58662.0,vf/smo/vf=on/lk=1,19.414,0.445,-0.48,1.044,13.037,12.162,0.206
1438,38.302,58682.0,vf/smo/vf=on/lk=1,19.719,-0.16,-1.062,1.932,15.248,13.831,0.2066
1439,38.322,58702.0,vf/smo/vf=on/lk=1,20.018,0.135,-0.787,1.956,14.814,17.219,0.2072
1440,38.342,58722.0,vf/smo/vf=on/lk=1,20.308,0.431,-0.494,1.953,14.678,12.536,0.2078
1441,38.362,58742.0,vf/smo/vf=on/lk=1,20.611,-0.165,-1.068,2.829,14.936,14.626,0.2085
1442,38.382,58762.0,vf/smo/vf=on/lk=1,20.928,0.134,-0.789,2.867,16.166,17.537,0.2091
1443,38.402,58782.0,vf/smo/vf=on/lk=1,21.213,0.439,-0.485,2.849,14.138,12.853,0.2097
1444,38.422,58802.0,vf/smo/vf=on/lk=1,21.532,-0.147,-1.052,-2.549,15.943,14.493,0.2103
1445,38.442,58822.0,vf/smo/vf=on/lk=1,21.855,0.166,-0.754,-2.524,16.174,18.359,0.2109
1446,38.462,58842.0,vf/smo/vf=on/lk=1,22.141,-0.416,-0.447,-2.544,14.326,14.575,0.2116
1447,38.482,58862.0,vf/smo/vf=on/lk=1,22.465,-0.095,-1.006,-1.662,15.912,13.797,0.2122
1448,38.502,58882.0,vf/smo/vf=on/lk=1,22.796,0.227,-0.682,-1.655,16.641,17.99,0.2128
1449,38.522,58902.0,vf/smo/vf=on/lk=1,23.111,-0.348,-0.377,-1.645,15.973,17.232,0.2134
1450,38.542,58922.0,vf/smo/vf=on/lk=1,23.444,-0.02,-0.939,-0.75,16.579,13.957,0.214
1451,38.562,58942.0,vf/smo/vf=on/lk=1,23.775,0.315,-0.59,-0.768,16.379,15.392,0.2147
1452,38.582,58962.0,vf/smo/vf=on/lk=1,24.126,-0.251,-1.166,0.159,17.891,19.692,0.2153
1453,38.602,58982.0,vf/smo/vf=on/lk=1,24.458,0.088,-0.841,0.166,16.519,16.992,0.2159
1454,38.622,59002.0,vf/smo/vf=on/lk=1,24.786,0.433,-0.489,0.142,16.234,14.569,0.2165
1455,38.642,59022.0,vf/smo/vf=on/lk=1,25.133,-0.124,-1.032,1.032,17.477,16.091,0.2171
1456,38.662,59042.0,vf/smo/vf=on/lk=1,25.481,0.223,-0.689,1.037,17.548,19.468,0.2178
1457,38.682,59062.0,vf/smo/vf=on/lk=1,25.825,-0.32,-0.347,1.038,16.905,19.321,0.2184
1458,38.702,59082.0,vf/smo/vf=on/lk=1,26.176,0.033,-0.891,1.934,17.639,16.058,0.219
1459,38.722,59102.0,vf/smo/vf=on/lk=1,26.546,0.393,-0.522,1.935,18.398,15.014,0.2196
1460,38.742,59122.0,vf/smo/vf=on/lk=1,26.903,-0.149,-1.054,2.824,18.066,17.706,0.2202
1461,38.762,59142.0,vf/smo/vf=on/lk=1,27.282,0.214,-0.698,2.847,18.971,20.866,0.2209
1462,38.782,59162.0,vf/smo/vf=on/lk=1,27.648,-0.312,-0.34,2.856,18.263,20.229,0.2215
1463,38.802,59182.0,vf/smo/vf=on/lk=1,27.998,0.057,-0.87,-2.548,17.488,17.301,0.2221
1464,38.822,59202.0,vf/smo/vf=on/lk=1,28.366,0.428,-0.495,-2.555,18.448,16.021,0.2227
1465,38.842,59222.0,vf/smo/vf=on/lk=1,28.744,-0.093,-1.006,-1.667,18.755,16.789,0.2233
1466,38.862,59242.0,vf/smo/vf=on/lk=1,29.13,0.292,-0.618,-1.668,19.257,19.092,0.224
1467,38.882,59262.0,vf/smo/vf=on/lk=1,29.509,-0.227,-1.14,-0.767,19.137,21.784,0.2246
1468,38.902,59282.0,vf/smo/vf=on/lk=1,29.908,0.164,-0.756,-0.752,19.652,21.557,0.2252
1469,38.922,59302.0,vf/smo/vf=on/lk=1,30.292,-0.35,-0.38,-0.744,19.496,19.751,0.2258
1470,38.942,59322.0,vf/smo/vf=on/lk=1,30.678,0.043,-0.883,0.145,19.331,17.756,0.2264
1471,38.962,59342.0,vf/smo/vf=on/lk=1,31.072,0.441,-0.483,0.139,19.517,17.121,0.2271
1472,38.982,59362.0,vf/smo/vf=on/lk=1,31.471,-0.057,-0.974,1.03,19.915,17.361,0.2277
1473,39.002,59382.0,vf/smo/vf=on/lk=1,31.872,0.347,-0.566,1.022,20.006,18.4,0.2283
1474,39.022,59402.0,vf/smo/vf=on/lk=1,32.278,-0.146,-1.056,1.918,20.378,20.574,0.2289
1475,39.042,59422.0,vf/smo/vf=on/lk=1,32.689,0.262,-0.649,1.922,20.565,22.003,0.2295
1476,39.062,59442.0,vf/smo/vf=on/lk=1,33.109,-0.222,-1.136,2.829,20.914,23.384,0.2302
1477,39.082,59462.0,vf/smo/vf=on/lk=1,33.531,0.192,-0.726,2.841,21.06,23.326,0.2308
1478,39.102,59482.0,vf/smo/vf=on/lk=1,33.947,-0.288,-0.313,2.844,20.998,22.886,0.2314
1479,39.122,59502.0,vf/smo/vf=on/lk=1,34.352,0.129,-0.797,-2.551,20.337,21.653,0.232
1480,39.142,59522.0,vf/smo/vf=on/lk=1,34.765,-0.344,-0.376,-2.559,20.603,20.942,0.2326
1481,39.162,59542.0,vf/smo/vf=on/lk=1,35.194,0.089,-0.84,-1.665,21.346,21.025,0.2333
1482,39.182,59562.0,vf/smo/vf=on/lk=1,35.624,-0.382,-0.414,-1.662,21.712,20.327,0.2339
1483,39.202,59582.0,vf/smo/vf=on/lk=1,36.064,0.053,-0.874,-0.761,21.906,19.869,0.2345
1484,39.222,59602.0,vf/smo/vf=on/lk=1,36.503,-0.409,-0.439,-0.758,22.094,19.643,0.2351
1485,39.242,59622.0,vf/smo/vf=on/lk=1,36.943,0.032,-0.896,0.139,22.018,19.659,0.2357
1486,39.262,59642.0,vf/smo/vf=on/lk=1,37.389,-0.417,-0.448,0.138,21.885,19.802,0.2364
1487,39.282,59662.0,vf/smo/vf=on/lk=1,37.828,0.03,-0.898,1.026,22.095,20.151,0.237
1488,39.302,59682.0,vf/smo/vf=on/lk=1,38.276,-0.417,-0.446,1.023,22.276,19.253,0.2376
1489,39.322,59702.0,vf/smo/vf=on/lk=1,38.733,0.037,-0.888,1.922,22.912,20.286,0.2382
1490,39.342,59722.0,vf/smo/vf=on/lk=1,39.193,-0.404,-0.436,1.93,23.066,20.588,0.2389
1491,39.362,59742.0,vf/smo/vf=on/lk=1,39.66,0.055,-0.873,2.834,23.196,21.032,0.2395
1492,39.382,59762.0,vf/smo/vf=on/lk=1,40.123,-0.381,-0.413,2.837,23.374,21.333,0.2401
1493,39.402,59782.0,vf/smo/vf=on/lk=1,40.583,0.088,-0.84,-2.559,22.703,22.231,0.2407
1494,39.422,59802.0,vf/smo/vf=on/lk=1,41.037,-0.347,-0.38,-2.566,23.2,22.966,0.2413
1495,39.442,59822.0,vf/smo/vf=on/lk=1,41.511,0.131,-0.797,-1.674,23.45,24.33,0.242
1496,39.462,59842.0,vf/smo/vf=on/lk=1,41.988,-0.297,-0.326,-1.668,24.16,25.363,0.2426
1497,39.482,59862.0,vf/smo/vf=on/lk=1,42.479,0.184,-0.738,-0.765,24.274,26.022,0.2432
1498,39.502,59882.0,vf/smo/vf=on/lk=1,42.971,-0.226,-0.249,-0.762,24.488,26.842,0.2438
1499,39.522,59902.0,vf/smo/vf=on/lk=1,43.455,0.258,-0.658,0.131,24.216,26.344,0.2444
1500,39.542,59922.0,vf/smo/vf=on/lk=1,43.932,-0.155,-1.069,1.018,23.901,25.861,0.2451
1501,39.562,59942.0,vf/smo/vf=on/lk=1,44.416,0.338,-0.576,1.01,24.204,23.982,0.2457
1502,39.582,59962.0,vf/smo/vf=on/lk=1,44.907,-0.066,-0.983,1.908,24.63,22.756,0.2463
1503,39.602,59982.0,vf/smo/vf=on/lk=1,45.409,0.431,-0.491,1.918,25.361,21.865,0.2469
1504,39.622,60002.0,vf/smo/vf=on/lk=1,45.918,0.037,-0.889,2.825,25.196,22.402,0.2475
1505,39.642,60022.0,vf/smo/vf=on/lk=1,46.424,-0.356,-0.39,2.832,25.435,23.627,0.2482
1506,39.662,60042.0,vf/smo/vf=on/lk=1,46.924,0.15,-0.781,-2.56,25.074,26.109,0.2488
1507,39.682,60062.0,vf/smo/vf=on/lk=1,47.432,-0.232,-0.26,-2.574,25.201,28.302,0.2494
1508,39.702,60082.0,vf/smo/vf=on/lk=1,47.943,0.28,-0.636,-1.687,25.626,27.51,0.25
1509,39.722,60102.0,vf/smo/vf=on/lk=1,48.46,-0.104,-1.018,-0.787,25.992,25.446,0.2506
1510,39.742,60122.0,vf/smo/vf=on/lk=1,48.985,0.419,-0.501,-0.78,26.082,23.056,0.2513
1511,39.762,60142.0,vf/smo/vf=on/lk=1,49.512,0.045,-0.884,0.13,26.285,23.542,0.2519
1512,39.782,60162.0,vf/smo/vf=on/lk=1,50.032,-0.326,-0.362,0.129,26.24,25.91,0.2525
1513,39.802,60182.0,vf/smo/vf=on/lk=1,50.562,0.207,-0.72,1.016,26.23,28.886,0.2531
1514,39.822,60202.0,vf/smo/vf=on/lk=1,51.095,-0.156,-1.072,1.902,26.731,28.47,0.2538
1515,39.842,60222.0,vf/smo/vf=on/lk=1,51.637,0.382,-0.533,1.904,26.984,24.862,0.2544
1516,39.862,60242.0,vf/smo/vf=on/lk=1,52.178,0.022,-0.902,2.815,27.185,23.861,0.255
1517,39.882,60262.0,vf/smo/vf=on/lk=1,52.728,-0.332,-0.367,2.83,27.447,26.218,0.2556
1518,39.902,60282.0,vf/smo/vf=on/lk=1,53.271,0.217,-0.71,-2.568,26.939,29.605,0.2562
1519,39.922,60302.0,vf/smo/vf=on/lk=1,53.804,-0.139,-1.056,-1.688,27.014,29.017,0.2569
1520,39.942,60322.0,vf/smo/vf=on/lk=1,54.357,0.416,-0.505,-1.687,27.558,25.017,0.2575
1521,39.962,60342.0,vf/smo/vf=on/lk=1,54.92,0.076,-0.853,-0.776,27.854,25.538,0.2581
1522,39.982,60362.0,vf/smo/vf=on/lk=1,55.49,-0.26,-0.29,-0.768,28.626,29.735,0.2587
1523,40.002,60382.0,vf/smo/vf=on/lk=1,56.047,0.299,-0.617,0.115,27.995,29.772,0.2593
1524,40.022,60402.0,vf/smo/vf=on/lk=1,56.598,-0.037,-0.956,1.005,27.773,25.933,0.26
1525,40.042,60422.0,vf/smo/vf=on/lk=1,57.159,-0.365,-0.4,1.011,28.033,26.067,0.2606
1526,40.062,60442.0,vf/smo/vf=on/lk=1,57.742,0.211,-0.717,1.911,28.934,30.764,0.2612
1527,40.082,60462.0,vf/smo/vf=on/lk=1,58.325,-0.11,-1.025,2.801,28.995,29.198,0.2618
1528,40.102,60482.0,vf/smo/vf=on/lk=1,58.9,-0.436,-0.463,2.815,28.931,25.693,0.2624
1529,40.122,60502.0,vf/smo/vf=on/lk=1,59.48,0.151,-0.783,-2.569,28.947,28.72,0.2631
1530,40.142,60522.0,vf/smo/vf=on/lk=1,60.057,-0.165,-1.088,-1.687,28.873,31.829,0.2637
1531,40.162,60542.0,vf/smo/vf=on/lk=1,60.646,0.426,-0.496,-1.69,29.235,26.669,0.2643
1532,40.182,60562.0,vf/smo/vf=on/lk=1,61.235,0.116,-0.818,-0.779,29.782,28.349,0.2649
1533,40.202,60582.0,vf/smo/vf=on/lk=1,61.846,-0.183,-0.211,-0.775,30.246,32.376,0.2655
1534,40.222,60602.0,vf/smo/vf=on/lk=1,62.431,0.41,-0.512,0.111,29.605,27.956,0.2662
1535,40.242,60622.0,vf/smo/vf=on/lk=1,63.027,0.117,-0.816,1.011,29.339,28.498,0.2664
1536,40.262,60642.0,vf/smo/vf=on/lk=1,63.622,-0.186,-0.211,1.001,30.164,32.838,0.2664
1537,40.282,60662.0,vf/smo/vf=on/lk=1,64.232,0.418,-0.497,1.897,30.178,27.665,0.2664
1538,40.302,60682.0,vf/smo/vf=on/lk=1,64.834,0.116,-0.806,2.808,30.482,28.874,0.2664
1539,40.322,60702.0,vf/smo/vf=on/lk=1,65.444,-0.176,-1.088,-2.583,30.178,32.794,0.2664
1540,40.342,60722.0,vf/smo/vf=on/lk=1,66.026,0.418,-0.492,-2.598,29.301,27.586,0.2664
1541,40.362,60742.0,vf/smo/vf=on/lk=1,66.621,0.125,-0.794,-1.7,29.618,29.372,0.2664
1542,40.382,60762.0,vf/smo/vf=on/lk=1,67.225,-0.176,-1.085,-0.805,30.399,32.765,0.2664
1543,40.402,60782.0,vf/smo/vf=on/lk=1,67.836,0.427,-0.479,-0.8,30.118,27.198,0.2664
1544,40.422,60802.0,vf/smo/vf=on/lk=1,68.432,0.126,-0.793,0.11,30.283,28.997,0.2664
1545,40.442,60822.0,vf/smo/vf=on/lk=1,69.028,-0.175,-1.084,0.997,29.824,32.702,0.2664
1546,40.462,60842.0,vf/smo/vf=on/lk=1,69.618,0.428,-0.481,0.984,29.463,27.193,0.2664
1547,40.482,60862.0,vf/smo/vf=on/lk=1,70.229,0.136,-0.785,1.899,30.029,29.313,0.2664
1548,40.502,60882.0,vf/smo/vf=on/lk=1,70.838,-0.165,-1.073,2.796,30.603,32.46,0.2664
1549,40.522,60902.0,vf/smo/vf=on/lk=1,71.441,0.438,-0.472,2.797,30.246,27.059,0.2664
1550,40.542,60922.0,vf/smo/vf=on/lk=1,72.028,0.136,-0.785,-2.585,29.587,29.167,0.2664
1551,40.562,60942.0,vf/smo/vf=on/lk=1,72.62,-0.164,-1.074,-1.704,29.71,32.547,0.2664
1552,40.582,60962.0,vf/smo/vf=on/lk=1,73.223,0.439,-0.472,-1.703,29.868,26.965,0.2664
1553,40.602,60982.0,vf/smo/vf=on/lk=1,73.834,0.147,-0.773,-0.792,30.379,30.094,0.2664
1554,40.622,61002.0,vf/smo/vf=on/lk=1,74.441,-0.152,-1.06,0.103,30.434,32.106,0.2664
1555,40.642,61022.0,vf/smo/vf=on/lk=1,75.029,0.44,-0.471,0.102,29.793,26.943,0.2664
1556,40.662,61042.0,vf/smo/vf=on/lk=1,75.622,0.148,-0.774,0.998,29.431,29.808,0.2664
1557,40.682,61062.0,vf/smo/vf=on/lk=1,76.222,-0.152,-1.06,1.884,30.068,32.007,0.2664
1558,40.702,61082.0,vf/smo/vf=on/lk=1,76.829,-0.447,-0.463,1.894,30.276,26.948,0.2664
1559,40.722,61102.0,vf/smo/vf=on/lk=1,77.434,0.149,-0.774,2.81,30.394,29.564,0.2664
1560,40.742,61122.0,vf/smo/vf=on/lk=1,78.035,-0.15,-1.062,-2.585,30.128,31.982,0.2664
1561,40.762,61142.0,vf/smo/vf=on/lk=1,78.624,-0.446,-0.463,-2.594,29.273,26.946,0.2664
1562,40.782,61162.0,vf/smo/vf=on/lk=1,79.224,0.161,-0.76,-1.697,29.779,30.621,0.2664
1563,40.802,61182.0,vf/smo/vf=on/lk=1,79.828,-0.138,-1.046,-0.807,30.259,31.594,0.2664
1564,40.822,61202.0,vf/smo/vf=on/lk=1,80.436,-0.434,-0.45,-0.796,30.3,26.592,0.2664
1565,40.842,61222.0,vf/smo/vf=on/lk=1,81.037,0.162,-0.759,0.115,30.28,30.487,0.2664
1566,40.862,61242.0,vf/smo/vf=on/lk=1,81.632,-0.134,-1.038,0.989,29.607,31.624,0.2664
1567,40.882,61262.0,vf/smo/vf=on/lk=1,82.217,-0.438,-0.452,0.988,29.589,26.815,0.2664
1568,40.902,61282.0,vf/smo/vf=on/lk=1,82.826,0.167,-0.753,1.897,30.217,30.711,0.2664
1569,40.922,61302.0,vf/smo/vf=on/lk=1,83.436,-0.131,-1.038,2.793,30.367,31.238,0.2664
1570,40.942,61322.0,vf/smo/vf=on/lk=1,84.041,-0.427,-0.446,2.805,30.071,26.824,0.2664
1571,40.962,61342.0,vf/smo/vf=on/lk=1,84.627,0.168,-0.754,-2.584,29.767,30.604,0.2664
1572,40.982,61362.0,vf/smo/vf=on/lk=1,85.223,-0.128,-1.036,-1.705,29.766,31.355,0.2664
1573,41.002,61382.0,vf/smo/vf=on/lk=1,85.819,-0.428,-0.443,-1.703,29.861,26.7,0.2664
1574,41.022,61402.0,vf/smo/vf=on/lk=1,86.432,0.178,-0.742,-0.79,30.432,31.206,0.2664
1575,41.042,61422.0,vf/smo/vf=on/lk=1,87.04,-0.12,-1.026,0.101,30.312,31.073,0.2664
1576,41.062,61442.0,vf/smo/vf=on/lk=1,87.63,-0.42,-0.436,0.102,29.685,26.815,0.2664
1577,41.082,61462.0,vf/smo/vf=on/lk=1,88.219,0.177,-0.743,0.998,29.485,30.91,0.2664
1578,41.102,61482.0,vf/smo/vf=on/lk=1,88.822,-0.12,-1.027,1.884,29.996,31.064,0.2664
1579,41.122,61502.0,vf/smo/vf=on/lk=1,89.43,-0.416,-0.435,1.9,30.308,26.791,0.2664
1580,41.142,61522.0,vf/smo/vf=on/lk=1,90.043,0.189,-0.732,2.811,30.544,31.616,0.2664
1581,41.162,61542.0,vf/smo/vf=on/lk=1,90.641,-0.129,-1.039,-2.568,29.984,31.333,0.2664
1582,41.182,61562.0,vf/smo/vf=on/lk=1,91.221,-0.412,-0.429,-2.598,29.307,26.766,0.2664
1583,41.202,61582.0,vf/smo/vf=on/lk=1,91.824,0.193,-0.726,-1.698,29.751,31.475,0.2664
1584,41.222,61602.0,vf/smo/vf=on/lk=1,92.433,-0.103,-1.011,-0.803,30.262,29.86,0.2664
1585,41.242,61622.0,vf/smo/vf=on/lk=1,93.028,-0.408,-0.43,-0.789,30.39,26.848,0.2664
1586,41.262,61642.0,vf/smo/vf=on/lk=1,93.639,0.197,-0.726,0.117,30.307,31.632,0.2664
1587,41.282,61662.0,vf/smo/vf=on/lk=1,94.226,-0.106,-1.015,0.994,29.418,30.539,0.2664
1588,41.302,61682.0,vf/smo/vf=on/lk=1,94.82,-0.4,-0.423,0.995,29.739,27.04,0.2664
1589,41.322,61702.0,vf/smo/vf=on/lk=1,95.43,0.204,-0.717,1.899,30.3,32.07,0.2664
1590,41.342,61722.0,vf/smo/vf=on/lk=1,96.032,-0.101,-1.008,2.792,30.236,30.292,0.2664
1591,41.362,61742.0,vf/smo/vf=on/lk=1,96.636,-0.397,-0.417,2.805,30.383,26.988,0.2664
1592,41.382,61762.0,vf/smo/vf=on/lk=1,97.238,0.188,-0.732,-2.561,29.598,31.179,0.2664
1593,41.402,61782.0,vf/smo/vf=on/lk=1,97.822,-0.094,-0.995,-1.714,29.58,29.658,0.2664
1594,41.422,61802.0,vf/smo/vf=on/lk=1,98.422,-0.39,-0.409,-1.701,29.907,26.999,0.2664
1595,41.442,61822.0,vf/smo/vf=on/lk=1,99.037,0.214,-0.703,-0.791,30.584,32.057,0.2664
1596,41.462,61842.0,vf/smo/vf=on/lk=1,99.635,-0.09,-0.998,0.102,30.212,29.644,0.2664
1597,41.482,61862.0,vf/smo/vf=on/lk=1,100.23,-0.385,-0.409,0.108,29.667,27.126,0.2664
1598,41.502,61882.0,vf/smo/vf=on/lk=1,100.819,0.213,-0.707,0.995,29.537,32.11,0.2664
1599,41.522,61902.0,vf/smo/vf=on/lk=1,101.43,-0.08,-0.987,1.886,30.023,29.234,0.2664
1600,41.542,61922.0,vf/smo/vf=on/lk=1,102.025,-0.385,-0.407,1.901,30.309,27.007,0.2664
1601,41.562,61942.0,vf/smo/vf=on/lk=1,102.637,0.218,-0.701,2.807,30.555,32.188,0.2664
1602,41.582,61962.0,vf/smo/vf=on/lk=1,103.24,-0.076,-0.985,-2.589,29.954,29.018,0.2664
1603,41.602,61982.0,vf/smo/vf=on/lk=1,103.827,-0.373,-0.398,-2.589,29.327,27.437,0.2664
1604,41.622,62002.0,vf/smo/vf=on/lk=1,104.418,0.222,-0.698,-1.698,29.815,32.191,0.2664
1605,41.642,62022.0,vf/smo/vf=on/lk=1,105.029,-0.072,-0.98,-0.805,30.325,29.026,0.2664
1606,41.662,62042.0,vf/smo/vf=on/lk=1,105.638,-0.369,-0.393,-0.783,30.225,27.478,0.2664
1607,41.682,62062.0,vf/smo/vf=on/lk=1,106.231,0.224,-0.694,0.111,30.236,32.352,0.2664
1608,41.702,62082.0,vf/smo/vf=on/lk=1,106.828,-0.07,-0.979,0.993,29.552,28.952,0.2664
1609,41.722,62102.0,vf/smo/vf=on/lk=1,107.42,-0.366,-0.391,0.997,29.637,27.592,0.2664
1610,41.742,62122.0,vf/smo/vf=on/lk=1,108.032,0.237,-0.677,1.895,30.229,32.484,0.2664
1611,41.762,62142.0,vf/smo/vf=on/lk=1,108.632,-0.066,-0.972,2.79,30.483,28.706,0.2664
1612,41.782,62162.0,vf/smo/vf=on/lk=1,109.238,-0.363,-0.386,2.81,30.043,27.525,0.2664
1613,41.802,62182.0,vf/smo/vf=on/lk=1,109.835,0.24,-0.676,-2.586,29.906,32.547,0.2664
1614,41.822,62202.0,vf/smo/vf=on/lk=1,110.417,-0.063,-0.971,-1.709,29.427,28.802,0.2664
1615,41.842,62222.0,vf/smo/vf=on/lk=1,111.019,-0.36,-0.384,-1.694,30.014,28.021,0.2664
1616,41.862,62242.0,vf/smo/vf=on/lk=1,111.634,0.243,-0.673,-0.791,30.458,32.612,0.2664
1617,41.882,62262.0,vf/smo/vf=on/lk=1,112.241,-0.05,-0.959,0.103,30.038,28.288,0.2664
1618,41.902,62282.0,vf/smo/vf=on/lk=1,112.826,-0.356,-0.38,0.108,29.902,28.061,0.2664
1619,41.922,62302.0,vf/smo/vf=on/lk=1,113.421,0.247,-0.666,0.99,29.614,32.675,0.2664
1620,41.942,62322.0,vf/smo/vf=on/lk=1,114.025,-0.046,-0.954,1.882,29.991,28.119,0.2664
1621,41.962,62342.0,vf/smo/vf=on/lk=1,114.63,-0.348,-0.37,1.903,30.4,28.279,0.2664
1622,41.982,62362.0,vf/smo/vf=on/lk=1,115.246,0.256,-0.656,2.805,30.451,32.557,0.2664
1623,42.002,62382.0,vf/smo/vf=on/lk=1,115.839,-0.042,-0.948,-2.594,29.818,27.859,0.2664
1624,42.022,62402.0,vf/smo/vf=on/lk=1,116.426,-0.34,-0.363,-2.591,29.257,28.472,0.2664
1625,42.042,62422.0,vf/smo/vf=on/lk=1,117.018,0.254,-0.657,-1.705,30.063,32.598,0.2664
1626,42.062,62442.0,vf/smo/vf=on/lk=1,117.629,-0.039,-0.946,-0.806,30.139,27.636,0.2664
1627,42.082,62462.0,vf/smo/vf=on/lk=1,118.238,-0.336,-0.359,-0.783,30.399,28.604,0.2664
1628,42.102,62482.0,vf/smo/vf=on/lk=1,118.844,0.266,-0.646,0.109,30.131,32.309,0.2664
1629,42.122,62502.0,vf/smo/vf=on/lk=1,119.427,-0.036,-0.946,0.992,29.519,27.69,0.2664
1630,42.142,62522.0,vf/smo/vf=on/lk=1,120.019,-0.333,-0.359,0.997,29.66,28.6,0.2664
1631,42.162,62542.0,vf/smo/vf=on/lk=1,120.628,0.269,-0.642,1.889,30.363,32.396,0.2664
1632,42.182,62562.0,vf/smo/vf=on/lk=1,121.231,-0.034,-0.943,2.793,30.222,27.599,0.2664
1633,42.202,62582.0,vf/smo/vf=on/lk=1,121.835,-0.331,-0.355,2.809,30.344,28.757,0.2664
1634,42.222,62602.0,vf/smo/vf=on/lk=1,122.43,0.271,-0.64,-2.594,29.697,32.483,0.2664
1635,42.242,62622.0,vf/smo/vf=on/lk=1,123.027,-0.022,-0.931,-1.706,29.412,27.343,0.2664
1636,42.262,62642.0,vf/smo/vf=on/lk=1,123.62,-0.328,-0.353,-1.69,30.061,28.858,0.2664
1637,42.282,62662.0,vf/smo/vf=on/lk=1,124.231,0.274,-0.638,-0.795,30.651,32.562,0.2664
1638,42.302,62682.0,vf/smo/vf=on/lk=1,124.837,-0.018,-0.929,0.103,30.017,27.316,0.2664
1639,42.322,62702.0,vf/smo/vf=on/lk=1,125.434,-0.315,-0.341,0.111,29.875,29.226,0.2664
1640,42.342,62722.0,vf/smo/vf=on/lk=1,126.029,0.286,-0.626,0.991,29.641,31.763,0.2664
1641,42.362,62742.0,vf/smo/vf=on/lk=1,126.621,-0.016,-0.926,1.883,29.852,27.302,0.2664
1642,42.382,62762.0,vf/smo/vf=on/lk=1,127.23,-0.313,-0.337,1.903,30.484,29.572,0.2664
1643,42.402,62782.0,vf/smo/vf=on/lk=1,127.842,0.287,-0.622,2.801,30.374,32.072,0.2664
1644,42.422,62802.0,vf/smo/vf=on/lk=1,128.431,-0.015,-0.927,-2.589,29.737,27.338,0.2664
1645,42.442,62822.0,vf/smo/vf=on/lk=1,129.019,-0.312,-0.34,-2.589,29.435,29.5,0.2664
1646,42.462,62842.0,vf/smo/vf=on/lk=1,129.62,0.289,-0.624,-1.703,30.028,32.132,0.2664
1647,42.482,62862.0,vf/smo/vf=on/lk=1,130.23,-0.004,-0.917,-0.8,30.257,27.11,0.2664
1648,42.502,62882.0,vf/smo/vf=on/lk=1,130.839,-0.301,-0.326,-0.782,30.415,29.955,0.2664
1649,42.522,62902.0,vf/smo/vf=on/lk=1,131.444,0.3,-0.608,0.105,29.962,31.695,0.2664
1650,42.542,62922.0,vf/smo/vf=on/lk=1,132.025,-0.001,-0.912,0.99,29.397,27.006,0.2664
1651,42.562,62942.0,vf/smo/vf=on/lk=1,132.62,-0.298,-0.319,0.993,29.769,30.303,0.2664
1652,42.582,62962.0,vf/smo/vf=on/lk=1,133.228,0.303,-0.603,1.884,30.368,31.542,0.2664
1653,42.602,62982.0,vf/smo/vf=on/lk=1,133.834,0.005,-0.905,2.791,30.27,26.846,0.2664
1654,42.622,63002.0,vf/smo/vf=on/lk=1,134.444,-0.291,-0.315,2.812,30.446,30.303,0.2664
1655,42.642,63022.0,vf/smo/vf=on/lk=1,135.038,0.31,-0.599,-2.593,29.427,31.352,0.2664
1656,42.662,63042.0,vf/smo/vf=on/lk=1,135.622,0.009,-0.905,-1.702,29.445,26.994,0.2664
1657,42.682,63062.0,vf/smo/vf=on/lk=1,136.225,-0.288,-0.314,-1.691,30.249,30.664,0.2664
1658,42.702,63082.0,vf/smo/vf=on/lk=1,136.834,0.312,-0.596,-0.8,30.488,31.506,0.2664
1659,42.722,63102.0,vf/smo/vf=on/lk=1,137.432,0.013,-0.899,0.101,29.956,26.94,0.2664
1660,42.742,63122.0,vf/smo/vf=on/lk=1,138.035,-0.283,-0.306,0.111,29.907,30.609,0.2664
1661,42.762,63142.0,vf/smo/vf=on/lk=1,138.626,0.317,-0.59,0.986,29.715,31.328,0.2664
1662,42.782,63162.0,vf/smo/vf=on/lk=1,139.221,0.016,-0.896,1.887,29.916,27.002,0.2664
1663,42.802,63182.0,vf/smo/vf=on/lk=1,139.833,-0.281,-0.306,1.909,30.324,30.679,0.2664
1664,42.822,63202.0,vf/smo/vf=on/lk=1,140.445,0.324,-0.58,2.795,30.345,30.873,0.2664
1665,42.842,63222.0,vf/smo/vf=on/lk=1,141.037,0.024,-0.89,-2.586,29.744,26.911,0.2664
1666,42.862,63242.0,vf/smo/vf=on/lk=1,141.628,-0.272,-0.298,-2.588,29.667,30.975,0.2664
1667,42.882,63262.0,vf/smo/vf=on/lk=1,142.225,0.327,-0.582,-1.707,29.897,30.896,0.2664
1668,42.902,63282.0,vf/smo/vf=on/lk=1,142.826,0.026,-0.889,-0.799,30.131,26.794,0.2664
1669,42.922,63302.0,vf/smo/vf=on/lk=1,143.438,-0.271,-0.296,-0.779,30.455,31.114,0.2664
1670,42.942,63322.0,vf/smo/vf=on/lk=1,144.038,0.332,-0.576,0.1,30.075,30.522,0.2664
1671,42.962,63342.0,vf/smo/vf=on/lk=1,144.631,0.036,-0.88,0.998,29.316,27.092,0.2664
1672,42.982,63362.0,vf/smo/vf=on/lk=1,145.217,-0.268,-0.293,0.997,29.882,31.272,0.2664
1673,43.002,63382.0,vf/smo/vf=on/lk=1,145.829,0.336,-0.569,1.885,30.389,30.343,0.2664
1674,43.022,63402.0,vf/smo/vf=on/lk=1,146.434,0.035,-0.88,2.801,30.204,26.799,0.2664
1675,43.042,63422.0,vf/smo/vf=on/lk=1,147.041,-0.261,-0.284,2.812,30.475,31.44,0.2664
1676,43.062,63442.0,vf/smo/vf=on/lk=1,147.632,0.34,-0.567,-2.598,29.492,30.083,0.2664
1677,43.082,63462.0,vf/smo/vf=on/lk=1,148.218,0.04,-0.876,-1.703,29.429,26.879,0.2664
1678,43.102,63482.0,vf/smo/vf=on/lk=1,148.827,-0.255,-0.277,-1.693,30.307,31.848,0.2664
1679,43.122,63502.0,vf/smo/vf=on/lk=1,149.43,0.343,-0.563,-0.804,30.271,30.053,0.2664
1680,43.142,63522.0,vf/smo/vf=on/lk=1,150.037,0.051,-0.866,0.107,30.085,26.951,0.2664
1681,43.162,63542.0,vf/smo/vf=on/lk=1,150.635,-0.249,-0.27,0.109,29.822,31.972,0.2664
1682,43.182,63562.0,vf/smo/vf=on/lk=1,151.226,0.351,-0.554,0.983,29.769,29.664,0.2664
1683,43.202,63582.0,vf/smo/vf=on/lk=1,151.821,0.049,-0.867,1.891,29.707,27.135,0.2664
1684,43.222,63602.0,vf/smo/vf=on/lk=1,152.435,-0.245,-0.266,1.904,30.733,32.061,0.2664
1685,43.242,63622.0,vf/smo/vf=on/lk=1,153.038,0.352,-0.554,2.795,30.287,29.657,0.2664
1686,43.262,63642.0,vf/smo/vf=on/lk=1,153.636,0.06,-0.858,-2.586,29.589,27.371,0.2664
1687,43.282,63662.0,vf/smo/vf=on/lk=1,154.22,-0.246,-0.269,-2.59,29.65,32.115,0.2664
1688,43.302,63682.0,vf/smo/vf=on/lk=1,154.822,0.356,-0.55,-1.708,29.984,29.626,0.2664
1689,43.322,63702.0,vf/smo/vf=on/lk=1,155.423,0.057,-0.861,-0.795,30.173,27.103,0.2664
1690,43.342,63722.0,vf/smo/vf=on/lk=1,156.04,-0.238,-0.259,-0.781,30.458,32.173,0.2664
1691,43.362,63742.0,vf/smo/vf=on/lk=1,156.642,0.368,-0.539,0.102,30.071,29.147,0.2664
1692,43.382,63762.0,vf/smo/vf=on/lk=1,157.222,0.067,-0.853,0.996,29.188,27.311,0.2664
1693,43.402,63782.0,vf/smo/vf=on/lk=1,157.825,-0.228,-0.25,0.996,30.056,32.483,0.2664
1694,43.422,63802.0,vf/smo/vf=on/lk=1,158.426,0.368,-0.542,1.888,30.213,29.148,0.2664
1695,43.442,63822.0,vf/smo/vf=on/lk=1,159.029,0.066,-0.855,2.805,30.329,27.258,0.2664
1696,43.462,63842.0,vf/smo/vf=on/lk=1,159.643,-0.228,-0.251,2.814,30.281,32.364,0.2664
1697,43.482,63862.0,vf/smo/vf=on/lk=1,160.224,0.369,-0.539,-2.599,29.457,28.99,0.2664
1698,43.502,63882.0,vf/smo/vf=on/lk=1,160.823,0.078,-0.843,-1.697,29.377,27.665,0.2664
1699,43.522,63902.0,vf/smo/vf=on/lk=1,161.424,-0.226,-0.247,-1.692,30.599,32.529,0.2664
1700,43.542,63922.0,vf/smo/vf=on/lk=1,162.033,0.38,-0.527,-0.803,30.151,28.742,0.2664
1701,43.562,63942.0,vf/smo/vf=on/lk=1,162.634,0.079,-0.84,0.112,30.249,27.456,0.2664
1702,43.582,63962.0,vf/smo/vf=on/lk=1,163.237,-0.215,-0.234,0.108,29.763,32.541,0.2664
1703,43.602,63982.0,vf/smo/vf=on/lk=1,163.82,0.381,-0.527,0.984,29.531,28.584,0.2664
1704,43.622,64002.0,vf/smo/vf=on/lk=1,164.426,0.089,-0.831,1.894,30.013,27.796,0.2664
1705,43.642,64022.0,vf/smo/vf=on/lk=1,165.032,-0.215,-0.232,1.901,30.59,32.759,0.2664
1706,43.662,64042.0,vf/smo/vf=on/lk=1,165.641,0.391,-0.517,2.795,30.188,28.273,0.2664
1707,43.682,64062.0,vf/smo/vf=on/lk=1,166.23,0.09,-0.83,-2.587,29.608,28.171,0.2664
1708,43.702,64082.0,vf/smo/vf=on/lk=1,166.817,-0.213,-0.233,-2.596,29.659,32.538,0.2664
1709,43.722,64102.0,vf/smo/vf=on/lk=1,167.422,0.392,-0.516,-1.708,29.971,28.316,0.2664
1710,43.742,64122.0,vf/smo/vf=on/lk=1,168.023,0.091,-0.83,-0.793,30.255,27.899,0.2664
1711,43.762,64142.0,vf/smo/vf=on/lk=1,168.64,-0.203,-0.22,-0.786,30.591,32.751,0.2664
1712,43.782,64162.0,vf/smo/vf=on/lk=1,169.23,0.393,-0.516,0.101,29.735,28.338,0.2664
1713,43.802,64182.0,vf/smo/vf=on/lk=1,169.825,0.101,-0.82,1.0,29.284,28.302,0.2664
1714,43.822,64202.0,vf/smo/vf=on/lk=1,170.419,-0.202,-0.219,0.993,30.177,32.628,0.2664
1715,43.842,64222.0,vf/smo/vf=on/lk=1,171.03,0.403,-0.506,1.889,30.258,27.968,0.2664
1716,43.862,64242.0,vf/smo/vf=on/lk=1,171.631,0.101,-0.819,2.804,30.295,28.23,0.2664
1717,43.882,64262.0,vf/smo/vf=on/lk=1,172.246,-0.191,-1.105,-2.578,30.292,32.561,0.2664
1718,43.902,64282.0,vf/smo/vf=on/lk=1,172.827,0.404,-0.505,-2.597,29.282,27.803,0.2664
1719,43.922,64302.0,vf/smo/vf=on/lk=1,173.423,0.111,-0.811,-1.696,29.523,28.512,0.2664
1720,43.942,64322.0,vf/smo/vf=on/lk=1,174.024,-0.191,-1.104,-0.801,30.502,33.043,0.2664
1721,43.962,64342.0,vf/smo/vf=on/lk=1,174.63,0.408,-0.5,-0.8,30.105,27.58,0.2664
1722,43.982,64362.0,vf/smo/vf=on/lk=1,175.239,0.118,-0.804,0.114,30.349,28.683,0.2664
1723,44.002,64382.0,vf/smo/vf=on/lk=1,175.837,-0.179,-1.09,0.998,29.769,32.31,0.2664
1724,44.022,64402.0,vf/smo/vf=on/lk=1,176.42,0.415,-0.494,0.985,29.55,27.541,0.2664
1725,44.042,64422.0,vf/smo/vf=on/lk=1,177.026,0.122,-0.799,1.896,30.02,29.016,0.2664
1726,44.062,64442.0,vf/smo/vf=on/lk=1,177.637,-0.179,-1.09,2.798,30.715,33.016,0.2664
1727,44.082,64462.0,vf/smo/vf=on/lk=1,178.244,0.425,-0.486,2.801,29.936,27.17,0.2664
1728,44.102,64482.0,vf/smo/vf=on/lk=1,178.831,0.124,-0.799,-2.582,29.806,28.846,0.2664
1729,44.122,64502.0,vf/smo/vf=on/lk=1,179.422,-0.178,-1.092,-1.698,29.7,32.594,0.2664
1730,44.142,64522.0,vf/smo/vf=on/lk=1,180.026,0.427,-0.484,-1.702,29.776,27.203,0.2664
1731,44.162,64542.0,vf/smo/vf=on/lk=1,180.625,0.125,-0.797,-0.79,30.345,28.772,0.2664
1732,44.182,64562.0,vf/smo/vf=on/lk=1,181.244,-0.165,-1.076,0.108,30.616,32.441,0.2664
1733,44.202,64582.0,vf/smo/vf=on/lk=1,181.832,0.428,-0.482,0.102,29.564,27.17,0.2664
1734,44.222,64602.0,vf/smo/vf=on/lk=1,182.426,0.137,-0.785,0.998,29.549,29.635,0.2664
1735,44.242,64622.0,vf/smo/vf=on/lk=1,183.024,-0.164,-1.074,1.886,30.013,32.456,0.2664
1736,44.262,64642.0,vf/smo/vf=on/lk=1,183.636,0.439,-0.473,1.896,30.238,27.024,0.2664
1737,44.282,64662.0,vf/smo/vf=on/lk=1,184.236,0.138,-0.785,2.808,30.493,29.572,0.2664
1738,44.302,64682.0,vf/smo/vf=on/lk=1,184.839,-0.162,-1.072,-2.585,30.156,32.135,0.2664
1739,44.322,64702.0,vf/smo/vf=on/lk=1,185.431,0.442,-0.47,-2.595,29.376,26.899,0.2664
1740,44.342,64722.0,vf/smo/vf=on/lk=1,186.015,0.14,-0.781,-1.699,29.513,29.665,0.2664
1741,44.362,64742.0,vf/smo/vf=on/lk=1,186.62,-0.16,-1.071,-0.805,30.347,32.396,0.2664
1742,44.382,64762.0,vf/smo/vf=on/lk=1,187.23,0.442,-0.472,-0.794,30.252,27.047,0.2664
1743,44.402,64782.0,vf/smo/vf=on/lk=1,187.841,0.15,-0.774,0.119,30.181,29.832,0.2664
1744,44.422,64802.0,vf/smo/vf=on/lk=1,188.434,-0.146,-1.054,0.993,29.789,31.965,0.2664
1745,44.442,64822.0,vf/smo/vf=on/lk=1,189.02,0.448,-0.465,0.989,29.643,26.978,0.2664
1746,44.462,64842.0,vf/smo/vf=on/lk=1,189.628,0.155,-0.765,1.897,30.114,30.174,0.2664
1747,44.482,64862.0,vf/smo/vf=on/lk=1,190.235,-0.144,-1.051,2.791,30.423,31.975,0.2664
1748,44.502,64882.0,vf/smo/vf=on/lk=1,190.839,-0.439,-0.455,2.799,30.146,26.757,0.2664
1749,44.522,64902.0,vf/smo/vf=on/lk=1,191.433,0.161,-0.758,-2.587,29.668,30.229,0.2664
1750,44.542,64922.0,vf/smo/vf=on/lk=1,192.019,-0.146,-1.053,-1.707,29.736,31.95,0.2664
1751,44.562,64942.0,vf/smo/vf=on/lk=1,192.622,-0.441,-0.457,-1.7,29.783,26.888,0.2664
1752,44.582,64962.0,vf/smo/vf=on/lk=1,193.234,0.165,-0.758,-0.787,30.354,30.454,0.2664
1753,44.602,64982.0,vf/smo/vf=on/lk=1,193.84,-0.134,-1.042,0.103,30.445,31.465,0.2664
1754,44.622,65002.0,vf/smo/vf=on/lk=1,194.435,-0.43,-0.447,0.103,29.701,26.824,0.2664
1755,44.642,65022.0,vf/smo/vf=on/lk=1,195.024,0.169,-0.752,0.997,29.455,30.798,0.2664
1756,44.662,65042.0,vf/smo/vf=on/lk=1,195.629,-0.128,-1.036,1.886,30.081,31.42,0.2664
1757,44.682,65062.0,vf/smo/vf=on/lk=1,196.224,-0.433,-0.451,1.896,30.374,26.691,0.2664
1758,44.702,65082.0,vf/smo/vf=on/lk=1,196.837,0.172,-0.749,2.807,30.536,30.456,0.2664
1759,44.722,65102.0,vf/smo/vf=on/lk=1,197.442,-0.127,-1.034,-2.586,30.135,31.189,0.2664
1760,44.742,65122.0,vf/smo/vf=on/lk=1,198.023,-0.427,-0.443,-2.596,29.048,26.704,0.2664
1761,44.762,65142.0,vf/smo/vf=on/lk=1,198.624,0.18,-0.74,-1.697,29.916,30.966,0.2664
1762,44.782,65162.0,vf/smo/vf=on/lk=1,199.23,-0.117,-1.025,-0.807,30.239,30.735,0.2664
1763,44.802,65182.0,vf/smo/vf=on/lk=1,199.827,-0.423,-0.44,-0.795,30.266,26.744,0.2664
1764,44.822,65202.0,vf/smo/vf=on/lk=1,200.438,0.182,-0.738,0.114,30.313,31.25,0.2664
1765,44.842,65222.0,vf/smo/vf=on/lk=1,201.031,-0.115,-1.024,0.993,29.607,30.885,0.2664
1766,44.862,65242.0,vf/smo/vf=on/lk=1,201.617,-0.418,-0.435,0.99,29.39,26.715,0.2664
1767,44.882,65262.0,vf/smo/vf=on/lk=1,202.229,0.189,-0.73,1.897,30.321,31.558,0.2664
1768,44.902,65282.0,vf/smo/vf=on/lk=1,202.838,-0.108,-1.012,2.788,30.513,30.421,0.2664
1769,44.922,65302.0,vf/smo/vf=on/lk=1,203.432,-0.413,-0.431,2.801,30.093,26.778,0.2664
1770,44.942,65322.0,vf/smo/vf=on/lk=1,204.033,0.192,-0.729,-2.583,29.833,31.455,0.2664
1771,44.962,65342.0,vf/smo/vf=on/lk=1,204.621,-0.109,-1.017,-1.708,29.482,30.572,0.2664
1772,44.982,65362.0,vf/smo/vf=on/lk=1,205.228,-0.4,-0.419,-1.698,29.92,26.951,0.2664
1773,45.002,65382.0,vf/smo/vf=on/lk=1,205.828,0.192,-0.725,-0.792,30.535,31.602,0.2664
1774,45.022,65402.0,vf/smo/vf=on/lk=1,206.439,-0.103,-1.01,0.103,30.258,30.131,0.2664
1775,45.042,65422.0,vf/smo/vf=on/lk=1,207.032,-0.399,-0.42,0.107,29.604,26.996,0.2664
1776,45.062,65442.0,vf/smo/vf=on/lk=1,207.618,0.196,-0.725,0.998,29.595,31.68,0.2664
1777,45.082,65462.0,vf/smo/vf=on/lk=1,208.227,-0.095,-1.0,1.882,29.956,29.754,0.2664
1778,45.102,65482.0,vf/smo/vf=on/lk=1,208.824,-0.399,-0.417,1.896,30.447,27.142,0.2664
1779,45.122,65502.0,vf/smo/vf=on/lk=1,209.439,0.205,-0.712,2.806,30.535,32.042,0.2664
1780,45.142,65522.0,vf/smo/vf=on/lk=1,210.043,-0.09,-0.994,-2.591,29.902,29.46,0.2664
1781,45.162,65542.0,vf/smo/vf=on/lk=1,210.631,-0.386,-0.407,-2.59,29.236,27.159,0.2664
1782,45.182,65562.0,vf/smo/vf=on/lk=1,211.22,0.209,-0.71,-1.698,29.964,31.833,0.2664
1783,45.202,65582.0,vf/smo/vf=on/lk=1,211.827,-0.086,-0.993,-0.808,30.205,29.493,0.2664
1784,45.222,65602.0,vf/smo/vf=on/lk=1,212.436,-0.382,-0.405,-0.787,30.41,27.256,0.2664
1785,45.242,65622.0,vf/smo/vf=on/lk=1,213.035,0.213,-0.706,0.113,30.171,32.078,0.2664
1786,45.262,65642.0,vf/smo/vf=on/lk=1,213.63,-0.082,-0.989,0.991,29.525,29.391,0.2664
1787,45.282,65662.0,vf/smo/vf=on/lk=1,214.222,-0.378,-0.402,0.995,29.641,27.224,0.2664
1788,45.302,65682.0,vf/smo/vf=on/lk=1,214.822,0.216,-0.703,1.896,30.283,32.331,0.2664
1789,45.322,65702.0,vf/smo/vf=on/lk=1,215.434,-0.078,-0.988,2.793,30.395,29.297,0.2664
1790,45.342,65722.0,vf/smo/vf=on/lk=1,216.04,-0.374,-0.399,2.81,30.099,27.36,0.2664
1791,45.362,65742.0,vf/smo/vf=on/lk=1,216.638,0.229,-0.688,-2.585,29.902,32.376,0.2664
1792,45.382,65762.0,vf/smo/vf=on/lk=1,217.219,-0.075,-0.982,-1.71,29.367,29.092,0.2664
1793,45.402,65782.0,vf/smo/vf=on/lk=1,217.821,-0.372,-0.394,-1.697,30.025,27.464,0.2664
1794,45.422,65802.0,vf/smo/vf=on/lk=1,218.437,0.232,-0.682,-0.792,30.663,32.616,0.2664
1795,45.442,65822.0,vf/smo/vf=on/lk=1,219.033,-0.071,-0.977,0.098,29.989,29.058,0.2664
1796,45.462,65842.0,vf/smo/vf=on/lk=1,219.628,-0.368,-0.392,0.108,29.746,27.558,0.2664
1797,45.482,65862.0,vf/smo/vf=on/lk=1,220.227,0.235,-0.682,0.998,29.682,32.407,0.2664
1798,45.502,65882.0,vf/smo/vf=on/lk=1,220.821,-0.067,-0.975,1.885,30.093,29.121,0.2664
1799,45.522,65902.0,vf/smo/vf=on/lk=1,221.427,-0.364,-0.387,1.903,30.099,27.741,0.2664
1800,45.542,65922.0,vf/smo/vf=on/lk=1,222.041,0.239,-0.675,2.805,30.675,32.394,0.2664
1801,45.562,65942.0,vf/smo/vf=on/lk=1,222.642,-0.055,-0.963,-2.589,29.851,28.292,0.2664
1802,45.582,65962.0,vf/smo/vf=on/lk=1,223.217,-0.361,-0.385,-2.592,29.19,27.716,0.2664
1803,45.602,65982.0,vf/smo/vf=on/lk=1,223.822,0.243,-0.672,-1.701,30.035,32.61,0.2664
1804,45.622,66002.0,vf/smo/vf=on/lk=1,224.432,-0.049,-0.957,-0.805,30.263,27.992,0.2664
1805,45.642,66022.0,vf/smo/vf=on/lk=1,225.029,-0.356,-0.38,-0.786,30.281,27.83,0.2664
1806,45.662,66042.0,vf/smo/vf=on/lk=1,225.639,0.247,-0.667,0.112,30.168,32.537,0.2664
1807,45.682,66062.0,vf/smo/vf=on/lk=1,226.233,-0.047,-0.954,0.993,29.451,28.085,0.2664
1808,45.702,66082.0,vf/smo/vf=on/lk=1,226.821,-0.343,-0.368,0.994,29.588,28.269,0.2664
1809,45.722,66102.0,vf/smo/vf=on/lk=1,227.423,0.25,-0.661,1.89,30.481,32.615,0.2664
1810,45.742,66122.0,vf/smo/vf=on/lk=1,228.032,-0.043,-0.949,2.786,30.191,27.702,0.2664
1811,45.762,66142.0,vf/smo/vf=on/lk=1,228.641,-0.34,-0.363,2.809,30.443,28.28,0.2664
1812,45.782,66162.0,vf/smo/vf=on/lk=1,229.238,0.263,-0.651,-2.589,29.723,32.562,0.2664
1813,45.802,66182.0,vf/smo/vf=on/lk=1,229.823,-0.039,-0.95,-1.706,29.416,27.897,0.2664
1814,45.822,66202.0,vf/smo/vf=on/lk=1,230.425,-0.336,-0.363,-1.689,29.962,28.619,0.2664
1815,45.842,66222.0,vf/smo/vf=on/lk=1,231.037,0.266,-0.646,-0.795,30.591,32.657,0.2664
1816,45.862,66242.0,vf/smo/vf=on/lk=1,231.631,-0.037,-0.946,0.099,29.998,27.716,0.2664
1817,45.882,66262.0,vf/smo/vf=on/lk=1,232.228,-0.334,-0.361,0.111,29.827,28.485,0.2664
1818,45.902,66282.0,vf/smo/vf=on/lk=1,232.825,0.268,-0.644,0.991,29.759,32.548,0.2664
1819,45.922,66302.0,vf/smo/vf=on/lk=1,233.427,-0.026,-0.935,1.885,29.89,27.584,0.2664
1820,45.942,66322.0,vf/smo/vf=on/lk=1,234.024,-0.332,-0.357,1.903,30.276,28.515,0.2664
1821,45.962,66342.0,vf/smo/vf=on/lk=1,234.645,0.275,-0.638,2.805,30.715,32.238,0.2664
1822,45.982,66362.0,vf/smo/vf=on/lk=1,235.236,-0.026,-0.935,-2.59,29.578,27.492,0.2664
1823,46.002,66382.0,vf/smo/vf=on/lk=1,235.816,-0.327,-0.352,-2.593,29.286,28.811,0.2664
1824,46.022,66402.0,vf/smo/vf=on/lk=1,236.419,0.275,-0.637,-1.706,30.072,32.188,0.2664
1825,46.042,66422.0,vf/smo/vf=on/lk=1,237.031,-0.017,-0.928,-0.802,30.141,27.404,0.2664
1826,46.062,66442.0,vf/smo/vf=on/lk=1,237.641,-0.314,-0.341,-0.779,30.422,29.326,0.2664
1827,46.082,66462.0,vf/smo/vf=on/lk=1,238.235,0.277,-0.633,0.107,30.362,32.324,0.2664
1828,46.102,66482.0,vf/smo/vf=on/lk=1,238.827,-0.016,-0.927,0.993,29.359,27.374,0.2664
1829,46.122,66502.0,vf/smo/vf=on/lk=1,239.422,-0.312,-0.339,1.0,29.703,29.549,0.2664
1830,46.142,66522.0,vf/smo/vf=on/lk=1,240.03,0.288,-0.622,1.891,30.212,31.929,0.2664
1831,46.162,66542.0,vf/smo/vf=on/lk=1,240.629,-0.014,-0.924,2.793,30.348,27.176,0.2664
1832,46.182,66562.0,vf/smo/vf=on/lk=1,241.238,-0.311,-0.336,2.813,30.418,29.878,0.2664
1833,46.202,66582.0,vf/smo/vf=on/lk=1,241.834,0.291,-0.618,-2.593,29.692,32.269,0.2664
1834,46.222,66602.0,vf/smo/vf=on/lk=1,242.417,-0.009,-0.919,-1.709,29.213,27.048,0.2664
1835,46.242,66622.0,vf/smo/vf=on/lk=1,243.022,-0.304,-0.328,-1.694,30.225,29.947,0.2664
1836,46.262,66642.0,vf/smo/vf=on/lk=1,243.631,0.297,-0.611,-0.801,30.413,31.77,0.2664
1837,46.282,66662.0,vf/smo/vf=on/lk=1,244.23,-0.005,-0.917,0.103,30.114,27.022,0.2664
1838,46.302,66682.0,vf/smo/vf=on/lk=1,244.829,-0.302,-0.328,0.114,29.722,29.854,0.2664
1839,46.322,66702.0,vf/smo/vf=on/lk=1,245.423,0.3,-0.607,0.985,29.785,31.842,0.2664
1840,46.342,66722.0,vf/smo/vf=on/lk=1,246.018,0.0,-0.911,1.885,29.874,26.946,0.2664
1841,46.362,66742.0,vf/smo/vf=on/lk=1,246.629,-0.296,-0.322,1.906,30.536,30.077,0.2664
1842,46.382,66762.0,vf/smo/vf=on/lk=1,247.241,0.305,-0.606,2.803,30.529,31.212,0.2664
1843,46.402,66782.0,vf/smo/vf=on/lk=1,247.838,0.013,-0.902,-2.588,29.533,26.877,0.2664
1844,46.422,66802.0,vf/smo/vf=on/lk=1,248.419,-0.291,-0.315,-2.593,29.342,30.107,0.2664
1845,46.442,66822.0,vf/smo/vf=on/lk=1,249.023,0.31,-0.597,-1.707,30.227,31.364,0.2664
1846,46.462,66842.0,vf/smo/vf=on/lk=1,249.623,0.008,-0.904,-0.8,30.022,26.899,0.2664
1847,46.482,66862.0,vf/smo/vf=on/lk=1,250.231,-0.289,-0.314,-0.783,30.494,30.447,0.2664
1848,46.502,66882.0,vf/smo/vf=on/lk=1,250.835,0.311,-0.599,0.107,30.179,31.439,0.2664
1849,46.522,66902.0,vf/smo/vf=on/lk=1,251.426,0.02,-0.896,0.994,29.185,27.036,0.2664
1850,46.542,66922.0,vf/smo/vf=on/lk=1,252.018,-0.284,-0.308,0.998,29.72,30.753,0.2664
1851,46.562,66942.0,vf/smo/vf=on/lk=1,252.624,0.318,-0.588,1.884,30.49,30.98,0.2664
1852,46.582,66962.0,vf/smo/vf=on/lk=1,253.237,0.026,-0.888,2.798,30.23,26.74,0.2664
1853,46.602,66982.0,vf/smo/vf=on/lk=1,253.848,-0.27,-0.295,2.815,30.586,31.164,0.2664
1854,46.622,67002.0,vf/smo/vf=on/lk=1,254.435,0.33,-0.579,-2.597,29.411,30.724,0.2664
1855,46.642,67022.0,vf/smo/vf=on/lk=1,255.021,0.031,-0.884,-1.706,29.32,26.789,0.2664
1856,46.662,67042.0,vf/smo/vf=on/lk=1,255.624,-0.274,-0.297,-1.69,30.27,31.234,0.2664
1857,46.682,67062.0,vf/smo/vf=on/lk=1,256.227,0.326,-0.58,-0.804,30.412,30.735,0.2664
1858,46.702,67082.0,vf/smo/vf=on/lk=1,256.834,0.034,-0.882,0.106,30.109,26.856,0.2664
1859,46.722,67102.0,vf/smo/vf=on/lk=1,257.439,-0.262,-0.287,0.115,29.87,31.376,0.2664
1860,46.742,67122.0,vf/smo/vf=on/lk=1,258.026,0.337,-0.573,0.988,29.56,30.375,0.2664
1861,46.762,67142.0,vf/smo/vf=on/lk=1,258.621,0.037,-0.88,1.89,29.95,27.034,0.2664
1862,46.782,67162.0,vf/smo/vf=on/lk=1,259.24,-0.257,-0.281,1.91,30.504,31.703,0.2664
1863,46.802,67182.0,vf/smo/vf=on/lk=1,259.844,0.342,-0.567,2.801,30.469,30.238,0.2664
1864,46.822,67202.0,vf/smo/vf=on/lk=1,260.432,0.041,-0.877,-2.586,29.486,26.971,0.2664
1865,46.842,67222.0,vf/smo/vf=on/lk=1,261.025,-0.255,-0.279,-2.589,29.788,31.541,0.2664
1866,46.862,67242.0,vf/smo/vf=on/lk=1,261.627,0.348,-0.556,-1.711,29.749,29.953,0.2664
1867,46.882,67262.0,vf/smo/vf=on/lk=1,262.228,0.049,-0.867,-0.799,30.246,27.187,0.2664
1868,46.902,67282.0,vf/smo/vf=on/lk=1,262.831,-0.256,-0.278,-0.786,30.588,31.861,0.2664
1869,46.922,67302.0,vf/smo/vf=on/lk=1,263.441,0.352,-0.555,0.102,29.959,30.019,0.2664
1870,46.942,67322.0,vf/smo/vf=on/lk=1,264.023,0.052,-0.866,0.995,29.298,27.01,0.2664
1871,46.962,67342.0,vf/smo/vf=on/lk=1,264.619,-0.248,-0.27,0.996,29.9,31.949,0.2664
1872,46.982,67362.0,vf/smo/vf=on/lk=1,265.224,0.351,-0.555,1.885,30.312,29.852,0.2664
1873,47.002,67382.0,vf/smo/vf=on/lk=1,265.834,0.055,-0.862,2.802,30.287,27.041,0.2664
1874,47.022,67402.0,vf/smo/vf=on/lk=1,266.443,-0.239,-0.262,2.811,30.507,32.019,0.2664
1875,47.042,67422.0,vf/smo/vf=on/lk=1,267.031,0.359,-0.551,-2.596,29.346,29.555,0.2664
1876,47.062,67442.0,vf/smo/vf=on/lk=1,267.615,0.057,-0.862,-1.699,29.373,27.089,0.2664
1877,47.082,67462.0,vf/smo/vf=on/lk=1,268.224,-0.239,-0.259,-1.693,30.454,32.429,0.2664
1878,47.102,67482.0,vf/smo/vf=on/lk=1,268.835,0.368,-0.538,-0.804,30.206,29.107,0.2664
1879,47.122,67502.0,vf/smo/vf=on/lk=1,269.435,0.067,-0.852,0.109,30.145,27.236,0.2664
1880,47.142,67522.0,vf/smo/vf=on/lk=1,270.039,-0.227,-0.248,0.11,30.026,32.562,0.2664
1881,47.162,67542.0,vf/smo/vf=on/lk=1,270.622,0.369,-0.538,0.983,29.342,29.154,0.2664
1882,47.182,67562.0,vf/smo/vf=on/lk=1,271.219,0.069,-0.85,1.891,30.016,27.392,0.2664
1883,47.202,67582.0,vf/smo/vf=on/lk=1,271.837,-0.225,-0.244,1.904,30.67,32.599,0.2664
1884,47.222,67602.0,vf/smo/vf=on/lk=1,272.438,0.371,-0.536,2.797,30.119,29.251,0.2664
1885,47.242,67622.0,vf/smo/vf=on/lk=1,273.035,0.08,-0.841,-2.584,29.691,27.425,0.2664
1886,47.262,67642.0,vf/smo/vf=on/lk=1,273.622,-0.224,-0.246,-2.592,29.684,32.399,0.2664
1887,47.282,67662.0,vf/smo/vf=on/lk=1,274.228,0.382,-0.527,-1.705,29.901,28.656,0.2664
1888,47.302,67682.0,vf/smo/vf=on/lk=1,274.826,0.081,-0.838,-0.796,30.241,27.635,0.2664
1889,47.322,67702.0,vf/smo/vf=on/lk=1,275.445,-0.212,-0.232,-0.784,30.599,32.652,0.2664
1890,47.342,67722.0,vf/smo/vf=on/lk=1,276.035,0.383,-0.525,0.1,29.784,28.585,0.2664
1891,47.362,67742.0,vf/smo/vf=on/lk=1,276.618,0.082,-0.838,0.996,29.308,27.563,0.2664
1892,47.382,67762.0,vf/smo/vf=on/lk=1,277.224,-0.211,-0.229,0.993,30.075,32.61,0.2664
1893,47.402,67782.0,vf/smo/vf=on/lk=1,277.824,0.384,-0.522,1.886,30.239,28.531,0.2664
1894,47.422,67802.0,vf/smo/vf=on/lk=1,278.436,0.092,-0.829,2.804,30.339,28.033,0.2664
1895,47.442,67822.0,vf/smo/vf=on/lk=1,279.04,-0.212,-0.23,2.81,30.33,32.89,0.2664
1896,47.462,67842.0,vf/smo/vf=on/lk=1,279.632,0.394,-0.514,-2.596,29.283,28.058,0.2664
1897,47.482,67862.0,vf/smo/vf=on/lk=1,280.215,0.092,-0.827,-1.701,29.558,28.0,0.2664
1898,47.502,67882.0,vf/smo/vf=on/lk=1,280.829,-0.2,-0.218,-1.697,30.412,32.892,0.2664
1899,47.522,67902.0,vf/smo/vf=on/lk=1,281.43,0.395,-0.514,-0.8,30.092,28.057,0.2664
1900,47.542,67922.0,vf/smo/vf=on/lk=1,282.039,0.103,-0.818,0.114,30.389,28.172,0.2664
1901,47.562,67942.0,vf/smo/vf=on/lk=1,282.631,-0.2,-0.217,0.105,29.867,32.992,0.2664
1902,47.582,67962.0,vf/smo/vf=on/lk=1,283.225,0.405,-0.505,0.986,29.447,27.801,0.2664
1903,47.602,67982.0,vf/smo/vf=on/lk=1,283.823,0.103,-0.818,1.897,29.898,28.271,0.2664
1904,47.622,68002.0,vf/smo/vf=on/lk=1,284.441,-0.19,-1.104,2.802,30.652,32.71,0.2664
1905,47.642,68022.0,vf/smo/vf=on/lk=1,285.037,0.405,-0.505,2.798,30.26,27.787,0.2664
1906,47.662,68042.0,vf/smo/vf=on/lk=1,285.635,0.113,-0.809,-2.582,29.647,28.679,0.2664
1907,47.682,68062.0,vf/smo/vf=on/lk=1,286.224,-0.189,-1.102,-1.701,29.674,32.64,0.2664
1908,47.702,68082.0,vf/smo/vf=on/lk=1,286.827,0.415,-0.493,-1.707,29.947,27.609,0.2664
1909,47.722,68102.0,vf/smo/vf=on/lk=1,287.428,0.114,-0.807,-0.792,30.116,28.426,0.2664
1910,47.742,68122.0,vf/smo/vf=on/lk=1,288.045,-0.179,-1.09,0.108,30.69,32.569,0.2664
1911,47.762,68142.0,vf/smo/vf=on/lk=1,288.634,0.415,-0.493,0.101,29.778,27.498,0.2664
1912,47.782,68162.0,vf/smo/vf=on/lk=1,289.224,0.123,-0.798,0.996,29.261,28.942,0.2664
1913,47.802,68182.0,vf/smo/vf=on/lk=1,289.824,-0.179,-1.09,1.887,30.027,32.558,0.2664
1914,47.822,68202.0,vf/smo/vf=on/lk=1,290.432,0.425,-0.486,1.892,30.359,27.248,0.2664
1915,47.842,68222.0,vf/smo/vf=on/lk=1,291.036,0.123,-0.797,2.807,30.258,29.001,0.2664
1916,47.862,68242.0,vf/smo/vf=on/lk=1,291.64,-0.178,-1.091,-2.578,30.39,32.804,0.2664
1917,47.882,68262.0,vf/smo/vf=on/lk=1,292.228,0.426,-0.486,-2.596,29.368,27.277,0.2664
1918,47.902,68282.0,vf/smo/vf=on/lk=1,292.815,0.124,-0.798,-1.697,29.332,29.078,0.2664
1919,47.922,68302.0,vf/smo/vf=on/lk=1,293.429,-0.167,-1.078,-0.803,30.533,32.559,0.2664
1920,47.942,68322.0,vf/smo/vf=on/lk=1,294.026,0.427,-0.483,-0.801,30.288,27.135,0.2664
1921,47.962,68342.0,vf/smo/vf=on/lk=1,294.633,0.13,-0.792,0.115,30.219,29.188,0.2664
1922,47.982,68362.0,vf/smo/vf=on/lk=1,295.238,-0.16,-1.071,0.999,29.826,32.245,0.2664
1923,48.002,68382.0,vf/smo/vf=on/lk=1,295.816,0.432,-0.478,0.984,29.317,27.017,0.2664
1924,48.022,68402.0,vf/smo/vf=on/lk=1,296.425,0.141,-0.78,1.895,30.193,29.721,0.2664
1925,48.042,68422.0,vf/smo/vf=on/lk=1,297.034,-0.16,-1.07,2.794,30.549,32.363,0.2664
1926,48.062,68442.0,vf/smo/vf=on/lk=1,297.64,0.443,-0.469,2.799,30.171,27.075,0.2664
1927,48.082,68462.0,vf/smo/vf=on/lk=1,298.229,0.141,-0.781,-2.583,29.659,29.645,0.2664
1928,48.102,68482.0,vf/smo/vf=on/lk=1,298.827,-0.155,-1.063,-1.702,29.597,32.001,0.2664
1929,48.122,68502.0,vf/smo/vf=on/lk=1,299.427,-0.449,-0.463,-1.703,30.029,27.038,0.2664
1930,48.142,68522.0,vf/smo/vf=on/lk=1,300.03,0.148,-0.775,-0.788,30.211,29.946,0.2664
1931,48.162,68542.0,vf/smo/vf=on/lk=1,300.639,-0.152,-1.062,0.108,30.584,32.062,0.2664
1932,48.182,68562.0,vf/smo/vf=on/lk=1,301.232,-0.447,-0.463,0.102,29.647,26.917,0.2664
1933,48.202,68582.0,vf/smo/vf=on/lk=1,301.821,0.154,-0.767,0.996,29.461,30.422,0.2664
1934,48.222,68602.0,vf/smo/vf=on/lk=1,302.426,-0.143,-1.051,1.884,30.129,31.969,0.2664
1935,48.242,68622.0,vf/smo/vf=on/lk=1,303.033,-0.438,-0.454,1.894,30.19,26.684,0.2664
1936,48.262,68642.0,vf/smo/vf=on/lk=1,303.639,0.158,-0.765,2.811,30.588,30.163,0.2664
1937,48.282,68662.0,vf/smo/vf=on/lk=1,304.241,-0.142,-1.052,-2.583,30.104,31.715,0.2664
1938,48.302,68682.0,vf/smo/vf=on/lk=1,304.827,-0.436,-0.455,-2.594,29.213,26.907,0.2664
1939,48.322,68702.0,vf/smo/vf=on/lk=1,305.416,0.161,-0.761,-1.699,29.553,30.512,0.2664
1940,48.342,68722.0,vf/smo/vf=on/lk=1,306.026,-0.137,-1.044,-0.806,30.516,31.71,0.2664
1941,48.362,68742.0,vf/smo/vf=on/lk=1,306.632,-0.432,-0.449,-0.795,30.204,26.727,0.2664
1942,48.382,68762.0,vf/smo/vf=on/lk=1,307.235,0.164,-0.759,0.118,30.371,30.493,0.2664
1943,48.402,68782.0,vf/smo/vf=on/lk=1,307.827,-0.135,-1.045,0.995,29.551,31.486,0.2664
1944,48.422,68802.0,vf/smo/vf=on/lk=1,308.419,-0.427,-0.445,0.988,29.448,26.728,0.2664
1945,48.442,68822.0,vf/smo/vf=on/lk=1,309.022,0.169,-0.752,1.898,30.306,30.894,0.2664
1946,48.462,68842.0,vf/smo/vf=on/lk=1,309.633,-0.129,-1.037,2.793,30.526,31.417,0.2664
1947,48.482,68862.0,vf/smo/vf=on/lk=1,310.237,-0.424,-0.443,2.804,30.149,26.762,0.2664
1948,48.502,68882.0,vf/smo/vf=on/lk=1,310.838,0.181,-0.74,-2.581,29.618,31.083,0.2664
1949,48.522,68902.0,vf/smo/vf=on/lk=1,311.423,-0.124,-1.031,-1.705,29.711,31.223,0.2664
1950,48.542,68922.0,vf/smo/vf=on/lk=1,312.022,-0.418,-0.437,-1.7,29.861,26.753,0.2664
1951,48.562,68942.0,vf/smo/vf=on/lk=1,312.628,0.178,-0.742,-0.789,30.507,31.03,0.2664
1952,48.582,68962.0,vf/smo/vf=on/lk=1,313.237,-0.119,-1.026,0.104,30.392,30.742,0.2664
1953,48.602,68982.0,vf/smo/vf=on/lk=1,313.831,-0.415,-0.434,0.105,29.613,26.921,0.2664
1954,48.622,69002.0,vf/smo/vf=on/lk=1,314.419,0.185,-0.735,0.995,29.41,31.09,0.2664
1955,48.642,69022.0,vf/smo/vf=on/lk=1,315.027,-0.11,-1.017,1.885,30.281,30.844,0.2664
1956,48.662,69042.0,vf/smo/vf=on/lk=1,315.633,-0.406,-0.426,1.9,30.239,26.984,0.2664
1957,48.682,69062.0,vf/smo/vf=on/lk=1,316.236,0.19,-0.73,2.807,30.378,31.631,0.2664
1958,48.702,69082.0,vf/smo/vf=on/lk=1,316.839,-0.107,-1.014,-2.589,29.975,30.486,0.2664
1959,48.722,69102.0,vf/smo/vf=on/lk=1,317.428,-0.402,-0.424,-2.59,29.217,26.949,0.2664
1960,48.742,69122.0,vf/smo/vf=on/lk=1,318.017,0.193,-0.726,-1.699,30.011,31.875,0.2664
1961,48.762,69142.0,vf/smo/vf=on/lk=1,318.625,-0.103,-1.009,-0.809,30.184,30.362,0.2664
1962,48.782,69162.0,vf/smo/vf=on/lk=1,319.232,-0.399,-0.419,-0.791,30.308,26.842,0.2664
1963,48.802,69182.0,vf/smo/vf=on/lk=1,319.832,0.196,-0.723,0.113,30.268,31.643,0.2664
1964,48.822,69202.0,vf/smo/vf=on/lk=1,320.429,-0.099,-1.007,0.993,29.687,30.238,0.2664
1965,48.842,69222.0,vf/smo/vf=on/lk=1,321.019,-0.395,-0.417,0.994,29.447,27.089,0.2664
1966,48.862,69242.0,vf/smo/vf=on/lk=1,321.631,0.21,-0.71,1.898,30.238,32.065,0.2664
1967,48.882,69262.0,vf/smo/vf=on/lk=1,322.231,-0.095,-1.002,2.79,30.295,30.053,0.2664
1968,48.902,69282.0,vf/smo/vf=on/lk=1,322.837,-0.39,-0.411,2.806,30.227,27.03,0.2664
1969,48.922,69302.0,vf/smo/vf=on/lk=1,323.438,0.214,-0.703,-2.584,29.824,31.97,0.2664
1970,48.942,69322.0,vf/smo/vf=on/lk=1,324.023,-0.09,-0.997,-1.705,29.662,29.806,0.2664
1971,48.962,69342.0,vf/smo/vf=on/lk=1,324.619,-0.39,-0.411,-1.695,29.963,27.091,0.2664
1972,48.982,69362.0,vf/smo/vf=on/lk=1,325.235,0.216,-0.701,-0.79,30.378,32.113,0.2664
1973,49.002,69382.0,vf/smo/vf=on/lk=1,325.834,-0.084,-0.989,0.098,30.185,29.56,0.2664
1974,49.022,69402.0,vf/smo/vf=on/lk=1,326.43,-0.379,-0.402,0.106,29.701,27.121,0.2664
1975,49.042,69422.0,vf/smo/vf=on/lk=1,327.029,0.224,-0.693,0.997,29.649,32.229,0.2664
1976,49.062,69442.0,vf/smo/vf=on/lk=1,327.623,-0.079,-0.984,1.881,30.116,29.432,0.2664
1977,49.082,69462.0,vf/smo/vf=on/lk=1,328.229,-0.375,-0.396,1.899,30.213,27.18,0.2664
1978,49.102,69482.0,vf/smo/vf=on/lk=1,328.846,0.229,-0.686,2.806,30.507,32.321,0.2664
1979,49.122,69502.0,vf/smo/vf=on/lk=1,329.438,-0.075,-0.982,-2.589,29.949,29.086,0.2664
1980,49.142,69522.0,vf/smo/vf=on/lk=1,330.024,-0.371,-0.392,-2.593,29.106,27.698,0.2664
1981,49.162,69542.0,vf/smo/vf=on/lk=1,330.624,0.232,-0.683,-1.702,30.042,32.48,0.2664
1982,49.182,69562.0,vf/smo/vf=on/lk=1,331.226,-0.071,-0.977,-0.805,30.163,28.941,0.2664
1983,49.202,69582.0,vf/smo/vf=on/lk=1,331.831,-0.367,-0.391,-0.787,30.416,27.407,0.2664
1984,49.222,69602.0,vf/smo/vf=on/lk=1,332.441,0.237,-0.679,0.112,30.344,32.365,0.2664
1985,49.242,69622.0,vf/smo/vf=on/lk=1,333.024,-0.066,-0.976,0.991,29.384,28.85,0.2664
1986,49.262,69642.0,vf/smo/vf=on/lk=1,333.616,-0.363,-0.388,0.995,29.573,27.768,0.2664
1987,49.282,69662.0,vf/smo/vf=on/lk=1,334.228,0.24,-0.674,1.894,30.309,32.656,0.2664
1988,49.302,69682.0,vf/smo/vf=on/lk=1,334.828,-0.063,-0.969,2.788,30.424,28.707,0.2664
1989,49.322,69702.0,vf/smo/vf=on/lk=1,335.436,-0.361,-0.383,2.81,30.101,27.681,0.2664
1990,49.342,69722.0,vf/smo/vf=on/lk=1,336.032,0.243,-0.672,-2.588,29.903,32.723,0.2664
1991,49.362,69742.0,vf/smo/vf=on/lk=1,336.626,-0.05,-0.96,-1.706,29.362,28.158,0.2664
1992,49.382,69762.0,vf/smo/vf=on/lk=1,337.217,-0.356,-0.38,-1.695,30.063,27.718,0.2664
1993,49.402,69782.0,vf/smo/vf=on/lk=1,337.832,0.247,-0.667,-0.793,30.59,32.587,0.2664
1994,49.422,69802.0,vf/smo/vf=on/lk=1,338.438,-0.046,-0.954,0.1,30.08,28.044,0.2664
1995,49.442,69822.0,vf/smo/vf=on/lk=1,339.034,-0.343,-0.368,0.111,29.647,28.162,0.2664
1996,49.462,69842.0,vf/smo/vf=on/lk=1,339.62,0.25,-0.664,0.993,29.824,32.591,0.2664
1997,49.482,69862.0,vf/smo/vf=on/lk=1,340.223,-0.044,-0.952,1.883,29.908,27.977,0.2664
1998,49.502,69882.0,vf/smo/vf=on/lk=1,340.831,-0.341,-0.365,1.903,30.362,28.362,0.2664
1999,49.522,69902.0,vf/smo/vf=on/lk=1,341.444,0.261,-0.649,2.802,30.585,32.691,0.2664
2000,49.542,69922.0,vf/smo/vf=on/lk=1,342.036,-0.041,-0.947,-2.592,29.595,27.754,0.2664
2001,49.562,69942.0,vf/smo/vf=on/lk=1,342.624,-0.338,-0.362,-2.589,29.324,28.636,0.2664
2002,49.582,69962.0,vf/smo/vf=on/lk=1,343.224,0.264,-0.648,-1.704,29.982,32.315,0.2664
2003,49.602,69982.0,vf/smo/vf=on/lk=1,343.823,-0.038,-0.946,-0.806,30.332,27.752,0.2664
2004,49.622,70002.0,vf/smo/vf=on/lk=1,344.431,-0.334,-0.359,-0.785,30.408,28.522,0.2664
2005,49.642,70022.0,vf/smo/vf=on/lk=1,345.038,0.268,-0.645,0.108,30.23,32.314,0.2664
2006,49.662,70042.0,vf/smo/vf=on/lk=1,345.63,-0.025,-0.936,0.991,29.352,27.538,0.2664
2007,49.682,70062.0,vf/smo/vf=on/lk=1,346.216,-0.331,-0.357,0.998,29.488,28.83,0.2664
2008,49.702,70082.0,vf/smo/vf=on/lk=1,346.825,0.271,-0.639,1.889,30.55,32.417,0.2664
2009,49.722,70102.0,vf/smo/vf=on/lk=1,347.436,-0.021,-0.931,2.792,30.257,27.298,0.2664
2010,49.742,70122.0,vf/smo/vf=on/lk=1,348.036,-0.325,-0.351,2.812,30.292,28.809,0.2664
2011,49.762,70142.0,vf/smo/vf=on/lk=1,348.637,0.278,-0.632,-2.589,29.702,32.44,0.2664
2012,49.782,70162.0,vf/smo/vf=on/lk=1,349.217,-0.023,-0.93,-1.712,29.396,27.301,0.2664
2013,49.802,70182.0,vf/smo/vf=on/lk=1,349.821,-0.32,-0.343,-1.694,30.156,29.287,0.2664
2014,49.822,70202.0,vf/smo/vf=on/lk=1,350.432,0.282,-0.628,-0.799,30.48,32.241,0.2664
2015,49.842,70222.0,vf/smo/vf=on/lk=1,351.032,-0.018,-0.926,0.1,29.873,27.264,0.2664
2016,49.862,70242.0,vf/smo/vf=on/lk=1,351.631,-0.312,-0.338,0.111,29.901,29.225,0.2664
2017,49.882,70262.0,vf/smo/vf=on/lk=1,352.228,0.288,-0.625,0.995,29.833,32.16,0.2664
2018,49.902,70282.0,vf/smo/vf=on/lk=1,352.819,-0.015,-0.926,1.886,29.899,27.226,0.2664
2019,49.922,70302.0,vf/smo/vf=on/lk=1,353.429,-0.312,-0.337,1.908,30.278,29.592,0.2664
2020,49.942,70322.0,vf/smo/vf=on/lk=1,354.041,0.289,-0.622,2.805,30.565,32.087,0.2664
2021,49.962,70342.0,vf/smo/vf=on/lk=1,354.636,-0.004,-0.917,-2.588,29.564,27.026,0.2664
2022,49.982,70362.0,vf/smo/vf=on/lk=1,355.219,-0.308,-0.334,-2.588,29.521,29.753,0.2664
2023,50.002,70382.0,vf/smo/vf=on/lk=1,355.825,0.298,-0.61,-1.706,30.099,31.619,0.2664
2024,50.022,70402.0,vf/smo/vf=on/lk=1,356.427,-0.003,-0.914,-0.8,30.093,27.012,0.2664
2025,50.042,70422.0,vf/smo/vf=on/lk=1,357.037,-0.299,-0.325,-0.78,30.404,29.969,0.2664
2026,50.062,70442.0,vf/smo/vf=on/lk=1,357.64,0.303,-0.603,0.102,30.22,31.541,0.2664
2027,50.082,70462.0,vf/smo/vf=on/lk=1,358.224,0.003,-0.909,0.992,29.371,26.994,0.2664
2028,50.102,70482.0,vf/smo/vf=on/lk=1,358.821,-0.293,-0.318,0.998,29.56,30.35,0.2664
2029,50.122,70502.0,vf/smo/vf=on/lk=1,359.426,0.307,-0.603,1.887,30.44,31.497,0.2664
2030,50.142,70522.0,vf/smo/vf=on/lk=1,360.028,0.005,-0.909,2.796,30.37,26.911,0.2664
2031,50.162,70542.0,vf/smo/vf=on/lk=1,360.65,-0.301,-0.327,2.836,30.299,29.917,0.2664
2032,50.182,70562.0,vf/smo/vf=on/lk=1,361.233,0.311,-0.594,-2.598,29.732,31.288,0.2664
2033,50.202,70582.0,vf/smo/vf=on/lk=1,361.815,0.01,-0.903,-1.706,29.258,26.853,0.2664
2034,50.222,70602.0,vf/smo/vf=on/lk=1,362.423,-0.286,-0.312,-1.69,30.296,30.441,0.2664
2035,50.242,70622.0,vf/smo/vf=on/lk=1,363.032,0.314,-0.595,-0.797,30.374,31.245,0.2664
2036,50.262,70642.0,vf/smo/vf=on/lk=1,363.629,0.014,-0.902,0.106,29.928,27.024,0.2664
2037,50.282,70662.0,vf/smo/vf=on/lk=1,364.231,-0.28,-0.306,0.113,30.02,30.499,0.2664
2038,50.302,70682.0,vf/smo/vf=on/lk=1,364.827,0.321,-0.587,0.989,29.621,31.092,0.2664
2039,50.322,70702.0,vf/smo/vf=on/lk=1,365.417,0.02,-0.895,1.888,29.841,26.881,0.2664
2040,50.342,70722.0,vf/smo/vf=on/lk=1,366.031,-0.276,-0.303,1.909,30.611,30.999,0.2664
2041,50.362,70742.0,vf/smo/vf=on/lk=1,366.64,0.323,-0.587,2.802,30.478,31.103,0.2664
2042,50.382,70762.0,vf/smo/vf=on/lk=1,367.235,0.032,-0.884,-2.589,29.395,26.905,0.2664
2043,50.402,70782.0,vf/smo/vf=on/lk=1,367.824,-0.27,-0.294,-2.59,29.776,31.156,0.2664
2044,50.422,70802.0,vf/smo/vf=on/lk=1,368.422,0.33,-0.577,-1.708,29.887,30.682,0.2664
2045,50.442,70822.0,vf/smo/vf=on/lk=1,369.022,0.028,-0.886,-0.8,30.158,26.853,0.2664
2046,50.462,70842.0,vf/smo/vf=on/lk=1,369.634,-0.268,-0.291,-0.782,30.508,31.314,0.2664
2047,50.482,70862.0,vf/smo/vf=on/lk=1,370.237,0.332,-0.575,0.105,29.941,30.697,0.2664
2048,50.502,70882.0,vf/smo/vf=on/lk=1,370.826,0.041,-0.877,0.995,29.373,26.973,0.2664
2049,50.522,70902.0,vf/smo/vf=on/lk=1,371.418,-0.265,-0.29,1.001,29.755,31.604,0.2664
2050,50.542,70922.0,vf/smo/vf=on/lk=1,372.035,0.344,-0.564,1.891,30.404,30.149,0.2664
2051,50.562,70942.0,vf/smo/vf=on/lk=1,372.633,0.043,-0.874,2.799,30.403,27.01,0.2664
2052,50.582,70962.0,vf/smo/vf=on/lk=1,373.247,-0.253,-0.276,2.815,30.325,32.125,0.2664
2053,50.602,70982.0,vf/smo/vf=on/lk=1,373.834,0.346,-0.562,-2.595,29.408,30.152,0.2664
2054,50.622,71002.0,vf/smo/vf=on/lk=1,374.416,0.045,-0.872,-1.703,29.479,27.114,0.2664
2055,50.642,71022.0,vf/smo/vf=on/lk=1,375.028,-0.251,-0.274,-1.69,30.454,31.974,0.2664
2056,50.662,71042.0,vf/smo/vf=on/lk=1,375.63,0.348,-0.558,-0.803,30.188,29.922,0.2664
2057,50.682,71062.0,vf/smo/vf=on/lk=1,376.238,0.055,-0.861,0.108,30.151,27.002,0.2664
2058,50.702,71082.0,vf/smo/vf=on/lk=1,376.83,-0.25,-0.272,0.111,29.824,31.768,0.2664
2059,50.722,71102.0,vf/smo/vf=on/lk=1,377.43,0.359,-0.55,0.988,29.501,29.571,0.2664
2060,50.742,71122.0,vf/smo/vf=on/lk=1,378.022,0.058,-0.86,1.891,30.033,27.082,0.2664
2061,50.762,71142.0,vf/smo/vf=on/lk=1,378.64,-0.238,-0.259,1.909,30.738,32.415,0.2664
2062,50.782,71162.0,vf/smo/vf=on/lk=1,379.238,0.36,-0.547,2.794,30.101,29.544,0.2664
2063,50.802,71182.0,vf/smo/vf=on/lk=1,379.826,0.059,-0.859,-2.589,29.504,27.222,0.2664
2064,50.822,71202.0,vf/smo/vf=on/lk=1,380.426,-0.235,-0.257,-2.592,29.813,32.319,0.2664
2065,50.842,71222.0,vf/smo/vf=on/lk=1,381.024,0.362,-0.544,-1.706,30.007,29.361,0.2664
2066,50.862,71242.0,vf/smo/vf=on/lk=1,381.63,0.069,-0.848,-0.797,30.112,27.108,0.2664
2067,50.882,71262.0,vf/smo/vf=on/lk=1,382.236,-0.235,-0.255,-0.783,30.59,32.254,0.2664
2068,50.902,71282.0,vf/smo/vf=on/lk=1,382.839,0.373,-0.536,0.101,29.821,29.052,0.2664
2069,50.922,71302.0,vf/smo/vf=on/lk=1,383.422,0.072,-0.848,0.995,29.299,27.425,0.2664
2070,50.942,71322.0,vf/smo/vf=on/lk=1,384.026,-0.222,-0.243,0.995,30.086,32.587,0.2664
2071,50.962,71342.0,vf/smo/vf=on/lk=1,384.623,0.369,-0.536,1.884,30.22,28.88,0.2664
2072,50.982,71362.0,vf/smo/vf=on/lk=1,385.239,0.078,-0.839,2.805,30.274,27.645,0.2664
2073,51.002,71382.0,vf/smo/vf=on/lk=1,385.844,-0.221,-0.24,2.809,30.497,32.537,0.2664
2074,51.022,71402.0,vf/smo/vf=on/lk=1,386.428,0.375,-0.534,-2.595,29.272,28.653,0.2664
2075,51.042,71422.0,vf/smo/vf=on/lk=1,387.022,0.083,-0.838,-1.697,29.561,27.888,0.2664
2076,51.062,71442.0,vf/smo/vf=on/lk=1,387.623,-0.221,-0.24,-1.695,30.364,32.786,0.2664
2077,51.082,71462.0,vf/smo/vf=on/lk=1,388.232,0.386,-0.521,-0.804,30.153,28.449,0.2664
2078,51.102,71482.0,vf/smo/vf=on/lk=1,388.833,0.084,-0.836,0.112,30.146,27.611,0.2664
2079,51.122,71502.0,vf/smo/vf=on/lk=1,389.438,-0.21,-0.229,0.11,29.968,32.685,0.2664
2080,51.142,71522.0,vf/smo/vf=on/lk=1,390.021,0.386,-0.524,0.988,29.537,28.607,0.2664
2081,51.162,71542.0,vf/smo/vf=on/lk=1,390.625,0.094,-0.828,1.896,29.956,28.035,0.2664
2082,51.182,71562.0,vf/smo/vf=on/lk=1,391.233,-0.209,-0.227,1.903,30.652,32.75,0.2664
2083,51.202,71582.0,vf/smo/vf=on/lk=1,391.84,0.396,-0.512,2.795,30.096,28.111,0.2664
2084,51.222,71602.0,vf/smo/vf=on/lk=1,392.429,0.095,-0.825,-2.586,29.648,28.38,0.2664
2085,51.242,71622.0,vf/smo/vf=on/lk=1,393.03,-0.198,-0.216,-2.594,29.792,32.503,0.2664
2086,51.262,71642.0,vf/smo/vf=on/lk=1,393.623,0.397,-0.511,-1.707,29.879,27.8,0.2664
2087,51.282,71662.0,vf/smo/vf=on/lk=1,394.224,0.096,-0.825,-0.792,30.234,27.987,0.2664
2088,51.302,71682.0,vf/smo/vf=on/lk=1,394.841,-0.196,-0.213,-0.787,30.546,32.885,0.2664
2089,51.322,71702.0,vf/smo/vf=on/lk=1,395.43,0.399,-0.51,0.099,29.718,28.219,0.2664
2090,51.342,71722.0,vf/smo/vf=on/lk=1,396.025,0.108,-0.814,0.999,29.235,28.415,0.2664
2091,51.362,71742.0,vf/smo/vf=on/lk=1,396.62,-0.195,-0.211,0.991,30.221,32.788,0.2664
2092,51.382,71762.0,vf/smo/vf=on/lk=1,397.232,0.41,-0.499,1.891,30.383,27.685,0.2664
2093,51.402,71782.0,vf/smo/vf=on/lk=1,397.835,0.108,-0.814,2.808,30.187,28.209,0.2664
2094,51.422,71802.0,vf/smo/vf=on/lk=1,398.447,-0.184,-1.097,-2.58,30.468,32.638,0.2664
2095,51.442,71822.0,vf/smo/vf=on/lk=1,399.027,0.41,-0.5,-2.597,29.275,27.696,0.2664
2096,51.462,71842.0,vf/smo/vf=on/lk=1,399.623,0.118,-0.802,-1.698,29.552,28.832,0.2664
2097,51.482,71862.0,vf/smo/vf=on/lk=1,400.228,-0.183,-1.094,-0.802,30.187,32.639,0.2664
2098,51.502,71882.0,vf/smo/vf=on/lk=1,400.829,0.408,-0.496,-0.798,30.398,29.79,0.2664
2099,51.522,71902.0,vf/smo/vf=on/lk=1,401.432,0.114,-0.803,0.111,30.066,28.627,0.2664
2100,51.542,71922.0,vf/smo/vf=on/lk=1,402.033,-0.178,-1.089,0.999,29.999,32.459,0.2664
2101,51.562,71942.0,vf/smo/vf=on/lk=1,402.629,0.426,-0.486,0.991,29.36,27.154,0.2664
2102,51.582,71962.0,vf/smo/vf=on/lk=1,403.222,0.124,-0.799,1.898,30.117,28.9,0.2664
2103,51.602,71982.0,vf/smo/vf=on/lk=1,403.833,-0.177,-1.09,2.799,30.684,32.699,0.2664
2104,51.622,72002.0,vf/smo/vf=on/lk=1,404.443,0.43,-0.481,2.801,30.016,27.153,0.2664
2105,51.642,72022.0,vf/smo/vf=on/lk=1,405.031,0.13,-0.794,-2.582,29.67,29.076,0.2664
2106,51.662,72042.0,vf/smo/vf=on/lk=1,405.623,-0.171,-1.085,-1.699,29.761,32.657,0.2664
2107,51.682,72062.0,vf/smo/vf=on/lk=1,406.226,0.433,-0.48,-1.701,29.964,26.962,0.2664
2108,51.702,72082.0,vf/smo/vf=on/lk=1,406.824,0.131,-0.79,-0.793,30.23,29.384,0.2664
2109,51.722,72102.0,vf/smo/vf=on/lk=1,407.436,-0.166,-1.072,0.102,30.458,32.564,0.2664
2110,51.742,72122.0,vf/smo/vf=on/lk=1,408.037,0.438,-0.473,0.103,29.894,26.961,0.2664
2111,51.762,72142.0,vf/smo/vf=on/lk=1,408.62,0.137,-0.784,0.997,29.163,29.2,0.2664
2112,51.782,72162.0,vf/smo/vf=on/lk=1,409.22,-0.164,-1.075,1.888,30.123,32.273,0.2664
2113,51.802,72182.0,vf/smo/vf=on/lk=1,409.828,0.439,-0.472,1.893,30.397,26.98,0.2664
2114,51.822,72202.0,vf/smo/vf=on/lk=1,410.441,0.147,-0.774,2.809,30.397,29.882,0.2664
2115,51.842,72222.0,vf/smo/vf=on/lk=1,411.039,-0.159,-1.068,-2.582,30.07,32.295,0.2664
2116,51.862,72242.0,vf/smo/vf=on/lk=1,411.627,0.445,-0.467,-2.596,29.461,26.834,0.2664
2117,51.882,72262.0,vf/smo/vf=on/lk=1,412.216,0.143,-0.779,-1.695,29.39,29.91,0.2664
2118,51.902,72282.0,vf/smo/vf=on/lk=1,412.833,-0.145,-1.054,-0.804,30.584,31.892,0.2664
2119,51.922,72302.0,obs/smo/vf=off/lk=1,413.425,-0.452,-0.452,-0.813,30.087,26.761,0.2664
2120,51.942,72322.0,obs/smo/vf=off/lk=1,414.032,-0.76,-0.76,0.102,30.074,29.735,0.2664
2121,51.962,72342.0,obs/smo/vf=off/lk=1,414.633,-1.042,-1.042,0.985,29.818,31.987,0.2664
2122,51.982,72362.0,obs/smo/vf=off/lk=1,415.218,-0.45,-0.45,0.978,29.221,26.823,0.2664
2123,52.002,72382.0,obs/smo/vf=off/lk=1,415.816,-0.759,-0.759,1.885,30.036,29.795,0.2664
2124,52.022,72402.0,obs/smo/vf=off/lk=1,416.421,-1.049,-1.049,2.78,30.288,32.156,0.2664
2125,52.042,72422.0,obs/smo/vf=off/lk=1,417.02,-0.457,-0.457,2.787,30.16,26.839,0.2664
2126,52.062,72442.0,obs/smo/vf=off/lk=1,417.611,-0.768,-0.768,-2.594,29.405,29.072,0.2664
2127,52.082,72462.0,obs/smo/vf=off/lk=1,418.202,-1.058,-1.058,-1.714,29.625,32.21,0.2664
2128,52.102,72482.0,obs/smo/vf=off/lk=1,418.803,-0.455,-0.455,-1.715,29.841,26.639,0.2664
2129,52.122,72502.0,obs/smo/vf=off/lk=1,419.401,-0.77,-0.77,-0.802,30.07,29.078,0.2664
2130,52.142,72522.0,obs/smo/vf=off/lk=1,420.005,-1.061,-1.061,0.093,30.297,32.112,0.2664
2131,52.162,72542.0,obs/smo/vf=off/lk=1,420.602,-0.461,-0.461,0.09,29.485,27.029,0.2664
2132,52.182,72562.0,obs/smo/vf=off/lk=1,421.184,-0.775,-0.775,0.986,29.396,29.048,0.2664
2133,52.202,72582.0,obs/smo/vf=off/lk=1,421.777,-1.07,-1.07,1.874,29.71,32.257,0.2664
2134,52.222,72602.0,obs/smo/vf=off/lk=1,422.388,-0.465,-0.465,1.88,30.282,26.969,0.2664
2135,52.242,72622.0,obs/smo/vf=off/lk=1,422.986,-0.782,-0.782,2.795,30.105,28.8,0.2664
2136,52.262,72642.0,obs/smo/vf=off/lk=1,423.586,-1.077,-1.077,-2.593,30.022,32.428,0.2664
2137,52.282,72662.0,obs/smo/vf=off/lk=1,424.167,-0.48,-0.48,-2.609,29.311,27.32,0.2664
2138,52.302,72682.0,obs/smo/vf=off/lk=1,424.758,-0.789,-0.789,-1.709,29.237,28.259,0.2664
2139,52.322,72702.0,obs/smo/vf=off/lk=1,425.356,-1.086,-1.086,-0.814,30.03,32.689,0.2664
2140,52.342,72722.0,obs/smo/vf=off/lk=1,425.954,-0.489,-0.489,-0.813,30.033,27.63,0.2664
2141,52.362,72742.0,obs/smo/vf=off/lk=1,426.556,-0.801,-0.801,0.1,29.774,27.727,0.2664
2142,52.382,72762.0,obs/smo/vf=off/lk=1,427.143,-0.205,-0.205,0.092,29.553,32.591,0.2664
2143,52.402,72782.0,obs/smo/vf=off/lk=1,427.724,-0.503,-0.503,0.971,29.146,27.888,0.2664
2144,52.422,72802.0,obs/smo/vf=off/lk=1,428.329,-0.813,-0.813,1.885,29.783,27.668,0.2664
2145,52.442,72822.0,obs/smo/vf=off/lk=1,428.929,-0.22,-0.22,1.892,30.279,32.471,0.2664
2146,52.462,72842.0,obs/smo/vf=off/lk=1,429.525,-0.516,-0.516,2.785,29.905,28.362,0.2664
2147,52.482,72862.0,obs/smo/vf=off/lk=1,430.114,-0.827,-0.827,-2.598,29.279,27.161,0.2664
2148,52.502,72882.0,obs/smo/vf=off/lk=1,430.699,-0.237,-0.237,-2.603,29.358,32.242,0.2664
2149,52.522,72902.0,obs/smo/vf=off/lk=1,431.291,-0.528,-0.528,-1.721,29.683,28.809,0.2664
2150,52.542,72922.0,obs/smo/vf=off/lk=1,431.898,-0.837,-0.837,-0.804,29.951,26.969,0.2664
2151,52.562,72942.0,obs/smo/vf=off/lk=1,432.497,-0.249,-0.249,-0.794,30.299,31.823,0.2664
2152,52.582,72962.0,obs/smo/vf=off/lk=1,433.092,-0.539,-0.539,0.091,29.537,29.309,0.2664
2153,52.602,72982.0,obs/smo/vf=off/lk=1,433.676,-0.848,-0.848,0.985,29.184,26.858,0.2664
2154,52.622,73002.0,obs/smo/vf=off/lk=1,434.262,-0.262,-0.262,0.984,29.568,31.57,0.2664
2155,52.642,73022.0,obs/smo/vf=off/lk=1,434.865,-0.55,-0.55,1.876,30.105,29.888,0.2664
2156,52.662,73042.0,obs/smo/vf=off/lk=1,435.465,-0.864,-0.864,2.79,30.067,26.767,0.2664
2157,52.682,73062.0,obs/smo/vf=off/lk=1,436.066,-0.274,-0.274,2.801,29.986,31.184,0.2664
2158,52.702,73082.0,obs/smo/vf=off/lk=1,436.652,-0.561,-0.561,-2.609,29.241,30.445,0.2664
2159,52.722,73102.0,obs/smo/vf=off/lk=1,437.231,-0.877,-0.877,-1.716,28.987,26.694,0.2664
2160,52.742,73122.0,obs/smo/vf=off/lk=1,437.832,-0.288,-0.288,-1.702,30.029,30.719,0.2664
2161,52.762,73142.0,obs/smo/vf=off/lk=1,438.436,-0.575,-0.575,-0.811,29.952,30.815,0.2664
2162,52.782,73162.0,obs/smo/vf=off/lk=1,439.024,-0.89,-0.89,0.091,29.769,26.795,0.2664
2163,52.802,73182.0,obs/smo/vf=off/lk=1,439.62,-0.303,-0.303,0.101,29.484,29.881,0.2664
2164,52.822,73202.0,obs/smo/vf=off/lk=1,440.208,-0.59,-0.59,0.976,29.411,31.343,0.2664
2165,52.842,73222.0,obs/smo/vf=off/lk=1,440.792,-0.902,-0.902,1.872,29.464,26.804,0.2664
2166,52.862,73242.0,obs/smo/vf=off/lk=1,441.401,-0.318,-0.318,1.897,30.262,29.311,0.2664
2167,52.882,73262.0,obs/smo/vf=off/lk=1,441.995,-0.617,-0.617,2.789,30.004,31.882,0.2664
2168,52.902,73282.0,obs/smo/vf=off/lk=1,442.587,-0.916,-0.916,-2.602,29.374,27.214,0.2664
2169,52.922,73302.0,obs/smo/vf=off/lk=1,443.162,-0.341,-0.341,-2.603,29.038,28.539,0.2664
2170,52.942,73322.0,obs/smo/vf=off/lk=1,443.759,-0.631,-0.631,-1.715,29.514,32.227,0.2664
2171,52.962,73342.0,obs/smo/vf=off/lk=1,444.356,-0.933,-0.933,-0.817,29.982,27.427,0.2664
2172,52.982,73362.0,obs/smo/vf=off/lk=1,444.963,-0.347,-0.347,-0.796,30.242,28.076,0.2664
2173,53.002,73382.0,obs/smo/vf=off/lk=1,445.562,-0.639,-0.639,0.095,29.82,32.407,0.2664
2174,53.022,73402.0,obs/smo/vf=off/lk=1,446.141,-0.944,-0.944,0.979,29.169,27.673,0.2664
2175,53.042,73422.0,obs/smo/vf=off/lk=1,446.732,-0.36,-0.36,0.986,29.388,27.794,0.2664
2176,53.062,73442.0,obs/smo/vf=off/lk=1,447.326,-0.661,-0.661,1.88,29.935,32.413,0.2664
2177,53.082,73462.0,obs/smo/vf=off/lk=1,447.93,-0.953,-0.953,2.777,30.009,28.074,0.2664
2178,53.102,73482.0,obs/smo/vf=off/lk=1,448.525,-0.376,-0.376,2.795,30.039,27.074,0.2664
2179,53.122,73502.0,obs/smo/vf=off/lk=1,449.12,-0.67,-0.67,-2.599,29.517,32.263,0.2664
2180,53.142,73522.0,obs/smo/vf=off/lk=1,449.708,-0.961,-0.961,-1.72,28.993,28.592,0.2664
2181,53.162,73542.0,obs/smo/vf=off/lk=1,450.302,-0.382,-0.382,-1.706,30.169,27.123,0.2664
2182,53.182,73562.0,obs/smo/vf=off/lk=1,450.909,-0.677,-0.677,-0.803,30.142,32.37,0.2664
2183,53.202,73582.0,obs/smo/vf=off/lk=1,451.498,-0.98,-0.98,0.089,29.568,29.299,0.2664
2184,53.222,73602.0,obs/smo/vf=off/lk=1,452.093,-0.392,-0.392,0.097,29.53,26.894,0.2664
2185,53.242,73622.0,obs/smo/vf=off/lk=1,452.672,-0.701,-0.701,0.984,29.301,31.666,0.2664
2186,53.262,73642.0,obs/smo/vf=off/lk=1,453.27,-0.99,-0.99,1.871,29.666,29.777,0.2664
2187,53.282,73662.0,obs/smo/vf=off/lk=1,453.871,-0.404,-0.404,1.886,30.213,26.577,0.2664
2188,53.302,73682.0,obs/smo/vf=off/lk=1,454.474,-0.71,-0.71,2.795,30.253,31.364,0.2664
2189,53.322,73702.0,obs/smo/vf=off/lk=1,455.071,-0.998,-0.998,-2.604,29.753,30.037,0.2664
2190,53.342,73722.0,obs/smo/vf=off/lk=1,455.661,-0.409,-0.409,-2.602,29.128,26.661,0.2664
2191,53.362,73742.0,obs/smo/vf=off/lk=1,456.243,-0.719,-0.719,-1.711,29.409,31.211,0.2664
2192,53.382,73762.0,obs/smo/vf=off/lk=1,456.842,-1.03,-1.03,-0.8,29.95,31.173,0.2664
2193,53.402,73782.0,obs/smo/vf=off/lk=1,457.455,-0.418,-0.418,-0.799,30.704,26.487,0.2664
2194,53.422,73802.0,obs/smo/vf=off/lk=1,458.045,-0.729,-0.729,0.102,29.55,30.843,0.2664
2195,53.442,73822.0,obs/smo/vf=off/lk=1,458.634,-1.02,-1.02,0.982,29.542,30.983,0.2664
2196,53.462,73842.0,obs/smo/vf=off/lk=1,459.226,-0.426,-0.426,0.981,29.276,26.624,0.2664
2197,53.482,73862.0,obs/smo/vf=off/lk=1,459.822,-0.739,-0.739,1.888,29.78,30.486,0.2664
2198,53.502,73882.0,obs/smo/vf=off/lk=1,460.423,-1.026,-1.026,2.777,30.1,31.109,0.2664
2199,53.522,73902.0,obs/smo/vf=off/lk=1,461.021,-0.44,-0.44,2.789,30.06,26.599,0.2664
2200,53.542,73922.0,obs/smo/vf=off/lk=1,461.605,-0.756,-0.756,-2.593,29.393,29.661,0.2664
2201,53.562,73942.0,obs/smo/vf=off/lk=1,462.19,-1.049,-1.049,-1.716,29.204,31.776,0.2664
2202,53.582,73962.0,obs/smo/vf=off/lk=1,462.793,-0.451,-0.451,-1.712,29.707,26.651,0.2664
2203,53.602,73982.0,obs/smo/vf=off/lk=1,463.393,-0.76,-0.76,-0.802,29.984,29.732,0.2664
2204,53.622,74002.0,obs/smo/vf=off/lk=1,463.995,-1.052,-1.052,0.092,30.289,31.859,0.2664
2205,53.642,74022.0,obs/smo/vf=off/lk=1,464.585,-0.461,-0.461,0.09,29.617,26.919,0.2664
2206,53.662,74042.0,obs/smo/vf=off/lk=1,465.163,-0.779,-0.779,0.987,28.908,28.966,0.2664
2207,53.682,74062.0,obs/smo/vf=off/lk=1,465.763,-1.066,-1.066,1.873,29.823,31.848,0.2664
2208,53.702,74082.0,obs/smo/vf=off/lk=1,466.362,-0.472,-0.472,1.879,30.139,27.112,0.2664
2209,53.722,74102.0,obs/smo/vf=off/lk=1,466.967,-0.785,-0.785,2.797,30.081,28.618,0.2664
2210,53.742,74122.0,obs/smo/vf=off/lk=1,467.567,-1.077,-1.077,-2.595,30.223,32.315,0.2664
2211,53.762,74142.0,obs/smo/vf=off/lk=1,468.146,-0.483,-0.483,-2.609,29.129,27.309,0.2664
2212,53.782,74162.0,obs/smo/vf=off/lk=1,468.739,-0.791,-0.791,-1.709,29.31,28.587,0.2664
2213,53.802,74182.0,obs/smo/vf=off/lk=1,469.338,-1.086,-1.086,-0.814,30.113,32.608,0.2664
2214,53.822,74202.0,obs/smo/vf=off/lk=1,469.943,-0.481,-0.481,-0.814,29.943,27.296,0.2664
2215,53.842,74222.0,obs/smo/vf=off/lk=1,470.541,-0.798,-0.798,0.101,30.2,28.116,0.2664
2216,53.862,74242.0,obs/smo/vf=off/lk=1,471.139,-1.087,-1.087,0.988,29.6,32.775,0.2664
2217,53.882,74262.0,obs/smo/vf=off/lk=1,471.725,-0.487,-0.487,0.974,29.399,27.511,0.2664
2218,53.902,74282.0,obs/smo/vf=off/lk=1,472.319,-0.805,-0.805,1.885,29.718,27.864,0.2664
2219,53.922,74302.0,obs/smo/vf=off/lk=1,472.92,-0.206,-0.206,1.888,30.409,33.185,0.2664
2220,53.942,74322.0,obs/smo/vf=off/lk=1,473.531,-0.495,-0.495,2.787,30.145,27.868,0.2664
2221,53.962,74342.0,obs/smo/vf=off/lk=1,474.12,-0.805,-0.805,-2.597,29.522,27.767,0.2664
2222,53.982,74362.0,obs/smo/vf=off/lk=1,474.706,-0.208,-0.208,-2.608,29.442,32.62,0.2664
2223,54.002,74382.0,obs/smo/vf=off/lk=1,475.307,-0.497,-0.497,-1.718,29.657,27.725,0.2664
2224,54.022,74402.0,obs/smo/vf=off/lk=1,475.902,-0.814,-0.814,-0.805,30.21,27.629,0.2664
2225,54.042,74422.0,obs/smo/vf=off/lk=1,476.517,-0.209,-0.209,-0.796,30.218,32.59,0.2664
2226,54.062,74442.0,obs/smo/vf=off/lk=1,477.106,-0.505,-0.505,0.09,29.54,28.352,0.2664
2227,54.082,74462.0,obs/smo/vf=off/lk=1,477.686,-0.822,-0.822,0.987,29.156,27.32,0.2664
2228,54.102,74482.0,obs/smo/vf=off/lk=1,478.286,-0.218,-0.218,0.983,29.723,32.488,0.2664
2229,54.122,74502.0,obs/smo/vf=off/lk=1,478.884,-0.513,-0.513,1.875,30.206,28.441,0.2664
2230,54.142,74522.0,obs/smo/vf=off/lk=1,479.486,-0.83,-0.83,2.794,30.016,27.134,0.2664
2231,54.162,74542.0,obs/smo/vf=off/lk=1,480.092,-0.229,-0.229,2.798,30.236,32.248,0.2664
2232,54.182,74562.0,obs/smo/vf=off/lk=1,480.671,-0.522,-0.522,-2.611,29.033,28.892,0.2664
2233,54.202,74582.0,obs/smo/vf=off/lk=1,481.253,-0.84,-0.84,-1.712,29.249,27.084,0.2664
2234,54.222,74602.0,obs/smo/vf=off/lk=1,481.849,-0.25,-0.25,-1.706,30.063,32.199,0.2664
2235,54.242,74622.0,obs/smo/vf=off/lk=1,482.452,-0.538,-0.538,-0.815,30.14,29.376,0.2664
2236,54.262,74642.0,obs/smo/vf=off/lk=1,483.052,-0.847,-0.847,0.094,29.692,26.879,0.2664
2237,54.282,74662.0,obs/smo/vf=off/lk=1,483.644,-0.26,-0.26,0.099,29.743,31.676,0.2664
2238,54.302,74682.0,obs/smo/vf=off/lk=1,484.232,-0.547,-0.547,0.974,29.208,29.781,0.2664
2239,54.322,74702.0,obs/smo/vf=off/lk=1,484.832,-0.854,-0.854,1.881,29.802,26.623,0.2664
2240,54.342,74722.0,obs/smo/vf=off/lk=1,485.434,-0.266,-0.266,1.895,30.545,31.569,0.2664
2241,54.362,74742.0,obs/smo/vf=off/lk=1,486.037,-0.552,-0.552,2.784,30.08,30.089,0.2664
2242,54.382,74762.0,obs/smo/vf=off/lk=1,486.622,-0.867,-0.867,-2.599,29.311,26.812,0.2664
2243,54.402,74782.0,obs/smo/vf=off/lk=1,487.208,-0.275,-0.275,-2.605,29.206,30.852,0.2664
2244,54.422,74802.0,obs/smo/vf=off/lk=1,487.806,-0.562,-0.562,-1.721,29.847,30.312,0.2664
2245,54.442,74822.0,obs/smo/vf=off/lk=1,488.403,-0.875,-0.875,-0.81,30.058,26.611,0.2664
2246,54.462,74842.0,obs/smo/vf=off/lk=1,489.015,-0.282,-0.282,-0.791,30.147,30.91,0.2664
2247,54.482,74862.0,obs/smo/vf=off/lk=1,489.613,-0.567,-0.567,0.092,29.958,30.584,0.2664
2248,54.502,74882.0,obs/smo/vf=off/lk=1,490.191,-0.879,-0.879,0.982,29.039,26.783,0.2664
2249,54.522,74902.0,obs/smo/vf=off/lk=1,490.785,-0.289,-0.289,0.986,29.627,30.571,0.2664
2250,54.542,74922.0,obs/smo/vf=off/lk=1,491.382,-0.583,-0.583,1.876,30.022,31.256,0.2664
2251,54.562,74942.0,obs/smo/vf=off/lk=1,491.986,-0.886,-0.886,2.784,30.263,26.646,0.2664
2252,54.582,74962.0,obs/smo/vf=off/lk=1,492.593,-0.298,-0.298,2.804,29.851,30.161,0.2664
2253,54.602,74982.0,obs/smo/vf=off/lk=1,493.169,-0.594,-0.594,-2.609,29.347,31.582,0.2664
2254,54.622,75002.0,obs/smo/vf=off/lk=1,493.758,-0.895,-0.895,-1.719,29.206,26.747,0.2664
2255,54.642,75022.0,obs/smo/vf=off/lk=1,494.354,-0.317,-0.317,-1.7,29.87,29.461,0.2664
2256,54.662,75042.0,obs/smo/vf=off/lk=1,494.959,-0.603,-0.603,-0.809,30.259,31.653,0.2664
2257,54.682,75062.0,obs/smo/vf=off/lk=1,495.56,-0.902,-0.902,0.091,29.802,26.862,0.2664
2258,54.702,75082.0,obs/smo/vf=off/lk=1,496.143,-0.326,-0.326,0.098,29.489,29.028,0.2664
2259,54.722,75102.0,obs/smo/vf=off/lk=1,496.738,-0.611,-0.611,0.978,29.561,31.961,0.2664
2260,54.742,75122.0,obs/smo/vf=off/lk=1,497.327,-0.917,-0.917,1.873,29.72,27.222,0.2664
2261,54.762,75142.0,obs/smo/vf=off/lk=1,497.935,-0.332,-0.332,1.896,30.166,28.728,0.2664
2262,54.782,75162.0,obs/smo/vf=off/lk=1,498.533,-0.629,-0.629,2.791,30.229,32.169,0.2664
2263,54.802,75182.0,obs/smo/vf=off/lk=1,499.128,-0.925,-0.925,-2.602,29.425,27.312,0.2664
2264,54.822,75202.0,obs/smo/vf=off/lk=1,499.714,-0.339,-0.339,-2.601,29.176,28.453,0.2664
2265,54.842,75222.0,obs/smo/vf=off/lk=1,500.302,-0.635,-0.635,-1.718,29.73,32.186,0.2664
2266,54.862,75242.0,obs/smo/vf=off/lk=1,500.906,-0.93,-0.93,-0.818,30.014,27.378,0.2664
2267,54.882,75262.0,obs/smo/vf=off/lk=1,501.501,-0.356,-0.356,-0.797,30.013,27.786,0.2664
2268,54.902,75282.0,obs/smo/vf=off/lk=1,502.104,-0.647,-0.647,0.097,29.861,32.443,0.2664
2269,54.922,75302.0,obs/smo/vf=off/lk=1,502.679,-0.951,-0.951,0.976,29.133,28.167,0.2664
2270,54.942,75322.0,obs/smo/vf=off/lk=1,503.273,-0.367,-0.367,0.985,29.394,27.565,0.2664
2271,54.962,75342.0,obs/smo/vf=off/lk=1,503.876,-0.663,-0.663,1.884,30.197,32.454,0.2664
2272,54.982,75362.0,obs/smo/vf=off/lk=1,504.48,-0.952,-0.952,2.778,29.86,28.181,0.2664
2273,55.002,75382.0,obs/smo/vf=off/lk=1,505.08,-0.37,-0.37,2.796,30.122,27.506,0.2664
2274,55.022,75402.0,obs/smo/vf=off/lk=1,505.668,-0.673,-0.673,-2.597,29.608,32.18,0.2664
2275,55.042,75422.0,obs/smo/vf=off/lk=1,506.246,-0.967,-0.967,-1.724,28.917,28.729,0.2664
2276,55.062,75442.0,obs/smo/vf=off/lk=1,506.853,-0.379,-0.379,-1.705,30.173,27.438,0.2664
2277,55.082,75462.0,obs/smo/vf=off/lk=1,507.456,-0.681,-0.681,-0.801,30.151,32.208,0.2664
2278,55.102,75482.0,obs/smo/vf=off/lk=1,508.053,-0.972,-0.972,0.087,29.905,28.874,0.2664
2279,55.122,75502.0,obs/smo/vf=off/lk=1,508.637,-0.394,-0.394,0.094,29.457,26.928,0.2664
2280,55.142,75522.0,obs/smo/vf=off/lk=1,509.225,-0.694,-0.694,0.982,29.127,31.663,0.2664
2281,55.162,75542.0,obs/smo/vf=off/lk=1,509.822,-0.986,-0.986,1.87,30.016,29.562,0.2664
2282,55.182,75562.0,obs/smo/vf=off/lk=1,510.421,-0.405,-0.405,1.889,30.193,26.636,0.2664
2283,55.202,75582.0,obs/smo/vf=off/lk=1,511.027,-0.707,-0.707,2.797,30.011,31.412,0.2664
2284,55.222,75602.0,obs/smo/vf=off/lk=1,511.622,-0.996,-0.996,-2.602,29.658,29.769,0.2664
2285,55.242,75622.0,obs/smo/vf=off/lk=1,512.202,-0.415,-0.415,-2.603,28.969,26.567,0.2664
2286,55.262,75642.0,obs/smo/vf=off/lk=1,512.787,-0.721,-0.721,-1.713,29.454,30.943,0.2664
2287,55.282,75662.0,obs/smo/vf=off/lk=1,513.396,-1.007,-1.007,-0.818,30.186,30.378,0.2664
2288,55.302,75682.0,obs/smo/vf=off/lk=1,513.991,-0.426,-0.426,-0.804,30.134,26.543,0.2664
2289,55.322,75702.0,obs/smo/vf=off/lk=1,514.595,-0.729,-0.729,0.103,29.935,30.777,0.2664
2290,55.342,75722.0,obs/smo/vf=off/lk=1,515.181,-1.02,-1.02,0.98,29.181,30.852,0.2664
2291,55.362,75742.0,obs/smo/vf=off/lk=1,515.764,-0.437,-0.437,0.98,29.208,26.542,0.2664
2292,55.382,75762.0,obs/smo/vf=off/lk=1,516.361,-0.747,-0.747,1.887,30.105,30.51,0.2664
2293,55.402,75782.0,obs/smo/vf=off/lk=1,516.964,-1.037,-1.037,2.78,30.113,31.601,0.2664
2294,55.422,75802.0,obs/smo/vf=off/lk=1,517.568,-0.442,-0.442,2.789,29.956,26.495,0.2664
2295,55.442,75822.0,obs/smo/vf=off/lk=1,518.154,-0.757,-0.757,-2.593,29.442,29.709,0.2664
2296,55.462,75842.0,obs/smo/vf=off/lk=1,518.737,-1.05,-1.05,-1.716,29.195,31.868,0.2664
2297,55.482,75862.0,obs/smo/vf=off/lk=1,519.332,-0.456,-0.456,-1.716,29.732,26.626,0.2664
2298,55.502,75882.0,obs/smo/vf=off/lk=1,519.934,-0.77,-0.77,-0.801,30.194,29.167,0.2664
2299,55.522,75902.0,obs/smo/vf=off/lk=1,520.535,-1.062,-1.062,0.093,30.128,32.225,0.2664
2300,55.542,75922.0,obs/smo/vf=off/lk=1,521.135,-0.461,-0.461,0.092,29.454,26.858,0.2664
2301,55.562,75942.0,obs/smo/vf=off/lk=1,521.711,-0.778,-0.778,0.985,29.243,29.004,0.2664
2302,55.582,75962.0,obs/smo/vf=off/lk=1,522.324,-1.075,-1.075,1.895,29.663,32.284,0.2664
2303,55.602,75982.0,obs/smo/vf=off/lk=1,522.917,-0.47,-0.47,1.883,30.738,27.104,0.2664
2304,55.622,76002.0,obs/smo/vf=off/lk=1,523.522,-0.778,-0.778,2.796,29.78,28.899,0.2664
2305,55.642,76022.0,obs/smo/vf=off/lk=1,524.121,-1.074,-1.074,-2.592,30.013,32.253,0.2664
2306,55.662,76042.0,obs/smo/vf=off/lk=1,524.697,-0.479,-0.479,-2.611,29.129,27.208,0.2664
2307,55.682,76062.0,obs/smo/vf=off/lk=1,525.29,-0.789,-0.789,-1.708,29.389,28.378,0.2664
2308,55.702,76082.0,obs/smo/vf=off/lk=1,525.887,-1.086,-1.086,-0.814,29.938,32.29,0.2664
2309,55.722,76102.0,obs/smo/vf=off/lk=1,526.488,-0.487,-0.487,-0.812,30.372,27.5,0.2664
2310,55.742,76122.0,obs/smo/vf=off/lk=1,527.094,-0.794,-0.794,0.101,30.007,28.184,0.2664
2311,55.762,76142.0,obs/smo/vf=off/lk=1,527.683,-0.196,-0.196,0.092,29.606,32.69,0.2664
2312,55.782,76162.0,obs/smo/vf=off/lk=1,528.266,-0.495,-0.495,0.974,29.276,27.698,0.2664
2313,55.802,76182.0,obs/smo/vf=off/lk=1,528.867,-0.804,-0.804,1.884,29.785,27.796,0.2664
2314,55.822,76202.0,obs/smo/vf=off/lk=1,529.473,-0.204,-0.204,1.891,30.464,32.632,0.2664
2315,55.842,76222.0,obs/smo/vf=off/lk=1,530.07,-0.501,-0.501,2.784,29.95,28.078,0.2664
2316,55.862,76242.0,obs/smo/vf=off/lk=1,530.662,-0.811,-0.811,-2.597,29.353,27.824,0.2664
2317,55.882,76262.0,obs/smo/vf=off/lk=1,531.248,-0.217,-0.217,-2.605,29.458,32.558,0.2664
2318,55.902,76282.0,obs/smo/vf=off/lk=1,531.842,-0.509,-0.509,-1.719,29.729,28.296,0.2664
2319,55.922,76302.0,obs/smo/vf=off/lk=1,532.448,-0.817,-0.817,-0.805,30.027,27.376,0.2664
2320,55.942,76322.0,obs/smo/vf=off/lk=1,533.052,-0.222,-0.222,-0.796,30.36,32.561,0.2664
2321,55.962,76342.0,obs/smo/vf=off/lk=1,533.65,-0.51,-0.51,0.09,29.542,28.783,0.2664
2322,55.982,76362.0,obs/smo/vf=off/lk=1,534.226,-0.829,-0.829,0.985,28.968,27.132,0.2664
2323,56.002,76382.0,obs/smo/vf=off/lk=1,534.816,-0.234,-0.234,0.98,29.648,32.282,0.2664
2324,56.022,76402.0,obs/smo/vf=off/lk=1,535.419,-0.526,-0.526,1.875,30.174,28.964,0.2664
2325,56.042,76422.0,obs/smo/vf=off/lk=1,536.02,-0.843,-0.843,2.793,30.063,26.932,0.2664
2326,56.062,76442.0,obs/smo/vf=off/lk=1,536.62,-0.248,-0.248,2.797,29.974,31.84,0.2664
2327,56.082,76462.0,obs/smo/vf=off/lk=1,537.206,-0.538,-0.538,-2.609,29.271,29.563,0.2664
2328,56.102,76482.0,obs/smo/vf=off/lk=1,537.785,-0.856,-0.856,-1.714,28.994,26.77,0.2664
2329,56.122,76502.0,obs/smo/vf=off/lk=1,538.39,-0.262,-0.262,-1.701,29.981,31.655,0.2664
2330,56.142,76522.0,obs/smo/vf=off/lk=1,538.987,-0.551,-0.551,-0.815,30.06,29.864,0.2664
2331,56.162,76542.0,obs/smo/vf=off/lk=1,539.579,-0.869,-0.869,0.094,29.794,26.488,0.2664
2332,56.182,76562.0,obs/smo/vf=off/lk=1,540.178,-0.277,-0.277,0.101,29.686,31.108,0.2664
2333,56.202,76582.0,obs/smo/vf=off/lk=1,540.765,-0.563,-0.563,0.975,29.297,30.458,0.2664
2334,56.222,76602.0,obs/smo/vf=off/lk=1,541.351,-0.878,-0.878,1.876,29.552,26.712,0.2664
2335,56.242,76622.0,obs/smo/vf=off/lk=1,541.96,-0.29,-0.29,1.897,30.238,30.55,0.2664
2336,56.262,76642.0,obs/smo/vf=off/lk=1,542.563,-0.577,-0.577,2.786,30.039,30.859,0.2664
2337,56.282,76662.0,obs/smo/vf=off/lk=1,543.146,-0.89,-0.89,-2.601,29.112,26.746,0.2664
2338,56.302,76682.0,obs/smo/vf=off/lk=1,543.73,-0.304,-0.304,-2.603,29.28,29.804,0.2664
2339,56.322,76702.0,obs/smo/vf=off/lk=1,544.316,-0.603,-0.603,-1.718,29.643,31.674,0.2664
2340,56.342,76722.0,obs/smo/vf=off/lk=1,544.918,-0.903,-0.903,-0.816,29.875,26.784,0.2664
2341,56.362,76742.0,obs/smo/vf=off/lk=1,545.517,-0.327,-0.327,-0.792,30.011,28.859,0.2664
2342,56.382,76762.0,obs/smo/vf=off/lk=1,546.116,-0.615,-0.615,0.094,29.918,31.831,0.2664
2343,56.402,76782.0,obs/smo/vf=off/lk=1,546.702,-0.916,-0.916,0.98,29.075,27.017,0.2664
2344,56.422,76802.0,obs/smo/vf=off/lk=1,547.283,-0.339,-0.339,0.986,29.366,28.439,0.2664
2345,56.442,76822.0,obs/smo/vf=off/lk=1,547.89,-0.628,-0.628,1.882,29.955,31.97,0.2664
2346,56.462,76842.0,obs/smo/vf=off/lk=1,548.486,-0.932,-0.932,2.78,30.259,27.432,0.2664
2347,56.482,76862.0,obs/smo/vf=off/lk=1,549.091,-0.347,-0.347,2.802,29.847,28.095,0.2664
2348,56.502,76882.0,obs/smo/vf=off/lk=1,549.671,-0.649,-0.649,-2.6,29.504,32.25,0.2664
2349,56.522,76902.0,obs/smo/vf=off/lk=1,550.257,-0.944,-0.944,-1.719,28.861,27.796,0.2664
2350,56.542,76922.0,obs/smo/vf=off/lk=1,550.857,-0.359,-0.359,-1.704,30.023,27.666,0.2664
2351,56.562,76942.0,obs/smo/vf=off/lk=1,551.458,-0.658,-0.658,-0.804,30.075,32.337,0.2664
2352,56.582,76962.0,obs/smo/vf=off/lk=1,552.055,-0.951,-0.951,0.087,29.818,28.012,0.2664
2353,56.602,76982.0,obs/smo/vf=off/lk=1,552.643,-0.375,-0.375,0.098,29.459,27.126,0.2664
2354,56.622,77002.0,obs/smo/vf=off/lk=1,553.235,-0.67,-0.67,0.985,29.371,32.093,0.2664
2355,56.642,77022.0,obs/smo/vf=off/lk=1,553.819,-0.971,-0.971,1.87,29.628,28.897,0.2664
2356,56.662,77042.0,obs/smo/vf=off/lk=1,554.425,-0.385,-0.385,1.89,30.239,26.971,0.2664
2357,56.682,77062.0,obs/smo/vf=off/lk=1,555.025,-0.693,-0.693,2.798,29.972,31.822,0.2664
2358,56.702,77082.0,obs/smo/vf=off/lk=1,555.619,-0.981,-0.981,-2.603,29.708,29.277,0.2664
2359,56.722,77102.0,obs/smo/vf=off/lk=1,556.205,-0.393,-0.393,-2.605,29.104,26.896,0.2664
2360,56.742,77122.0,obs/smo/vf=off/lk=1,556.795,-0.698,-0.698,-1.71,29.731,31.789,0.2664
2361,56.762,77142.0,obs/smo/vf=off/lk=1,557.396,-0.986,-0.986,-0.821,29.912,29.548,0.2664
2362,56.782,77162.0,obs/smo/vf=off/lk=1,557.998,-0.406,-0.406,-0.799,30.289,26.375,0.2664
2363,56.802,77182.0,obs/smo/vf=off/lk=1,558.599,-0.706,-0.706,0.102,29.78,31.354,0.2664
2364,56.822,77202.0,obs/smo/vf=off/lk=1,559.18,-0.999,-0.999,0.977,29.234,29.751,0.2664
2365,56.842,77222.0,obs/smo/vf=off/lk=1,559.77,-0.416,-0.416,0.982,29.448,26.585,0.2664
2366,56.862,77242.0,obs/smo/vf=off/lk=1,560.374,-0.717,-0.717,1.888,29.912,31.258,0.2664
2367,56.882,77262.0,obs/smo/vf=off/lk=1,560.977,-1.005,-1.005,2.779,30.068,30.345,0.2664
2368,56.902,77282.0,obs/smo/vf=off/lk=1,561.57,-0.423,-0.423,2.79,30.142,26.631,0.2664
2369,56.922,77302.0,obs/smo/vf=off/lk=1,562.156,-0.737,-0.737,-2.593,29.323,30.417,0.2664
2370,56.942,77322.0,obs/smo/vf=off/lk=1,562.744,-1.024,-1.024,-1.719,29.401,31.197,0.2664
2371,56.962,77342.0,obs/smo/vf=off/lk=1,563.344,-0.433,-0.433,-1.71,29.62,26.6,0.2664
2372,56.982,77362.0,obs/smo/vf=off/lk=1,563.94,-0.744,-0.744,-0.802,30.214,30.016,0.2664
2373,57.002,77382.0,obs/smo/vf=off/lk=1,564.546,-1.029,-1.029,0.089,29.968,31.13,0.2664
2374,57.022,77402.0,obs/smo/vf=off/lk=1,565.134,-0.444,-0.444,0.091,29.657,26.745,0.2664
2375,57.042,77422.0,obs/smo/vf=off/lk=1,565.714,-0.761,-0.761,0.988,29.045,29.525,0.2664
2376,57.062,77442.0,obs/smo/vf=off/lk=1,566.31,-1.049,-1.049,1.873,29.846,31.805,0.2664
2377,57.082,77462.0,obs/smo/vf=off/lk=1,566.912,-0.457,-0.457,1.883,30.172,26.8,0.2664
2378,57.102,77482.0,obs/smo/vf=off/lk=1,567.522,-0.761,-0.761,2.797,30.208,29.856,0.2664
2379,57.122,77502.0,obs/smo/vf=off/lk=1,568.121,-1.053,-1.053,-2.596,29.746,31.972,0.2664
2380,57.142,77522.0,obs/smo/vf=off/lk=1,568.699,-0.461,-0.461,-2.61,29.304,26.849,0.2664
2381,57.162,77542.0,obs/smo/vf=off/lk=1,569.289,-0.772,-0.772,-1.708,29.386,29.092,0.2664
2382,57.182,77562.0,obs/smo/vf=off/lk=1,569.891,-1.062,-1.062,-0.817,30.36,32.036,0.2664
2383,57.202,77582.0,obs/smo/vf=off/lk=1,570.5,-0.46,-0.46,-0.81,30.106,26.823,0.2664
2384,57.222,77602.0,obs/smo/vf=off/lk=1,571.095,-0.776,-0.776,0.101,29.907,28.783,0.2664
2385,57.242,77622.0,obs/smo/vf=off/lk=1,571.684,-1.069,-1.069,0.983,29.535,32.387,0.2664
2386,57.262,77642.0,obs/smo/vf=off/lk=1,572.279,-0.465,-0.465,0.975,29.417,26.89,0.2664
2387,57.282,77662.0,obs/smo/vf=off/lk=1,572.873,-0.779,-0.779,1.883,29.72,28.818,0.2664
2388,57.302,77682.0,obs/smo/vf=off/lk=1,573.48,-1.074,-1.074,2.785,30.349,32.483,0.2664
2389,57.322,77702.0,obs/smo/vf=off/lk=1,574.077,-0.48,-0.48,2.787,29.972,27.21,0.2664
2390,57.342,77722.0,obs/smo/vf=off/lk=1,574.657,-0.798,-0.798,-2.598,29.275,28.093,0.2664
2391,57.362,77742.0,obs/smo/vf=off/lk=1,575.254,-1.087,-1.087,-1.712,29.484,32.449,0.2664
2392,57.382,77762.0,obs/smo/vf=off/lk=1,575.846,-0.489,-0.489,-1.718,29.702,27.425,0.2664
2393,57.402,77782.0,obs/smo/vf=off/lk=1,576.449,-0.804,-0.804,-0.8,29.956,27.915,0.2664
2394,57.422,77802.0,obs/smo/vf=off/lk=1,577.045,-0.207,-0.207,-0.801,30.185,32.53,0.2664
2395,57.442,77822.0,obs/smo/vf=off/lk=1,577.639,-0.504,-0.504,0.09,29.569,28.077,0.2664
2396,57.462,77842.0,obs/smo/vf=off/lk=1,578.223,-0.815,-0.815,0.986,29.142,27.496,0.2664
2397,57.482,77862.0,obs/smo/vf=off/lk=1,578.815,-0.221,-0.221,0.983,29.537,32.555,0.2664
2398,57.502,77882.0,obs/smo/vf=off/lk=1,579.415,-0.511,-0.511,1.874,30.059,28.275,0.2664
2399,57.522,77902.0,obs/smo/vf=off/lk=1,580.017,-0.829,-0.829,2.792,30.182,27.251,0.2664
2400,57.542,77922.0,obs/smo/vf=off/lk=1,580.619,-0.229,-0.229,2.796,29.877,32.474,0.2664
2401,57.562,77942.0,obs/smo/vf=off/lk=1,581.205,-0.521,-0.521,-2.609,29.184,28.619,0.2664
2402,57.582,77962.0,obs/smo/vf=off/lk=1,581.785,-0.838,-0.838,-1.713,29.344,27.092,0.2664
2403,57.602,77982.0,obs/smo/vf=off/lk=1,582.391,-0.239,-0.239,-1.706,30.024,32.384,0.2664
2404,57.622,78002.0,obs/smo/vf=off/lk=1,582.991,-0.53,-0.53,-0.815,29.947,29.1,0.2664
2405,57.642,78022.0,obs/smo/vf=off/lk=1,583.585,-0.849,-0.849,0.098,29.695,26.641,0.2664
2406,57.662,78042.0,obs/smo/vf=off/lk=1,584.174,-0.263,-0.263,0.101,29.923,31.608,0.2664
2407,57.682,78062.0,obs/smo/vf=off/lk=1,584.757,-0.552,-0.552,0.973,29.041,30.068,0.2664
2408,57.702,78082.0,obs/smo/vf=off/lk=1,585.353,-0.861,-0.861,1.878,29.658,26.615,0.2664
2409,57.722,78102.0,obs/smo/vf=off/lk=1,585.953,-0.278,-0.278,1.895,30.208,30.948,0.2664
2410,57.742,78122.0,obs/smo/vf=off/lk=1,586.556,-0.564,-0.564,2.784,30.086,30.416,0.2664
2411,57.762,78142.0,obs/smo/vf=off/lk=1,587.146,-0.871,-0.871,-2.601,29.288,26.667,0.2664
2412,57.782,78162.0,obs/smo/vf=off/lk=1,587.725,-0.292,-0.292,-2.603,29.205,30.269,0.2664
2413,57.802,78182.0,obs/smo/vf=off/lk=1,588.322,-0.58,-0.58,-1.718,29.589,30.88,0.2664
2414,57.822,78202.0,obs/smo/vf=off/lk=1,588.926,-0.883,-0.883,-0.81,29.877,26.549,0.2664
2415,57.842,78222.0,obs/smo/vf=off/lk=1,589.524,-0.304,-0.304,-0.791,30.41,29.96,0.2664
2416,57.862,78242.0,obs/smo/vf=off/lk=1,590.118,-0.591,-0.591,0.089,29.55,31.387,0.2664
2417,57.882,78262.0,obs/smo/vf=off/lk=1,590.699,-0.901,-0.901,0.981,29.198,26.954,0.2664
2418,57.902,78282.0,obs/smo/vf=off/lk=1,591.29,-0.314,-0.314,0.984,29.438,29.471,0.2664
2419,57.922,78302.0,obs/smo/vf=off/lk=1,591.896,-0.6,-0.6,1.877,29.93,31.422,0.2664
2420,57.942,78322.0,obs/smo/vf=off/lk=1,592.491,-0.909,-0.909,2.781,30.222,26.926,0.2664
2421,57.962,78342.0,obs/smo/vf=off/lk=1,593.097,-0.325,-0.325,2.802,30.272,28.767,0.2664
2422,57.982,78362.0,obs/smo/vf=off/lk=1,593.683,-0.616,-0.616,-2.603,28.881,32.041,0.2664
2423,58.002,78382.0,obs/smo/vf=off/lk=1,594.261,-0.919,-0.919,-1.722,29.131,27.052,0.2664
2424,58.022,78402.0,obs/smo/vf=off/lk=1,594.856,-0.344,-0.344,-1.702,29.873,28.326,0.2664
2425,58.042,78422.0,obs/smo/vf=off/lk=1,595.461,-0.633,-0.633,-0.809,30.112,32.387,0.2664
2426,58.062,78442.0,obs/smo/vf=off/lk=1,596.048,-0.939,-0.939,0.084,29.64,27.608,0.2664
2427,58.082,78462.0,obs/smo/vf=off/lk=1,596.645,-0.354,-0.354,0.096,29.658,27.986,0.2664
2428,58.102,78482.0,obs/smo/vf=off/lk=1,597.231,-0.654,-0.654,0.983,29.465,32.293,0.2664
2429,58.122,78502.0,obs/smo/vf=off/lk=1,597.828,-0.946,-0.946,1.871,29.672,27.853,0.2664
2430,58.142,78522.0,obs/smo/vf=off/lk=1,598.424,-0.37,-0.37,1.892,30.093,27.502,0.2664
2431,58.162,78542.0,obs/smo/vf=off/lk=1,599.033,-0.663,-0.663,2.794,30.227,32.36,0.2664
2432,58.182,78562.0,obs/smo/vf=off/lk=1,599.616,-0.964,-0.964,-2.606,29.401,28.659,0.2664
2433,58.202,78582.0,obs/smo/vf=off/lk=1,600.202,-0.379,-0.379,-2.605,29.077,27.268,0.2664
2434,58.222,78602.0,obs/smo/vf=off/lk=1,600.791,-0.684,-0.684,-1.711,29.406,31.939,0.2664
2435,58.242,78622.0,obs/smo/vf=off/lk=1,601.391,-0.973,-0.973,-0.821,30.041,29.074,0.2664
2436,58.262,78642.0,obs/smo/vf=off/lk=1,601.992,-0.395,-0.395,-0.798,30.145,26.765,0.2664
2437,58.282,78662.0,obs/smo/vf=off/lk=1,602.594,-0.695,-0.695,0.103,29.886,31.794,0.2664
2438,58.302,78682.0,obs/smo/vf=off/lk=1,603.175,-0.987,-0.987,0.977,28.965,29.52,0.2664
2439,58.322,78702.0,obs/smo/vf=off/lk=1,603.76,-0.409,-0.409,0.983,29.24,26.585,0.2664
2440,58.342,78722.0,obs/smo/vf=off/lk=1,604.35,-0.72,-0.72,1.885,29.992,31.296,0.2664
2441,58.362,78742.0,obs/smo/vf=off/lk=1,604.948,-1.012,-1.012,2.775,29.871,30.572,0.2664
2442,58.382,78762.0,obs/smo/vf=off/lk=1,605.554,-0.422,-0.422,2.791,30.027,26.514,0.2664
2443,58.402,78782.0,obs/smo/vf=off/lk=1,606.14,-0.735,-0.735,-2.594,29.437,30.749,0.2664
2444,58.422,78802.0,obs/smo/vf=off/lk=1,606.725,-1.028,-1.028,-1.716,29.017,31.221,0.2664
2445,58.442,78822.0,obs/smo/vf=off/lk=1,607.323,-0.436,-0.436,-1.71,29.652,26.494,0.2664
2446,58.462,78842.0,obs/smo/vf=off/lk=1,607.915,-0.752,-0.752,-0.801,30.013,30.107,0.2664
2447,58.482,78862.0,obs/smo/vf=off/lk=1,608.515,-1.048,-1.048,0.094,29.82,31.716,0.2664
2448,58.502,78882.0,obs/smo/vf=off/lk=1,609.107,-0.451,-0.451,0.089,29.538,26.607,0.2664
2449,58.522,78902.0,obs/smo/vf=off/lk=1,609.687,-0.769,-0.769,0.987,29.007,29.183,0.2664
2450,58.542,78922.0,obs/smo/vf=off/lk=1,610.276,-1.067,-1.067,1.874,29.713,32.085,0.2664
2451,58.562,78942.0,obs/smo/vf=off/lk=1,610.874,-0.476,-0.476,1.881,29.865,27.104,0.2664
2452,58.582,78962.0,obs/smo/vf=off/lk=1,611.48,-0.787,-0.787,2.798,30.078,28.67,0.2664
2453,58.602,78982.0,obs/smo/vf=off/lk=1,612.072,-1.086,-1.086,-2.593,29.873,32.403,0.2664
2454,58.622,79002.0,obs/smo/vf=off/lk=1,612.654,-0.484,-0.484,-2.614,28.91,27.297,0.2664
2455,58.642,79022.0,obs/smo/vf=off/lk=1,613.24,-0.803,-0.803,-1.709,29.429,27.883,0.2664
2456,58.662,79042.0,obs/smo/vf=off/lk=1,613.835,-0.208,-0.208,-1.71,29.931,32.672,0.2664
2457,58.682,79062.0,obs/smo/vf=off/lk=1,614.442,-0.497,-0.497,-0.813,29.766,27.594,0.2664
2458,58.702,79082.0,obs/smo/vf=off/lk=1,615.034,-0.817,-0.817,0.099,30.12,27.376,0.2664
2459,58.722,79102.0,obs/smo/vf=off/lk=1,615.623,-0.225,-0.225,0.096,29.584,32.315,0.2664
2460,58.742,79122.0,obs/smo/vf=off/lk=1,616.209,-0.515,-0.515,0.972,29.122,28.438,0.2664
2461,58.762,79142.0,obs/smo/vf=off/lk=1,616.814,-0.823,-0.823,1.885,29.733,27.247,0.2664
2462,58.782,79162.0,obs/smo/vf=off/lk=1,617.415,-0.23,-0.23,1.893,30.455,32.318,0.2664
2463,58.802,79182.0,obs/smo/vf=off/lk=1,618.012,-0.524,-0.524,2.784,29.759,28.849,0.2664
2464,58.822,79202.0,obs/smo/vf=off/lk=1,618.602,-0.836,-0.836,-2.597,29.203,26.894,0.2664
2465,58.842,79222.0,obs/smo/vf=off/lk=1,619.187,-0.244,-0.244,-2.605,29.492,31.865,0.2664
2466,58.862,79242.0,obs/smo/vf=off/lk=1,619.785,-0.531,-0.531,-1.719,29.883,29.081,0.2664
2467,58.882,79262.0,obs/smo/vf=off/lk=1,620.382,-0.848,-0.848,-0.806,29.779,26.792,0.2664
2468,58.902,79282.0,obs/smo/vf=off/lk=1,620.98,-0.261,-0.261,-0.794,30.427,31.802,0.2664
2469,58.922,79302.0,obs/smo/vf=off/lk=1,621.572,-0.552,-0.552,0.089,29.458,29.884,0.2664
2470,58.942,79322.0,obs/smo/vf=off/lk=1,622.16,-0.859,-0.859,0.983,29.225,26.714,0.2664
2471,58.962,79342.0,obs/smo/vf=off/lk=1,622.747,-0.272,-0.272,0.984,29.65,31.225,0.2664
2472,58.982,79362.0,obs/smo/vf=off/lk=1,623.35,-0.556,-0.556,1.871,30.033,30.027,0.2664
2473,59.002,79382.0,obs/smo/vf=off/lk=1,623.957,-0.864,-0.864,2.786,30.33,26.61,0.2664
2474,59.022,79402.0,obs/smo/vf=off/lk=1,624.565,-0.271,-0.271,2.801,30.129,31.486,0.2664
2475,59.042,79422.0,obs/smo/vf=off/lk=1,625.146,-0.561,-0.561,-2.611,29.017,30.318,0.2664
2476,59.062,79442.0,obs/smo/vf=off/lk=1,625.729,-0.87,-0.87,-1.719,29.195,26.714,0.2664
2477,59.082,79462.0,obs/smo/vf=off/lk=1,626.332,-0.285,-0.285,-1.701,30.354,31.004,0.2664
2478,59.102,79482.0,obs/smo/vf=off/lk=1,626.932,-0.571,-0.571,-0.816,29.859,30.814,0.2664
2479,59.122,79502.0,obs/smo/vf=off/lk=1,627.522,-0.885,-0.885,0.089,29.83,26.77,0.2664
2480,59.142,79522.0,obs/smo/vf=off/lk=1,628.121,-0.296,-0.296,0.098,29.711,30.21,0.2664
2481,59.162,79542.0,obs/smo/vf=off/lk=1,628.717,-0.578,-0.578,0.977,29.246,34.256,0.2664
2482,59.182,79562.0,obs/smo/vf=off/lk=1,629.31,-0.886,-0.886,1.877,29.836,26.707,0.2664
2483,59.202,79582.0,obs/smo/vf=off/lk=1,629.909,-0.306,-0.306,1.897,30.193,29.943,0.2664
2484,59.222,79602.0,obs/smo/vf=off/lk=1,630.511,-0.592,-0.592,2.785,30.162,31.389,0.2664
2485,59.242,79622.0,obs/smo/vf=off/lk=1,631.097,-0.903,-0.903,-2.602,29.271,26.89,0.2664
2486,59.262,79642.0,obs/smo/vf=off/lk=1,631.68,-0.318,-0.318,-2.604,29.174,29.337,0.2664
2487,59.282,79662.0,obs/smo/vf=off/lk=1,632.272,-0.612,-0.612,-1.718,29.663,31.747,0.2664
2488,59.302,79682.0,obs/smo/vf=off/lk=1,632.867,-0.918,-0.918,-0.817,30.022,27.095,0.2664
2489,59.322,79702.0,obs/smo/vf=off/lk=1,633.477,-0.332,-0.332,-0.792,30.297,28.573,0.2664
2490,59.342,79722.0,obs/smo/vf=off/lk=1,634.079,-0.618,-0.618,0.095,29.634,31.954,0.2664
2491,59.362,79742.0,obs/smo/vf=off/lk=1,634.654,-0.925,-0.925,0.978,29.207,27.34,0.2664
2492,59.382,79762.0,obs/smo/vf=off/lk=1,635.248,-0.34,-0.34,0.986,29.484,28.426,0.2664
2493,59.402,79782.0,obs/smo/vf=off/lk=1,635.84,-0.64,-0.64,1.878,29.89,32.446,0.2664
2494,59.422,79802.0,obs/smo/vf=off/lk=1,636.446,-0.934,-0.934,2.778,30.074,27.507,0.2664
2495,59.442,79822.0,obs/smo/vf=off/lk=1,637.042,-0.358,-0.358,2.799,30.08,27.633,0.2664
2496,59.462,79842.0,obs/smo/vf=off/lk=1,637.636,-0.65,-0.65,-2.599,29.404,32.281,0.2664
2497,59.482,79862.0,obs/smo/vf=off/lk=1,638.208,-0.953,-0.953,-1.723,28.958,28.23,0.2664
2498,59.502,79882.0,obs/smo/vf=off/lk=1,638.811,-0.369,-0.369,-1.705,29.918,27.513,0.2664
2499,59.522,79902.0,obs/smo/vf=off/lk=1,639.408,-0.673,-0.673,-0.805,29.969,32.357,0.2664
2500,59.542,79922.0,obs/smo/vf=off/lk=1,640.008,-0.962,-0.962,0.084,29.899,28.605,0.2664
2501,59.562,79942.0,obs/smo/vf=off/lk=1,640.606,-0.377,-0.377,0.097,29.696,27.114,0.2664
2502,59.582,79962.0,obs/smo/vf=off/lk=1,641.187,-0.68,-0.68,0.982,29.278,32.178,0.2664
2503,59.602,79982.0,obs/smo/vf=off/lk=1,641.785,-0.969,-0.969,1.87,29.716,28.885,0.2664
2504,59.622,80002.0,obs/smo/vf=off/lk=1,642.385,-0.392,-0.392,1.892,30.005,26.953,0.2664
2505,59.642,80022.0,obs/smo/vf=off/lk=1,642.986,-0.692,-0.692,2.794,30.051,31.929,0.2664
2506,59.662,80042.0,obs/smo/vf=off/lk=1,643.569,-0.994,-0.994,-2.604,29.518,29.773,0.2664
2507,59.682,80062.0,obs/smo/vf=off/lk=1,644.155,-0.407,-0.407,-2.606,29.028,26.745,0.2664
2508,59.702,80082.0,obs/smo/vf=off/lk=1,644.743,-0.715,-0.715,-1.71,29.553,31.268,0.2664
2509,59.722,80102.0,obs/smo/vf=off/lk=1,645.341,-1.006,-1.006,-0.821,29.877,30.424,0.2664
2510,59.742,80122.0,obs/smo/vf=off/lk=1,645.95,-0.417,-0.417,-0.801,30.193,26.488,0.2664
2511,59.762,80142.0,obs/smo/vf=off/lk=1,646.545,-0.728,-0.728,0.105,29.698,30.906,0.2664
2512,59.782,80162.0,obs/smo/vf=off/lk=1,647.127,-1.019,-1.019,0.977,29.252,30.822,0.2664
2513,59.802,80182.0,obs/smo/vf=off/lk=1,647.711,-0.434,-0.434,0.977,29.419,26.694,0.2664
2514,59.822,80202.0,obs/smo/vf=off/lk=1,648.314,-0.74,-0.74,1.886,29.865,30.384,0.2664
2515,59.842,80222.0,obs/smo/vf=off/lk=1,648.914,-1.031,-1.031,2.777,29.962,31.241,0.2664
2516,59.862,80242.0,obs/smo/vf=off/lk=1,649.512,-0.446,-0.446,2.79,29.91,26.515,0.2664
2517,59.882,80262.0,obs/smo/vf=off/lk=1,650.104,-0.755,-0.755,-2.592,29.392,29.747,0.2664
2518,59.902,80282.0,obs/smo/vf=off/lk=1,650.687,-1.049,-1.049,-1.715,29.287,31.924,0.2664
2519,59.922,80302.0,obs/smo/vf=off/lk=1,651.275,-0.462,-0.462,-1.715,29.402,26.71,0.2664
2520,59.942,80322.0,obs/smo/vf=off/lk=1,651.867,-0.782,-0.782,-0.802,30.143,28.626,0.2664
2521,59.962,80342.0,obs/smo/vf=off/lk=1,652.474,-1.074,-1.074,0.097,29.887,32.32,0.2664
2522,59.982,80362.0,obs/smo/vf=off/lk=1,653.06,-0.48,-0.48,0.088,29.625,27.216,0.2664
2523,60.002,80382.0,obs/smo/vf=off/lk=1,653.641,-0.794,-0.794,0.984,28.978,28.134,0.2664
2524,60.022,80402.0,obs/smo/vf=off/lk=1,654.232,-0.2,-0.2,0.981,29.704,32.164,0.2664
2525,60.042,80422.0,obs/smo/vf=off/lk=1,654.84,-0.49,-0.49,1.879,29.818,27.471,0.2664
2526,60.062,80442.0,obs/smo/vf=off/lk=1,655.436,-0.81,-0.81,2.795,30.163,27.761,0.2664
2527,60.082,80462.0,obs/smo/vf=off/lk=1,656.031,-0.216,-0.216,2.796,29.948,32.282,0.2664
2528,60.102,80482.0,obs/smo/vf=off/lk=1,656.611,-0.51,-0.51,-2.613,28.958,28.205,0.2664
2529,60.122,80502.0,obs/smo/vf=off/lk=1,657.205,-0.82,-0.82,-1.709,29.219,27.583,0.2664
2530,60.142,80522.0,obs/smo/vf=off/lk=1,657.799,-0.228,-0.228,-1.708,30.119,32.184,0.2664
2531,60.162,80542.0,obs/smo/vf=off/lk=1,658.398,-0.52,-0.52,-0.816,29.884,28.461,0.2664
2532,60.182,80562.0,obs/smo/vf=off/lk=1,659.003,-0.831,-0.831,0.1,30.077,27.135,0.2664
2533,60.202,80582.0,obs/smo/vf=off/lk=1,659.587,-0.241,-0.241,0.094,29.43,32.277,0.2664
2534,60.222,80602.0,obs/smo/vf=off/lk=1,660.173,-0.532,-0.532,0.971,29.302,29.124,0.2664
2535,60.242,80622.0,obs/smo/vf=off/lk=1,660.771,-0.842,-0.842,1.879,29.615,27.039,0.2664
2536,60.262,80642.0,obs/smo/vf=off/lk=1,661.376,-0.254,-0.254,1.895,30.46,31.9,0.2664
2537,60.282,80662.0,obs/smo/vf=off/lk=1,661.974,-0.544,-0.544,2.784,29.64,29.64,0.2664
2538,60.302,80682.0,obs/smo/vf=off/lk=1,662.555,-0.862,-0.862,-2.6,29.434,26.606,0.2664
2539,60.322,80702.0,obs/smo/vf=off/lk=1,663.145,-0.269,-0.269,-2.604,29.266,31.28,0.2664
2540,60.342,80722.0,obs/smo/vf=off/lk=1,663.74,-0.556,-0.556,-1.722,29.718,30.008,0.2664
2541,60.362,80742.0,obs/smo/vf=off/lk=1,664.336,-0.871,-0.871,-0.81,29.89,26.741,0.2664
2542,60.382,80762.0,obs/smo/vf=off/lk=1,664.942,-0.281,-0.281,-0.795,30.192,30.927,0.2664
2543,60.402,80782.0,obs/smo/vf=off/lk=1,665.534,-0.574,-0.574,0.091,29.828,30.443,0.2664
2544,60.422,80802.0,obs/smo/vf=off/lk=1,666.12,-0.877,-0.877,0.98,29.052,26.692,0.2664
2545,60.442,80822.0,obs/smo/vf=off/lk=1,666.708,-0.297,-0.297,0.988,29.477,30.219,0.2664
2546,60.462,80842.0,obs/smo/vf=off/lk=1,667.309,-0.583,-0.583,1.874,30.108,31.028,0.2664
2547,60.482,80862.0,obs/smo/vf=off/lk=1,667.904,-0.895,-0.895,2.782,29.963,26.645,0.2664
2548,60.502,80882.0,obs/smo/vf=off/lk=1,668.512,-0.306,-0.306,2.8,30.292,29.957,0.2664
2549,60.522,80902.0,obs/smo/vf=off/lk=1,669.104,-0.59,-0.59,-2.607,29.52,31.469,0.2664
2550,60.542,80922.0,obs/smo/vf=off/lk=1,669.692,-0.891,-0.891,-1.719,29.191,27.085,0.2664
2551,60.562,80942.0,obs/smo/vf=off/lk=1,670.285,-0.312,-0.312,-1.704,29.982,29.715,0.2664
2552,60.582,80962.0,obs/smo/vf=off/lk=1,670.89,-0.6,-0.6,-0.811,29.9,31.594,0.2664
2553,60.602,80982.0,obs/smo/vf=off/lk=1,671.492,-0.9,-0.9,0.092,29.89,26.876,0.2664
2554,60.622,81002.0,obs/smo/vf=off/lk=1,672.081,-0.318,-0.318,0.099,29.606,29.297,0.2664
2555,60.642,81022.0,obs/smo/vf=off/lk=1,672.669,-0.61,-0.61,0.978,29.797,32.035,0.2664
2556,60.662,81042.0,obs/smo/vf=off/lk=1,673.264,-0.909,-0.909,1.872,29.539,26.994,0.2664
2557,60.682,81062.0,obs/smo/vf=off/lk=1,673.865,-0.33,-0.33,1.895,30.324,29.013,0.2664
2558,60.702,81082.0,obs/smo/vf=off/lk=1,674.476,-0.615,-0.615,2.79,30.142,32.16,0.2664
2559,60.722,81102.0,obs/smo/vf=off/lk=1,675.062,-0.916,-0.916,-2.606,29.472,27.047,0.2664
2560,60.742,81122.0,obs/smo/vf=off/lk=1,675.646,-0.338,-0.338,-2.599,29.3,28.357,0.2664
2561,60.762,81142.0,obs/smo/vf=off/lk=1,676.239,-0.627,-0.627,-1.718,29.655,32.374,0.2664
2562,60.782,81162.0,obs/smo/vf=off/lk=1,676.844,-0.923,-0.923,-0.817,30.097,27.218,0.2664
2563,60.802,81182.0,obs/smo/vf=off/lk=1,677.443,-0.345,-0.345,-0.796,30.155,28.257,0.2664
2564,60.822,81202.0,obs/smo/vf=off/lk=1,678.049,-0.631,-0.631,0.095,30.114,32.467,0.2664
2565,60.842,81222.0,obs/smo/vf=off/lk=1,678.63,-0.932,-0.932,0.978,29.081,27.468,0.2664
2566,60.862,81242.0,obs/smo/vf=off/lk=1,679.216,-0.354,-0.354,0.986,29.333,27.98,0.2664
2567,60.882,81262.0,obs/smo/vf=off/lk=1,679.822,-0.64,-0.64,1.878,30.349,32.315,0.2664
2568,60.902,81282.0,obs/smo/vf=off/lk=1,680.426,-0.934,-0.934,2.777,30.012,27.516,0.2664
2569,60.922,81302.0,obs/smo/vf=off/lk=1,681.023,-0.357,-0.357,2.796,30.171,27.728,0.2664
2570,60.942,81322.0,obs/smo/vf=off/lk=1,681.614,-0.65,-0.65,-2.603,29.398,32.324,0.2664
2571,60.962,81342.0,obs/smo/vf=off/lk=1,682.201,-0.943,-0.943,-1.723,29.33,27.85,0.2664
2572,60.982,81362.0,obs/smo/vf=off/lk=1,682.798,-0.365,-0.365,-1.705,29.908,27.676,0.2664
2573,61.002,81382.0,obs/smo/vf=off/lk=1,683.401,-0.658,-0.658,-0.808,30.272,32.575,0.2664
2574,61.022,81402.0,obs/smo/vf=off/lk=1,684.002,-0.951,-0.951,0.085,29.922,28.152,0.2664
2575,61.042,81422.0,obs/smo/vf=off/lk=1,684.599,-0.366,-0.366,0.097,29.596,27.526,0.2664
2576,61.062,81442.0,obs/smo/vf=off/lk=1,685.189,-0.659,-0.659,0.981,29.556,32.285,0.2664
2577,61.082,81462.0,obs/smo/vf=off/lk=1,685.781,-0.957,-0.957,1.872,29.632,28.356,0.2664
2578,61.102,81482.0,obs/smo/vf=off/lk=1,686.387,-0.37,-0.37,1.89,30.332,27.503,0.2664
2579,61.122,81502.0,obs/smo/vf=off/lk=1,686.992,-0.671,-0.671,2.796,30.436,32.325,0.2664
2580,61.142,81522.0,obs/smo/vf=off/lk=1,687.584,-0.96,-0.96,-2.606,29.381,28.477,0.2664
2581,61.162,81542.0,obs/smo/vf=off/lk=1,688.165,-0.382,-0.382,-2.603,29.14,27.192,0.2664
2582,61.182,81562.0,obs/smo/vf=off/lk=1,688.76,-0.677,-0.677,-1.713,29.582,32.314,0.2664
2583,61.202,81582.0,obs/smo/vf=off/lk=1,689.356,-0.976,-0.976,-0.819,30.023,29.146,0.2664
2584,61.222,81602.0,obs/smo/vf=off/lk=1,689.963,-0.389,-0.389,-0.798,30.203,26.906,0.2664
2585,61.242,81622.0,obs/smo/vf=off/lk=1,690.552,-0.697,-0.697,0.099,29.767,31.894,0.2664
2586,61.262,81642.0,obs/smo/vf=off/lk=1,691.143,-0.987,-0.987,0.98,29.201,29.64,0.2664
2587,61.282,81662.0,obs/smo/vf=off/lk=1,691.735,-0.399,-0.399,0.983,29.33,26.86,0.2664
2588,61.302,81682.0,obs/smo/vf=off/lk=1,692.327,-0.707,-0.707,1.883,30.015,31.457,0.2664
2589,61.322,81702.0,obs/smo/vf=off/lk=1,692.931,-0.996,-0.996,2.777,29.876,29.719,0.2664
2590,61.342,81722.0,obs/smo/vf=off/lk=1,693.525,-0.418,-0.418,2.792,30.125,26.605,0.2664
2591,61.362,81742.0,obs/smo/vf=off/lk=1,694.116,-0.722,-0.722,-2.596,29.266,30.953,0.2664
2592,61.382,81762.0,obs/smo/vf=off/lk=1,694.692,-1.023,-1.023,-1.718,29.112,31.048,0.2664
2593,61.402,81782.0,obs/smo/vf=off/lk=1,695.292,-0.43,-0.43,-1.711,29.71,26.5,0.2664
2594,61.422,81802.0,obs/smo/vf=off/lk=1,695.892,-0.743,-0.743,-0.798,30.064,30.256,0.2664
2595,61.442,81822.0,obs/smo/vf=off/lk=1,696.487,-1.037,-1.037,0.09,29.98,31.289,0.2664
2596,61.462,81842.0,obs/smo/vf=off/lk=1,697.084,-0.442,-0.442,0.092,29.402,26.434,0.2664
2597,61.482,81862.0,obs/smo/vf=off/lk=1,697.662,-0.758,-0.758,0.986,29.23,29.46,0.2664
2598,61.502,81882.0,obs/smo/vf=off/lk=1,698.256,-1.051,-1.051,1.874,29.506,31.988,0.2664
2599,61.522,81902.0,obs/smo/vf=off/lk=1,698.851,-0.462,-0.462,1.879,30.234,26.756,0.2664
2600,61.542,81922.0,obs/smo/vf=off/lk=1,699.461,-0.771,-0.771,2.799,30.017,28.97,0.2664
2601,61.562,81942.0,obs/smo/vf=off/lk=1,700.055,-1.066,-1.066,-2.596,29.82,32.03,0.2664
2602,61.582,81962.0,obs/smo/vf=off/lk=1,700.635,-0.474,-0.474,-2.608,28.981,27.051,0.2664
2603,61.602,81982.0,obs/smo/vf=off/lk=1,701.224,-0.785,-0.785,-1.708,29.384,28.495,0.2664
2604,61.622,82002.0,obs/smo/vf=off/lk=1,701.828,-1.073,-1.073,-0.816,30.315,32.558,0.2664
2605,61.642,82022.0,obs/smo/vf=off/lk=1,702.428,-0.476,-0.476,-0.813,30.126,27.122,0.2664
2606,61.662,82042.0,obs/smo/vf=off/lk=1,703.026,-0.793,-0.793,0.103,30.098,28.314,0.2664
2607,61.682,82062.0,obs/smo/vf=off/lk=1,703.622,-1.082,-1.082,0.987,29.341,32.452,0.2664
2608,61.702,82082.0,obs/smo/vf=off/lk=1,704.202,-0.486,-0.486,0.97,29.155,27.384,0.2664
2609,61.722,82102.0,obs/smo/vf=off/lk=1,704.798,-0.803,-0.803,1.884,30.052,28.058,0.2664
2610,61.742,82122.0,obs/smo/vf=off/lk=1,705.409,-1.092,-1.092,2.784,30.133,32.72,0.2664
2611,61.762,82142.0,obs/smo/vf=off/lk=1,706.007,-0.495,-0.495,2.785,29.862,27.678,0.2664
2612,61.782,82162.0,obs/smo/vf=off/lk=1,706.591,-0.812,-0.812,-2.596,29.645,27.652,0.2664
2613,61.802,82182.0,obs/smo/vf=off/lk=1,707.187,-0.204,-0.204,-2.609,29.449,32.59,0.2664
2614,61.822,82202.0,obs/smo/vf=off/lk=1,707.661,-0.539,-0.539,-1.8,23.418,28.204,-0.0074
2615,61.842,82222.0,obs/smo/vf=off/lk=0,707.679,-0.858,-0.858,-1.463,0.847,29.086,0.0003
2616,61.862,82242.0,obs/smo/vf=off/lk=0,707.664,-0.276,-0.276,-2.061,-0.762,28.499,-0.0119
2617,61.882,82262.0,obs/smo/vf=off/lk=0,707.662,-0.601,-0.601,-1.736,-0.078,28.835,-0.0081
2618,61.902,82282.0,obs/smo/vf=off/lk=0,707.661,-0.919,-0.919,-1.42,-0.076,28.834,0.0014
2619,61.922,82302.0,obs/smo/vf=off/lk=0,707.656,-0.35,-0.35,-1.994,-0.232,28.567,-0.0128
2620,61.942,82322.0,obs/smo/vf=off/lk=0,707.659,-0.667,-0.667,-1.674,0.152,28.635,-0.0083
2621,61.962,82342.0,obs/smo/vf=off/lk=0,707.656,-0.994,-0.994,-1.35,-0.154,28.943,0.0041
2622,61.982,82362.0,obs/smo/vf=off/lk=0,707.653,-0.423,-0.423,-1.924,-0.155,28.592,-0.0136
2623,62.002,82382.0,obs/smo/vf=off/lk=0,707.654,-0.746,-0.746,-1.599,0.076,28.52,-0.0077
2624,62.022,82402.0,obs/smo/vf=off/lk=0,707.648,-1.074,-1.074,-1.278,-0.306,28.522,0.0085
2625,62.042,82422.0,obs/smo/vf=off/lk=0,707.65,-0.511,-0.511,-1.839,0.077,28.466,-0.014
2626,62.062,82442.0,obs/smo/vf=off/lk=0,707.65,-0.836,-0.836,-1.514,0.0,28.243,-0.0066
2627,62.082,82462.0,obs/smo/vf=off/lk=0,707.641,-0.282,-0.282,-2.077,-0.465,27.747,-0.0176
2628,62.102,82482.0,obs/smo/vf=off/lk=0,707.65,-0.613,-0.613,-1.738,0.382,27.986,-0.0138
2629,62.122,82502.0,obs/smo/vf=off/lk=0,707.645,-0.944,-0.944,-1.41,-0.152,28.424,-0.0029
2630,62.142,82522.0,obs/smo/vf=off/lk=0,707.639,-0.39,-0.39,-1.971,-0.31,27.856,-0.0182
2631,62.162,82542.0,obs/smo/vf=off/lk=0,707.647,-0.733,-0.733,-1.62,0.385,27.733,-0.0125
2632,62.182,82562.0,obs/smo/vf=off/lk=1,707.636,-1.075,-1.075,-1.289,-0.533,27.522,0.0051
2633,62.202,82582.0,obs/smo/vf=off/lk=0,707.641,-0.518,-0.518,-1.841,0.231,28.006,-0.018
2634,62.222,82602.0,obs/smo/vf=off/lk=0,707.642,-0.866,-0.866,-1.492,0.077,27.741,-0.0095
2635,62.242,82622.0,obs/smo/vf=off/lk=0,707.63,-0.313,-0.313,-2.057,-0.687,27.109,-0.0215
2636,62.262,82642.0,obs/smo/vf=off/lk=0,707.644,-0.659,-0.659,-1.697,0.762,27.135,-0.0172
2637,62.282,82662.0,obs/smo/vf=off/lk=0,707.633,-1.017,-1.017,-1.35,-0.539,27.81,-0.0026
2638,62.302,82682.0,obs/smo/vf=off/lk=0,707.633,-0.466,-0.466,-1.901,0.0,27.527,-0.0214
2639,62.322,82702.0,obs/smo/vf=off/lk=0,707.641,-0.812,-0.812,-1.548,0.379,27.793,-0.0143
2640,62.342,82722.0,obs/smo/vf=off/lk=1,707.622,-0.278,-0.278,-2.1,-0.929,26.531,-0.0244
2641,62.362,82742.0,obs/smo/vf=off/lk=0,707.642,-0.636,-0.636,-1.722,0.992,26.816,-0.0203
2642,62.382,82762.0,obs/smo/vf=off/lk=0,707.631,-1.002,-1.002,-1.367,-0.539,27.47,-0.006
2643,62.402,82782.0,obs/smo/vf=off/lk=0,707.63,-0.461,-0.461,-1.91,-0.076,26.946,-0.0241
2644,62.422,82802.0,obs/smo/vf=off/lk=0,707.639,-0.826,-0.826,-1.535,0.462,26.668,-0.0165
2645,62.442,82822.0,obs/smo/vf=off/lk=1,707.619,-0.298,-0.298,-2.083,-1.069,25.775,-0.0268
2646,62.462,82842.0,obs/smo/vf=off/lk=1,707.644,-0.674,-0.674,-1.683,1.314,25.845,-0.0223
2647,62.482,82862.0,obs/smo/vf=off/lk=0,707.624,-1.046,-1.046,-1.33,-0.914,26.586,-0.0057
2648,62.502,82882.0,obs/smo/vf=off/lk=1,707.636,-0.525,-0.525,-1.839,0.462,26.143,-0.026
2649,62.522,82902.0,obs/smo/vf=off/lk=0,707.635,-0.903,-0.903,-1.462,0.0,26.195,-0.0158
2650,62.542,82922.0,obs/smo/vf=off/lk=0,707.621,-0.383,-0.383,-1.996,-0.687,25.736,-0.0287
2651,62.562,82942.0,obs/smo/vf=off/lk=0,707.642,-0.77,-0.77,-1.588,1.077,25.472,-0.0224
2652,62.582,82962.0,obs/smo/vf=off/lk=1,707.615,-0.266,-0.266,-2.119,-1.384,24.747,-0.0307
2653,62.602,82982.0,obs/smo/vf=off/lk=1,707.645,-0.653,-0.653,-1.701,1.445,24.594,-0.0265
2654,62.622,83002.0,obs/smo/vf=off/lk=1,707.625,-1.059,-1.059,-1.316,-0.934,25.418,-0.0086
2655,62.642,83022.0,obs/smo/vf=off/lk=1,707.642,-0.551,-0.551,-1.807,0.835,25.229,-0.0294
2656,62.662,83042.0,obs/smo/vf=off/lk=0,707.628,-0.956,-0.956,-1.416,-0.694,25.353,-0.0174
2657,62.682,83062.0,obs/smo/vf=off/lk=0,707.622,-0.459,-0.459,-1.919,-0.305,24.932,-0.0317
2658,62.702,83082.0,obs/smo/vf=off/lk=0,707.638,-0.867,-0.867,-1.496,0.766,24.796,-0.023
2659,62.722,83102.0,obs/smo/vf=off/lk=0,707.619,-0.382,-0.382,-1.998,-0.928,24.203,-0.0335
2660,62.742,83122.0,obs/smo/vf=off/lk=0,707.644,-0.798,-0.798,-1.558,1.231,23.8,-0.0266
2661,62.762,83142.0,obs/smo/vf=off/lk=1,707.613,-0.32,-0.32,-2.067,-1.53,23.277,-0.0351
2662,62.782,83162.0,obs/smo/vf=off/lk=1,707.65,-0.741,-0.741,-1.609,1.847,23.317,-0.0294
2663,62.802,83182.0,obs/smo/vf=off/lk=1,707.608,-0.267,-0.267,-2.125,-2.037,22.655,-0.0364
2664,62.822,83202.0,obs/smo/vf=off/lk=1,707.654,-0.699,-0.699,-1.646,2.315,22.633,-0.0315
2665,62.842,83222.0,obs/smo/vf=off/lk=1,707.61,-0.244,-0.244,-2.146,-2.237,22.091,-0.0375
2666,62.862,83242.0,obs/smo/vf=off/lk=1,707.658,-0.679,-0.679,-1.663,2.364,21.754,-0.0331
2667,62.882,83262.0,obs/smo/vf=off/lk=1,707.61,-0.233,-0.233,-2.157,-2.391,21.791,-0.0386
2668,62.902,83282.0,obs/smo/vf=off/lk=1,707.664,-0.677,-0.677,-1.659,2.669,21.777,-0.035
2669,62.922,83302.0,obs/smo/vf=off/lk=1,707.612,-0.237,-0.237,-2.151,-2.543,21.46,-0.04
2670,62.942,83322.0,obs/smo/vf=off/lk=1,707.665,-0.689,-0.689,-1.646,2.589,21.231,-0.0363
2671,62.962,83342.0,obs/smo/vf=off/lk=1,707.612,-0.258,-0.258,-2.131,-2.676,20.598,-0.0412
2672,62.982,83362.0,obs/smo/vf=off/lk=1,707.665,-0.726,-0.726,-1.609,2.7,20.767,-0.036
2673,63.002,83382.0,obs/smo/vf=off/lk=1,707.612,-0.307,-0.307,-2.082,-2.693,20.038,-0.0418
2674,63.022,83402.0,obs/smo/vf=off/lk=0,707.662,-0.781,-0.781,-1.557,2.598,20.665,-0.0357
2675,63.042,83422.0,obs/smo/vf=off/lk=1,707.622,-0.367,-0.367,-2.011,-2.146,20.262,-0.0425
2676,63.062,83442.0,obs/smo/vf=off/lk=0,707.654,-0.861,-0.861,-1.484,1.687,20.609,-0.034
2677,63.082,83462.0,obs/smo/vf=off/lk=1,707.647,-0.461,-0.461,-1.893,-0.46,20.635,-0.0428
2678,63.102,83482.0,obs/smo/vf=off/lk=1,707.638,-0.966,-0.966,-1.396,-0.307,20.522,-0.0294
2679,63.122,83502.0,obs/smo/vf=off/lk=1,707.674,-0.582,-0.582,-1.743,1.705,19.206,-0.0424
2680,63.142,83522.0,obs/smo/vf=off/lk=1,707.616,-0.203,-0.203,-2.181,-2.831,18.067,-0.0456
2681,63.162,83542.0,obs/smo/vf=off/lk=1,707.69,-0.716,-0.716,-1.595,3.665,18.307,-0.0414
2682,63.182,83562.0,obs/smo/vf=off/lk=1,707.625,-0.344,-0.344,-2.03,-3.287,17.787,-0.0461
2683,63.202,83582.0,obs/smo/vf=off/lk=0,707.662,-0.879,-0.879,-1.459,1.994,18.805,-0.0377
2684,63.222,83602.0,obs/smo/vf=off/lk=1,707.679,-0.528,-0.528,-1.793,0.689,18.22,-0.0458
2685,63.242,83622.0,obs/smo/vf=off/lk=1,707.622,-1.085,-1.085,-1.293,-2.718,16.855,-0.0221
2686,63.262,83642.0,obs/smo/vf=off/lk=1,707.701,-0.73,-0.73,-1.57,3.884,16.335,-0.044
2687,63.282,83662.0,obs/smo/vf=off/lk=1,707.641,-0.394,-0.394,-1.966,-3.064,16.953,-0.0483
2688,63.302,83682.0,obs/smo/vf=off/lk=1,707.651,-0.97,-0.97,-1.379,0.536,17.152,-0.0354
2689,63.322,83702.0,obs/smo/vf=off/lk=1,707.719,-0.65,-0.65,-1.631,3.405,14.978,-0.047
2690,63.342,83722.0,obs/smo/vf=off/lk=1,707.625,-0.332,-0.332,-2.043,-4.659,14.63,-0.05
2691,63.362,83742.0,obs/smo/vf=off/lk=1,707.671,-0.925,-0.925,-1.404,2.285,16.213,-0.0403
2692,63.382,83762.0,obs/smo/vf=off/lk=1,707.736,-0.63,-0.63,-1.635,3.254,14.253,-0.0489
2693,63.402,83782.0,obs/smo/vf=off/lk=1,707.633,-0.335,-0.335,-2.032,-5.193,13.304,-0.0514
2694,63.422,83802.0,obs/smo/vf=off/lk=1,707.67,-0.962,-0.962,-1.368,1.935,14.783,-0.0398
2695,63.442,83822.0,obs/smo/vf=off/lk=1,707.756,-0.681,-0.681,-1.563,4.257,12.587,-0.0499
2696,63.462,83842.0,obs/smo/vf=off/lk=1,707.693,-0.413,-0.413,-1.894,-3.215,13.836,-0.0525
2697,63.482,83862.0,obs/smo/vf=off/lk=1,707.648,-1.071,-1.071,-1.28,-2.159,12.504,-0.0302
2698,63.502,83882.0,obs/smo/vf=off/lk=1,707.742,-0.806,-0.806,-1.452,4.707,12.594,-0.0495
2699,63.522,83902.0,obs/smo/vf=off/lk=1,707.814,-0.575,-0.575,-1.611,3.565,11.725,-0.0528
2700,63.542,83922.0,obs/smo/vf=off/lk=1,707.73,-0.33,-0.33,-1.94,-4.264,11.504,-0.0546
2701,63.562,83942.0,obs/smo/vf=off/lk=1,707.69,-1.025,-1.025,-1.285,-1.858,11.316,-0.0395
2702,63.582,83962.0,obs/smo/vf=off/lk=1,707.782,-0.792,-0.792,-1.426,4.583,10.75,-0.0523
2703,63.602,83982.0,obs/smo/vf=off/lk=1,707.915,-0.578,-0.578,-1.507,6.693,11.021,-0.0549
2704,63.622,84002.0,obs/smo/vf=off/lk=1,708.01,-0.367,-0.367,-1.623,4.654,9.433,-0.0561
2705,63.642,84022.0,obs/smo/vf=off/lk=1,707.934,-1.078,-1.078,-0.988,-3.922,10.225,-0.0335
2706,63.662,84042.0,obs/smo/vf=off/lk=1,707.909,-0.876,-0.876,-1.215,-1.152,9.996,-0.0527
2707,63.682,84062.0,obs/smo/vf=off/lk=1,708.029,-0.685,-0.685,-1.286,6.023,9.204,-0.0562
2708,63.702,84082.0,obs/smo/vf=off/lk=1,708.156,-0.508,-0.508,-1.336,6.385,9.529,-0.0576
2709,63.722,84102.0,obs/smo/vf=off/lk=1,708.331,-0.315,-0.315,-1.354,8.729,9.438,-0.0589
2710,63.742,84122.0,obs/smo/vf=off/lk=1,708.53,-1.018,-1.018,-0.452,9.961,9.675,-0.0458
2711,63.762,84142.0,obs/smo/vf=off/lk=1,708.624,-0.831,-0.831,-0.545,4.659,8.611,-0.0567
2712,63.782,84162.0,obs/smo/vf=off/lk=1,708.751,-0.677,-0.677,-0.572,6.451,7.807,-0.0587
2713,63.802,84182.0,obs/smo/vf=off/lk=1,708.888,-0.512,-0.512,-0.6,6.748,8.264,-0.06
2714,63.822,84202.0,obs/smo/vf=off/lk=1,708.986,-0.366,-0.366,-0.648,4.871,6.272,-0.0606
2715,63.842,84222.0,obs/smo/vf=off/lk=1,708.937,-0.256,-0.256,-0.807,-2.511,5.285,-0.0606
2716,63.862,84242.0,obs/smo/vf=off/lk=1,708.819,-1.029,-1.029,-0.152,-5.946,6.522,-0.0501
2717,63.882,84262.0,obs/smo/vf=off/lk=1,708.797,-0.907,-0.907,-0.296,-1.001,5.985,-0.0591
2718,63.902,84282.0,obs/smo/vf=off/lk=1,708.885,-0.793,-0.793,-0.323,4.373,5.326,-0.0606
2719,63.922,84302.0,obs/smo/vf=off/lk=1,708.986,-0.709,-0.709,-0.305,4.995,3.146,-0.0606
2720,63.942,84322.0,obs/smo/vf=off/lk=1,709.012,-0.663,-0.663,-0.325,1.312,2.164,-0.0606
2721,63.962,84342.0,obs/smo/vf=off/lk=1,709.038,-0.633,-0.633,-0.329,1.3,1.091,-0.0606
2722,63.982,84362.0,obs/smo/vf=off/lk=1,709.058,-0.619,-0.619,-0.323,0.999,0.408,-0.0606
2723,64.002,84382.0,obs/smo/vf=off/lk=1,709.066,-0.62,-0.62,-0.314,0.383,-0.533,-0.0606
2724,64.022,84402.0,obs/smo/vf=off/lk=1,709.063,-0.645,-0.645,-0.292,-0.153,-1.824,-0.0606
2725,64.042,84422.0,obs/smo/vf=off/lk=1,709.05,-0.7,-0.7,-0.25,-0.611,-3.448,-0.0606
2726,64.062,84442.0,obs/smo/vf=off/lk=1,709.015,-0.782,-0.782,-0.203,-1.864,-4.559,-0.0606
2727,64.082,84462.0,obs/smo/vf=off/lk=1,708.951,-0.873,-0.873,-0.177,-3.15,-4.244,-0.0606
2728,64.102,84482.0,obs/smo/vf=off/lk=1,708.903,-0.957,-0.957,-0.14,-2.344,-4.063,-0.0606
2729,64.122,84502.0,obs/smo/vf=off/lk=1,708.857,-1.042,-1.042,-0.1,-2.327,-4.993,-0.0606
2730,64.142,84522.0,obs/smo/vf=off/lk=1,708.75,-0.253,-0.253,-0.998,-5.446,-6.005,-0.0606
2731,64.162,84542.0,obs/smo/vf=off/lk=1,708.632,-0.384,-0.384,-0.985,-5.864,-6.466,-0.0606
2732,64.182,84562.0,obs/smo/vf=off/lk=1,708.46,-0.51,-0.51,-1.031,-8.644,-6.086,-0.0606
2733,64.202,84582.0,obs/smo/vf=off/lk=1,708.366,-0.646,-0.646,-0.988,-4.622,-7.555,-0.0606
2734,64.222,84602.0,obs/smo/vf=off/lk=1,708.236,-0.807,-0.807,-0.958,-6.587,-7.957,-0.0606
2735,64.242,84622.0,obs/smo/vf=off/lk=1,708.064,-0.96,-0.96,-0.976,-8.665,-7.417,-0.0606
2736,64.262,84642.0,obs/smo/vf=off/lk=1,707.906,-0.221,-0.221,-1.873,-7.82,-8.957,-0.0606
2737,64.282,84662.0,obs/smo/vf=off/lk=1,707.756,-0.406,-0.406,-1.839,-7.462,-9.053,-0.0606
2738,64.302,84682.0,obs/smo/vf=off/lk=1,707.567,-0.579,-0.579,-1.854,-9.458,-9.032,-0.0606
2739,64.322,84702.0,obs/smo/vf=off/lk=1,707.412,-0.769,-0.769,-1.819,-7.732,-9.968,-0.0604
2740,64.342,84722.0,obs/smo/vf=off/lk=1,707.228,-0.957,-0.957,-1.815,-9.213,-9.389,-0.0604
2741,64.362,84742.0,obs/smo/vf=off/lk=1,707.046,-0.251,-0.251,-2.704,-9.142,-10.755,-0.0606
2742,64.382,84762.0,obs/smo/vf=off/lk=1,706.884,-0.465,-0.465,-2.651,-8.123,-10.284,-0.0606
2743,64.402,84782.0,obs/smo/vf=off/lk=1,706.679,-0.68,-0.68,-2.641,-10.213,-11.21,-0.0603
2744,64.422,84802.0,obs/smo/vf=off/lk=1,706.555,-0.913,-0.913,-2.532,-6.246,-11.705,-0.0597
2745,64.442,84822.0,obs/smo/vf=off/lk=1,706.584,-0.267,-0.267,3.134,1.68,-12.712,-0.0606
2746,64.462,84842.0,obs/smo/vf=off/lk=1,706.696,-0.528,-0.528,-2.776,5.399,-13.128,-0.0606
2747,64.482,84862.0,obs/smo/vf=off/lk=1,706.587,-0.8,-0.8,-2.613,-5.618,-14.375,-0.0593
2748,64.502,84882.0,obs/smo/vf=off/lk=1,706.538,-1.093,-1.093,-2.369,-2.273,-15.389,-0.0585
2749,64.522,84902.0,obs/smo/vf=off/lk=1,706.682,-0.494,-0.494,-2.824,7.26,-15.502,-0.0606
2750,64.542,84922.0,obs/smo/vf=off/lk=1,706.608,-0.815,-0.815,-2.577,-3.838,-16.682,-0.0588
2751,64.562,84942.0,obs/smo/vf=off/lk=1,706.637,-0.243,-0.243,-3.119,1.613,-16.49,-0.0606
2752,64.582,84962.0,obs/smo/vf=off/lk=1,706.691,-0.587,-0.587,-2.722,2.598,-17.09,-0.0606
2753,64.602,84982.0,obs/smo/vf=off/lk=1,706.582,-0.947,-0.947,-2.471,-5.401,-17.951,-0.058
2754,64.622,85002.0,obs/smo/vf=off/lk=1,706.703,-0.415,-0.415,-2.882,6.139,-19.308,-0.0606
2755,64.642,85022.0,obs/smo/vf=off/lk=1,706.627,-0.802,-0.802,-2.571,-3.98,-20.007,-0.0585
2756,64.662,85042.0,obs/smo/vf=off/lk=1,706.671,-0.3,-0.3,-3.029,2.377,-20.355,-0.0606
2757,64.682,85062.0,obs/smo/vf=off/lk=1,706.66,-0.713,-0.713,-2.627,-0.698,-21.469,-0.0593
2758,64.702,85082.0,obs/smo/vf=off/lk=1,706.651,-0.244,-0.244,-3.104,-0.304,-21.54,-0.0606
2759,64.722,85102.0,obs/smo/vf=off/lk=1,706.676,-0.686,-0.686,-2.638,1.005,-22.672,-0.0597
2760,64.742,85122.0,obs/smo/vf=off/lk=1,706.659,-0.249,-0.249,-3.092,-0.608,-23.199,-0.0606
2761,64.762,85142.0,obs/smo/vf=off/lk=1,706.67,-0.721,-0.721,-2.61,0.387,-24.69,-0.0591
2762,64.782,85162.0,obs/smo/vf=off/lk=1,706.68,-0.31,-0.31,-3.009,0.692,-25.337,-0.0606
2763,64.802,85182.0,obs/smo/vf=off/lk=1,706.651,-0.824,-0.824,-2.525,-1.603,-26.083,-0.0579
2764,64.822,85202.0,obs/smo/vf=off/lk=1,706.71,-0.448,-0.448,-2.842,3.003,-26.953,-0.0606
2765,64.842,85222.0,obs/smo/vf=off/lk=1,706.644,-0.992,-0.992,-2.364,-3.275,-26.954,-0.0562
2766,64.862,85242.0,obs/smo/vf=off/lk=1,706.691,-0.655,-0.655,-2.654,2.293,-28.452,-0.0603
2767,64.882,85262.0,obs/smo/vf=off/lk=1,706.687,-0.328,-0.328,-2.986,-0.077,-29.794,-0.0606
2768,64.902,85282.0,obs/smo/vf=off/lk=1,706.651,-0.928,-0.928,-2.421,-1.905,-29.919,-0.0565
2769,64.922,85302.0,obs/smo/vf=off/lk=1,706.696,-0.633,-0.633,-2.671,2.247,-30.523,-0.0606
2770,64.942,85322.0,obs/smo/vf=off/lk=1,706.693,-0.368,-0.368,-2.939,0.0,-32.42,-0.0606
2771,64.962,85342.0,obs/smo/vf=off/lk=1,706.657,-1.016,-1.016,-2.327,-1.835,-32.298,-0.0555
2772,64.982,85362.0,obs/smo/vf=off/lk=1,706.673,-0.783,-0.783,-2.544,0.692,-34.003,-0.0582
2773,65.002,85382.0,obs/smo/vf=off/lk=1,706.7,-0.57,-0.57,-2.73,1.378,-34.28,-0.0606
2774,65.022,85402.0,obs/smo/vf=off/lk=1,706.693,-0.372,-0.372,-2.935,-0.308,-36.095,-0.0606
2775,65.042,85422.0,obs/smo/vf=off/lk=1,706.67,-0.203,-0.203,-3.127,-1.075,-36.343,-0.0606
2776,65.062,85442.0,obs/smo/vf=off/lk=1,706.662,-0.947,-0.947,-2.391,-0.463,-37.368,-0.0559
2777,65.082,85462.0,obs/smo/vf=off/lk=1,706.673,-0.81,-0.81,-2.517,0.537,-39.194,-0.0577
2778,65.102,85482.0,obs/smo/vf=off/lk=1,706.687,-0.695,-0.695,-2.618,0.689,-40.147,-0.0601
2779,65.122,85502.0,obs/smo/vf=off/lk=1,706.696,-0.603,-0.603,-2.701,0.458,-40.141,-0.0606
2780,65.142,85522.0,obs/smo/vf=off/lk=1,706.699,-0.531,-0.531,-2.77,0.153,-41.221,-0.0606
2781,65.162,85542.0,obs/smo/vf=off/lk=1,706.696,-0.458,-0.458,-2.846,-0.078,-42.552,-0.0606
2782,65.182,85562.0,obs/smo/vf=off/lk=1,706.693,-0.417,-0.417,-2.891,-0.153,-43.693,-0.0606
2783,65.202,85582.0,obs/smo/vf=off/lk=1,706.693,-0.4,-0.4,-2.908,-0.077,-44.862,-0.0606
2784,65.222,85602.0,obs/smo/vf=off/lk=1,706.693,-0.402,-0.402,-2.906,0.0,-45.895,-0.0606
2785,65.242,85622.0,obs/smo/vf=off/lk=1,706.693,-0.423,-0.423,-2.884,0.077,-46.738,-0.0606
2786,65.262,85642.0,obs/smo/vf=off/lk=1,706.696,-0.464,-0.464,-2.84,0.077,-47.389,-0.0606
2787,65.282,85662.0,obs/smo/vf=off/lk=1,706.696,-0.525,-0.525,-2.779,0.0,-47.989,-0.0606
2788,65.302,85682.0,obs/smo/vf=off/lk=1,706.694,-0.603,-0.603,-2.703,-0.077,-49.017,-0.0606
2789,65.322,85702.0,obs/smo/vf=off/lk=1,706.688,-0.701,-0.701,-2.611,-0.384,-50.659,-0.0603
2790,65.342,85722.0,obs/smo/vf=off/lk=1,706.677,-0.822,-0.822,-2.5,-0.46,-51.886,-0.0576
2791,65.362,85742.0,obs/smo/vf=off/lk=1,706.67,-0.964,-0.964,-2.367,-0.383,-51.848,-0.0549
2792,65.382,85762.0,obs/smo/vf=off/lk=1,706.676,-0.228,-0.228,-3.096,0.306,-53.359,-0.0606
2793,65.402,85782.0,obs/smo/vf=off/lk=1,706.688,-0.395,-0.395,-2.917,0.701,-54.919,-0.0606
2794,65.422,85802.0,obs/smo/vf=off/lk=1,706.694,-0.595,-0.595,-2.711,0.23,-55.032,-0.0606
2795,65.442,85822.0,obs/smo/vf=off/lk=1,706.68,-0.814,-0.814,-2.506,-0.69,-56.799,-0.0577
2796,65.462,85842.0,obs/smo/vf=off/lk=1,706.673,-1.056,-1.056,-2.271,-0.382,-56.324,-0.0533
2797,65.482,85862.0,obs/smo/vf=off/lk=1,706.69,-0.421,-0.421,-2.889,0.842,-58.691,-0.0606
2798,65.502,85882.0,obs/smo/vf=off/lk=1,706.69,-0.697,-0.697,-2.614,0.0,-59.617,-0.0606
2799,65.522,85902.0,obs/smo/vf=off/lk=1,706.673,-1.007,-1.007,-2.32,-0.835,-59.689,-0.054
2800,65.542,85922.0,obs/smo/vf=off/lk=1,706.688,-0.413,-0.413,-2.899,0.777,-61.644,-0.0606
2801,65.562,85942.0,obs/smo/vf=off/lk=1,706.687,-0.766,-0.766,-2.547,-0.151,-62.687,-0.0586
2802,65.582,85962.0,obs/smo/vf=off/lk=1,706.674,-0.211,-0.211,-3.115,-0.543,-62.799,-0.0606
2803,65.602,85982.0,obs/smo/vf=off/lk=1,706.693,-0.592,-0.592,-2.716,0.92,-64.006,-0.0606
2804,65.622,86002.0,obs/smo/vf=off/lk=1,706.676,-0.988,-0.988,-2.336,-0.922,-64.65,-0.0542
2805,65.642,86022.0,obs/smo/vf=off/lk=1,706.691,-0.509,-0.509,-2.8,0.842,-66.034,-0.0606
2806,65.662,86042.0,obs/smo/vf=off/lk=1,706.677,-0.946,-0.946,-2.377,-0.691,-66.861,-0.0548
2807,65.682,86062.0,obs/smo/vf=off/lk=1,706.69,-0.508,-0.508,-2.803,0.612,-68.097,-0.0606
2808,65.702,86082.0,obs/smo/vf=off/lk=1,706.677,-0.987,-0.987,-2.336,-0.61,-68.499,-0.0543
2809,65.722,86102.0,obs/smo/vf=off/lk=1,706.691,-0.591,-0.591,-2.718,0.688,-69.663,-0.0606
2810,65.742,86122.0,obs/smo/vf=off/lk=1,706.676,-1.084,-1.084,-2.24,-0.7,-70.511,-0.0523
2811,65.762,86142.0,obs/smo/vf=off/lk=1,706.688,-0.741,-0.741,-2.571,0.454,-72.431,-0.0595
2812,65.782,86162.0,obs/smo/vf=off/lk=1,706.683,-0.384,-0.384,-2.932,-0.155,-73.565,-0.0606
2813,65.802,86182.0,obs/smo/vf=off/lk=1,706.679,-0.973,-0.973,-2.348,-0.228,-73.741,-0.0544
2814,65.822,86202.0,obs/smo/vf=off/lk=1,706.69,-0.652,-0.652,-2.658,0.465,-75.054,-0.0606
2815,65.842,86222.0,obs/smo/vf=off/lk=1,706.683,-0.378,-0.378,-2.938,-0.228,-76.508,-0.0606
2816,65.862,86242.0,obs/smo/vf=off/lk=1,706.679,-1.01,-1.01,-2.311,-0.23,-76.46,-0.0535
2817,65.882,86262.0,obs/smo/vf=off/lk=1,706.687,-0.763,-0.763,-2.551,0.307,-78.493,-0.0587
2818,65.902,86282.0,obs/smo/vf=off/lk=1,706.688,-0.542,-0.542,-2.77,0.153,-78.707,-0.0606
2819,65.922,86302.0,obs/smo/vf=off/lk=1,706.682,-0.329,-0.329,-2.99,-0.307,-80.246,-0.0606
2820,65.942,86322.0,obs/smo/vf=off/lk=1,706.679,-1.041,-1.041,-2.28,-0.153,-80.278,-0.0528
2821,65.962,86342.0,obs/smo/vf=off/lk=1,706.683,-0.857,-0.857,-2.459,0.155,-82.066,-0.0569
2822,65.982,86362.0,obs/smo/vf=off/lk=1,706.688,-0.711,-0.711,-2.601,0.306,-83.102,-0.0601
2823,66.002,86382.0,obs/smo/vf=off/lk=1,706.688,-0.574,-0.574,-2.738,0.077,-83.45,-0.0606
2824,66.022,86402.0,obs/smo/vf=off/lk=1,706.687,-0.477,-0.477,-2.836,-0.076,-84.627,-0.0606
2825,66.042,86422.0,obs/smo/vf=off/lk=1,706.682,-0.372,-0.372,-2.946,-0.231,-85.932,-0.0606
2826,66.062,86442.0,obs/smo/vf=off/lk=1,706.682,-0.303,-0.303,-3.015,-0.076,-86.758,-0.0606
2827,66.082,86462.0,obs/smo/vf=off/lk=1,706.68,-0.251,-0.251,-3.068,-0.077,-87.271,-0.0606
2828,66.102,86482.0,obs/smo/vf=off/lk=1,706.679,-0.214,-0.214,-3.107,0.0,-87.905,-0.0606
2829,66.122,86502.0,obs/smo/vf=off/lk=1,706.679,-1.091,-1.091,-2.23,-0.077,-88.756,-0.052
2830,66.142,86522.0,obs/smo/vf=off/lk=1,706.679,-1.089,-1.089,-2.232,0.077,-89.771,-0.052
2831,66.162,86542.0,obs/smo/vf=off/lk=1,706.68,-0.222,-0.222,-3.098,0.0,-90.743,-0.0606
2832,66.182,86562.0,obs/smo/vf=off/lk=1,706.68,-0.264,-0.264,-3.055,0.077,-91.925,-0.0606
2833,66.202,86582.0,obs/smo/vf=off/lk=1,706.682,-0.297,-0.297,-3.021,0.0,-93.089,-0.0606
2834,66.222,86602.0,obs/smo/vf=off/lk=1,706.683,-0.375,-0.375,-2.942,0.077,-94.441,-0.0606
2835,66.242,86622.0,obs/smo/vf=off/lk=1,706.687,-0.468,-0.468,-2.845,0.153,-94.921,-0.0606
2836,66.262,86642.0,obs/smo/vf=off/lk=1,706.69,-0.588,-0.588,-2.723,0.152,-95.303,-0.0606
2837,66.282,86662.0,obs/smo/vf=off/lk=1,706.688,-0.722,-0.722,-2.59,-0.153,-97.078,-0.0603
2838,66.302,86682.0,obs/smo/vf=off/lk=1,706.685,-0.869,-0.869,-2.446,-0.153,-97.784,-0.0564
2839,66.322,86702.0,obs/smo/vf=off/lk=1,706.68,-1.033,-1.033,-2.286,-0.153,-97.759,-0.0526
2840,66.342,86722.0,obs/smo/vf=off/lk=1,706.682,-0.32,-0.32,-2.998,0.077,-99.661,-0.0606
2841,66.362,86742.0,obs/smo/vf=off/lk=1,706.685,-0.493,-0.493,-2.822,0.234,-100.111,-0.0606
2842,66.382,86762.0,obs/smo/vf=off/lk=1,706.688,-0.728,-0.728,-2.584,0.0,-101.571,-0.06
2843,66.402,86782.0,obs/smo/vf=off/lk=1,706.682,-0.971,-0.971,-2.347,-0.23,-101.445,-0.0541
2844,66.422,86802.0,obs/smo/vf=off/lk=1,706.685,-0.327,-0.327,-2.988,0.153,-102.921,-0.0606
2845,66.442,86822.0,obs/smo/vf=off/lk=1,706.694,-0.6,-0.6,-2.705,0.46,-103.428,-0.0606
2846,66.462,86842.0,obs/smo/vf=off/lk=1,706.691,-0.891,-0.891,-2.418,-0.153,-104.822,-0.056
2847,66.482,86862.0,obs/smo/vf=off/lk=1,706.688,-0.3,-0.3,-3.012,-0.153,-105.667,-0.0606
2848,66.502,86882.0,obs/smo/vf=off/lk=1,706.691,-0.627,-0.627,-2.682,0.153,-105.914,-0.0606
2849,66.522,86902.0,obs/smo/vf=off/lk=1,706.677,-0.949,-0.949,-2.374,-0.697,-106.905,-0.0547
2850,66.542,86922.0,obs/smo/vf=off/lk=1,706.676,-0.412,-0.412,-2.912,-0.077,-108.565,-0.0606
2851,66.562,86942.0,obs/smo/vf=off/lk=1,706.68,-0.78,-0.78,-2.539,0.231,-109.537,-0.0588
2852,66.582,86962.0,obs/smo/vf=off/lk=1,706.677,-0.278,-0.278,-3.045,-0.153,-109.483,-0.0606
2853,66.602,86982.0,obs/smo/vf=off/lk=1,706.688,-0.688,-0.688,-2.624,0.537,-110.643,-0.0606
2854,66.622,87002.0,obs/smo/vf=off/lk=1,706.68,-0.219,-0.219,-3.101,-0.383,-110.959,-0.0606
2855,66.642,87022.0,obs/smo/vf=off/lk=1,706.683,-0.664,-0.664,-2.653,0.153,-112.126,-0.0606
2856,66.662,87042.0,obs/smo/vf=off/lk=1,706.665,-0.229,-0.229,-3.106,-0.919,-112.871,-0.0606
2857,66.682,87062.0,obs/smo/vf=off/lk=1,706.665,-0.704,-0.704,-2.631,0.0,-114.185,-0.0606
2858,66.702,87082.0,obs/smo/vf=off/lk=1,706.651,-0.303,-0.303,-3.046,-0.689,-114.993,-0.0606
2859,66.722,87102.0,obs/smo/vf=off/lk=1,706.657,-0.814,-0.814,-2.528,0.307,-116.152,-0.0577
2860,66.742,87122.0,obs/smo/vf=off/lk=1,706.651,-0.451,-0.451,-2.898,-0.306,-116.682,-0.0606
2861,66.762,87142.0,obs/smo/vf=off/lk=1,706.65,-0.994,-0.994,-2.357,-0.077,-116.881,-0.0535
2862,66.782,87162.0,obs/smo/vf=off/lk=1,706.651,-0.654,-0.654,-2.695,0.077,-118.113,-0.0606
2863,66.802,87182.0,obs/smo/vf=off/lk=1,706.647,-0.338,-0.338,-3.015,-0.153,-119.222,-0.0606
2864,66.822,87202.0,obs/smo/vf=off/lk=1,706.659,-0.93,-0.93,-2.411,0.461,-119.711,-0.0556
2865,66.842,87222.0,obs/smo/vf=off/lk=1,706.664,-0.637,-0.637,-2.699,0.307,-120.474,-0.0606
2866,66.862,87242.0,obs/smo/vf=off/lk=1,706.659,-0.372,-0.372,-2.97,-0.23,-121.7,-0.0606
2867,66.882,87262.0,obs/smo/vf=off/lk=1,706.664,-1.009,-1.009,-2.327,0.154,-121.663,-0.053
2868,66.902,87282.0,obs/smo/vf=off/lk=1,706.665,-0.769,-0.769,-2.566,0.077,-123.508,-0.059
2869,66.922,87302.0,obs/smo/vf=off/lk=1,706.664,-0.551,-0.551,-2.786,0.076,-123.568,-0.0606
2870,66.942,87322.0,obs/smo/vf=off/lk=1,706.664,-0.346,-0.346,-2.99,-0.077,-124.92,-0.0606
2871,66.962,87342.0,obs/smo/vf=off/lk=1,706.664,-1.032,-1.032,-2.305,0.0,-124.866,-0.0526
2872,66.982,87362.0,obs/smo/vf=off/lk=1,706.664,-0.858,-0.858,-2.479,-0.077,-126.583,-0.0567
2873,67.002,87382.0,obs/smo/vf=off/lk=1,706.66,-0.683,-0.683,-2.656,-0.077,-127.082,-0.0606
2874,67.022,87402.0,obs/smo/vf=off/lk=1,706.659,-0.558,-0.558,-2.783,-0.076,-127.552,-0.0606
2875,67.042,87422.0,obs/smo/vf=off/lk=1,706.66,-0.435,-0.435,-2.905,0.153,-128.733,-0.0606
2876,67.062,87442.0,obs/smo/vf=off/lk=1,706.664,-0.326,-0.326,-3.011,0.076,-129.56,-0.0606
2877,67.082,87462.0,obs/smo/vf=off/lk=1,706.665,-0.228,-0.228,-3.107,0.077,-130.166,-0.0606
2878,67.102,87482.0,obs/smo/vf=off/lk=1,706.665,-1.042,-1.042,-2.293,0.0,-130.314,-0.0528
2879,67.122,87502.0,obs/smo/vf=off/lk=1,706.668,-0.973,-0.973,-2.359,0.154,-131.326,-0.0542
2880,67.142,87522.0,obs/smo/vf=off/lk=1,706.671,-0.917,-0.917,-2.412,0.153,-132.469,-0.0552
2881,67.162,87542.0,obs/smo/vf=off/lk=1,706.673,-0.881,-0.881,-2.447,0.077,-133.492,-0.0562
2882,67.182,87562.0,obs/smo/vf=off/lk=1,706.676,-0.857,-0.857,-2.467,0.077,-134.243,-0.0562
2883,67.202,87582.0,obs/smo/vf=off/lk=1,706.676,-0.851,-0.851,-2.473,0.077,-135.177,-0.0566
2884,67.222,87602.0,obs/smo/vf=off/lk=1,706.676,-0.861,-0.861,-2.464,-0.077,-135.699,-0.0557
2885,67.242,87622.0,obs/smo/vf=off/lk=1,706.674,-0.887,-0.887,-2.438,0.0,-136.554,-0.0555
2886,67.262,87642.0,obs/smo/vf=off/lk=1,706.673,-0.921,-0.921,-2.406,-0.077,-137.053,-0.0546
2887,67.282,87662.0,obs/smo/vf=off/lk=1,706.668,-0.975,-0.975,-2.357,-0.23,-137.508,-0.0535
2888,67.302,87682.0,obs/smo/vf=off/lk=1,706.665,-1.041,-1.041,-2.294,-0.153,-137.954,-0.0522
2889,67.322,87702.0,obs/smo/vf=off/lk=1,706.664,-0.228,-0.228,-3.108,-0.154,-139.059,-0.0606
2890,67.342,87722.0,obs/smo/vf=off/lk=1,706.664,-0.335,-0.335,-3.002,0.077,-140.293,-0.0606
2891,67.362,87742.0,obs/smo/vf=off/lk=1,706.67,-0.461,-0.461,-2.869,0.306,-140.994,-0.0606
2892,67.382,87762.0,obs/smo/vf=off/lk=1,706.673,-0.594,-0.594,-2.733,0.153,-141.299,-0.0606
2893,67.402,87782.0,obs/smo/vf=off/lk=1,706.676,-0.743,-0.743,-2.582,0.153,-142.571,-0.0601
2894,67.422,87802.0,obs/smo/vf=off/lk=1,706.676,-0.904,-0.904,-2.42,0.0,-143.192,-0.0556
2895,67.442,87822.0,obs/smo/vf=off/lk=1,706.674,-1.078,-1.078,-2.248,-0.077,-143.242,-0.0515
2896,67.462,87842.0,obs/smo/vf=off/lk=1,706.676,-0.382,-0.382,-2.942,0.153,-144.74,-0.0606
2897,67.482,87862.0,obs/smo/vf=off/lk=1,706.679,-0.549,-0.549,-2.772,0.155,-144.916,-0.0606
2898,67.502,87882.0,obs/smo/vf=off/lk=1,706.657,-0.794,-0.794,-2.548,-1.139,-146.279,-0.0587
2899,67.522,87902.0,obs/smo/vf=off/lk=1,706.656,-1.008,-1.008,-2.337,-0.077,-146.114,-0.0529
2900,67.542,87922.0,obs/smo/vf=off/lk=1,706.647,-0.369,-0.369,-2.984,-0.458,-147.639,-0.0606
2901,67.562,87942.0,obs/smo/vf=off/lk=1,706.651,-0.633,-0.633,-2.715,0.306,-147.77,-0.0606
2902,67.582,87962.0,obs/smo/vf=off/lk=1,706.651,-0.916,-0.916,-2.433,-0.077,-148.889,-0.0556
2903,67.602,87982.0,obs/smo/vf=off/lk=1,706.651,-0.279,-0.279,-3.07,0.0,-149.337,-0.0606
2904,67.622,88002.0,obs/smo/vf=off/lk=1,706.662,-0.603,-0.603,-2.735,0.535,-149.929,-0.0606
2905,67.642,88022.0,obs/smo/vf=off/lk=1,706.665,-0.923,-0.923,-2.412,0.077,-150.918,-0.0552
2906,67.662,88042.0,obs/smo/vf=off/lk=1,706.66,-0.361,-0.361,-2.979,-0.077,-151.998,-0.0606
2907,67.682,88062.0,obs/smo/vf=off/lk=1,706.664,-0.709,-0.709,-2.628,0.077,-152.688,-0.0606
2908,67.702,88082.0,obs/smo/vf=off/lk=1,706.657,-1.062,-1.062,-2.281,-0.307,-152.478,-0.0517
2909,67.722,88102.0,obs/smo/vf=off/lk=1,706.659,-0.516,-0.516,-2.825,0.077,-153.694,-0.0606
2910,67.742,88122.0,obs/smo/vf=off/lk=1,706.662,-0.913,-0.913,-2.425,0.077,-154.545,-0.0556
2911,67.762,88142.0,obs/smo/vf=off/lk=1,706.664,-0.42,-0.42,-2.917,0.153,-155.307,-0.0606
2912,67.782,88162.0,obs/smo/vf=off/lk=1,706.671,-0.83,-0.83,-2.499,0.384,-156.077,-0.0575
2913,67.802,88182.0,obs/smo/vf=off/lk=1,706.671,-0.375,-0.375,-2.954,0.0,-156.707,-0.0606
2914,67.822,88202.0,obs/smo/vf=off/lk=1,706.679,-0.834,-0.834,-2.487,0.305,-157.603,-0.0574
2915,67.842,88222.0,obs/smo/vf=off/lk=1,706.679,-0.357,-0.357,-2.964,0.078,-158.228,-0.0606
2916,67.862,88242.0,obs/smo/vf=off/lk=1,706.687,-0.828,-0.828,-2.486,0.384,-158.94,-0.0575
2917,67.882,88262.0,obs/smo/vf=off/lk=1,706.683,-0.413,-0.413,-2.904,-0.077,-159.469,-0.0606
2918,67.902,88282.0,obs/smo/vf=off/lk=1,706.687,-0.914,-0.914,-2.4,0.077,-159.969,-0.0555
2919,67.922,88302.0,obs/smo/vf=off/lk=1,706.688,-0.522,-0.522,-2.79,0.077,-160.397,-0.0606
2920,67.942,88322.0,obs/smo/vf=off/lk=1,706.691,-1.063,-1.063,-2.246,0.152,-160.575,-0.0515
2921,67.962,88342.0,obs/smo/vf=off/lk=1,706.699,-0.69,-0.69,-2.611,0.385,-162.05,-0.0606
2922,67.982,88362.0,obs/smo/vf=off/lk=1,706.696,-0.363,-0.363,-2.942,-0.076,-162.889,-0.0606
2923,68.002,88382.0,obs/smo/vf=off/lk=1,706.697,-0.904,-0.904,-2.399,0.0,-163.43,-0.0558
2924,68.022,88402.0,obs/smo/vf=off/lk=1,706.696,-0.61,-0.61,-2.694,-0.076,-163.606,-0.0606
2925,68.042,88422.0,obs/smo/vf=off/lk=1,706.687,-0.278,-0.278,-3.035,-0.463,-164.396,-0.0606
2926,68.062,88442.0,obs/smo/vf=off/lk=1,706.676,-0.897,-0.897,-2.427,-0.536,-165.345,-0.0554
2927,68.082,88462.0,obs/smo/vf=off/lk=1,706.676,-0.619,-0.619,-2.705,0.077,-165.503,-0.0606
2928,68.102,88482.0,obs/smo/vf=off/lk=1,706.674,-0.355,-0.355,-2.971,-0.153,-166.69,-0.0606
2929,68.122,88502.0,obs/smo/vf=off/lk=0,706.677,-1.003,-1.003,-2.32,0.153,-166.544,-0.0534
2930,68.142,88522.0,obs/smo/vf=off/lk=1,706.677,-0.762,-0.762,-2.56,0.0,-168.276,-0.0594
2931,68.162,88542.0,obs/smo/vf=off/lk=1,706.676,-0.57,-0.57,-2.754,-0.076,-168.302,-0.0606
2932,68.182,88562.0,obs/smo/vf=off/lk=1,706.676,-0.319,-0.319,-3.006,0.0,-169.265,-0.0606
2933,68.202,88582.0,obs/smo/vf=off/lk=1,706.68,-1.017,-1.017,-2.303,0.153,-169.499,-0.053
2934,68.222,88602.0,obs/smo/vf=off/lk=1,706.68,-0.831,-0.831,-2.489,0.077,-170.969,-0.0578
2935,68.242,88622.0,obs/smo/vf=off/lk=1,706.679,-0.662,-0.662,-2.659,0.0,-171.055,-0.0606
2936,68.262,88642.0,obs/smo/vf=off/lk=1,706.677,-0.504,-0.504,-2.819,-0.153,-171.872,-0.0606
2937,68.282,88662.0,obs/smo/vf=off/lk=1,706.676,-0.363,-0.363,-2.962,-0.077,-172.628,-0.0606
2938,68.302,88682.0,obs/smo/vf=off/lk=1,706.677,-0.234,-0.234,-3.089,0.077,-172.758,-0.0606
2939,68.322,88702.0,obs/smo/vf=off/lk=1,706.68,-1.015,-1.015,-2.305,0.153,-173.21,-0.0528
2940,68.342,88722.0,obs/smo/vf=off/lk=1,706.683,-0.9,-0.9,-2.416,0.077,-174.615,-0.0554
2941,68.362,88742.0,obs/smo/vf=off/lk=1,706.68,-0.806,-0.806,-2.514,-0.077,-175.371,-0.0579
2942,68.382,88762.0,obs/smo/vf=off/lk=1,706.677,-0.724,-0.724,-2.599,-0.153,-175.881,-0.0605
2943,68.402,88782.0,obs/smo/vf=off/lk=1,706.676,-0.664,-0.664,-2.661,-0.077,-176.158,-0.0606
2944,68.422,88802.0,obs/smo/vf=off/lk=1,706.676,-0.613,-0.613,-2.711,0.077,-176.717,-0.0606
2945,68.442,88822.0,obs/smo/vf=off/lk=1,706.68,-0.517,-0.517,-2.802,0.234,-177.533,-0.0606
2946,68.462,88842.0,obs/smo/vf=off/lk=1,706.68,-0.499,-0.499,-2.821,0.0,-178.351,-0.0606
2947,68.482,88862.0,obs/smo/vf=off/lk=1,706.682,-0.48,-0.48,-2.838,0.0,-178.891,-0.0606
2948,68.502,88882.0,obs/smo/vf=off/lk=1,706.683,-0.481,-0.481,-2.835,0.077,-179.519,-0.0606
2949,68.522,88902.0,obs/smo/vf=off/lk=1,706.682,-0.467,-0.467,-2.851,-0.077,-180.257,-0.0606
2950,68.542,88922.0,obs/smo/vf=off/lk=1,706.683,-0.493,-0.493,-2.824,0.077,-180.603,-0.0606
2951,68.562,88942.0,obs/smo/vf=off/lk=1,706.682,-0.533,-0.533,-2.785,0.0,-180.976,-0.0606
2952,68.582,88962.0,obs/smo/vf=off/lk=1,706.683,-0.585,-0.585,-2.731,0.0,-181.678,-0.0606
2953,68.602,88982.0,obs/smo/vf=off/lk=1,706.683,-0.646,-0.646,-2.671,0.0,-182.3,-0.0606
2954,68.622,89002.0,obs/smo/vf=off/lk=1,706.683,-0.714,-0.714,-2.603,0.0,-183.393,-0.0606
2955,68.642,89022.0,obs/smo/vf=off/lk=1,706.683,-0.789,-0.789,-2.528,0.0,-184.35,-0.0596
2956,68.662,89042.0,obs/smo/vf=off/lk=1,706.683,-0.882,-0.882,-2.435,0.0,-185.222,-0.0555
2957,68.682,89062.0,obs/smo/vf=off/lk=1,706.682,-0.978,-0.978,-2.341,-0.077,-184.748,-0.0532
2958,68.702,89082.0,obs/smo/vf=off/lk=0,706.682,-0.196,-0.196,-3.122,0.0,-185.036,-0.0606
2959,68.722,89102.0,obs/smo/vf=off/lk=1,706.683,-0.332,-0.332,-2.985,0.077,-186.5,-0.0606
2960,68.742,89122.0,obs/smo/vf=off/lk=1,706.685,-0.484,-0.484,-2.831,0.077,-187.067,-0.0606
2961,68.762,89142.0,obs/smo/vf=off/lk=1,706.685,-0.586,-0.586,-2.729,0.0,-187.106,-0.0606
2962,68.782,89162.0,obs/smo/vf=off/lk=1,706.685,-0.81,-0.81,-2.505,0.0,-188.515,-0.0579
2963,68.802,89182.0,obs/smo/vf=off/lk=1,706.683,-0.984,-0.984,-2.332,-0.077,-188.36,-0.0535
2964,68.822,89202.0,obs/smo/vf=off/lk=0,706.683,-0.217,-0.217,-3.099,0.0,-188.823,-0.0606
2965,68.842,89222.0,obs/smo/vf=off/lk=1,706.685,-0.424,-0.424,-2.891,0.077,-190.255,-0.0606
2966,68.862,89242.0,obs/smo/vf=off/lk=1,706.685,-0.647,-0.647,-2.668,0.0,-190.26,-0.0606
2967,68.882,89262.0,obs/smo/vf=off/lk=1,706.683,-0.871,-0.871,-2.446,-0.077,-191.666,-0.0565
2968,68.902,89282.0,obs/smo/vf=off/lk=0,706.683,-0.216,-0.216,-3.1,-0.077,-191.225,-0.0606
2969,68.922,89302.0,obs/smo/vf=off/lk=1,706.685,-0.477,-0.477,-2.838,0.153,-192.413,-0.0606
2970,68.942,89322.0,obs/smo/vf=off/lk=1,706.685,-0.747,-0.747,-2.568,0.0,-192.998,-0.0604
2971,68.962,89342.0,obs/smo/vf=off/lk=1,706.682,-1.045,-1.045,-2.273,-0.152,-192.974,-0.0517
2972,68.982,89362.0,obs/smo/vf=off/lk=1,706.683,-0.396,-0.396,-2.92,0.078,-194.279,-0.0606
2973,69.002,89382.0,obs/smo/vf=off/lk=1,706.685,-0.736,-0.736,-2.579,0.076,-194.67,-0.0603
2974,69.022,89402.0,obs/smo/vf=off/lk=1,706.683,-1.01,-1.01,-2.307,-0.077,-194.91,-0.0527
2975,69.042,89422.0,obs/smo/vf=off/lk=1,706.683,-0.444,-0.444,-2.872,0.0,-196.099,-0.0606
2976,69.062,89442.0,obs/smo/vf=off/lk=1,706.685,-0.776,-0.776,-2.539,0.077,-196.652,-0.0587
2977,69.082,89462.0,obs/smo/vf=off/lk=0,706.682,-0.231,-0.231,-3.087,-0.153,-196.454,-0.0606
2978,69.102,89482.0,obs/smo/vf=off/lk=1,706.687,-0.596,-0.596,-2.717,0.23,-197.507,-0.0606
2979,69.122,89502.0,obs/smo/vf=off/lk=1,706.683,-0.97,-0.97,-2.346,-0.153,-198.148,-0.0538
2980,69.142,89522.0,obs/smo/vf=off/lk=1,706.683,-0.458,-0.458,-2.858,0.0,-199.041,-0.0606
2981,69.162,89542.0,obs/smo/vf=off/lk=1,706.685,-0.858,-0.858,-2.457,0.077,-199.939,-0.0574
2982,69.182,89562.0,obs/smo/vf=off/lk=0,706.683,-0.307,-0.307,-3.01,-0.078,-199.376,-0.0606
2983,69.202,89582.0,obs/smo/vf=off/lk=1,706.687,-0.742,-0.742,-2.571,0.153,-200.906,-0.0598
2984,69.222,89602.0,obs/smo/vf=off/lk=1,706.682,-0.278,-0.278,-3.041,-0.23,-200.974,-0.0606
2985,69.242,89622.0,obs/smo/vf=off/lk=1,706.687,-0.725,-0.725,-2.588,0.23,-201.921,-0.0602
2986,69.262,89642.0,obs/smo/vf=off/lk=1,706.682,-0.286,-0.286,-3.032,-0.23,-202.29,-0.0606
2987,69.282,89662.0,obs/smo/vf=off/lk=1,706.687,-0.727,-0.727,-2.586,0.232,-202.969,-0.0605
2988,69.302,89682.0,obs/smo/vf=off/lk=1,706.682,-0.327,-0.327,-2.991,-0.229,-203.582,-0.0606
2989,69.322,89702.0,obs/smo/vf=off/lk=1,706.687,-0.821,-0.821,-2.492,0.23,-204.497,-0.0578
2990,69.342,89722.0,obs/smo/vf=off/lk=1,706.682,-0.426,-0.426,-2.892,-0.23,-204.839,-0.0606
2991,69.362,89742.0,obs/smo/vf=off/lk=1,706.687,-0.942,-0.942,-2.371,0.153,-205.295,-0.0546
2992,69.382,89762.0,obs/smo/vf=off/lk=1,706.688,-0.545,-0.545,-2.767,0.154,-205.838,-0.0606
2993,69.402,89782.0,obs/smo/vf=off/lk=0,706.687,-0.201,-0.201,-3.112,-0.076,-205.874,-0.0606
2994,69.422,89802.0,obs/smo/vf=off/lk=1,706.688,-0.752,-0.752,-2.56,0.077,-207.142,-0.0599
2995,69.442,89822.0,obs/smo/vf=off/lk=1,706.687,-0.418,-0.418,-2.896,-0.077,-207.798,-0.0606
2996,69.462,89842.0,obs/smo/vf=off/lk=1,706.691,-0.983,-0.983,-2.326,0.153,-208.044,-0.0539
2997,69.482,89862.0,obs/smo/vf=off/lk=1,706.69,-0.673,-0.673,-2.637,0.0,-208.537,-0.0606
2998,69.502,89882.0,obs/smo/vf=off/lk=1,706.688,-0.323,-0.323,-2.989,-0.078,-209.163,-0.0606
2999,69.522,89902.0,obs/smo/vf=off/lk=1,706.691,-0.981,-0.981,-2.328,0.152,-209.754,-0.0539
3000,69.542,89922.0,obs/smo/vf=off/lk=0,706.688,-0.646,-0.646,-2.666,-0.078,-210.242,-0.0606
3001,69.562,89942.0,obs/smo/vf=off/lk=1,706.687,-0.381,-0.381,-2.933,-0.153,-211.36,-0.0606
3002,69.582,89962.0,obs/smo/vf=off/lk=1,706.693,-1.022,-1.022,-2.286,0.307,-210.961,-0.0528
3003,69.602,89982.0,obs/smo/vf=off/lk=1,706.691,-0.796,-0.796,-2.513,-0.076,-212.642,-0.0585
3004,69.622,90002.0,obs/smo/vf=off/lk=1,706.687,-0.576,-0.576,-2.738,-0.153,-212.638,-0.0606
3005,69.642,90022.0,obs/smo/vf=off/lk=1,706.687,-0.351,-0.351,-2.963,-0.077,-213.398,-0.0606
3006,69.662,90042.0,obs/smo/vf=off/lk=1,706.688,-1.039,-1.039,-2.273,0.0,-213.504,-0.0523
3007,69.682,90062.0,obs/smo/vf=off/lk=1,706.687,-0.834,-0.834,-2.479,0.0,-214.823,-0.0578
3008,69.702,90082.0,obs/smo/vf=off/lk=1,706.687,-0.506,-0.506,-2.807,0.076,-215.063,-0.0606
3009,69.722,90102.0,obs/smo/vf=off/lk=1,706.688,-0.434,-0.434,-2.878,0.0,-215.59,-0.0606
3010,69.742,90122.0,obs/smo/vf=off/lk=0,706.69,-0.272,-0.272,-3.038,0.077,-215.853,-0.0606
3011,69.762,90142.0,obs/smo/vf=off/lk=1,706.691,-1.017,-1.017,-2.292,0.077,-216.407,-0.0529
3012,69.782,90162.0,obs/smo/vf=off/lk=1,706.693,-0.877,-0.877,-2.431,0.077,-217.665,-0.0565
3013,69.802,90182.0,obs/smo/vf=off/lk=1,706.691,-0.743,-0.743,-2.566,-0.077,-217.85,-0.0596
3014,69.822,90202.0,obs/smo/vf=off/lk=1,706.69,-0.593,-0.593,-2.718,-0.077,-218.191,-0.0606
3015,69.842,90222.0,obs/smo/vf=off/lk=1,706.688,-0.503,-0.503,-2.809,-0.076,-219.094,-0.0606
3016,69.862,90242.0,obs/smo/vf=off/lk=1,706.687,-0.408,-0.408,-2.906,-0.077,-219.761,-0.0606
3017,69.882,90262.0,obs/smo/vf=off/lk=1,706.687,-0.318,-0.318,-2.995,0.0,-219.95,-0.0606
3018,69.902,90282.0,obs/smo/vf=off/lk=0,706.69,-0.242,-0.242,-3.069,0.077,-220.148,-0.0606
3019,69.922,90302.0,obs/smo/vf=off/lk=0,706.69,-1.05,-1.05,-2.26,0.077,-220.748,-0.052
3020,69.942,90322.0,obs/smo/vf=off/lk=1,706.69,-1.008,-1.008,-2.302,0.0,-221.444,-0.0528
3021,69.962,90342.0,obs/smo/vf=off/lk=1,706.688,-0.931,-0.931,-2.381,-0.077,-222.505,-0.0547
3022,69.982,90362.0,obs/smo/vf=off/lk=1,706.687,-0.908,-0.908,-2.405,-0.077,-223.012,-0.0553
3023,70.002,90382.0,obs/smo/vf=off/lk=1,706.687,-0.86,-0.86,-2.454,0.0,-223.592,-0.057
3024,70.022,90402.0,obs/smo/vf=off/lk=1,706.687,-0.875,-0.875,-2.439,0.0,-224.414,-0.056
3025,70.042,90422.0,obs/smo/vf=off/lk=1,706.688,-0.87,-0.87,-2.442,0.077,-224.809,-0.0563
3026,70.062,90442.0,obs/smo/vf=off/lk=1,706.688,-0.876,-0.876,-2.436,0.0,-225.256,-0.0562
3027,70.082,90462.0,obs/smo/vf=off/lk=1,706.687,-0.892,-0.892,-2.421,-0.077,-225.912,-0.056
3028,70.102,90482.0,obs/smo/vf=off/lk=1,706.687,-0.92,-0.92,-2.393,0.0,-226.253,-0.0549
3029,70.122,90502.0,obs/smo/vf=off/lk=1,706.687,-0.957,-0.957,-2.357,0.0,-226.527,-0.054
3030,70.142,90522.0,obs/smo/vf=off/lk=1,706.687,-1.002,-1.002,-2.311,0.0,-226.752,-0.0528
3031,70.162,90542.0,obs/smo/vf=off/lk=0,706.687,-1.07,-1.07,-2.243,0.0,-226.938,-0.0522
3032,70.182,90562.0,obs/smo/vf=off/lk=0,706.687,-1.078,-1.078,-2.235,0.0,-227.566,-0.052
3033,70.202,90582.0,obs/smo/vf=off/lk=0,706.687,-0.258,-0.258,-3.056,0.0,-228.239,-0.0606
3034,70.222,90602.0,obs/smo/vf=off/lk=1,706.687,-0.366,-0.366,-2.947,0.0,-229.345,-0.0606
3035,70.242,90622.0,obs/smo/vf=off/lk=1,706.687,-0.466,-0.466,-2.848,0.0,-229.859,-0.0606
3036,70.262,90642.0,obs/smo/vf=off/lk=1,706.687,-0.593,-0.593,-2.72,0.0,-230.023,-0.0606
3037,70.282,90662.0,obs/smo/vf=off/lk=1,706.685,-0.714,-0.714,-2.601,-0.077,-230.779,-0.0606
3038,70.302,90682.0,obs/smo/vf=off/lk=1,706.685,-0.84,-0.84,-2.475,0.0,-231.587,-0.0573
3039,70.322,90702.0,obs/smo/vf=off/lk=1,706.685,-0.97,-0.97,-2.345,0.0,-231.838,-0.0534
3040,70.342,90722.0,obs/smo/vf=off/lk=0,706.685,-0.22,-0.22,-3.095,0.0,-231.689,-0.0606
3041,70.362,90742.0,obs/smo/vf=off/lk=1,706.687,-0.39,-0.39,-2.923,0.077,-233.088,-0.0606
3042,70.382,90762.0,obs/smo/vf=off/lk=1,706.687,-0.57,-0.57,-2.744,0.0,-232.986,-0.0606
3043,70.402,90782.0,obs/smo/vf=off/lk=1,706.687,-0.76,-0.76,-2.554,0.0,-234.143,-0.0595
3044,70.422,90802.0,obs/smo/vf=off/lk=1,706.685,-0.956,-0.956,-2.359,-0.077,-234.448,-0.0543
3045,70.442,90822.0,obs/smo/vf=off/lk=0,706.685,-0.268,-0.268,-3.047,0.0,-234.212,-0.0606
3046,70.462,90842.0,obs/smo/vf=off/lk=1,706.687,-0.488,-0.488,-2.826,0.077,-235.48,-0.0606
3047,70.482,90862.0,obs/smo/vf=off/lk=0,706.687,-0.715,-0.715,-2.599,0.0,-235.593,-0.0606
3048,70.502,90882.0,obs/smo/vf=off/lk=1,706.683,-0.948,-0.948,-2.368,-0.153,-236.649,-0.0543
3049,70.522,90902.0,obs/smo/vf=off/lk=1,706.685,-0.327,-0.327,-2.988,0.076,-236.929,-0.0606
3050,70.542,90922.0,obs/smo/vf=off/lk=1,706.687,-0.591,-0.591,-2.722,0.077,-237.281,-0.0606
3051,70.562,90942.0,obs/smo/vf=off/lk=1,706.685,-0.863,-0.863,-2.452,-0.077,-238.351,-0.0567
3052,70.582,90962.0,obs/smo/vf=off/lk=0,706.685,-0.244,-0.244,-3.071,0.0,-238.022,-0.0606
3053,70.602,90982.0,obs/smo/vf=off/lk=1,706.687,-0.544,-0.544,-2.769,0.077,-238.969,-0.0606
3054,70.622,91002.0,obs/smo/vf=off/lk=1,706.685,-0.777,-0.777,-2.538,-0.078,-239.828,-0.0587
3055,70.642,91022.0,obs/smo/vf=off/lk=0,706.685,-1.092,-1.092,-2.223,-0.077,-239.565,-0.0504
3056,70.662,91042.0,obs/smo/vf=off/lk=1,706.687,-0.531,-0.531,-2.782,0.153,-240.652,-0.0606
3057,70.682,91062.0,obs/smo/vf=off/lk=1,706.685,-0.872,-0.872,-2.443,-0.076,-241.516,-0.0569
3058,70.702,91082.0,obs/smo/vf=off/lk=1,706.685,-0.319,-0.319,-2.996,0.0,-241.625,-0.0606
3059,70.722,91102.0,obs/smo/vf=off/lk=0,706.687,-0.673,-0.673,-2.64,0.077,-241.884,-0.0606
3060,70.742,91122.0,obs/smo/vf=off/lk=1,706.683,-1.032,-1.032,-2.284,-0.154,-242.303,-0.0518
3061,70.762,91142.0,obs/smo/vf=off/lk=1,706.687,-0.518,-0.518,-2.795,0.153,-243.078,-0.0606
3062,70.782,91162.0,obs/smo/vf=off/lk=1,706.685,-0.902,-0.902,-2.413,-0.077,-244.023,-0.0558
3063,70.802,91182.0,obs/smo/vf=off/lk=1,706.685,-0.399,-0.399,-2.916,0.0,-244.312,-0.0606
3064,70.822,91202.0,obs/smo/vf=off/lk=1,706.687,-0.799,-0.799,-2.514,0.077,-244.761,-0.0587
3065,70.842,91222.0,obs/smo/vf=off/lk=1,706.683,-0.313,-0.313,-3.004,-0.153,-245.113,-0.0606
3066,70.862,91242.0,obs/smo/vf=off/lk=0,706.688,-0.668,-0.668,-2.644,0.233,-245.385,-0.0606
3067,70.882,91262.0,obs/smo/vf=off/lk=0,706.682,-0.208,-0.208,-3.11,-0.306,-245.842,-0.0606
3068,70.902,91282.0,obs/smo/vf=off/lk=0,706.687,-0.672,-0.672,-2.642,0.229,-246.434,-0.0606
3069,70.922,91302.0,obs/smo/vf=off/lk=0,706.682,-0.228,-0.228,-3.09,-0.23,-246.508,-0.0606
3070,70.942,91322.0,obs/smo/vf=off/lk=1,706.687,-0.698,-0.698,-2.615,0.23,-247.631,-0.0606
3071,70.962,91342.0,obs/smo/vf=off/lk=0,706.682,-0.238,-0.238,-3.08,-0.231,-247.891,-0.0606
3072,70.982,91362.0,obs/smo/vf=off/lk=1,706.688,-0.744,-0.744,-2.568,0.306,-248.722,-0.0606
3073,71.002,91382.0,obs/smo/vf=off/lk=0,706.682,-0.31,-0.31,-3.008,-0.309,-249.033,-0.0606
3074,71.022,91402.0,obs/smo/vf=off/lk=1,706.654,-0.839,-0.839,-2.507,-1.375,-250.074,-0.0563
3075,71.042,91422.0,obs/smo/vf=off/lk=1,706.671,-0.49,-0.49,-2.839,0.842,-250.691,-0.0606
3076,71.062,91442.0,obs/smo/vf=off/lk=1,706.682,-1.028,-1.028,-2.29,0.535,-250.786,-0.0519
3077,71.082,91462.0,obs/smo/vf=off/lk=0,706.682,-0.676,-0.676,-2.642,0.0,-251.311,-0.0606
3078,71.102,91482.0,obs/smo/vf=off/lk=1,706.679,-0.328,-0.328,-2.994,-0.153,-252.061,-0.0606
3079,71.122,91502.0,obs/smo/vf=off/lk=1,706.683,-0.866,-0.866,-2.45,0.231,-253.022,-0.0558
3080,71.142,91522.0,obs/smo/vf=off/lk=1,706.68,-0.558,-0.558,-2.761,-0.153,-253.055,-0.0606
3081,71.162,91542.0,obs/smo/vf=off/lk=0,706.682,-0.241,-0.241,-3.077,0.077,-253.147,-0.0606
3082,71.182,91562.0,obs/smo/vf=off/lk=1,706.685,-0.836,-0.836,-2.479,0.153,-254.408,-0.0577
3083,71.202,91582.0,obs/smo/vf=off/lk=1,706.682,-0.543,-0.543,-2.775,-0.153,-254.636,-0.0606
3084,71.222,91602.0,obs/smo/vf=off/lk=0,706.682,-0.256,-0.256,-3.063,0.0,-254.544,-0.0606
3085,71.242,91622.0,obs/smo/vf=off/lk=1,706.687,-0.905,-0.905,-2.409,0.229,-255.955,-0.056
3086,71.262,91642.0,obs/smo/vf=off/lk=1,706.683,-0.565,-0.565,-2.752,-0.156,-256.002,-0.0606
3087,71.282,91662.0,obs/smo/vf=off/lk=0,706.683,-0.318,-0.318,-2.998,0.0,-256.332,-0.0606
3088,71.302,91682.0,obs/smo/vf=off/lk=1,706.685,-0.974,-0.974,-2.341,0.077,-257.135,-0.0536
3089,71.322,91702.0,obs/smo/vf=off/lk=1,706.685,-0.742,-0.742,-2.573,0.0,-257.508,-0.0601
3090,71.342,91722.0,obs/smo/vf=off/lk=1,706.683,-0.554,-0.554,-2.763,0.0,-258.133,-0.0606
3091,71.362,91742.0,obs/smo/vf=off/lk=1,706.683,-0.348,-0.348,-2.968,-0.077,-258.479,-0.0606
3092,71.382,91762.0,obs/smo/vf=off/lk=1,706.685,-0.973,-0.973,-2.342,0.078,-259.035,-0.0536
3093,71.402,91782.0,obs/smo/vf=off/lk=1,706.683,-0.78,-0.78,-2.537,0.0,-259.558,-0.0596
3094,71.422,91802.0,obs/smo/vf=off/lk=0,706.682,-0.602,-0.602,-2.716,-0.153,-259.814,-0.0606
3095,71.442,91822.0,obs/smo/vf=off/lk=1,706.682,-0.435,-0.435,-2.883,0.0,-260.701,-0.0606
3096,71.462,91842.0,obs/smo/vf=off/lk=0,706.685,-0.3,-0.3,-3.015,0.076,-260.776,-0.0606
3097,71.482,91862.0,obs/smo/vf=off/lk=1,706.687,-0.989,-0.989,-2.325,0.078,-261.389,-0.0532
3098,71.502,91882.0,obs/smo/vf=off/lk=1,706.685,-0.84,-0.84,-2.475,0.0,-262.458,-0.0574
3099,71.522,91902.0,obs/smo/vf=off/lk=1,706.683,-0.737,-0.737,-2.58,-0.076,-262.73,-0.0601
3100,71.542,91922.0,obs/smo/vf=off/lk=0,706.682,-0.626,-0.626,-2.692,-0.077,-262.78,-0.0606
3101,71.562,91942.0,obs/smo/vf=off/lk=1,706.683,-0.476,-0.476,-2.841,0.077,-263.793,-0.0606
3102,71.582,91962.0,obs/smo/vf=off/lk=1,706.683,-0.387,-0.387,-2.93,0.0,-264.004,-0.0606
3103,71.602,91982.0,obs/smo/vf=off/lk=0,706.683,-0.297,-0.297,-3.02,0.0,-264.327,-0.0606
3104,71.622,92002.0,obs/smo/vf=off/lk=1,706.687,-1.027,-1.027,-2.286,0.156,-264.692,-0.0519
3105,71.642,92022.0,obs/smo/vf=off/lk=1,706.685,-0.95,-0.95,-2.365,-0.077,-265.554,-0.0544
3106,71.662,92042.0,obs/smo/vf=off/lk=0,706.685,-0.713,-0.713,-2.602,0.0,-265.809,-0.0606
3107,71.682,92062.0,obs/smo/vf=off/lk=1,706.68,-0.863,-0.863,-2.457,-0.229,-266.938,-0.0564
3108,71.702,92082.0,obs/smo/vf=off/lk=1,706.682,-0.817,-0.817,-2.502,0.077,-267.16,-0.0579
3109,71.722,92102.0,obs/smo/vf=off/lk=1,706.682,-0.777,-0.777,-2.541,0.0,-267.63,-0.0594
3110,71.742,92122.0,obs/smo/vf=off/lk=1,706.68,-0.751,-0.751,-2.568,0.0,-268.202,-0.0595
3111,71.762,92142.0,obs/smo/vf=off/lk=1,706.68,-0.737,-0.737,-2.582,0.0,-268.586,-0.06
3112,71.782,92162.0,obs/smo/vf=off/lk=1,706.682,-0.732,-0.732,-2.586,0.0,-269.019,-0.0596
3113,71.802,92182.0,obs/smo/vf=off/lk=1,706.68,-0.733,-0.733,-2.587,0.0,-269.586,-0.0595
3114,71.822,92202.0,obs/smo/vf=off/lk=0,706.68,-0.738,-0.738,-2.582,-0.077,-269.964,-0.0596
3115,71.842,92222.0,obs/smo/vf=off/lk=1,706.68,-0.756,-0.756,-2.563,0.0,-270.624,-0.0594
3116,71.862,92242.0,obs/smo/vf=off/lk=1,706.68,-0.799,-0.799,-2.521,0.077,-271.372,-0.0586
3117,71.882,92262.0,obs/smo/vf=off/lk=1,706.682,-0.841,-0.841,-2.477,0.0,-272.002,-0.057
3118,71.902,92282.0,obs/smo/vf=off/lk=1,706.682,-0.898,-0.898,-2.42,0.0,-272.427,-0.0555
3119,71.922,92302.0,obs/smo/vf=off/lk=1,706.682,-0.956,-0.956,-2.362,0.0,-272.601,-0.0545
3120,71.942,92322.0,obs/smo/vf=off/lk=0,706.682,-1.024,-1.024,-2.294,0.0,-272.635,-0.0523
3121,71.962,92342.0,obs/smo/vf=off/lk=0,706.683,-1.076,-1.076,-2.241,0.077,-272.887,-0.0519
3122,71.982,92362.0,obs/smo/vf=off/lk=0,706.685,-0.294,-0.294,-3.021,0.076,-273.717,-0.0606
3123,72.002,92382.0,obs/smo/vf=off/lk=0,706.685,-0.365,-0.365,-2.951,0.0,-274.017,-0.0606
3124,72.022,92402.0,obs/smo/vf=off/lk=1,706.683,-0.519,-0.519,-2.798,-0.076,-274.982,-0.0606
3125,72.042,92422.0,obs/smo/vf=off/lk=0,706.683,-0.658,-0.658,-2.658,0.0,-275.161,-0.0606
3126,72.062,92442.0,obs/smo/vf=off/lk=1,706.682,-0.785,-0.785,-2.533,-0.077,-275.932,-0.0583
3127,72.082,92462.0,obs/smo/vf=off/lk=1,706.683,-0.929,-0.929,-2.387,0.077,-276.477,-0.0549
3128,72.102,92482.0,obs/smo/vf=off/lk=0,706.683,-1.075,-1.075,-2.241,0.0,-276.5,-0.0519
3129,72.122,92502.0,obs/smo/vf=off/lk=0,706.687,-0.252,-0.252,-3.062,0.078,-276.89,-0.0606
3130,72.142,92522.0,obs/smo/vf=off/lk=1,706.685,-0.437,-0.437,-2.878,0.0,-277.958,-0.0606
3131,72.162,92542.0,obs/smo/vf=off/lk=0,706.685,-0.624,-0.624,-2.691,0.0,-278.027,-0.0606
3132,72.182,92562.0,obs/smo/vf=off/lk=1,706.682,-0.806,-0.806,-2.512,-0.153,-279.152,-0.0579
3133,72.202,92582.0,obs/smo/vf=off/lk=1,706.683,-0.997,-0.997,-2.32,0.077,-279.008,-0.0531
3134,72.222,92602.0,obs/smo/vf=off/lk=0,706.685,-0.313,-0.313,-3.002,0.077,-279.332,-0.0606
3135,72.242,92622.0,obs/smo/vf=off/lk=1,706.685,-0.55,-0.55,-2.765,0.0,-280.133,-0.0606
3136,72.262,92642.0,obs/smo/vf=off/lk=1,706.682,-0.774,-0.774,-2.544,-0.077,-280.764,-0.0588
3137,72.282,92662.0,obs/smo/vf=off/lk=1,706.683,-1.015,-1.015,-2.302,0.0,-280.856,-0.0527
3138,72.302,92682.0,obs/smo/vf=off/lk=1,706.685,-0.367,-0.367,-2.948,0.076,-281.606,-0.0606
3139,72.322,92702.0,obs/smo/vf=off/lk=0,706.685,-0.627,-0.627,-2.688,0.0,-281.819,-0.0606
3140,72.342,92722.0,obs/smo/vf=off/lk=1,706.682,-0.883,-0.883,-2.435,-0.153,-282.876,-0.0554
3141,72.362,92742.0,obs/smo/vf=off/lk=0,706.683,-0.26,-0.26,-3.057,0.077,-282.478,-0.0606
3142,72.382,92762.0,obs/smo/vf=off/lk=1,706.685,-0.462,-0.462,-2.853,0.078,-283.539,-0.0606
3143,72.402,92782.0,obs/smo/vf=off/lk=0,706.685,-0.766,-0.766,-2.549,0.0,-283.728,-0.0593
3144,72.422,92802.0,obs/smo/vf=off/lk=0,706.682,-1.063,-1.063,-2.255,-0.153,-283.826,-0.0506
3145,72.442,92822.0,obs/smo/vf=off/lk=1,706.685,-0.483,-0.483,-2.832,0.153,-285.007,-0.0606
3146,72.462,92842.0,obs/smo/vf=off/lk=1,706.683,-0.807,-0.807,-2.509,-0.077,-285.457,-0.0582
3147,72.482,92862.0,obs/smo/vf=off/lk=0,706.683,-0.235,-0.235,-3.081,0.0,-285.11,-0.0606
3148,72.502,92882.0,obs/smo/vf=off/lk=1,706.687,-0.574,-0.574,-2.739,0.153,-286.085,-0.0606
3149,72.522,92902.0,obs/smo/vf=off/lk=1,706.682,-0.871,-0.871,-2.447,-0.232,-286.903,-0.0557
3150,72.542,92922.0,obs/smo/vf=off/lk=0,706.683,-0.33,-0.33,-2.987,0.077,-286.775,-0.0606
3151,72.562,92942.0,obs/smo/vf=off/lk=0,706.685,-0.708,-0.708,-2.608,0.077,-287.433,-0.0606
3152,72.582,92962.0,obs/smo/vf=off/lk=0,706.679,-1.086,-1.086,-2.235,-0.306,-287.15,-0.0376
3153,72.602,92982.0,obs/smo/vf=off/lk=1,706.683,-0.582,-0.582,-2.734,0.23,-288.417,-0.0505
3154,72.622,93002.0,obs/smo/vf=off/lk=0,706.682,-0.953,-0.953,-2.365,-0.077,-288.317,-0.0372
3155,72.642,93022.0,obs/smo/vf=off/lk=0,706.682,-0.449,-0.449,-2.87,0.0,-288.966,-0.0508
3156,72.662,93042.0,obs/smo/vf=off/lk=1,706.682,-0.858,-0.858,-2.461,0.0,-289.581,-0.0359
3157,72.682,93062.0,obs/smo/vf=off/lk=0,706.682,-0.36,-0.36,-2.958,0.0,-289.157,-0.0501
3158,72.702,93082.0,obs/smo/vf=off/lk=0,706.683,-0.778,-0.778,-2.538,0.077,-289.778,-0.035
3159,72.722,93102.0,obs/smo/vf=off/lk=0,706.682,-0.295,-0.295,-3.023,-0.077,-289.435,-0.0478
3160,72.742,93122.0,obs/smo/vf=off/lk=0,706.683,-0.736,-0.736,-2.58,0.076,-290.295,-0.0331
3161,72.762,93142.0,obs/smo/vf=off/lk=0,706.682,-0.262,-0.262,-3.056,-0.077,-289.946,-0.0459
3162,72.782,93162.0,obs/smo/vf=off/lk=0,706.682,-0.641,-0.641,-2.677,0.0,-290.733,-0.032
3163,72.802,93182.0,obs/smo/vf=off/lk=0,706.682,-1.091,-1.091,-2.227,0.0,-290.319,-0.0173
3164,72.822,93202.0,obs/smo/vf=off/lk=0,706.683,-0.647,-0.647,-2.67,0.076,-291.367,-0.029
3165,72.842,93222.0,obs/smo/vf=off/lk=0,706.682,-1.092,-1.092,-2.226,-0.077,-291.067,-0.0143
3166,72.862,93242.0,obs/smo/vf=off/lk=0,706.682,-0.655,-0.655,-2.663,0.0,-291.893,-0.0245
3167,72.882,93262.0,obs/smo/vf=off/lk=0,706.682,-1.042,-1.042,-2.276,0.0,-291.329,-0.0113
3168,72.902,93282.0,obs/smo/vf=off/lk=0,706.682,-0.624,-0.624,-2.694,0.0,-292.122,-0.022
3169,72.922,93302.0,obs/smo/vf=off/lk=0,706.682,-1.076,-1.076,-2.242,0.0,-291.547,-0.0062
3170,72.942,93322.0,obs/smo/vf=off/lk=0,706.682,-0.648,-0.648,-2.671,0.0,-292.327,-0.017
3171,72.962,93342.0,obs/smo/vf=off/lk=0,706.682,-1.062,-1.062,-2.256,0.0,-291.877,-0.0038
3172,72.982,93362.0,obs/smo/vf=off/lk=0,706.682,-0.689,-0.689,-2.629,0.0,-292.359,-0.0117
3173,73.002,93382.0,obs/smo/vf=off/lk=0,706.682,-0.235,-0.235,-3.083,0.0,-291.81,-0.0249
3174,73.022,93402.0,obs/smo/vf=off/lk=0,706.682,-0.664,-0.664,-2.654,0.0,-292.723,-0.009
3175,73.042,93422.0,obs/smo/vf=off/lk=0,706.682,-0.228,-0.228,-3.09,0.0,-292.107,-0.0216
3176,73.062,93442.0,obs/smo/vf=off/lk=0,706.682,-0.698,-0.698,-2.62,0.0,-292.803,-0.005
3177,73.082,93462.0,obs/smo/vf=off/lk=0,706.682,-0.265,-0.265,-3.053,0.0,-292.051,-0.0167
3178,73.102,93482.0,obs/smo/vf=off/lk=0,706.682,-0.765,-0.765,-2.553,0.0,-292.802,-0.0003
3179,73.122,93502.0,obs/smo/vf=off/lk=0,706.682,-0.348,-0.348,-2.97,0.0,-292.055,-0.0106
3180,73.142,93522.0,obs/smo/vf=off/lk=0,706.682,-0.735,-0.735,-2.583,0.0,-292.676,0.0029
3181,73.162,93542.0,obs/smo/vf=off/lk=0,706.682,-0.301,-0.301,-3.017,0.0,-291.933,-0.0086
3182,73.182,93562.0,obs/smo/vf=off/lk=0,706.682,-0.773,-0.773,-2.545,0.0,-292.681,0.0081
3183,73.202,93582.0,obs/smo/vf=off/lk=0,706.682,-0.378,-0.378,-2.94,0.0,-292.075,-0.003
3184,73.222,93602.0,obs/smo/vf=off/lk=0,706.682,-0.867,-0.867,-2.452,0.0,-292.197,0.0142
3185,73.242,93622.0,obs/smo/vf=off/lk=0,706.682,-0.337,-0.337,-2.981,0.0,-291.611,-0.0002
3186,73.262,93642.0,obs/smo/vf=off/lk=0,706.682,-0.833,-0.833,-2.485,0.0,-292.145,0.0168
3187,73.282,93662.0,obs/smo/vf=off/lk=0,706.682,-0.399,-0.399,-2.919,0.0,-291.802,0.0054
3188,73.302,93682.0,obs/smo/vf=off/lk=0,706.682,-0.809,-0.809,-2.509,0.0,-291.963,0.0194
3189,73.322,93702.0,obs/smo/vf=off/lk=0,706.682,-0.373,-0.373,-2.945,0.0,-290.964,0.0079
3190,73.342,93722.0,obs/smo/vf=off/lk=0,706.682,-0.82,-0.82,-2.498,0.0,-291.447,0.0238
3191,73.362,93742.0,obs/smo/vf=off/lk=0,706.682,-0.37,-0.37,-2.948,0.0,-290.58,0.0111
3192,73.382,93762.0,obs/smo/vf=off/lk=0,706.682,-0.818,-0.818,-2.5,0.0,-291.396,0.0267
3193,73.402,93782.0,obs/smo/vf=off/lk=0,706.682,-0.329,-0.329,-2.989,0.0,-290.646,0.0144
3194,73.422,93802.0,obs/smo/vf=off/lk=0,706.682,-0.785,-0.785,-2.533,0.0,-290.884,0.0299
3195,73.442,93822.0,obs/smo/vf=off/lk=0,706.682,-0.307,-0.307,-3.011,0.0,-289.831,0.0169
3196,73.462,93842.0,obs/smo/vf=off/lk=0,706.682,-0.745,-0.745,-2.573,0.0,-290.548,0.0321
3197,73.482,93862.0,obs/smo/vf=off/lk=0,706.682,-0.261,-0.261,-3.057,0.0,-289.754,0.019
3198,73.502,93882.0,obs/smo/vf=off/lk=0,706.68,-0.678,-0.678,-2.642,-0.077,-290.043,0.0336
3199,73.522,93902.0,obs/smo/vf=off/lk=0,706.682,-1.038,-1.038,-2.28,0.077,-289.196,0.0454
3200,73.542,93922.0,obs/smo/vf=off/lk=0,706.682,-0.548,-0.548,-2.77,0.0,-289.261,0.0331
3201,73.562,93942.0,obs/smo/vf=off/lk=0,706.682,-0.936,-0.936,-2.382,-0.077,-288.492,0.0469
3202,73.582,93962.0,obs/smo/vf=off/lk=0,706.682,-0.43,-0.43,-2.888,0.077,-288.148,0.033
3203,73.602,93982.0,obs/smo/vf=off/lk=0,706.682,-0.81,-0.81,-2.508,0.0,-288.133,0.0471
3204,73.622,94002.0,obs/smo/vf=off/lk=0,706.682,-0.277,-0.277,-3.041,0.0,-287.375,0.0324
3205,73.642,94022.0,obs/smo/vf=off/lk=0,706.68,-0.655,-0.655,-2.665,-0.153,-287.81,0.0452
3206,73.662,94042.0,obs/smo/vf=off/lk=1,706.683,-0.998,-0.998,-2.319,0.23,-286.55,0.0575
3207,73.682,94062.0,obs/smo/vf=off/lk=1,706.68,-0.449,-0.449,-2.87,-0.153,-286.987,0.0425
3208,73.702,94082.0,obs/smo/vf=off/lk=0,706.682,-0.797,-0.797,-2.521,0.077,-286.046,0.0554
3209,73.722,94102.0,obs/smo/vf=off/lk=0,706.682,-0.228,-0.228,-3.09,0.0,-285.471,0.0394
3210,73.742,94122.0,obs/smo/vf=off/lk=1,706.679,-0.468,-0.468,-2.853,-0.155,-284.781,0.0486
3211,73.762,94142.0,obs/smo/vf=off/lk=0,706.682,-0.788,-0.788,-2.53,0.153,-284.801,0.0604
3212,73.782,94162.0,obs/smo/vf=off/lk=0,706.683,-0.217,-0.217,-3.099,0.076,-284.199,0.0444
3213,73.802,94182.0,obs/smo/vf=off/lk=1,706.68,-0.526,-0.526,-2.793,-0.153,-283.7,0.0561
3214,73.822,94202.0,obs/smo/vf=off/lk=1,706.685,-0.809,-0.809,-2.507,0.23,-282.932,0.0606
3215,73.842,94222.0,obs/smo/vf=off/lk=1,706.685,-1.071,-1.071,-2.244,0.0,-282.698,0.0606
3216,73.862,94242.0,obs/smo/vf=off/lk=1,706.683,-0.435,-0.435,-2.881,-0.077,-281.833,0.0593
3217,73.882,94262.0,obs/smo/vf=off/lk=0,706.685,-0.702,-0.702,-2.613,0.0,-281.944,0.0606
3218,73.902,94282.0,obs/smo/vf=off/lk=1,706.687,-0.933,-0.933,-2.38,0.154,-280.969,0.0606
3219,73.922,94302.0,obs/smo/vf=off/lk=1,706.685,-0.265,-0.265,-3.05,-0.077,-280.7,0.0581
3220,73.942,94322.0,obs/smo/vf=off/lk=1,706.683,-0.503,-0.503,-2.813,-0.076,-280.129,0.0606
3221,73.962,94342.0,obs/smo/vf=off/lk=0,706.685,-0.681,-0.681,-2.634,0.077,-280.174,0.0606
3222,73.982,94362.0,obs/smo/vf=off/lk=1,706.687,-0.899,-0.899,-2.415,0.077,-278.627,0.0606
3223,74.002,94382.0,obs/smo/vf=off/lk=0,706.685,-1.05,-1.05,-2.265,-0.077,-279.371,0.0606
3224,74.022,94402.0,obs/smo/vf=off/lk=1,706.685,-0.377,-0.377,-2.938,0.0,-277.964,0.0606
3225,74.042,94422.0,obs/smo/vf=off/lk=1,706.685,-0.565,-0.565,-2.75,0.0,-278.074,0.0606
3226,74.062,94442.0,obs/smo/vf=off/lk=0,706.687,-0.732,-0.732,-2.582,0.077,-277.481,0.0606
3227,74.082,94462.0,obs/smo/vf=off/lk=1,706.687,-0.879,-0.879,-2.435,0.0,-276.454,0.0606
3228,74.102,94482.0,obs/smo/vf=off/lk=1,706.685,-1.024,-1.024,-2.291,0.0,-276.349,0.0606
3229,74.122,94502.0,obs/smo/vf=off/lk=1,706.685,-0.26,-0.26,-3.055,-0.077,-275.822,0.0571
3230,74.142,94522.0,obs/smo/vf=off/lk=1,706.683,-0.307,-0.307,-3.009,-0.078,-275.082,0.0599
3231,74.162,94542.0,obs/smo/vf=off/lk=1,706.685,-0.432,-0.432,-2.883,0.077,-274.445,0.0606
3232,74.182,94562.0,obs/smo/vf=off/lk=1,706.685,-0.555,-0.555,-2.76,0.0,-274.438,0.0606
3233,74.202,94582.0,obs/smo/vf=off/lk=0,706.687,-0.652,-0.652,-2.661,0.077,-274.278,0.0606
3234,74.222,94602.0,obs/smo/vf=off/lk=0,706.687,-0.743,-0.743,-2.571,0.0,-273.313,0.0606
3235,74.242,94622.0,obs/smo/vf=off/lk=1,706.687,-0.813,-0.813,-2.5,0.0,-272.455,0.0606
3236,74.262,94642.0,obs/smo/vf=off/lk=1,706.687,-0.869,-0.869,-2.444,0.0,-271.964,0.0606
3237,74.282,94662.0,obs/smo/vf=off/lk=1,706.687,-0.916,-0.916,-2.397,0.0,-271.466,0.0606
3238,74.302,94682.0,obs/smo/vf=off/lk=1,706.687,-0.963,-0.963,-2.351,0.0,-271.11,0.0606
3239,74.322,94702.0,obs/smo/vf=off/lk=1,706.685,-0.999,-0.999,-2.316,0.0,-270.7,0.0606
3240,74.342,94722.0,obs/smo/vf=off/lk=1,706.685,-1.017,-1.017,-2.298,-0.077,-270.357,0.0606
3241,74.362,94742.0,obs/smo/vf=off/lk=1,706.685,-1.042,-1.042,-2.273,0.0,-269.951,0.0606
3242,74.382,94762.0,obs/smo/vf=off/lk=1,706.683,-1.045,-1.045,-2.271,-0.077,-269.557,0.0606
3243,74.402,94782.0,obs/smo/vf=off/lk=1,706.685,-1.045,-1.045,-2.27,0.077,-268.923,0.0606
3244,74.422,94802.0,obs/smo/vf=off/lk=1,706.683,-1.033,-1.033,-2.284,0.0,-268.401,0.0606
3245,74.442,94822.0,obs/smo/vf=off/lk=1,706.683,-1.01,-1.01,-2.306,-0.077,-267.809,0.0606
3246,74.462,94842.0,obs/smo/vf=off/lk=1,706.683,-0.981,-0.981,-2.335,0.077,-267.147,0.0606
3247,74.482,94862.0,obs/smo/vf=off/lk=1,706.683,-0.863,-0.863,-2.454,-0.078,-266.689,0.0606
3248,74.502,94882.0,obs/smo/vf=off/lk=1,706.685,-0.808,-0.808,-2.507,0.077,-266.088,0.0606
3249,74.522,94902.0,obs/smo/vf=off/lk=0,706.683,-0.776,-0.776,-2.541,-0.076,-265.893,0.0606
3250,74.542,94922.0,obs/smo/vf=off/lk=0,706.687,-0.658,-0.658,-2.656,0.156,-265.694,0.0606
3251,74.562,94942.0,obs/smo/vf=off/lk=0,706.687,-0.649,-0.649,-2.664,0.0,-265.23,0.0606
3252,74.582,94962.0,obs/smo/vf=off/lk=1,706.687,-0.476,-0.476,-2.838,0.0,-264.151,0.0606
3253,74.602,94982.0,obs/smo/vf=off/lk=1,706.687,-0.381,-0.381,-2.933,0.0,-263.723,0.0606
3254,74.622,95002.0,obs/smo/vf=off/lk=1,706.683,-0.313,-0.313,-3.004,-0.076,-263.034,0.0593
3255,74.642,95022.0,obs/smo/vf=off/lk=1,706.683,-1.012,-1.012,-2.305,-0.078,-262.764,0.0606
3256,74.662,95042.0,obs/smo/vf=off/lk=1,706.683,-0.879,-0.879,-2.438,0.0,-261.8,0.0606
3257,74.682,95062.0,obs/smo/vf=off/lk=0,706.685,-0.737,-0.737,-2.578,0.077,-261.895,0.0606
3258,74.702,95082.0,obs/smo/vf=off/lk=0,706.687,-0.582,-0.582,-2.732,0.077,-261.588,0.0606
3259,74.722,95102.0,obs/smo/vf=off/lk=1,706.687,-0.333,-0.333,-2.981,0.0,-260.782,0.0602
3260,74.742,95122.0,obs/smo/vf=off/lk=0,706.683,-0.265,-0.265,-3.051,-0.155,-260.291,0.057
3261,74.762,95142.0,obs/smo/vf=off/lk=1,706.683,-0.982,-0.982,-2.334,0.0,-259.532,0.0606
3262,74.782,95162.0,obs/smo/vf=off/lk=1,706.683,-0.795,-0.795,-2.521,0.0,-259.181,0.0606
3263,74.802,95182.0,obs/smo/vf=off/lk=0,706.687,-0.585,-0.585,-2.728,0.153,-259.145,0.0606
3264,74.822,95202.0,obs/smo/vf=off/lk=1,706.687,-0.378,-0.378,-2.936,0.0,-258.053,0.0606
3265,74.842,95222.0,obs/smo/vf=off/lk=1,706.683,-0.99,-0.99,-2.327,-0.077,-257.6,0.0606
3266,74.862,95242.0,obs/smo/vf=off/lk=0,706.685,-0.77,-0.77,-2.545,0.0,-257.327,0.0606
3267,74.882,95262.0,obs/smo/vf=off/lk=1,706.688,-0.522,-0.522,-2.79,0.153,-256.816,0.0606
3268,74.902,95282.0,obs/smo/vf=off/lk=1,706.687,-0.273,-0.273,-3.041,-0.077,-256.232,0.0574
3269,74.922,95302.0,obs/smo/vf=off/lk=1,706.683,-0.905,-0.905,-2.412,-0.153,-255.338,0.0606
3270,74.942,95322.0,obs/smo/vf=off/lk=0,706.685,-0.626,-0.626,-2.689,0.077,-255.504,0.0606
3271,74.962,95342.0,obs/smo/vf=off/lk=1,706.687,-0.304,-0.304,-3.009,0.077,-254.492,0.06
3272,74.982,95362.0,obs/smo/vf=off/lk=1,706.683,-0.968,-0.968,-2.349,-0.152,-253.902,0.0606
3273,75.002,95382.0,obs/smo/vf=off/lk=0,706.685,-0.639,-0.639,-2.676,0.077,-254.211,0.0606
3274,75.022,95402.0,obs/smo/vf=off/lk=0,706.687,-0.269,-0.269,-3.044,0.077,-253.25,0.058
3275,75.042,95422.0,obs/smo/vf=off/lk=1,706.682,-0.853,-0.853,-2.465,-0.23,-252.323,0.0606
3276,75.062,95442.0,obs/smo/vf=off/lk=1,706.687,-0.51,-0.51,-2.804,0.23,-252.02,0.0606
3277,75.082,95462.0,obs/smo/vf=off/lk=1,706.687,-1.06,-1.06,-2.253,0.0,-251.767,0.0606
3278,75.102,95482.0,obs/smo/vf=off/lk=0,706.683,-0.706,-0.706,-2.611,-0.153,-251.546,0.0606
3279,75.122,95502.0,obs/smo/vf=off/lk=1,706.688,-0.321,-0.321,-2.991,0.231,-250.502,0.0598
3280,75.142,95522.0,obs/smo/vf=off/lk=1,706.682,-0.854,-0.854,-2.464,-0.306,-249.848,0.0606
3281,75.162,95542.0,obs/smo/vf=off/lk=1,706.687,-0.471,-0.471,-2.843,0.23,-249.24,0.0606
3282,75.182,95562.0,obs/smo/vf=off/lk=1,706.683,-0.933,-0.933,-2.384,-0.154,-248.723,0.0606
3283,75.202,95582.0,obs/smo/vf=off/lk=1,706.687,-0.54,-0.54,-2.774,0.153,-248.613,0.0606
3284,75.222,95602.0,obs/smo/vf=off/lk=1,706.685,-1.013,-1.013,-2.302,0.0,-248.015,0.0606
3285,75.242,95622.0,obs/smo/vf=off/lk=1,706.685,-0.593,-0.593,-2.722,-0.076,-247.686,0.0606
3286,75.262,95642.0,obs/smo/vf=off/lk=1,706.687,-1.055,-1.055,-2.258,0.077,-247.049,0.0606
3287,75.282,95662.0,obs/smo/vf=off/lk=0,706.683,-0.604,-0.604,-2.713,-0.153,-246.841,0.0606
3288,75.302,95682.0,obs/smo/vf=off/lk=1,706.687,-1.011,-1.011,-2.302,0.154,-245.751,0.0606
3289,75.322,95702.0,obs/smo/vf=off/lk=1,706.685,-0.484,-0.484,-2.831,-0.078,-245.119,0.0606
3290,75.342,95722.0,obs/smo/vf=off/lk=1,706.685,-0.902,-0.902,-2.413,0.0,-244.244,0.0606
3291,75.362,95742.0,obs/smo/vf=off/lk=1,706.687,-0.402,-0.402,-2.911,0.077,-243.971,0.0606
3292,75.382,95762.0,obs/smo/vf=off/lk=1,706.685,-0.806,-0.806,-2.509,-0.076,-243.281,0.0606
3293,75.402,95782.0,obs/smo/vf=off/lk=1,706.687,-0.288,-0.288,-3.026,0.077,-243.202,0.059
3294,75.422,95802.0,obs/smo/vf=off/lk=0,706.683,-0.673,-0.673,-2.643,-0.153,-242.978,0.0606
3295,75.442,95822.0,obs/smo/vf=off/lk=1,706.688,-1.025,-1.025,-2.287,0.154,-242.259,0.0606
3296,75.462,95842.0,obs/smo/vf=off/lk=1,706.685,-0.476,-0.476,-2.839,-0.077,-241.344,0.0606
3297,75.482,95862.0,obs/smo/vf=off/lk=1,706.685,-0.823,-0.823,-2.492,0.0,-240.689,0.0606
3298,75.502,95882.0,obs/smo/vf=off/lk=0,706.687,-0.247,-0.247,-3.067,0.077,-240.761,0.0575
3299,75.522,95902.0,obs/smo/vf=off/lk=1,706.685,-0.532,-0.532,-2.783,-0.077,-240.061,0.0606
3300,75.542,95922.0,obs/smo/vf=off/lk=1,706.685,-0.85,-0.85,-2.465,0.0,-238.937,0.0606
3301,75.562,95942.0,obs/smo/vf=off/lk=0,706.687,-0.226,-0.226,-3.088,0.077,-238.799,0.0563
3302,75.582,95962.0,obs/smo/vf=off/lk=1,706.685,-0.516,-0.516,-2.799,-0.076,-238.172,0.0606
3303,75.602,95982.0,obs/smo/vf=off/lk=1,706.685,-0.792,-0.792,-2.523,0.0,-237.332,0.0606
3304,75.622,96002.0,obs/smo/vf=off/lk=1,706.687,-1.042,-1.042,-2.271,0.077,-237.093,0.0606
3305,75.642,96022.0,obs/smo/vf=off/lk=1,706.685,-0.398,-0.398,-2.917,-0.077,-236.263,0.0606
3306,75.662,96042.0,obs/smo/vf=off/lk=0,706.685,-0.64,-0.64,-2.675,0.0,-236.324,0.0606
3307,75.682,96062.0,obs/smo/vf=off/lk=1,706.687,-0.862,-0.862,-2.452,0.077,-234.903,0.0606
3308,75.702,96082.0,obs/smo/vf=off/lk=1,706.687,-1.065,-1.065,-2.249,0.0,-234.998,0.0606
3309,75.722,96102.0,obs/smo/vf=off/lk=1,706.685,-0.369,-0.369,-2.946,-0.077,-233.847,0.0606
3310,75.742,96122.0,obs/smo/vf=off/lk=1,706.685,-0.498,-0.498,-2.817,0.0,-233.699,0.0606
3311,75.762,96142.0,obs/smo/vf=off/lk=0,706.685,-0.682,-0.682,-2.633,0.0,-233.549,0.0606
3312,75.782,96162.0,obs/smo/vf=off/lk=1,706.687,-0.842,-0.842,-2.471,0.077,-232.234,0.0606
3313,75.802,96182.0,obs/smo/vf=off/lk=1,706.687,-1.063,-1.063,-2.25,0.0,-232.305,0.0606
3314,75.822,96202.0,obs/smo/vf=off/lk=1,706.699,-0.298,-0.298,-3.003,0.615,-231.554,0.0593
3315,75.842,96222.0,obs/smo/vf=off/lk=1,706.694,-0.448,-0.448,-2.858,-0.229,-230.698,0.0606
3316,75.862,96242.0,obs/smo/vf=off/lk=1,706.693,-0.522,-0.522,-2.785,-0.078,-230.483,0.0606
3317,75.882,96262.0,obs/smo/vf=off/lk=0,706.69,-0.642,-0.642,-2.668,-0.153,-230.225,0.0606
3318,75.902,96282.0,obs/smo/vf=off/lk=1,706.69,-0.741,-0.741,-2.569,0.0,-229.362,0.0606
3319,75.922,96302.0,obs/smo/vf=off/lk=1,706.693,-0.817,-0.817,-2.49,0.154,-228.434,0.0606
3320,75.942,96322.0,obs/smo/vf=off/lk=1,706.696,-0.891,-0.891,-2.413,0.154,-227.757,0.0606
3321,75.962,96342.0,obs/smo/vf=off/lk=1,706.697,-1.001,-1.001,-2.302,0.076,-227.715,0.0606
3322,75.982,96362.0,obs/smo/vf=off/lk=1,706.696,-1.073,-1.073,-2.231,-0.077,-227.302,0.0606
3323,76.002,96382.0,obs/smo/vf=off/lk=0,706.693,-0.213,-0.213,-3.095,-0.154,-226.921,0.0551
3324,76.022,96402.0,obs/smo/vf=off/lk=1,706.691,-0.205,-0.205,-3.104,0.0,-226.153,0.0558
3325,76.042,96422.0,obs/smo/vf=off/lk=0,706.691,-0.244,-0.244,-3.065,-0.076,-225.624,0.0569
3326,76.062,96442.0,obs/smo/vf=off/lk=1,706.69,-0.262,-0.262,-3.049,-0.077,-224.963,0.0576
3327,76.082,96462.0,obs/smo/vf=off/lk=1,706.69,-0.265,-0.265,-3.045,0.0,-224.323,0.0576
3328,76.102,96482.0,obs/smo/vf=off/lk=1,706.688,-0.257,-0.257,-3.055,-0.077,-223.767,0.0574
3329,76.122,96502.0,obs/smo/vf=off/lk=1,706.687,-0.243,-0.243,-3.07,-0.077,-223.189,0.0572
3330,76.142,96522.0,obs/smo/vf=off/lk=1,706.687,-0.209,-0.209,-3.105,0.0,-222.648,0.0552
3331,76.162,96542.0,obs/smo/vf=off/lk=1,706.685,-1.058,-1.058,-2.257,0.0,-222.089,0.0606
3332,76.182,96562.0,obs/smo/vf=off/lk=1,706.687,-1.004,-1.004,-2.31,0.0,-221.363,0.0606
3333,76.202,96582.0,obs/smo/vf=off/lk=1,706.687,-0.933,-0.933,-2.38,0.0,-220.482,0.0606
3334,76.222,96602.0,obs/smo/vf=off/lk=1,706.687,-0.853,-0.853,-2.46,0.0,-220.12,0.0606
3335,76.242,96622.0,obs/smo/vf=off/lk=1,706.687,-0.767,-0.767,-2.547,0.0,-219.548,0.0606
3336,76.262,96642.0,obs/smo/vf=off/lk=1,706.687,-0.664,-0.664,-2.65,0.0,-219.254,0.0606
3337,76.282,96662.0,obs/smo/vf=off/lk=1,706.688,-0.552,-0.552,-2.76,0.077,-218.764,0.0606
3338,76.302,96682.0,obs/smo/vf=off/lk=1,706.69,-0.36,-0.36,-2.95,0.078,-217.767,0.0606
3339,76.322,96702.0,obs/smo/vf=off/lk=1,706.688,-0.227,-0.227,-3.085,-0.077,-217.597,0.0566
3340,76.342,96722.0,obs/smo/vf=off/lk=1,706.688,-0.981,-0.981,-2.331,0.0,-216.768,0.0606
3341,76.362,96742.0,obs/smo/vf=off/lk=1,706.687,-0.82,-0.82,-2.494,-0.077,-216.003,0.0606
3342,76.382,96762.0,obs/smo/vf=off/lk=0,706.687,-0.649,-0.649,-2.665,0.0,-216.102,0.0606
3343,76.402,96782.0,obs/smo/vf=off/lk=1,706.688,-0.465,-0.465,-2.847,0.077,-214.87,0.0606
3344,76.422,96802.0,obs/smo/vf=off/lk=1,706.688,-0.269,-0.269,-3.043,0.0,-214.594,0.0581
3345,76.442,96822.0,obs/smo/vf=off/lk=1,706.688,-0.964,-0.964,-2.348,0.0,-213.771,0.0606
3346,76.462,96842.0,obs/smo/vf=off/lk=1,706.688,-0.749,-0.749,-2.563,-0.077,-213.377,0.0606
3347,76.482,96862.0,obs/smo/vf=off/lk=1,706.688,-0.541,-0.541,-2.771,0.076,-212.932,0.0606
3348,76.502,96882.0,obs/smo/vf=off/lk=1,706.688,-0.316,-0.316,-2.996,0.0,-211.975,0.0592
3349,76.522,96902.0,obs/smo/vf=off/lk=1,706.687,-0.922,-0.922,-2.392,-0.077,-211.267,0.0606
3350,76.542,96922.0,obs/smo/vf=off/lk=0,706.687,-0.657,-0.657,-2.657,0.0,-211.25,0.0606
3351,76.562,96942.0,obs/smo/vf=off/lk=1,706.691,-0.378,-0.378,-2.931,0.23,-209.931,0.0606
3352,76.582,96962.0,obs/smo/vf=off/lk=1,706.685,-0.986,-0.986,-2.329,-0.23,-209.636,0.0606
3353,76.602,96982.0,obs/smo/vf=off/lk=0,706.687,-0.712,-0.712,-2.602,0.0,-209.292,0.0606
3354,76.622,97002.0,obs/smo/vf=off/lk=1,706.69,-0.337,-0.337,-2.973,0.156,-208.252,0.0606
3355,76.642,97022.0,obs/smo/vf=off/lk=1,706.685,-0.91,-0.91,-2.405,-0.23,-207.527,0.0606
3356,76.662,97042.0,obs/smo/vf=off/lk=1,706.688,-0.573,-0.573,-2.739,0.153,-207.65,0.0606
3357,76.682,97062.0,obs/smo/vf=off/lk=1,706.687,-0.223,-0.223,-3.091,0.0,-206.87,0.0562
3358,76.702,97082.0,obs/smo/vf=off/lk=1,706.685,-0.78,-0.78,-2.535,-0.153,-205.913,0.0606
3359,76.722,97102.0,obs/smo/vf=off/lk=1,706.69,-0.415,-0.415,-2.895,0.23,-205.077,0.0606
3360,76.742,97122.0,obs/smo/vf=off/lk=1,706.687,-0.927,-0.927,-2.386,-0.153,-204.596,0.0606
3361,76.762,97142.0,obs/smo/vf=off/lk=1,706.688,-0.533,-0.533,-2.779,0.077,-204.395,0.0606
3362,76.782,97162.0,obs/smo/vf=off/lk=1,706.687,-1.025,-1.025,-2.288,-0.077,-204.042,0.0606
3363,76.802,97182.0,obs/smo/vf=off/lk=1,706.687,-0.538,-0.538,-2.775,0.0,-203.305,0.0606
3364,76.822,97202.0,obs/smo/vf=off/lk=1,706.69,-1.085,-1.085,-2.225,0.155,-202.766,0.0606
3365,76.842,97222.0,obs/smo/vf=off/lk=1,706.687,-0.592,-0.592,-2.722,-0.155,-202.296,0.0606
3366,76.862,97242.0,obs/smo/vf=off/lk=1,706.688,-1.036,-1.036,-2.276,0.077,-201.471,0.0606
3367,76.882,97262.0,obs/smo/vf=off/lk=1,706.687,-0.572,-0.572,-2.741,-0.077,-201.067,0.0606
3368,76.902,97282.0,obs/smo/vf=off/lk=1,706.687,-0.987,-0.987,-2.326,0.0,-200.077,0.0606
3369,76.922,97302.0,obs/smo/vf=off/lk=1,706.687,-0.519,-0.519,-2.795,0.0,-199.564,0.0606
3370,76.942,97322.0,obs/smo/vf=off/lk=1,706.687,-0.859,-0.859,-2.455,0.0,-198.128,0.0606
3371,76.962,97342.0,obs/smo/vf=off/lk=1,706.688,-0.371,-0.371,-2.941,0.076,-197.855,0.0606
3372,76.982,97362.0,obs/smo/vf=off/lk=1,706.687,-0.756,-0.756,-2.557,-0.077,-197.532,0.0606
3373,77.002,97382.0,obs/smo/vf=off/lk=1,706.69,-1.078,-1.078,-2.233,0.154,-197.255,0.0606
3374,77.022,97402.0,obs/smo/vf=off/lk=1,706.687,-0.543,-0.543,-2.771,-0.152,-195.621,0.0606
3375,77.042,97422.0,obs/smo/vf=off/lk=1,706.687,-0.867,-0.867,-2.446,0.0,-195.299,0.0606
3376,77.062,97442.0,obs/smo/vf=off/lk=1,706.688,-0.29,-0.29,-3.022,0.077,-194.852,0.059
3377,77.082,97462.0,obs/smo/vf=off/lk=1,706.687,-0.609,-0.609,-2.705,-0.153,-194.976,0.0606
3378,77.102,97482.0,obs/smo/vf=off/lk=1,706.687,-0.907,-0.907,-2.406,0.077,-193.462,0.0606
3379,77.122,97502.0,obs/smo/vf=off/lk=1,706.688,-0.291,-0.291,-3.021,0.077,-193.179,0.059
3380,77.142,97522.0,obs/smo/vf=off/lk=1,706.687,-0.507,-0.507,-2.806,-0.078,-192.602,0.0606
3381,77.162,97542.0,obs/smo/vf=off/lk=1,706.687,-0.799,-0.799,-2.515,0.0,-191.768,0.0606
3382,77.182,97562.0,obs/smo/vf=off/lk=1,706.688,-1.05,-1.05,-2.262,0.076,-191.558,0.0606
3383,77.202,97582.0,obs/smo/vf=off/lk=1,706.687,-0.387,-0.387,-2.926,-0.077,-190.373,0.0606
3384,77.222,97602.0,obs/smo/vf=off/lk=1,706.687,-0.554,-0.554,-2.76,0.0,-190.539,0.0606
3385,77.242,97622.0,obs/smo/vf=off/lk=1,706.687,-0.763,-0.763,-2.55,0.0,-189.43,0.0606
3386,77.262,97642.0,obs/smo/vf=off/lk=1,706.688,-0.954,-0.954,-2.358,0.077,-188.861,0.0606
3387,77.282,97662.0,obs/smo/vf=off/lk=1,706.688,-0.241,-0.241,-3.071,0.0,-188.406,0.057
3388,77.302,97682.0,obs/smo/vf=off/lk=1,706.687,-0.421,-0.421,-2.892,-0.076,-187.455,0.0606
3389,77.322,97702.0,obs/smo/vf=off/lk=1,706.687,-0.582,-0.582,-2.731,0.0,-187.452,0.0606
3390,77.342,97722.0,obs/smo/vf=off/lk=1,706.687,-0.728,-0.728,-2.586,0.0,-186.255,0.0606
3391,77.362,97742.0,obs/smo/vf=off/lk=1,706.687,-0.859,-0.859,-2.454,0.0,-185.299,0.0606
3392,77.382,97762.0,obs/smo/vf=off/lk=1,706.687,-0.973,-0.973,-2.34,0.0,-185.04,0.0606
3393,77.402,97782.0,obs/smo/vf=off/lk=1,706.688,-1.073,-1.073,-2.239,0.077,-184.741,0.0606
3394,77.422,97802.0,obs/smo/vf=off/lk=1,706.688,-0.268,-0.268,-3.044,0.0,-183.393,0.0577
3395,77.442,97822.0,obs/smo/vf=off/lk=1,706.687,-0.352,-0.352,-2.961,-0.077,-182.413,0.0605
3396,77.462,97842.0,obs/smo/vf=off/lk=1,706.687,-0.426,-0.426,-2.887,0.0,-182.261,0.0606
3397,77.482,97862.0,obs/smo/vf=off/lk=1,706.687,-0.479,-0.479,-2.834,0.0,-181.768,0.0606
3398,77.502,97882.0,obs/smo/vf=off/lk=1,706.687,-0.522,-0.522,-2.791,0.0,-181.424,0.0606
3399,77.522,97902.0,obs/smo/vf=off/lk=1,706.687,-0.519,-0.519,-2.794,0.0,-180.718,0.0606
3400,77.542,97922.0,obs/smo/vf=off/lk=1,706.687,-0.539,-0.539,-2.774,0.0,-180.175,0.0606
3401,77.562,97942.0,obs/smo/vf=off/lk=1,706.687,-0.545,-0.545,-2.768,0.0,-179.509,0.0606
3402,77.582,97962.0,obs/smo/vf=off/lk=1,706.688,-0.536,-0.536,-2.776,0.0,-178.908,0.0606
3403,77.602,97982.0,obs/smo/vf=off/lk=1,706.687,-0.516,-0.516,-2.797,0.0,-178.02,0.0606
3404,77.622,98002.0,obs/smo/vf=off/lk=1,706.688,-0.433,-0.433,-2.879,0.078,-177.155,0.0606
3405,77.642,98022.0,obs/smo/vf=off/lk=1,706.688,-0.389,-0.389,-2.923,0.0,-176.52,0.0606
3406,77.662,98042.0,obs/smo/vf=off/lk=1,706.688,-0.326,-0.326,-2.986,0.0,-175.79,0.0595
3407,77.682,98062.0,obs/smo/vf=off/lk=1,706.687,-0.246,-0.246,-3.068,0.0,-175.221,0.0567
3408,77.702,98082.0,obs/smo/vf=off/lk=1,706.687,-1.056,-1.056,-2.257,-0.077,-174.912,0.0606
3409,77.722,98102.0,obs/smo/vf=off/lk=1,706.687,-0.948,-0.948,-2.365,0.0,-173.807,0.0606
3410,77.742,98122.0,obs/smo/vf=off/lk=1,706.685,-0.819,-0.819,-2.496,-0.077,-172.814,0.0606
3411,77.762,98142.0,obs/smo/vf=off/lk=1,706.687,-0.686,-0.686,-2.627,0.077,-172.733,0.0606
3412,77.782,98162.0,obs/smo/vf=off/lk=1,706.688,-0.542,-0.542,-2.77,0.077,-172.122,0.0606
3413,77.802,98182.0,obs/smo/vf=off/lk=1,706.69,-0.389,-0.389,-2.921,0.0,-170.905,0.0606
3414,77.822,98202.0,obs/smo/vf=off/lk=1,706.687,-0.211,-0.211,-3.102,0.0,-170.817,0.0558
3415,77.842,98222.0,obs/smo/vf=off/lk=1,706.685,-0.919,-0.919,-2.396,-0.077,-169.507,0.0606
3416,77.862,98242.0,obs/smo/vf=off/lk=1,706.687,-0.721,-0.721,-2.593,0.0,-169.061,0.0606
3417,77.882,98262.0,obs/smo/vf=off/lk=1,706.688,-0.507,-0.507,-2.805,0.077,-168.785,0.0606
3418,77.902,98282.0,obs/smo/vf=off/lk=1,706.688,-0.285,-0.285,-3.027,0.0,-167.771,0.0587
3419,77.922,98302.0,obs/smo/vf=off/lk=1,706.685,-0.939,-0.939,-2.376,-0.077,-166.963,0.0606
3420,77.942,98322.0,obs/smo/vf=off/lk=1,706.687,-0.689,-0.689,-2.625,0.0,-166.431,0.0606
3421,77.962,98342.0,obs/smo/vf=off/lk=1,706.69,-0.394,-0.394,-2.916,0.154,-165.371,0.0606
3422,77.982,98362.0,obs/smo/vf=off/lk=1,706.687,-1.014,-1.014,-2.299,-0.153,-165.214,0.0606
3423,78.002,98382.0,obs/smo/vf=off/lk=1,706.685,-0.751,-0.751,-2.564,-0.076,-164.197,0.0606
3424,78.022,98402.0,obs/smo/vf=off/lk=1,706.69,-0.411,-0.411,-2.9,0.155,-163.434,0.0606
3425,78.042,98422.0,obs/smo/vf=off/lk=1,706.687,-0.983,-0.983,-2.33,-0.077,-162.993,0.0606
3426,78.062,98442.0,obs/smo/vf=off/lk=1,706.687,-0.642,-0.642,-2.671,-0.077,-162.694,0.0606
3427,78.082,98462.0,obs/smo/vf=off/lk=1,706.69,-0.272,-0.272,-3.039,0.23,-161.19,0.0579
3428,78.102,98482.0,obs/smo/vf=off/lk=1,706.685,-0.794,-0.794,-2.521,-0.23,-160.252,0.0606
3429,78.122,98502.0,obs/smo/vf=off/lk=1,706.69,-0.406,-0.406,-2.905,0.23,-159.595,0.0606
3430,78.142,98522.0,obs/smo/vf=off/lk=1,706.685,-0.902,-0.902,-2.413,-0.153,-158.848,0.0606
3431,78.162,98542.0,obs/smo/vf=off/lk=1,706.688,-0.49,-0.49,-2.822,0.0,-158.493,0.0606
3432,78.182,98562.0,obs/smo/vf=off/lk=1,706.687,-0.953,-0.953,-2.36,0.0,-157.676,0.0606
3433,78.202,98582.0,obs/smo/vf=off/lk=1,706.687,-0.508,-0.508,-2.806,0.0,-157.203,0.0606
3434,78.222,98602.0,obs/smo/vf=off/lk=1,706.687,-0.941,-0.941,-2.373,0.0,-156.226,0.0606
3435,78.242,98622.0,obs/smo/vf=off/lk=1,706.688,-0.47,-0.47,-2.842,0.0,-155.449,0.0606
3436,78.262,98642.0,obs/smo/vf=off/lk=1,706.687,-0.88,-0.88,-2.433,0.0,-154.202,0.0606
3437,78.282,98662.0,obs/smo/vf=off/lk=1,706.69,-0.383,-0.383,-2.927,0.077,-153.8,0.0606
3438,78.302,98682.0,obs/smo/vf=off/lk=1,706.685,-0.765,-0.765,-2.55,-0.153,-153.18,0.0606
3439,78.322,98702.0,obs/smo/vf=off/lk=1,706.69,-0.238,-0.238,-3.073,0.23,-152.769,0.0558
3440,78.342,98722.0,obs/smo/vf=off/lk=1,706.685,-0.588,-0.588,-2.727,-0.23,-152.369,0.0606
3441,78.362,98742.0,obs/smo/vf=off/lk=1,706.687,-0.925,-0.925,-2.388,0.077,-150.852,0.0606
3442,78.382,98762.0,obs/smo/vf=off/lk=1,706.69,-0.351,-0.351,-2.96,0.077,-149.912,0.0606
3443,78.402,98782.0,obs/smo/vf=off/lk=1,706.685,-0.662,-0.662,-2.653,-0.153,-150.047,0.0606
3444,78.422,98802.0,obs/smo/vf=off/lk=1,706.688,-0.966,-0.966,-2.346,0.153,-148.941,0.0606
3445,78.442,98822.0,obs/smo/vf=off/lk=1,706.69,-0.359,-0.359,-2.951,0.0,-147.817,0.0606
3446,78.462,98842.0,obs/smo/vf=off/lk=1,706.685,-0.623,-0.623,-2.692,-0.153,-147.901,0.0606
3447,78.482,98862.0,obs/smo/vf=off/lk=1,706.687,-0.83,-0.83,-2.484,0.078,-146.176,0.0606
3448,78.502,98882.0,obs/smo/vf=off/lk=1,706.69,-1.059,-1.059,-2.251,0.153,-146.261,0.0606
3449,78.522,98902.0,obs/smo/vf=off/lk=1,706.688,-0.405,-0.405,-2.906,-0.076,-144.721,0.0606
3450,78.542,98922.0,obs/smo/vf=off/lk=1,706.685,-0.582,-0.582,-2.733,-0.155,-144.877,0.0606
3451,78.562,98942.0,obs/smo/vf=off/lk=1,706.687,-0.774,-0.774,-2.539,0.077,-143.107,0.0606
3452,78.582,98962.0,obs/smo/vf=off/lk=1,706.688,-0.947,-0.947,-2.365,0.077,-142.675,0.0606
3453,78.602,98982.0,obs/smo/vf=off/lk=1,706.69,-0.206,-0.206,-3.104,0.077,-142.181,0.0556
3454,78.622,99002.0,obs/smo/vf=off/lk=1,706.69,-0.349,-0.349,-2.961,-0.077,-140.804,0.0606
3455,78.642,99022.0,obs/smo/vf=off/lk=1,706.687,-0.448,-0.448,-2.866,-0.154,-140.254,0.0606
3456,78.662,99042.0,obs/smo/vf=off/lk=1,706.687,-0.569,-0.569,-2.744,0.076,-140.215,0.0606
3457,78.682,99062.0,obs/smo/vf=off/lk=1,706.685,-0.668,-0.668,-2.647,-0.077,-139.157,0.0606
3458,78.702,99082.0,obs/smo/vf=off/lk=1,706.685,-0.746,-0.746,-2.57,0.0,-137.799,0.0606
3459,78.722,99102.0,obs/smo/vf=off/lk=1,706.685,-0.802,-0.802,-2.513,0.0,-136.651,0.0606
3460,78.742,99122.0,obs/smo/vf=off/lk=1,706.687,-0.845,-0.845,-2.468,0.077,-135.924,0.0606
3461,78.762,99142.0,obs/smo/vf=off/lk=1,706.687,-0.884,-0.884,-2.429,0.0,-135.309,0.0606
3462,78.782,99162.0,obs/smo/vf=off/lk=1,706.687,-0.899,-0.899,-2.414,0.0,-134.606,0.0606
3463,78.802,99182.0,obs/smo/vf=off/lk=1,706.687,-0.891,-0.891,-2.422,0.077,-133.743,0.0606
3464,78.822,99202.0,obs/smo/vf=off/lk=1,706.687,-0.869,-0.869,-2.445,-0.077,-132.835,0.0606
3465,78.842,99222.0,obs/smo/vf=off/lk=1,706.685,-0.83,-0.83,-2.485,0.0,-132.029,0.0606
3466,78.862,99242.0,obs/smo/vf=off/lk=1,706.685,-0.778,-0.778,-2.537,0.0,-131.195,0.0606
3467,78.882,99262.0,obs/smo/vf=off/lk=1,706.685,-0.718,-0.718,-2.597,-0.076,-130.807,0.0606
3468,78.902,99282.0,obs/smo/vf=off/lk=1,706.685,-0.645,-0.645,-2.67,0.0,-130.486,0.0606
3469,78.922,99302.0,obs/smo/vf=off/lk=1,706.687,-0.545,-0.545,-2.768,0.077,-129.651,0.0606
3470,78.942,99322.0,obs/smo/vf=off/lk=1,706.69,-0.392,-0.392,-2.918,0.156,-128.173,0.0606
3471,78.962,99342.0,obs/smo/vf=off/lk=1,706.69,-0.282,-0.282,-3.029,0.0,-127.228,0.0583
3472,78.982,99362.0,obs/smo/vf=off/lk=1,706.688,-1.027,-1.027,-2.285,-0.077,-126.799,0.0606
3473,79.002,99382.0,obs/smo/vf=off/lk=1,706.685,-0.86,-0.86,-2.455,-0.077,-125.208,0.0606
3474,79.022,99402.0,obs/smo/vf=off/lk=1,706.685,-0.659,-0.659,-2.656,-0.077,-125.401,0.0606
3475,79.042,99422.0,obs/smo/vf=off/lk=1,706.688,-0.463,-0.463,-2.849,0.077,-124.258,0.0606
3476,79.062,99442.0,obs/smo/vf=off/lk=1,706.69,-0.248,-0.248,-3.063,0.153,-123.202,0.0569
3477,79.082,99462.0,obs/smo/vf=off/lk=1,706.687,-0.905,-0.905,-2.409,-0.154,-122.232,0.0606
3478,79.102,99482.0,obs/smo/vf=off/lk=1,706.683,-0.675,-0.675,-2.641,-0.152,-122.149,0.0606
3479,79.122,99502.0,obs/smo/vf=off/lk=1,706.69,-0.377,-0.377,-2.934,0.311,-120.242,0.0606
3480,79.142,99522.0,obs/smo/vf=off/lk=1,706.688,-0.984,-0.984,-2.328,-0.077,-120.121,0.0606
3481,79.162,99542.0,obs/smo/vf=off/lk=1,706.683,-0.685,-0.685,-2.632,-0.23,-119.109,0.0606
3482,79.182,99562.0,obs/smo/vf=off/lk=1,706.69,-0.369,-0.369,-2.941,0.306,-117.848,0.0606
3483,79.202,99582.0,obs/smo/vf=off/lk=1,706.687,-0.925,-0.925,-2.388,-0.154,-117.286,0.0606
3484,79.222,99602.0,obs/smo/vf=off/lk=1,706.685,-0.572,-0.572,-2.743,-0.077,-117.019,0.0606
3485,79.242,99622.0,obs/smo/vf=off/lk=1,706.691,-0.197,-0.197,-3.112,0.307,-115.821,0.0549
3486,79.262,99642.0,obs/smo/vf=off/lk=1,706.683,-0.71,-0.71,-2.607,-0.383,-114.729,0.0606
3487,79.282,99662.0,obs/smo/vf=off/lk=1,706.691,-0.301,-0.301,-3.008,0.384,-113.607,0.0585
3488,79.302,99682.0,obs/smo/vf=off/lk=1,706.683,-0.772,-0.772,-2.545,-0.384,-112.736,0.0606
3489,79.322,99702.0,obs/smo/vf=off/lk=1,706.691,-0.333,-0.333,-2.976,0.383,-111.808,0.0602
3490,79.342,99722.0,obs/smo/vf=off/lk=1,706.682,-0.766,-0.766,-2.552,-0.384,-110.716,0.0606
3491,79.362,99742.0,obs/smo/vf=off/lk=1,706.691,-0.29,-0.29,-3.019,0.383,-110.151,0.0583
3492,79.382,99762.0,obs/smo/vf=off/lk=1,706.682,-0.689,-0.689,-2.629,-0.461,-109.528,0.0606
3493,79.402,99782.0,obs/smo/vf=off/lk=1,706.691,-1.07,-1.07,-2.238,0.46,-108.894,0.0606
3494,79.422,99802.0,obs/smo/vf=off/lk=1,706.683,-0.542,-0.542,-2.775,-0.383,-108.094,0.0606
3495,79.442,99822.0,obs/smo/vf=off/lk=1,706.687,-0.888,-0.888,-2.425,0.154,-106.352,0.0606
3496,79.462,99842.0,obs/smo/vf=off/lk=1,706.69,-0.326,-0.326,-2.984,0.153,-105.524,0.0602
3497,79.482,99862.0,obs/smo/vf=off/lk=1,706.682,-0.639,-0.639,-2.679,-0.384,-105.405,0.0606
3498,79.502,99882.0,obs/smo/vf=off/lk=1,706.688,-0.931,-0.931,-2.381,0.383,-103.877,0.0606
3499,79.522,99902.0,obs/smo/vf=off/lk=1,706.691,-0.294,-0.294,-3.015,0.0,-102.83,0.0586
3500,79.542,99922.0,obs/smo/vf=off/lk=1,706.682,-0.556,-0.556,-2.762,-0.383,-102.732,0.0606
3501,79.562,99942.0,obs/smo/vf=off/lk=1,706.685,-0.798,-0.798,-2.518,0.153,-100.761,0.0606
3502,79.582,99962.0,obs/smo/vf=off/lk=1,706.691,-1.019,-1.019,-2.29,0.383,-100.705,0.0606
3503,79.602,99982.0,obs/smo/vf=off/lk=1,706.69,-0.326,-0.326,-2.985,-0.23,-99.048,0.0596
3504,79.622,100002.0,obs/smo/vf=off/lk=1,706.683,-0.509,-0.509,-2.808,-0.23,-98.751,0.0606
3505,79.642,100022.0,obs/smo/vf=off/lk=1,706.682,-0.677,-0.677,-2.641,-0.077,-97.573,0.0606
3506,79.662,100042.0,obs/smo/vf=off/lk=1,706.687,-0.822,-0.822,-2.492,0.23,-95.911,0.0606
3507,79.682,100062.0,obs/smo/vf=off/lk=1,706.69,-0.947,-0.947,-2.363,0.23,-95.735,0.0606
3508,79.702,100082.0,obs/smo/vf=off/lk=1,706.693,-1.054,-1.054,-2.253,0.077,-95.055,0.0606
3509,79.722,100102.0,obs/smo/vf=off/lk=1,706.691,-0.249,-0.249,-3.06,-0.077,-93.681,0.0564
3510,79.742,100122.0,obs/smo/vf=off/lk=1,706.69,-0.322,-0.322,-2.989,-0.153,-92.608,0.0599
3511,79.762,100142.0,obs/smo/vf=off/lk=1,706.687,-0.377,-0.377,-2.937,-0.077,-91.591,0.0606
3512,79.782,100162.0,obs/smo/vf=off/lk=1,706.685,-0.412,-0.412,-2.904,-0.077,-90.491,0.0606
3513,79.802,100182.0,obs/smo/vf=off/lk=1,706.685,-0.429,-0.429,-2.887,0.0,-89.811,0.0606
3514,79.822,100202.0,obs/smo/vf=off/lk=1,706.685,-0.425,-0.425,-2.89,-0.077,-88.89,0.0606
3515,79.842,100222.0,obs/smo/vf=off/lk=1,706.687,-0.381,-0.381,-2.933,0.078,-87.943,0.0606
3516,79.862,100242.0,obs/smo/vf=off/lk=1,706.688,-0.341,-0.341,-2.971,0.077,-86.823,0.0606
3517,79.882,100262.0,obs/smo/vf=off/lk=1,706.69,-0.278,-0.278,-3.033,0.077,-85.835,0.0567
3518,79.902,100282.0,obs/smo/vf=off/lk=1,706.693,-1.092,-1.092,-2.215,0.154,-85.366,0.0606
3519,79.922,100302.0,obs/smo/vf=off/lk=1,706.691,-0.989,-0.989,-2.32,0.077,-84.491,0.0606
3520,79.942,100322.0,obs/smo/vf=off/lk=1,706.688,-0.867,-0.867,-2.445,-0.154,-82.738,0.0606
3521,79.962,100342.0,obs/smo/vf=off/lk=1,706.683,-0.742,-0.742,-2.574,-0.304,-82.053,0.0606
3522,79.982,100362.0,obs/smo/vf=off/lk=1,706.68,-0.591,-0.591,-2.729,-0.153,-81.85,0.0606
3523,80.002,100382.0,obs/smo/vf=off/lk=1,706.685,-0.406,-0.406,-2.909,0.154,-80.107,0.0606
3524,80.022,100402.0,obs/smo/vf=off/lk=1,706.691,-1.091,-1.091,-2.218,0.387,-79.564,0.0606
3525,80.042,100422.0,obs/smo/vf=off/lk=1,706.69,-0.894,-0.894,-2.416,0.0,-78.151,0.0606
3526,80.062,100442.0,obs/smo/vf=off/lk=1,706.68,-0.635,-0.635,-2.685,-0.545,-77.65,0.0606
3527,80.082,100462.0,obs/smo/vf=off/lk=1,706.685,-0.383,-0.383,-2.932,0.229,-76.18,0.0606
3528,80.102,100482.0,obs/smo/vf=off/lk=1,706.693,-1.003,-1.003,-2.305,0.384,-75.84,0.0606
3529,80.122,100502.0,obs/smo/vf=off/lk=1,706.682,-0.706,-0.706,-2.612,-0.461,-74.469,0.0606
3530,80.142,100522.0,obs/smo/vf=off/lk=1,706.685,-0.392,-0.392,-2.923,0.0,-73.18,0.0606
3531,80.162,100542.0,obs/smo/vf=off/lk=1,706.691,-0.947,-0.947,-2.362,0.461,-72.601,0.0606
3532,80.182,100562.0,obs/smo/vf=off/lk=1,706.679,-0.594,-0.594,-2.727,-0.689,-71.788,0.0606
3533,80.202,100582.0,obs/smo/vf=off/lk=1,706.691,-0.218,-0.218,-3.091,0.613,-70.449,0.0541
3534,80.222,100602.0,obs/smo/vf=off/lk=1,706.682,-0.716,-0.716,-2.602,-0.461,-69.224,0.0606
3535,80.242,100622.0,obs/smo/vf=off/lk=1,706.688,-0.303,-0.303,-3.009,0.305,-68.109,0.0586
3536,80.262,100642.0,obs/smo/vf=off/lk=1,706.683,-0.76,-0.76,-2.556,-0.23,-66.875,0.0606
3537,80.282,100662.0,obs/smo/vf=off/lk=1,706.688,-0.308,-0.308,-3.004,0.229,-66.262,0.0593
3538,80.302,100682.0,obs/smo/vf=off/lk=1,706.68,-0.722,-0.722,-2.597,-0.308,-65.02,0.0606
3539,80.322,100702.0,obs/smo/vf=off/lk=1,706.694,-0.21,-0.21,-3.096,0.54,-64.55,0.0538
3540,80.342,100722.0,obs/smo/vf=off/lk=1,706.676,-0.591,-0.591,-2.733,-0.842,-63.81,0.0606
3541,80.362,100742.0,obs/smo/vf=off/lk=1,706.694,-0.946,-0.946,-2.36,0.998,-62.409,0.0606
3542,80.382,100762.0,obs/smo/vf=off/lk=1,706.682,-0.393,-0.393,-2.925,-0.686,-60.87,0.0606
3543,80.402,100782.0,obs/smo/vf=off/lk=1,706.68,-0.707,-0.707,-2.612,-0.077,-60.056,0.0606
3544,80.422,100802.0,obs/smo/vf=off/lk=1,706.697,-1.006,-1.006,-2.297,0.766,-59.576,0.0606
3545,80.442,100822.0,obs/smo/vf=off/lk=1,706.682,-0.39,-0.39,-2.928,-0.765,-57.974,0.0606
3546,80.462,100842.0,obs/smo/vf=off/lk=1,706.676,-0.644,-0.644,-2.68,-0.154,-57.336,0.0606
3547,80.482,100862.0,obs/smo/vf=off/lk=1,706.693,-0.879,-0.879,-2.428,0.844,-55.894,0.0606
3548,80.502,100882.0,obs/smo/vf=off/lk=1,706.694,-0.2,-0.2,-3.106,0.0,-55.116,0.0533
3549,80.522,100902.0,obs/smo/vf=off/lk=1,706.679,-0.388,-0.388,-2.934,-0.771,-53.743,0.0606
3550,80.542,100922.0,obs/smo/vf=off/lk=1,706.673,-0.556,-0.556,-2.771,-0.31,-53.695,0.0606
3551,80.562,100942.0,obs/smo/vf=off/lk=1,706.682,-0.727,-0.727,-2.591,0.453,-51.639,0.0606
3552,80.582,100962.0,obs/smo/vf=off/lk=1,706.693,-0.847,-0.847,-2.461,0.623,-50.594,0.0606
3553,80.602,100982.0,obs/smo/vf=off/lk=1,706.699,-0.962,-0.962,-2.34,0.23,-50.357,0.0606
3554,80.622,101002.0,obs/smo/vf=off/lk=1,706.696,-1.067,-1.067,-2.238,-0.152,-49.487,0.0606
3555,80.642,101022.0,obs/smo/vf=off/lk=1,706.69,-0.247,-0.247,-3.063,-0.382,-48.021,0.0557
3556,80.662,101042.0,obs/smo/vf=off/lk=1,706.685,-0.304,-0.304,-3.011,-0.23,-46.543,0.0583
3557,80.682,101062.0,obs/smo/vf=off/lk=1,706.682,-0.324,-0.324,-2.994,-0.156,-45.911,0.0598
3558,80.702,101082.0,obs/smo/vf=off/lk=1,706.679,-0.342,-0.342,-2.979,-0.077,-44.966,0.0604
3559,80.722,101102.0,obs/smo/vf=off/lk=1,706.679,-0.339,-0.339,-2.983,-0.077,-43.523,0.0603
3560,80.742,101122.0,obs/smo/vf=off/lk=1,706.68,-0.322,-0.322,-2.998,0.152,-42.873,0.0593
3561,80.762,101142.0,obs/smo/vf=off/lk=1,706.685,-0.279,-0.279,-3.036,0.153,-42.004,0.0567
3562,80.782,101162.0,obs/smo/vf=off/lk=1,706.691,-0.214,-0.214,-3.095,0.307,-41.226,0.0533
3563,80.802,101182.0,obs/smo/vf=off/lk=1,706.699,-1.025,-1.025,-2.276,0.462,-40.797,0.0606
3564,80.822,101202.0,obs/smo/vf=off/lk=1,706.7,-0.923,-0.923,-2.377,0.077,-39.485,0.0606
3565,80.842,101222.0,obs/smo/vf=off/lk=1,706.693,-0.804,-0.804,-2.503,-0.307,-37.731,0.0606
3566,80.862,101242.0,obs/smo/vf=off/lk=1,706.674,-0.672,-0.672,-2.654,-0.912,-37.579,0.0606
3567,80.882,101262.0,obs/smo/vf=off/lk=1,706.662,-0.507,-0.507,-2.831,-0.695,-36.857,0.0606
3568,80.902,101282.0,obs/smo/vf=off/lk=1,706.673,-0.332,-0.332,-2.995,0.535,-35.102,0.0601
3569,80.922,101302.0,obs/smo/vf=off/lk=1,706.699,-1.031,-1.031,-2.27,1.31,-35.061,0.0606
3570,80.942,101322.0,obs/smo/vf=off/lk=1,706.696,-0.818,-0.818,-2.487,-0.077,-33.231,0.0606
3571,80.962,101342.0,obs/smo/vf=off/lk=1,706.664,-0.593,-0.593,-2.744,-1.595,-33.171,0.0606
3572,80.982,101362.0,obs/smo/vf=off/lk=1,706.67,-0.341,-0.341,-2.99,0.155,-31.567,0.0606
3573,81.002,101382.0,obs/smo/vf=off/lk=1,706.705,-0.97,-0.97,-2.325,1.84,-31.371,0.0606
3574,81.022,101402.0,obs/smo/vf=off/lk=1,706.677,-0.692,-0.692,-2.63,-1.292,-30.006,0.0606
3575,81.042,101422.0,obs/smo/vf=off/lk=1,706.662,-0.382,-0.382,-2.956,-0.925,-29.047,0.0606
3576,81.062,101442.0,obs/smo/vf=off/lk=1,706.708,-0.951,-0.951,-2.341,2.4,-28.647,0.0606
3577,81.082,101462.0,obs/smo/vf=off/lk=1,706.66,-0.623,-0.623,-2.717,-2.347,-27.956,0.0606
3578,81.102,101482.0,obs/smo/vf=off/lk=1,706.679,-0.262,-0.262,-3.059,0.851,-26.564,0.0559
3579,81.122,101502.0,obs/smo/vf=off/lk=1,706.696,-0.792,-0.792,-2.513,0.991,-25.218,0.0606
3580,81.142,101522.0,obs/smo/vf=off/lk=1,706.65,-0.4,-0.4,-2.95,-2.385,-24.903,0.0606
3581,81.162,101542.0,obs/smo/vf=off/lk=1,706.716,-0.894,-0.894,-2.39,3.281,-23.935,0.0606
3582,81.182,101562.0,obs/smo/vf=off/lk=1,706.634,-0.473,-0.473,-2.893,-4.081,-23.646,0.0606
3583,81.202,101582.0,obs/smo/vf=off/lk=1,706.717,-0.939,-0.939,-2.344,4.122,-22.924,0.0606
3584,81.222,101602.0,obs/smo/vf=off/lk=1,706.624,-0.487,-0.487,-2.889,-4.699,-22.236,0.0606
3585,81.242,101622.0,obs/smo/vf=off/lk=1,706.72,-0.921,-0.921,-2.358,4.811,-21.238,0.0606
3586,81.262,101642.0,obs/smo/vf=off/lk=1,706.621,-0.444,-0.444,-2.936,-5.079,-20.614,0.0606
3587,81.282,101662.0,obs/smo/vf=off/lk=1,706.717,-0.852,-0.852,-2.431,4.967,-19.181,0.0606
3588,81.302,101682.0,obs/smo/vf=off/lk=1,706.631,-0.345,-0.345,-3.023,-4.447,-18.928,0.0606
3589,81.322,101702.0,obs/smo/vf=off/lk=1,706.664,-0.722,-0.722,-2.615,1.79,-18.734,0.0606
3590,81.342,101722.0,obs/smo/vf=off/lk=1,706.676,-1.089,-1.089,-2.236,0.532,-18.051,0.0606
3591,81.362,101742.0,obs/smo/vf=off/lk=1,706.588,-0.544,-0.544,-2.868,-4.364,-17.35,0.0606
3592,81.382,101762.0,obs/smo/vf=off/lk=1,706.719,-0.886,-0.886,-2.395,6.491,-16.166,0.0606
3593,81.402,101782.0,obs/smo/vf=off/lk=1,706.622,-0.314,-0.314,-3.064,-4.973,-15.813,0.0606
3594,81.422,101802.0,obs/smo/vf=off/lk=1,706.596,-0.629,-0.629,-2.775,-1.146,-15.642,0.0606
3595,81.442,101822.0,obs/smo/vf=off/lk=1,706.716,-0.93,-0.93,-2.355,5.866,-14.743,0.0606
3596,81.462,101842.0,obs/smo/vf=off/lk=1,706.602,-0.321,-0.321,-3.076,-5.736,-14.032,0.0606
3597,81.482,101862.0,obs/smo/vf=off/lk=1,706.549,-0.6,-0.6,-2.852,-2.593,-13.462,0.0606
3598,81.502,101882.0,obs/smo/vf=off/lk=1,706.699,-0.864,-0.864,-2.437,7.415,-12.558,0.0606
3599,81.522,101902.0,obs/smo/vf=off/lk=1,706.634,-0.219,-0.219,3.136,-3.326,-12.536,0.0502
3600,81.542,101922.0,obs/smo/vf=off/lk=1,706.533,-0.456,-0.456,-3.011,-4.969,-12.107,0.0606
3601,81.562,101942.0,obs/smo/vf=off/lk=1,706.473,-0.671,-0.671,-2.855,-2.991,-9.288,0.0606
3602,81.582,101962.0,obs/smo/vf=off/lk=1,706.578,-0.87,-0.87,-2.553,5.259,-10.469,0.0606
3603,81.602,101982.0,obs/smo/vf=off/lk=1,706.639,-1.062,-1.062,-2.299,2.922,-9.021,0.0606
3604,81.622,102002.0,obs/smo/vf=off/lk=1,706.552,-0.338,-0.338,-3.111,-4.366,-8.441,0.0606
3605,81.642,102022.0,obs/smo/vf=off/lk=1,706.381,-0.517,-0.517,-3.101,-8.646,-9.251,0.0606
3606,81.662,102042.0,obs/smo/vf=off/lk=1,706.159,-0.702,-0.702,-3.139,-10.935,-8.627,0.0606
3607,81.682,102062.0,obs/smo/vf=off/lk=1,705.992,-0.859,-0.859,3.134,-8.336,-8.191,0.0606
3608,81.702,102082.0,obs/smo/vf=off/lk=1,705.815,-1.023,-1.023,3.121,-8.757,-7.851,0.0606
3609,81.722,102102.0,obs/smo/vf=off/lk=1,705.74,-0.258,-0.258,2.281,-3.787,-5.376,0.0606
3610,81.742,102122.0,obs/smo/vf=off/lk=1,705.72,-0.352,-0.352,2.355,-0.991,-4.279,0.0606
3611,81.762,102142.0,obs/smo/vf=off/lk=1,705.735,-0.441,-0.441,2.46,0.85,-4.631,0.0606
3612,81.782,102162.0,obs/smo/vf=off/lk=1,705.817,-0.539,-0.539,2.639,4.019,-4.979,0.0606
3613,81.802,102182.0,obs/smo/vf=off/lk=1,705.935,-0.625,-0.625,2.843,5.843,-3.043,0.0606
3614,81.822,102202.0,obs/smo/vf=off/lk=1,705.933,-0.669,-0.669,2.885,-0.077,-1.55,0.0606
3615,81.842,102222.0,obs/smo/vf=off/lk=1,705.913,-0.684,-0.684,2.881,-0.987,-0.16,0.0606
3616,81.862,102242.0,obs/smo/vf=off/lk=1,705.912,-0.676,-0.676,2.871,-0.077,0.923,0.0606
3617,81.882,102262.0,obs/smo/vf=off/lk=1,705.917,-0.649,-0.649,2.849,0.231,1.738,0.0606
3618,81.902,102282.0,obs/smo/vf=off/lk=1,705.927,-0.613,-0.613,2.823,0.541,2.094,0.0606
3619,81.922,102302.0,obs/smo/vf=off/lk=1,705.949,-0.571,-0.571,2.803,1.063,2.033,0.0606
3620,81.942,102322.0,obs/smo/vf=off/lk=1,706.007,-0.53,-0.53,2.821,3.009,2.034,0.0606
3621,81.962,102342.0,obs/smo/vf=off/lk=1,706.096,-0.486,-0.486,2.866,4.361,2.222,0.0606
3622,81.982,102362.0,obs/smo/vf=off/lk=1,706.17,-0.439,-0.439,2.891,3.726,2.709,0.0606
3623,82.002,102382.0,obs/smo/vf=off/lk=1,706.208,-0.372,-0.372,2.863,1.868,4.061,0.0606
3624,82.022,102402.0,obs/smo/vf=off/lk=1,706.265,-0.273,-0.273,2.821,2.889,5.409,0.0606
3625,82.042,102422.0,obs/smo/vf=off/lk=1,706.335,-1.056,-1.056,-2.609,3.555,5.654,0.0606
3626,82.062,102442.0,obs/smo/vf=off/lk=1,706.427,-0.95,-0.95,-2.623,4.5,5.073,0.0606
3627,82.082,102462.0,obs/smo/vf=off/lk=1,706.536,-0.848,-0.848,-2.615,5.53,5.129,0.0606
3628,82.102,102482.0,obs/smo/vf=off/lk=1,706.7,-0.741,-0.741,-2.559,8.241,6.479,0.0606
3629,82.122,102502.0,obs/smo/vf=off/lk=1,706.776,-0.597,-0.597,-2.627,3.725,6.969,0.0606
3630,82.142,102522.0,obs/smo/vf=off/lk=1,706.884,-0.47,-0.47,-2.646,5.349,5.962,0.0606
3631,82.162,102542.0,obs/smo/vf=off/lk=1,707.019,-0.347,-0.347,-2.633,6.877,6.42,0.0606
3632,82.182,102562.0,obs/smo/vf=off/lk=1,707.196,-0.208,-0.208,-2.596,8.848,8.059,0.0606
3633,82.202,102582.0,obs/smo/vf=off/lk=1,707.296,-0.948,-0.948,-1.756,4.945,7.2,0.0606
3634,82.222,102602.0,obs/smo/vf=off/lk=1,707.447,-0.805,-0.805,-1.748,7.556,7.247,0.0606
3635,82.242,102622.0,obs/smo/vf=off/lk=1,707.624,-0.65,-0.65,-1.726,9.04,8.215,0.0606
3636,82.262,102642.0,obs/smo/vf=off/lk=1,707.771,-0.488,-0.488,-1.741,7.294,7.385,0.0606
3637,82.282,102662.0,obs/smo/vf=off/lk=1,707.926,-0.333,-0.333,-1.741,7.681,7.809,0.0606
3638,82.302,102682.0,obs/smo/vf=off/lk=1,708.096,-1.059,-1.059,-0.844,8.471,8.963,0.0606
3639,82.322,102702.0,obs/smo/vf=off/lk=1,708.254,-0.891,-0.891,-0.855,7.934,8.031,0.0606
3640,82.342,102722.0,obs/smo/vf=off/lk=1,708.432,-0.725,-0.725,-0.843,8.89,8.561,0.0606
3641,82.362,102742.0,obs/smo/vf=off/lk=1,708.587,-0.544,-0.544,-0.869,7.695,8.879,0.0606
3642,82.382,102762.0,obs/smo/vf=off/lk=1,708.741,-0.368,-0.368,-0.891,7.681,8.58,0.0606
3643,82.402,102782.0,obs/smo/vf=off/lk=1,708.946,-1.09,-1.09,0.036,10.312,9.072,0.0606
3644,82.422,102802.0,obs/smo/vf=off/lk=1,709.098,-0.906,-0.906,0.004,7.502,9.017,0.0606
3645,82.442,102822.0,obs/smo/vf=off/lk=1,709.262,-0.721,-0.721,-0.017,8.328,9.089,0.0606
3646,82.462,102842.0,obs/smo/vf=off/lk=1,709.474,-0.541,-0.541,0.015,10.574,9.032,0.0606
3647,82.482,102862.0,obs/smo/vf=off/lk=1,709.623,-0.36,-0.36,-0.018,7.482,9.492,0.0606
3648,82.502,102882.0,obs/smo/vf=off/lk=1,709.819,-1.07,-1.07,0.889,9.818,9.092,0.0606
3649,82.522,102902.0,obs/smo/vf=off/lk=1,710.0,-0.884,-0.884,0.883,9.072,9.369,0.0606
3650,82.542,102922.0,obs/smo/vf=off/lk=1,710.169,-0.692,-0.692,0.861,8.43,9.711,0.0606
3651,82.562,102942.0,obs/smo/vf=off/lk=1,710.387,-0.506,-0.506,0.892,10.834,9.192,0.0606
3652,82.582,102962.0,obs/smo/vf=off/lk=1,710.561,-0.319,-0.319,0.88,8.686,9.467,0.0606
3653,82.602,102982.0,obs/smo/vf=off/lk=1,710.77,-1.028,-1.028,1.798,10.573,9.643,0.0606
3654,82.622,103002.0,obs/smo/vf=off/lk=1,710.957,-0.838,-0.838,1.795,9.222,9.408,0.0606
3655,82.642,103022.0,obs/smo/vf=off/lk=1,711.163,-0.646,-0.646,1.809,10.251,9.652,0.0606
3656,82.662,103042.0,obs/smo/vf=off/lk=1,711.345,-0.455,-0.455,1.8,9.34,9.362,0.0606
3657,82.682,103062.0,obs/smo/vf=off/lk=1,711.542,-0.259,-0.259,1.801,9.583,9.804,0.0606
3658,82.702,103082.0,obs/smo/vf=off/lk=1,711.735,-0.959,-0.959,2.694,9.681,9.925,0.0606
3659,82.722,103102.0,obs/smo/vf=off/lk=1,711.907,-0.758,-0.758,2.664,8.657,10.246,0.0606
3660,82.742,103122.0,obs/smo/vf=off/lk=1,712.12,-0.561,-0.561,2.681,10.639,9.514,0.0606
3661,82.762,103142.0,obs/smo/vf=off/lk=1,712.27,-0.362,-0.362,2.633,7.574,10.967,0.0606
3662,82.782,103162.0,obs/smo/vf=off/lk=1,712.436,-1.041,-1.041,-2.806,8.348,10.513,0.0606
3663,82.802,103182.0,obs/smo/vf=off/lk=1,712.591,-0.823,-0.823,-2.869,7.542,12.122,0.0606
3664,82.822,103202.0,obs/smo/vf=off/lk=1,712.545,-0.575,-0.575,3.12,-2.494,11.248,0.0606
3665,82.842,103222.0,obs/smo/vf=off/lk=1,712.465,-0.339,-0.339,2.804,-3.811,12.632,0.0606
3666,82.862,103242.0,obs/smo/vf=off/lk=1,712.603,-0.983,-0.983,-2.697,6.963,11.93,0.0606
3667,82.882,103262.0,obs/smo/vf=off/lk=1,712.743,-0.735,-0.735,-2.805,6.987,13.376,0.0606
3668,82.902,103282.0,obs/smo/vf=off/lk=1,712.803,-0.47,-0.47,-3.01,2.845,12.795,0.0606
3669,82.922,103302.0,obs/smo/vf=off/lk=1,712.666,-0.202,-0.202,2.868,-6.729,14.802,0.0606
3670,82.942,103322.0,obs/smo/vf=off/lk=1,712.718,-0.823,-0.823,-2.743,2.773,13.706,0.0606
3671,82.962,103342.0,obs/smo/vf=off/lk=1,712.839,-0.542,-0.542,-2.902,6.1,13.827,0.0606
3672,82.982,103362.0,obs/smo/vf=off/lk=1,712.846,-0.244,-0.244,3.09,0.153,15.275,0.0606
3673,83.002,103382.0,obs/smo/vf=off/lk=1,712.801,-0.842,-0.842,-2.64,-2.128,14.689,0.0606
3674,83.022,103402.0,obs/smo/vf=off/lk=1,712.982,-0.557,-0.557,-2.744,9.213,13.7,0.0606
3675,83.042,103422.0,obs/smo/vf=off/lk=1,713.14,-0.261,-0.261,-2.883,7.927,16.404,0.0606
3676,83.062,103442.0,obs/smo/vf=off/lk=1,713.106,-0.841,-0.841,-2.336,-1.89,15.381,0.0606
3677,83.082,103462.0,obs/smo/vf=off/lk=1,713.051,-0.508,-0.508,-2.725,-2.533,15.553,0.0606
3678,83.102,103482.0,obs/smo/vf=off/lk=1,713.158,-1.074,-1.074,-2.051,5.35,17.728,0.0606
3679,83.122,103502.0,obs/smo/vf=off/lk=1,713.066,-0.734,-0.734,-2.483,-4.65,18.381,0.0606
3680,83.142,103522.0,obs/smo/vf=off/lk=1,713.099,-0.382,-0.382,-2.802,1.76,17.231,0.0606
3681,83.162,103542.0,obs/smo/vf=off/lk=1,713.145,-0.917,-0.917,-2.222,2.145,17.18,0.0606
3682,83.182,103562.0,obs/smo/vf=off/lk=1,713.051,-0.551,-0.551,-2.682,-4.577,18.196,0.0606
3683,83.202,103582.0,obs/smo/vf=off/lk=1,713.149,-1.075,-1.075,-2.059,4.816,19.56,0.0606
3684,83.222,103602.0,obs/smo/vf=off/lk=1,713.057,-0.692,-0.692,-2.534,-4.659,20.674,0.0606
3685,83.242,103622.0,obs/smo/vf=off/lk=1,713.114,-0.299,-0.299,-2.87,2.899,20.435,0.0606
3686,83.262,103642.0,obs/smo/vf=off/lk=1,713.074,-0.797,-0.797,-2.412,-2.075,20.264,0.0606
3687,83.282,103662.0,obs/smo/vf=off/lk=1,713.073,-0.383,-0.383,-2.828,0.0,20.223,0.0606
3688,83.302,103682.0,obs/smo/vf=off/lk=1,713.057,-0.86,-0.86,-2.366,-0.768,20.405,0.0606
3689,83.322,103702.0,obs/smo/vf=off/lk=1,713.034,-0.434,-0.434,-2.815,-1.089,20.727,0.0606
3690,83.342,103722.0,obs/smo/vf=off/lk=1,713.014,-0.889,-0.889,-2.38,-1.136,21.062,0.0606
3691,83.362,103742.0,obs/smo/vf=off/lk=1,713.016,-0.448,-0.448,-2.82,0.233,21.35,0.0606
3692,83.382,103762.0,obs/smo/vf=off/lk=1,712.991,-0.888,-0.888,-2.405,-1.363,22.025,0.0606
3693,83.402,103782.0,obs/smo/vf=off/lk=1,713.016,-0.434,-0.434,-2.834,1.398,22.204,0.0606
3694,83.422,103802.0,obs/smo/vf=off/lk=1,712.98,-0.856,-0.856,-2.446,-1.894,23.314,0.0606
3695,83.442,103822.0,obs/smo/vf=off/lk=1,713.022,-0.386,-0.386,-2.876,2.251,23.884,0.0606
3696,83.462,103842.0,obs/smo/vf=off/lk=1,712.962,-0.791,-0.791,-2.53,-3.028,25.361,0.0606
3697,83.482,103862.0,obs/smo/vf=off/lk=1,713.031,-0.308,-0.308,-2.944,3.576,25.569,0.0606
3698,83.502,103882.0,obs/smo/vf=off/lk=1,712.957,-0.701,-0.701,-2.625,-3.726,25.97,0.0606
3699,83.522,103902.0,obs/smo/vf=off/lk=1,713.031,-0.196,-0.196,-3.056,3.591,26.197,0.0606
3700,83.542,103922.0,obs/smo/vf=off/lk=1,712.973,-0.582,-0.582,-2.728,-2.767,25.175,0.0606
3701,83.562,103942.0,obs/smo/vf=off/lk=1,713.008,-0.969,-0.969,-2.306,1.622,24.935,0.0606
3702,83.582,103962.0,obs/smo/vf=off/lk=1,713.002,-0.441,-0.441,-2.84,-0.153,25.44,0.0606
3703,83.602,103982.0,obs/smo/vf=off/lk=1,712.965,-0.81,-0.81,-2.508,-2.003,27.197,0.0606
3704,83.622,104002.0,obs/smo/vf=off/lk=1,713.025,-0.267,-0.267,-2.992,3.05,28.096,0.0606
3705,83.642,104022.0,obs/smo/vf=off/lk=1,712.967,-0.612,-0.612,-2.704,-2.827,27.426,0.0606
3706,83.662,104042.0,obs/smo/vf=off/lk=1,713.002,-0.965,-0.965,-2.316,1.624,26.459,0.0606
3707,83.682,104062.0,obs/smo/vf=off/lk=1,713.005,-0.406,-0.406,-2.872,0.305,27.474,0.0606
3708,83.702,104082.0,obs/smo/vf=off/lk=1,712.959,-0.738,-0.738,-2.586,-2.391,29.59,0.0606
3709,83.722,104102.0,obs/smo/vf=off/lk=1,713.016,-1.066,-1.066,-2.202,2.769,29.144,0.0606
3710,83.742,104122.0,obs/smo/vf=off/lk=1,712.987,-0.493,-0.493,-2.804,-1.312,27.826,0.0606
3711,83.762,104142.0,obs/smo/vf=off/lk=1,712.965,-0.804,-0.804,-2.514,-1.138,29.577,0.0606
3712,83.782,104162.0,obs/smo/vf=off/lk=1,713.014,-0.216,-0.216,-3.053,2.47,30.657,0.0606
3713,83.802,104182.0,obs/smo/vf=off/lk=1,712.982,-0.521,-0.521,-2.781,-1.537,28.696,0.0606
3714,83.822,104202.0,obs/smo/vf=off/lk=1,712.968,-0.816,-0.816,-2.499,-0.836,30.475,0.0606
3715,83.842,104222.0,obs/smo/vf=off/lk=1,713.013,-0.21,-0.21,-3.06,2.315,31.405,0.0606
3716,83.862,104242.0,obs/smo/vf=off/lk=1,712.985,-0.497,-0.497,-2.801,-1.308,29.636,0.0606
3717,83.882,104262.0,obs/smo/vf=off/lk=1,712.964,-0.772,-0.772,-2.548,-1.215,31.947,0.0606
3718,83.902,104282.0,obs/smo/vf=off/lk=1,713.007,-1.046,-1.046,-2.23,2.231,31.359,0.0606
3719,83.922,104302.0,obs/smo/vf=off/lk=1,712.994,-0.427,-0.427,-2.862,-0.54,30.712,0.0606
3720,83.942,104322.0,obs/smo/vf=off/lk=1,712.962,-0.681,-0.681,-2.64,-1.676,32.721,0.0606
3721,83.962,104342.0,obs/smo/vf=off/lk=1,712.988,-0.941,-0.941,-2.354,1.228,30.982,0.0606
3722,83.982,104362.0,obs/smo/vf=off/lk=1,713.01,-0.301,-0.301,-2.973,1.16,33.314,0.0606
3723,84.002,104382.0,obs/smo/vf=off/lk=1,712.977,-0.533,-0.533,-2.773,-1.591,31.708,0.0606
3724,84.022,104402.0,obs/smo/vf=off/lk=1,712.964,-0.776,-0.776,-2.544,-0.69,33.84,0.0606
3725,84.042,104422.0,obs/smo/vf=off/lk=1,712.997,-1.005,-1.005,-2.281,1.686,32.767,0.0606
3726,84.062,104442.0,obs/smo/vf=off/lk=1,713.003,-0.348,-0.348,-2.932,0.309,33.828,0.0606
3727,84.082,104462.0,obs/smo/vf=off/lk=1,712.973,-0.565,-0.565,-2.746,-1.452,33.159,0.0606
3728,84.102,104482.0,obs/smo/vf=off/lk=1,712.965,-0.795,-0.795,-2.523,-0.542,34.506,0.0606
3729,84.122,104502.0,obs/smo/vf=off/lk=1,712.997,-1.006,-1.006,-2.28,1.69,33.893,0.0606
3730,84.142,104522.0,obs/smo/vf=off/lk=1,713.007,-0.32,-0.32,-2.957,0.459,35.186,0.0606
3731,84.162,104542.0,obs/smo/vf=off/lk=1,712.979,-0.523,-0.523,-2.781,-1.302,33.648,0.0606
3732,84.182,104562.0,obs/smo/vf=off/lk=1,712.962,-0.72,-0.72,-2.601,-0.914,36.082,0.0606
3733,84.202,104582.0,obs/smo/vf=off/lk=1,712.98,-0.916,-0.916,-2.387,0.84,34.136,0.0606
3734,84.222,104602.0,obs/smo/vf=off/lk=1,713.003,-0.21,-0.21,-3.07,1.233,36.149,0.0606
3735,84.242,104622.0,obs/smo/vf=off/lk=1,712.997,-0.401,-0.401,-2.885,-0.308,35.128,0.0606
3736,84.262,104642.0,obs/smo/vf=off/lk=1,712.973,-0.575,-0.575,-2.735,-1.145,35.546,0.0606
3737,84.282,104662.0,obs/smo/vf=off/lk=1,712.964,-0.757,-0.757,-2.563,-0.538,37.009,0.0606
3738,84.302,104682.0,obs/smo/vf=off/lk=1,712.984,-0.925,-0.925,-2.375,0.991,35.19,0.0606
3739,84.322,104702.0,obs/smo/vf=off/lk=1,713.003,-0.199,-0.199,-3.081,1.004,37.225,0.0606
3740,84.342,104722.0,obs/smo/vf=off/lk=1,712.997,-0.368,-0.368,-2.918,-0.231,36.729,0.0606
3741,84.362,104742.0,obs/smo/vf=off/lk=1,712.979,-0.521,-0.521,-2.783,-0.995,36.05,0.0606
3742,84.382,104762.0,obs/smo/vf=off/lk=1,712.965,-0.671,-0.671,-2.647,-0.686,38.141,0.0606
3743,84.402,104782.0,obs/smo/vf=off/lk=1,712.97,-0.829,-0.829,-2.485,0.154,37.447,0.0606
3744,84.422,104802.0,obs/smo/vf=off/lk=1,712.99,-0.969,-0.969,-2.324,0.994,36.93,0.0606
3745,84.442,104822.0,obs/smo/vf=off/lk=1,713.003,-0.216,-0.216,-3.063,0.693,38.855,0.0606
3746,84.462,104842.0,obs/smo/vf=off/lk=1,712.997,-0.359,-0.359,-2.927,-0.154,38.181,0.0606
3747,84.482,104862.0,obs/smo/vf=off/lk=1,712.982,-0.488,-0.488,-2.813,-0.765,37.106,0.0606
3748,84.502,104882.0,obs/smo/vf=off/lk=1,712.968,-0.611,-0.611,-2.704,-0.764,38.682,0.0606
3749,84.522,104902.0,obs/smo/vf=off/lk=1,712.965,-0.74,-0.74,-2.578,-0.23,39.652,0.0606
3750,84.542,104922.0,obs/smo/vf=off/lk=1,712.977,-0.878,-0.878,-2.427,0.618,37.995,0.0606
3751,84.562,104942.0,obs/smo/vf=off/lk=1,712.993,-0.997,-0.997,-2.293,0.767,38.36,0.0606
3752,84.582,104962.0,obs/smo/vf=off/lk=1,713.002,-0.207,-0.207,-3.074,0.531,40.192,0.0606
3753,84.602,104982.0,obs/smo/vf=off/lk=1,712.999,-0.327,-0.327,-2.957,-0.154,39.679,0.0606
3754,84.622,105002.0,obs/smo/vf=off/lk=1,712.988,-0.435,-0.435,-2.86,-0.46,38.544,0.0606
3755,84.642,105022.0,obs/smo/vf=off/lk=1,712.976,-0.539,-0.539,-2.769,-0.614,38.859,0.0606
3756,84.662,105042.0,obs/smo/vf=off/lk=1,712.968,-0.634,-0.634,-2.681,-0.457,40.29,0.0606
3757,84.682,105062.0,obs/smo/vf=off/lk=1,712.965,-0.743,-0.743,-2.576,-0.155,40.936,0.0606
3758,84.702,105082.0,obs/smo/vf=off/lk=1,712.971,-0.837,-0.837,-2.475,0.306,39.969,0.0606
3759,84.722,105102.0,obs/smo/vf=off/lk=1,712.984,-0.926,-0.926,-2.374,0.537,39.423,0.0606
3760,84.742,105122.0,obs/smo/vf=off/lk=1,712.993,-1.013,-1.013,-2.278,0.461,40.251,0.0606
3761,84.762,105142.0,obs/smo/vf=off/lk=1,712.997,-1.092,-1.092,-2.194,0.305,41.448,0.0606
3762,84.782,105162.0,obs/smo/vf=off/lk=1,712.999,-0.278,-0.278,-3.006,0.077,41.849,0.0606
3763,84.802,105182.0,obs/smo/vf=off/lk=1,712.993,-0.357,-0.357,-2.934,-0.307,41.012,0.0606
3764,84.822,105202.0,obs/smo/vf=off/lk=1,712.987,-0.424,-0.424,-2.872,-0.23,40.438,0.0606
3765,84.842,105222.0,obs/smo/vf=off/lk=1,712.98,-0.49,-0.49,-2.813,-0.383,40.422,0.0606
3766,84.862,105242.0,obs/smo/vf=off/lk=1,712.973,-0.564,-0.564,-2.747,-0.389,41.308,0.0606
3767,84.882,105262.0,obs/smo/vf=off/lk=1,712.968,-0.623,-0.623,-2.692,-0.229,42.25,0.0606
3768,84.902,105282.0,obs/smo/vf=off/lk=1,712.965,-0.685,-0.685,-2.633,-0.154,42.942,0.0606
3769,84.922,105302.0,obs/smo/vf=off/lk=1,712.967,-0.735,-0.735,-2.581,0.0,42.92,0.0606
3770,84.942,105322.0,obs/smo/vf=off/lk=1,712.968,-0.787,-0.787,-2.528,0.153,42.676,0.0606
3771,84.962,105342.0,obs/smo/vf=off/lk=1,712.973,-0.844,-0.844,-2.467,0.231,42.079,0.0606
3772,84.982,105362.0,obs/smo/vf=off/lk=1,712.977,-0.885,-0.885,-2.421,0.153,41.787,0.0606
3773,85.002,105382.0,obs/smo/vf=off/lk=1,712.982,-0.931,-0.931,-2.371,0.309,41.876,0.0606
3774,85.022,105402.0,obs/smo/vf=off/lk=1,712.987,-0.962,-0.962,-2.334,0.152,42.327,0.0606
3775,85.042,105422.0,obs/smo/vf=off/lk=1,712.99,-0.998,-0.998,-2.296,0.23,42.809,0.0606
3776,85.062,105442.0,obs/smo/vf=off/lk=1,712.991,-1.032,-1.032,-2.26,0.077,43.173,0.0606
3777,85.082,105462.0,obs/smo/vf=off/lk=1,712.993,-1.063,-1.063,-2.227,0.077,43.978,0.0606
3778,85.102,105482.0,obs/smo/vf=off/lk=1,712.996,-1.092,-1.092,-2.195,0.077,44.241,0.0606
3779,85.122,105502.0,obs/smo/vf=off/lk=1,712.996,-0.206,-0.206,-3.082,0.076,44.67,0.0606
3780,85.142,105522.0,obs/smo/vf=off/lk=1,712.996,-0.227,-0.227,-3.06,0.0,44.911,0.0606
3781,85.162,105542.0,obs/smo/vf=off/lk=1,712.996,-0.246,-0.246,-3.041,0.0,45.162,0.0606
3782,85.182,105562.0,obs/smo/vf=off/lk=1,712.997,-0.263,-0.263,-3.023,0.077,45.256,0.0606
3783,85.202,105582.0,obs/smo/vf=off/lk=1,712.996,-0.274,-0.274,-3.013,0.0,45.344,0.0606
3784,85.222,105602.0,obs/smo/vf=off/lk=1,712.997,-0.285,-0.285,-3.001,0.0,45.6,0.0606
3785,85.242,105622.0,obs/smo/vf=off/lk=1,712.996,-0.292,-0.292,-2.996,-0.077,45.265,0.0606
3786,85.262,105642.0,obs/smo/vf=off/lk=1,712.996,-0.294,-0.294,-2.993,0.0,45.604,0.0606
3787,85.282,105662.0,obs/smo/vf=off/lk=1,712.994,-0.298,-0.298,-2.991,-0.077,45.586,0.0606
3788,85.302,105682.0,obs/smo/vf=off/lk=1,712.996,-0.295,-0.295,-2.993,0.077,45.756,0.0606
3789,85.322,105702.0,obs/smo/vf=off/lk=1,712.996,-0.291,-0.291,-2.996,0.077,45.963,0.0606
3790,85.342,105722.0,obs/smo/vf=off/lk=1,712.994,-0.284,-0.284,-3.005,-0.077,46.07,0.0606
3791,85.362,105742.0,obs/smo/vf=off/lk=1,712.996,-0.272,-0.272,-3.015,0.077,46.261,0.0606
3792,85.382,105762.0,obs/smo/vf=off/lk=1,712.997,-0.26,-0.26,-3.026,0.0,46.511,0.0606
3793,85.402,105782.0,obs/smo/vf=off/lk=1,712.996,-0.247,-0.247,-3.041,-0.077,46.854,0.0605
3794,85.422,105802.0,obs/smo/vf=off/lk=1,712.997,-0.229,-0.229,-3.057,0.077,46.892,0.0604
3795,85.442,105822.0,obs/smo/vf=off/lk=1,712.996,-0.208,-0.208,-3.079,-0.077,46.861,0.0604
3796,85.462,105842.0,obs/smo/vf=off/lk=1,712.996,-1.083,-1.083,-2.204,0.0,46.812,0.0606
3797,85.482,105862.0,obs/smo/vf=off/lk=1,712.993,-1.045,-1.045,-2.246,-0.151,46.424,0.0606
3798,85.502,105882.0,obs/smo/vf=off/lk=1,712.993,-1.014,-1.014,-2.277,-0.077,46.179,0.0606
3799,85.522,105902.0,obs/smo/vf=off/lk=1,712.988,-0.99,-0.99,-2.305,-0.155,46.009,0.0606
3800,85.542,105922.0,obs/smo/vf=off/lk=1,712.987,-0.952,-0.952,-2.345,-0.153,45.87,0.0606
3801,85.562,105942.0,obs/smo/vf=off/lk=1,712.982,-0.916,-0.916,-2.385,-0.153,45.818,0.0606
3802,85.582,105962.0,obs/smo/vf=off/lk=1,712.976,-0.874,-0.874,-2.434,-0.306,46.245,0.0606
3803,85.602,105982.0,obs/smo/vf=off/lk=1,712.973,-0.833,-0.833,-2.477,-0.153,46.716,0.0606
3804,85.622,106002.0,obs/smo/vf=off/lk=1,712.97,-0.789,-0.789,-2.524,-0.23,47.312,0.0606
3805,85.642,106022.0,obs/smo/vf=off/lk=1,712.967,-0.743,-0.743,-2.574,-0.077,48.091,0.0606
3806,85.662,106042.0,obs/smo/vf=off/lk=1,712.967,-0.691,-0.691,-2.626,0.0,48.285,0.0606
3807,85.682,106062.0,obs/smo/vf=off/lk=1,712.967,-0.638,-0.638,-2.678,0.0,48.109,0.0606
3808,85.702,106082.0,obs/smo/vf=off/lk=1,712.97,-0.586,-0.586,-2.728,0.153,47.492,0.0606
3809,85.722,106102.0,obs/smo/vf=off/lk=1,712.973,-0.543,-0.543,-2.768,0.156,46.609,0.0606
3810,85.742,106122.0,obs/smo/vf=off/lk=1,712.979,-0.482,-0.482,-2.822,0.307,46.815,0.0606
3811,85.762,106142.0,obs/smo/vf=off/lk=1,712.985,-0.421,-0.421,-2.877,0.383,47.065,0.0606
3812,85.782,106162.0,obs/smo/vf=off/lk=1,712.991,-0.357,-0.357,-2.935,0.23,48.008,0.0606
3813,85.802,106182.0,obs/smo/vf=off/lk=1,712.994,-0.289,-0.289,-3.0,0.23,48.979,0.0606
3814,85.822,106202.0,obs/smo/vf=off/lk=1,712.996,-0.216,-0.216,-3.072,0.0,49.38,0.0599
3815,85.842,106222.0,obs/smo/vf=off/lk=1,712.993,-1.041,-1.041,-2.249,-0.153,48.685,0.0606
3816,85.862,106242.0,obs/smo/vf=off/lk=1,712.988,-0.967,-0.967,-2.328,-0.306,47.925,0.0606
3817,85.882,106262.0,obs/smo/vf=off/lk=1,712.98,-0.89,-0.89,-2.412,-0.383,47.877,0.0606
3818,85.902,106282.0,obs/smo/vf=off/lk=1,712.971,-0.809,-0.809,-2.503,-0.383,48.853,0.0606
3819,85.922,106302.0,obs/smo/vf=off/lk=1,712.967,-0.726,-0.726,-2.591,-0.23,49.835,0.0606
3820,85.942,106322.0,obs/smo/vf=off/lk=1,712.967,-0.643,-0.643,-2.673,0.0,49.526,0.0606
3821,85.962,106342.0,obs/smo/vf=off/lk=1,712.97,-0.566,-0.566,-2.748,0.232,48.942,0.0606
3822,85.982,106362.0,obs/smo/vf=off/lk=1,712.977,-0.481,-0.481,-2.824,0.383,48.06,0.0606
3823,86.002,106382.0,obs/smo/vf=off/lk=1,712.987,-0.384,-0.384,-2.912,0.455,48.763,0.0606
3824,86.022,106402.0,obs/smo/vf=off/lk=1,712.919,-0.845,-0.845,-2.519,-3.484,49.059,0.0606
3825,86.042,106422.0,obs/smo/vf=off/lk=1,712.942,-0.747,-0.747,-2.594,1.146,49.568,0.0606
3826,86.062,106442.0,obs/smo/vf=off/lk=1,712.962,-0.656,-0.656,-2.666,1.074,50.569,0.0606
3827,86.082,106462.0,obs/smo/vf=off/lk=1,712.965,-0.561,-0.561,-2.757,0.153,49.498,0.0606
3828,86.102,106482.0,obs/smo/vf=off/lk=1,712.973,-0.466,-0.466,-2.845,0.383,48.639,0.0606
3829,86.122,106502.0,obs/smo/vf=off/lk=1,712.982,-0.36,-0.36,-2.941,0.456,49.385,0.0606
3830,86.142,106522.0,obs/smo/vf=off/lk=1,712.988,-0.273,-0.273,-3.023,0.233,50.722,0.0606
3831,86.162,106542.0,obs/smo/vf=off/lk=1,712.987,-1.066,-1.066,-2.231,-0.077,50.679,0.0606
3832,86.182,106562.0,obs/smo/vf=off/lk=1,712.98,-0.962,-0.962,-2.341,-0.306,49.354,0.0606
3833,86.202,106582.0,obs/smo/vf=off/lk=1,712.971,-0.858,-0.858,-2.454,-0.536,49.626,0.0606
3834,86.222,106602.0,obs/smo/vf=off/lk=1,712.964,-0.746,-0.746,-2.574,-0.306,51.054,0.0606
3835,86.242,106622.0,obs/smo/vf=off/lk=1,712.962,-0.635,-0.635,-2.686,0.0,51.164,0.0606
3836,86.262,106642.0,obs/smo/vf=off/lk=1,712.97,-0.521,-0.521,-2.792,0.382,49.653,0.0606
3837,86.282,106662.0,obs/smo/vf=off/lk=1,712.979,-0.407,-0.407,-2.897,0.383,49.743,0.0606
3838,86.302,106682.0,obs/smo/vf=off/lk=1,712.987,-0.292,-0.292,-3.005,0.383,51.367,0.0606
3839,86.322,106702.0,obs/smo/vf=off/lk=1,712.987,-1.086,-1.086,-2.21,0.0,51.576,0.0606
3840,86.342,106722.0,obs/smo/vf=off/lk=1,712.98,-0.966,-0.966,-2.337,-0.306,50.216,0.0606
3841,86.362,106742.0,obs/smo/vf=off/lk=1,712.97,-0.845,-0.845,-2.469,-0.537,50.4,0.0606
3842,86.382,106762.0,obs/smo/vf=off/lk=1,712.962,-0.713,-0.713,-2.609,-0.38,51.938,0.0606
3843,86.402,106782.0,obs/smo/vf=off/lk=1,712.965,-0.584,-0.584,-2.734,0.153,51.188,0.0606
3844,86.422,106802.0,obs/smo/vf=off/lk=1,712.974,-0.458,-0.458,-2.851,0.46,50.183,0.0606
3845,86.442,106822.0,obs/smo/vf=off/lk=1,712.984,-0.331,-0.331,-2.969,0.46,51.557,0.0606
3846,86.462,106842.0,obs/smo/vf=off/lk=1,712.987,-0.214,-0.214,-3.083,0.156,52.293,0.0602
3847,86.482,106862.0,obs/smo/vf=off/lk=1,712.982,-0.974,-0.974,-2.327,-0.306,51.343,0.0606
3848,86.502,106882.0,obs/smo/vf=off/lk=1,712.97,-0.842,-0.842,-2.471,-0.537,51.185,0.0606
3849,86.522,106902.0,obs/smo/vf=off/lk=1,712.962,-0.693,-0.693,-2.628,-0.38,52.582,0.0606
3850,86.542,106922.0,obs/smo/vf=off/lk=1,712.967,-0.562,-0.562,-2.754,0.309,51.383,0.0606
3851,86.562,106942.0,obs/smo/vf=off/lk=1,712.976,-0.425,-0.425,-2.882,0.46,50.879,0.0606
3852,86.582,106962.0,obs/smo/vf=off/lk=1,712.985,-0.284,-0.284,-3.015,0.384,52.727,0.0606
3853,86.602,106982.0,obs/smo/vf=off/lk=1,712.985,-1.034,-1.034,-2.264,0.0,52.289,0.0606
3854,86.622,107002.0,obs/smo/vf=off/lk=1,712.974,-0.889,-0.889,-2.42,-0.536,51.266,0.0606
3855,86.642,107022.0,obs/smo/vf=off/lk=1,712.965,-0.737,-0.737,-2.581,-0.533,52.943,0.0606
3856,86.662,107042.0,obs/smo/vf=off/lk=1,712.965,-0.6,-0.6,-2.718,0.078,52.652,0.0606
3857,86.682,107062.0,obs/smo/vf=off/lk=1,712.974,-0.454,-0.454,-2.855,0.538,51.406,0.0606
3858,86.702,107082.0,obs/smo/vf=off/lk=1,712.985,-0.304,-0.304,-2.994,0.46,52.932,0.0606
3859,86.722,107102.0,obs/smo/vf=off/lk=1,712.985,-1.042,-1.042,-2.256,0.0,52.896,0.0606
3860,86.742,107122.0,obs/smo/vf=off/lk=1,712.974,-0.889,-0.889,-2.42,-0.537,51.732,0.0606
3861,86.762,107142.0,obs/smo/vf=off/lk=1,712.964,-0.733,-0.733,-2.586,-0.537,53.408,0.0606
3862,86.782,107162.0,obs/smo/vf=off/lk=1,712.967,-0.567,-0.567,-2.75,0.152,52.425,0.0606
3863,86.802,107182.0,obs/smo/vf=off/lk=1,712.979,-0.408,-0.408,-2.896,0.612,52.125,0.0606
3864,86.822,107202.0,obs/smo/vf=off/lk=1,712.987,-0.261,-0.261,-3.036,0.39,53.522,0.0606
3865,86.842,107222.0,obs/smo/vf=off/lk=1,712.982,-0.99,-0.99,-2.311,-0.229,52.563,0.0606
3866,86.862,107242.0,obs/smo/vf=off/lk=1,712.968,-0.827,-0.827,-2.489,-0.689,52.863,0.0606
3867,86.882,107262.0,obs/smo/vf=off/lk=1,712.964,-0.661,-0.661,-2.658,-0.23,53.803,0.0606
3868,86.902,107282.0,obs/smo/vf=off/lk=1,712.971,-0.497,-0.497,-2.815,0.46,52.218,0.0606
3869,86.922,107302.0,obs/smo/vf=off/lk=1,712.984,-0.33,-0.33,-2.969,0.536,53.515,0.0606
3870,86.942,107322.0,obs/smo/vf=off/lk=1,712.985,-1.055,-1.055,-2.244,0.077,53.772,0.0606
3871,86.962,107342.0,obs/smo/vf=off/lk=1,712.974,-0.892,-0.892,-2.417,-0.539,52.512,0.0606
3872,86.982,107362.0,obs/smo/vf=off/lk=1,712.964,-0.714,-0.714,-2.605,-0.536,54.207,0.0606
3873,87.002,107382.0,obs/smo/vf=off/lk=1,712.968,-0.531,-0.531,-2.784,0.304,52.884,0.0606
3874,87.022,107402.0,obs/smo/vf=off/lk=1,712.98,-0.369,-0.369,-2.934,0.619,52.918,0.0606
3875,87.042,107422.0,obs/smo/vf=off/lk=1,712.987,-1.084,-1.084,-2.213,0.23,54.534,0.0606
3876,87.062,107442.0,obs/smo/vf=off/lk=1,712.976,-0.906,-0.906,-2.401,-0.536,52.802,0.0606
3877,87.082,107462.0,obs/smo/vf=off/lk=1,712.964,-0.727,-0.727,-2.592,-0.614,54.169,0.0606
3878,87.102,107482.0,obs/smo/vf=off/lk=1,712.968,-0.546,-0.546,-2.769,0.23,53.475,0.0606
3879,87.122,107502.0,obs/smo/vf=off/lk=1,712.98,-0.368,-0.368,-2.935,0.614,53.622,0.0606
3880,87.142,107522.0,obs/smo/vf=off/lk=1,712.987,-1.076,-1.076,-2.22,0.229,54.629,0.0606
3881,87.162,107542.0,obs/smo/vf=off/lk=1,712.974,-0.89,-0.89,-2.419,-0.536,53.244,0.0606
3882,87.182,107562.0,obs/smo/vf=off/lk=1,712.964,-0.702,-0.702,-2.617,-0.537,55.108,0.0606
3883,87.202,107582.0,obs/smo/vf=off/lk=1,712.97,-0.516,-0.516,-2.798,0.307,53.378,0.0606
3884,87.222,107602.0,obs/smo/vf=off/lk=1,712.982,-0.328,-0.328,-2.973,0.69,54.524,0.0606
3885,87.242,107622.0,obs/smo/vf=off/lk=1,712.985,-1.032,-1.032,-2.267,0.0,54.688,0.0606
3886,87.262,107642.0,obs/smo/vf=off/lk=1,712.973,-0.858,-0.858,-2.453,-0.623,53.731,0.0606
3887,87.282,107662.0,obs/smo/vf=off/lk=1,712.964,-0.665,-0.665,-2.655,-0.384,55.217,0.0606
3888,87.302,107682.0,obs/smo/vf=off/lk=1,712.974,-0.458,-0.458,-2.851,0.529,53.545,0.0606
3889,87.322,107702.0,obs/smo/vf=off/lk=1,712.985,-0.263,-0.263,-3.035,0.536,55.497,0.0606
3890,87.342,107722.0,obs/smo/vf=off/lk=1,712.982,-0.975,-0.975,-2.326,-0.233,54.205,0.0606
3891,87.362,107742.0,obs/smo/vf=off/lk=1,712.967,-0.779,-0.779,-2.537,-0.69,55.031,0.0606
3892,87.382,107762.0,obs/smo/vf=off/lk=1,712.965,-0.581,-0.581,-2.737,0.0,54.468,0.0606
3893,87.402,107782.0,obs/smo/vf=off/lk=1,712.979,-0.387,-0.387,-2.917,0.614,54.213,0.0606
3894,87.422,107802.0,obs/smo/vf=off/lk=1,712.985,-1.079,-1.079,-2.219,0.306,55.646,0.0606
3895,87.442,107822.0,obs/smo/vf=off/lk=1,712.974,-0.875,-0.875,-2.434,-0.612,54.104,0.0606
3896,87.462,107842.0,obs/smo/vf=off/lk=1,712.964,-0.673,-0.673,-2.647,-0.46,55.747,0.0606
3897,87.482,107862.0,obs/smo/vf=off/lk=1,712.973,-0.472,-0.472,-2.838,0.461,54.048,0.0606
3898,87.502,107882.0,obs/smo/vf=off/lk=1,712.985,-0.266,-0.266,-3.032,0.613,56.074,0.0606
3899,87.522,107902.0,obs/smo/vf=off/lk=1,712.98,-0.96,-0.96,-2.343,-0.308,54.6,0.0606
3900,87.542,107922.0,obs/smo/vf=off/lk=1,712.965,-0.751,-0.751,-2.567,-0.69,55.612,0.0606
3901,87.562,107942.0,obs/smo/vf=off/lk=1,712.968,-0.542,-0.542,-2.773,0.154,54.757,0.0606
3902,87.582,107962.0,obs/smo/vf=off/lk=1,712.982,-0.334,-0.334,-2.967,0.689,55.452,0.0606
3903,87.602,107982.0,obs/smo/vf=off/lk=1,712.984,-1.015,-1.015,-2.285,0.0,55.348,0.0606
3904,87.622,108002.0,obs/smo/vf=off/lk=1,712.968,-0.8,-0.8,-2.515,-0.689,55.516,0.0606
3905,87.642,108022.0,obs/smo/vf=off/lk=1,712.965,-0.585,-0.585,-2.733,-0.077,55.588,0.0606
3906,87.662,108042.0,obs/smo/vf=off/lk=1,712.979,-0.373,-0.373,-2.932,0.69,55.139,0.0606
3907,87.682,108062.0,obs/smo/vf=off/lk=1,712.985,-1.049,-1.049,-2.249,0.153,56.086,0.0606
3908,87.702,108082.0,obs/smo/vf=off/lk=1,712.971,-0.833,-0.833,-2.479,-0.689,55.18,0.0606
3909,87.722,108102.0,obs/smo/vf=off/lk=1,712.965,-0.612,-0.612,-2.706,-0.23,56.226,0.0606
3910,87.742,108122.0,obs/smo/vf=off/lk=1,712.977,-0.395,-0.395,-2.911,0.69,55.076,0.0606
3911,87.762,108142.0,obs/smo/vf=off/lk=1,712.985,-1.068,-1.068,-2.23,0.306,56.425,0.0606
3912,87.782,108162.0,obs/smo/vf=off/lk=1,712.973,-0.864,-0.864,-2.447,-0.701,55.125,0.0606
3913,87.802,108182.0,obs/smo/vf=off/lk=1,712.964,-0.626,-0.626,-2.694,-0.303,56.56,0.0606
3914,87.822,108202.0,obs/smo/vf=off/lk=1,712.977,-0.405,-0.405,-2.901,0.614,55.32,0.0606
3915,87.842,108222.0,obs/smo/vf=off/lk=1,712.985,-1.092,-1.092,-2.206,0.388,56.931,0.0606
3916,87.862,108242.0,obs/smo/vf=off/lk=1,712.973,-0.865,-0.865,-2.445,-0.613,55.395,0.0606
3917,87.882,108262.0,obs/smo/vf=off/lk=1,712.964,-0.638,-0.638,-2.682,-0.461,56.967,0.0606
3918,87.902,108282.0,obs/smo/vf=off/lk=1,712.976,-0.413,-0.413,-2.894,0.69,55.417,0.0606
3919,87.922,108302.0,obs/smo/vf=off/lk=1,712.985,-1.072,-1.072,-2.226,0.304,57.039,0.0606
3920,87.942,108322.0,obs/smo/vf=off/lk=1,712.971,-0.837,-0.837,-2.475,-0.612,55.882,0.0606
3921,87.962,108342.0,obs/smo/vf=off/lk=1,712.965,-0.613,-0.613,-2.705,-0.309,56.818,0.0606
3922,87.982,108362.0,obs/smo/vf=off/lk=1,712.979,-0.383,-0.383,-2.921,0.69,55.81,0.0606
3923,88.002,108382.0,obs/smo/vf=off/lk=1,712.984,-1.05,-1.05,-2.25,0.231,56.889,0.0606
3924,88.022,108402.0,obs/smo/vf=off/lk=1,712.97,-0.805,-0.805,-2.509,-0.759,56.485,0.0606
3925,88.042,108422.0,obs/smo/vf=off/lk=1,712.965,-0.578,-0.578,-2.74,-0.077,56.704,0.0606
3926,88.062,108442.0,obs/smo/vf=off/lk=1,712.98,-0.343,-0.343,-2.96,0.689,56.578,0.0606
3927,88.082,108462.0,obs/smo/vf=off/lk=1,712.982,-0.997,-0.997,-2.304,0.076,56.561,0.0606
3928,88.102,108482.0,obs/smo/vf=off/lk=1,712.967,-0.758,-0.758,-2.558,-0.765,57.136,0.0606
3929,88.122,108502.0,obs/smo/vf=off/lk=1,712.97,-0.518,-0.518,-2.795,0.154,56.043,0.0606
3930,88.142,108522.0,obs/smo/vf=off/lk=1,712.984,-0.281,-0.281,-3.019,0.69,57.451,0.0606
3931,88.162,108542.0,obs/smo/vf=off/lk=1,712.979,-0.938,-0.938,-2.366,-0.231,56.171,0.0606
3932,88.182,108562.0,obs/smo/vf=off/lk=1,712.965,-0.693,-0.693,-2.625,-0.69,57.971,0.0606
3933,88.202,108582.0,obs/smo/vf=off/lk=1,712.973,-0.452,-0.452,-2.859,0.461,56.167,0.0606
3934,88.222,108602.0,obs/smo/vf=off/lk=1,712.985,-0.205,-0.205,-3.093,0.535,57.721,0.0598
3935,88.242,108622.0,obs/smo/vf=off/lk=1,712.973,-0.855,-0.855,-2.456,-0.688,56.371,0.0606
3936,88.262,108642.0,obs/smo/vf=off/lk=1,712.965,-0.607,-0.607,-2.711,-0.307,57.636,0.0606
3937,88.282,108662.0,obs/smo/vf=off/lk=1,712.979,-0.364,-0.364,-2.941,0.767,56.908,0.0606
3938,88.302,108682.0,obs/smo/vf=off/lk=1,712.984,-1.022,-1.022,-2.278,0.077,57.397,0.0606
3939,88.322,108702.0,obs/smo/vf=off/lk=1,712.967,-0.769,-0.769,-2.548,-0.764,57.727,0.0606
3940,88.342,108722.0,obs/smo/vf=off/lk=1,712.97,-0.518,-0.518,-2.795,0.154,56.716,0.0606
3941,88.362,108742.0,obs/smo/vf=off/lk=1,712.984,-0.268,-0.268,-3.032,0.689,58.138,0.0605
3942,88.382,108762.0,obs/smo/vf=off/lk=1,712.976,-0.909,-0.909,-2.399,-0.382,56.54,0.0606
3943,88.402,108782.0,obs/smo/vf=off/lk=1,712.964,-0.657,-0.657,-2.663,-0.614,58.236,0.0606
3944,88.422,108802.0,obs/smo/vf=off/lk=1,712.976,-0.414,-0.414,-2.894,0.694,56.667,0.0606
3945,88.442,108822.0,obs/smo/vf=off/lk=1,712.984,-1.047,-1.047,-2.252,0.305,57.789,0.0606
3946,88.462,108842.0,obs/smo/vf=off/lk=1,712.968,-0.791,-0.791,-2.524,-0.765,57.673,0.0606
3947,88.482,108862.0,obs/smo/vf=off/lk=1,712.968,-0.534,-0.534,-2.781,0.077,57.044,0.0606
3948,88.502,108882.0,obs/smo/vf=off/lk=1,712.984,-0.278,-0.278,-3.022,0.69,58.346,0.0606
3949,88.522,108902.0,obs/smo/vf=off/lk=1,712.977,-0.92,-0.92,-2.386,-0.385,56.927,0.0606
3950,88.542,108922.0,obs/smo/vf=off/lk=1,712.964,-0.66,-0.66,-2.659,-0.614,58.527,0.0606
3951,88.562,108942.0,obs/smo/vf=off/lk=1,712.977,-0.398,-0.398,-2.908,0.687,57.117,0.0606
3952,88.582,108962.0,obs/smo/vf=off/lk=1,712.984,-1.044,-1.044,-2.256,0.31,58.176,0.0606
3953,88.602,108982.0,obs/smo/vf=off/lk=1,712.968,-0.782,-0.782,-2.533,-0.764,58.032,0.0606
3954,88.622,109002.0,obs/smo/vf=off/lk=1,712.97,-0.518,-0.518,-2.795,0.077,57.2,0.0606
3955,88.642,109022.0,obs/smo/vf=off/lk=1,712.984,-0.258,-0.258,-3.042,0.766,58.715,0.0604
3956,88.662,109042.0,obs/smo/vf=off/lk=1,712.976,-0.887,-0.887,-2.421,-0.535,57.166,0.0606
3957,88.682,109062.0,obs/smo/vf=off/lk=1,712.965,-0.638,-0.638,-2.68,-0.464,58.941,0.0606
3958,88.702,109082.0,obs/smo/vf=off/lk=1,712.979,-0.376,-0.376,-2.928,0.69,57.535,0.0606
3959,88.722,109102.0,obs/smo/vf=off/lk=1,712.982,-1.004,-1.004,-2.297,0.153,57.913,0.0606
3960,88.742,109122.0,obs/smo/vf=off/lk=1,712.967,-0.738,-0.738,-2.579,-0.841,58.625,0.0606
3961,88.762,109142.0,obs/smo/vf=off/lk=1,712.971,-0.475,-0.475,-2.837,0.384,57.084,0.0606
3962,88.782,109162.0,obs/smo/vf=off/lk=1,712.985,-0.206,-0.206,-3.093,0.612,59.066,0.0597
3963,88.802,109182.0,obs/smo/vf=off/lk=1,712.971,-0.834,-0.834,-2.478,-0.688,57.776,0.0606
3964,88.822,109202.0,obs/smo/vf=off/lk=1,712.967,-0.566,-0.566,-2.75,-0.231,58.009,0.0606
3965,88.842,109222.0,obs/smo/vf=off/lk=1,712.982,-0.303,-0.303,-2.998,0.767,58.79,0.0606
3966,88.862,109242.0,obs/smo/vf=off/lk=1,712.977,-0.925,-0.925,-2.381,-0.229,57.484,0.0606
3967,88.882,109262.0,obs/smo/vf=off/lk=1,712.965,-0.657,-0.657,-2.661,-0.614,58.992,0.0606
3968,88.902,109282.0,obs/smo/vf=off/lk=1,712.977,-0.391,-0.391,-2.915,0.615,57.901,0.0606
3969,88.922,109302.0,obs/smo/vf=off/lk=1,712.984,-1.031,-1.031,-2.269,0.233,58.718,0.0606
3970,88.942,109322.0,obs/smo/vf=off/lk=1,712.967,-0.76,-0.76,-2.557,-0.766,58.832,0.0606
3971,88.962,109342.0,obs/smo/vf=off/lk=1,712.971,-0.482,-0.482,-2.83,0.304,57.454,0.0606
3972,88.982,109362.0,obs/smo/vf=off/lk=1,712.984,-0.203,-0.203,-3.096,0.535,59.22,0.0596
3973,89.002,109382.0,obs/smo/vf=off/lk=1,712.971,-0.835,-0.835,-2.477,-0.616,58.016,0.0606
3974,89.022,109402.0,obs/smo/vf=off/lk=1,712.967,-0.557,-0.557,-2.76,-0.153,58.235,0.0606
3975,89.042,109422.0,obs/smo/vf=off/lk=1,712.984,-0.284,-0.284,-3.016,0.766,59.101,0.0606
3976,89.062,109442.0,obs/smo/vf=off/lk=1,712.977,-0.921,-0.921,-2.385,-0.388,57.774,0.0606
3977,89.082,109462.0,obs/smo/vf=off/lk=1,712.965,-0.648,-0.648,-2.67,-0.538,59.388,0.0606
3978,89.102,109482.0,obs/smo/vf=off/lk=1,712.979,-0.359,-0.359,-2.946,0.755,58.6,0.0606
3979,89.122,109502.0,obs/smo/vf=off/lk=1,712.98,-0.993,-0.993,-2.31,0.0,58.35,0.0606
3980,89.142,109522.0,obs/smo/vf=off/lk=1,712.965,-0.714,-0.714,-2.604,-0.765,59.503,0.0606
3981,89.162,109542.0,obs/smo/vf=off/lk=1,712.974,-0.438,-0.438,-2.871,0.46,57.701,0.0606
3982,89.182,109562.0,obs/smo/vf=off/lk=1,712.984,-1.054,-1.054,-2.245,0.459,59.285,0.0606
3983,89.202,109582.0,obs/smo/vf=off/lk=1,712.968,-0.773,-0.773,-2.542,-0.841,59.113,0.0606
3984,89.222,109602.0,obs/smo/vf=off/lk=1,712.971,-0.497,-0.497,-2.815,0.231,57.845,0.0606
3985,89.242,109622.0,obs/smo/vf=off/lk=1,712.984,-0.217,-0.217,-3.082,0.613,59.62,0.0599
3986,89.262,109642.0,obs/smo/vf=off/lk=1,712.971,-0.833,-0.833,-2.479,-0.612,58.393,0.0606
3987,89.282,109662.0,obs/smo/vf=off/lk=1,712.968,-0.553,-0.553,-2.762,-0.154,58.571,0.0606
3988,89.302,109682.0,obs/smo/vf=off/lk=1,712.984,-0.277,-0.277,-3.023,0.767,59.349,0.0606
3989,89.322,109702.0,obs/smo/vf=off/lk=1,712.976,-0.905,-0.905,-2.402,-0.388,58.008,0.0606
3990,89.342,109722.0,obs/smo/vf=off/lk=1,712.965,-0.608,-0.608,-2.71,-0.454,59.188,0.0606
3991,89.362,109742.0,obs/smo/vf=off/lk=1,712.98,-0.329,-0.329,-2.974,0.691,59.044,0.0606
3992,89.382,109762.0,obs/smo/vf=off/lk=1,712.979,-0.956,-0.956,-2.348,-0.078,58.34,0.0606
3993,89.402,109782.0,obs/smo/vf=off/lk=1,712.965,-0.672,-0.672,-2.646,-0.69,59.737,0.0606
3994,89.422,109802.0,obs/smo/vf=off/lk=1,712.977,-0.392,-0.392,-2.914,0.614,58.368,0.0606
3995,89.442,109822.0,obs/smo/vf=off/lk=1,712.982,-0.998,-0.998,-2.303,0.153,58.897,0.0606
3996,89.462,109842.0,obs/smo/vf=off/lk=1,712.965,-0.713,-0.713,-2.606,-0.765,59.861,0.0606
3997,89.482,109862.0,obs/smo/vf=off/lk=1,712.974,-0.431,-0.431,-2.878,0.538,58.191,0.0606
3998,89.502,109882.0,obs/smo/vf=off/lk=1,712.982,-1.037,-1.037,-2.265,0.306,59.402,0.0606
3999,89.522,109902.0,obs/smo/vf=off/lk=1,712.967,-0.761,-0.761,-2.556,-0.773,59.539,0.0606
4000,89.542,109922.0,obs/smo/vf=off/lk=1,712.971,-0.477,-0.477,-2.835,0.308,58.176,0.0606
4001,89.562,109942.0,obs/smo/vf=off/lk=1,712.984,-1.084,-1.084,-2.216,0.535,59.832,0.0606
4002,89.582,109962.0,obs/smo/vf=off/lk=1,712.968,-0.792,-0.792,-2.523,-0.764,59.431,0.0606
4003,89.602,109982.0,obs/smo/vf=off/lk=1,712.97,-0.505,-0.505,-2.808,0.154,58.439,0.0606
4004,89.622,110002.0,obs/smo/vf=off/lk=1,712.984,-0.215,-0.215,-3.085,0.613,60.053,0.0598
4005,89.642,110022.0,obs/smo/vf=off/lk=1,712.97,-0.818,-0.818,-2.496,-0.688,59.188,0.0606
4006,89.662,110042.0,obs/smo/vf=off/lk=1,712.968,-0.528,-0.528,-2.787,0.0,58.756,0.0606
4007,89.682,110062.0,obs/smo/vf=off/lk=1,712.984,-0.241,-0.241,-3.059,0.69,60.152,0.06
4008,89.702,110082.0,obs/smo/vf=off/lk=1,712.973,-0.844,-0.844,-2.467,-0.611,58.894,0.0606
4009,89.722,110102.0,obs/smo/vf=off/lk=1,712.967,-0.551,-0.551,-2.766,-0.154,59.131,0.0606
4010,89.742,110122.0,obs/smo/vf=off/lk=1,712.984,-0.263,-0.263,-3.037,0.767,60.345,0.0606
4011,89.762,110142.0,obs/smo/vf=off/lk=1,712.973,-0.861,-0.861,-2.449,-0.534,58.761,0.0606
4012,89.782,110162.0,obs/smo/vf=off/lk=1,712.967,-0.567,-0.567,-2.75,-0.307,59.369,0.0606
4013,89.802,110182.0,obs/smo/vf=off/lk=1,712.982,-0.277,-0.277,-3.024,0.844,60.228,0.0606
4014,89.822,110202.0,obs/smo/vf=off/lk=1,712.974,-0.874,-0.874,-2.435,-0.458,58.818,0.0606
4015,89.842,110222.0,obs/smo/vf=off/lk=1,712.967,-0.582,-0.582,-2.734,-0.385,59.623,0.0606
4016,89.862,110242.0,obs/smo/vf=off/lk=1,712.982,-0.29,-0.29,-3.012,0.768,60.339,0.0606
4017,89.882,110262.0,obs/smo/vf=off/lk=1,712.976,-0.899,-0.899,-2.409,-0.386,58.718,0.0606
4018,89.902,110282.0,obs/smo/vf=off/lk=1,712.965,-0.6,-0.6,-2.718,-0.383,59.908,0.0606
4019,89.922,110302.0,obs/smo/vf=off/lk=1,712.982,-0.306,-0.306,-2.995,0.767,60.026,0.0606
4020,89.942,110322.0,obs/smo/vf=off/lk=1,712.976,-0.9,-0.9,-2.408,-0.306,58.829,0.0606
4021,89.962,110342.0,obs/smo/vf=off/lk=1,712.967,-0.592,-0.592,-2.725,-0.456,59.802,0.0606
4022,89.982,110362.0,obs/smo/vf=off/lk=1,712.982,-0.295,-0.295,-3.006,0.767,60.225,0.0606
4023,90.002,110382.0,obs/smo/vf=off/lk=1,712.976,-0.899,-0.899,-2.409,-0.308,58.792,0.0606
4024,90.022,110402.0,obs/smo/vf=off/lk=1,713.022,-0.59,-0.59,-2.672,2.306,60.388,0.0606
4025,90.042,110422.0,obs/smo/vf=off/lk=1,713.013,-0.297,-0.297,-2.973,-0.464,60.223,0.0606
4026,90.062,110442.0,obs/smo/vf=off/lk=1,712.99,-0.884,-0.884,-2.409,-1.145,59.11,0.0606
4027,90.082,110462.0,obs/smo/vf=off/lk=1,712.974,-0.58,-0.58,-2.729,-0.769,60.097,0.0606
4028,90.102,110482.0,obs/smo/vf=off/lk=1,712.99,-0.279,-0.279,-3.015,0.767,60.701,0.0606
4029,90.122,110502.0,obs/smo/vf=off/lk=1,712.982,-0.866,-0.866,-2.435,-0.382,59.281,0.0606
4030,90.142,110522.0,obs/smo/vf=off/lk=1,712.973,-0.561,-0.561,-2.749,-0.384,59.953,0.0606
4031,90.162,110542.0,obs/smo/vf=off/lk=1,712.99,-0.245,-0.245,-3.048,0.759,60.991,0.0604
4032,90.182,110562.0,obs/smo/vf=off/lk=1,712.98,-0.849,-0.849,-2.454,-0.543,59.461,0.0606
4033,90.202,110582.0,obs/smo/vf=off/lk=1,712.974,-0.541,-0.541,-2.768,-0.231,59.858,0.0606
4034,90.222,110602.0,obs/smo/vf=off/lk=1,712.99,-0.236,-0.236,-3.058,0.767,61.121,0.0601
4035,90.242,110622.0,obs/smo/vf=off/lk=1,712.977,-0.82,-0.82,-2.486,-0.612,59.9,0.0606
4036,90.262,110642.0,obs/smo/vf=off/lk=1,712.974,-0.514,-0.514,-2.794,-0.077,59.752,0.0606
4037,90.282,110662.0,obs/smo/vf=off/lk=1,712.99,-0.206,-0.206,-3.087,0.689,61.102,0.0597
4038,90.302,110682.0,obs/smo/vf=off/lk=1,712.976,-0.784,-0.784,-2.524,-0.758,60.388,0.0606
4039,90.322,110702.0,obs/smo/vf=off/lk=1,712.976,-0.49,-0.49,-2.817,0.078,59.474,0.0606
4040,90.342,110722.0,obs/smo/vf=off/lk=1,712.99,-1.077,-1.077,-2.217,0.688,60.778,0.0606
4041,90.362,110742.0,obs/smo/vf=off/lk=1,712.974,-0.767,-0.767,-2.542,-0.766,60.712,0.0606
4042,90.382,110762.0,obs/smo/vf=off/lk=1,712.979,-0.46,-0.46,-2.844,0.231,59.318,0.0606
4043,90.402,110782.0,obs/smo/vf=off/lk=1,712.988,-1.043,-1.043,-2.252,0.459,60.517,0.0606
4044,90.422,110802.0,obs/smo/vf=off/lk=1,712.973,-0.729,-0.729,-2.581,-0.841,60.93,0.0606
4045,90.442,110822.0,obs/smo/vf=off/lk=1,712.98,-0.42,-0.42,-2.883,0.461,59.48,0.0606
4046,90.462,110842.0,obs/smo/vf=off/lk=1,712.988,-0.998,-0.998,-2.297,0.305,60.142,0.0606
4047,90.482,110862.0,obs/smo/vf=off/lk=1,712.971,-0.684,-0.684,-2.628,-0.767,61.11,0.0606
4048,90.502,110882.0,obs/smo/vf=off/lk=1,712.982,-0.381,-0.381,-2.92,0.617,59.952,0.0606
4049,90.522,110902.0,obs/smo/vf=off/lk=1,712.987,-0.966,-0.966,-2.331,0.077,59.862,0.0606
4050,90.542,110922.0,obs/smo/vf=off/lk=1,712.971,-0.651,-0.651,-2.661,-0.691,61.362,0.0606
4051,90.562,110942.0,obs/smo/vf=off/lk=1,712.985,-0.343,-0.343,-2.955,0.691,60.386,0.0606
4052,90.582,110962.0,obs/smo/vf=off/lk=1,712.984,-0.921,-0.921,-2.379,-0.153,59.684,0.0606
4053,90.602,110982.0,obs/smo/vf=off/lk=1,712.971,-0.608,-0.608,-2.704,-0.538,61.314,0.0606
4054,90.622,111002.0,obs/smo/vf=off/lk=1,712.988,-0.296,-0.296,-2.999,0.844,60.97,0.0606
4055,90.642,111022.0,obs/smo/vf=off/lk=1,712.98,-0.869,-0.869,-2.434,-0.457,59.777,0.0606
4056,90.662,111042.0,obs/smo/vf=off/lk=1,712.973,-0.552,-0.552,-2.758,-0.308,60.69,0.0606
4057,90.682,111062.0,obs/smo/vf=off/lk=1,712.99,-0.24,-0.24,-3.054,0.843,61.314,0.06
4058,90.702,111082.0,obs/smo/vf=off/lk=1,712.977,-0.817,-0.817,-2.488,-0.688,60.31,0.0606
4059,90.722,111102.0,obs/smo/vf=off/lk=1,712.976,-0.504,-0.504,-2.803,0.0,59.745,0.0606
4060,90.742,111122.0,obs/smo/vf=off/lk=1,712.99,-1.085,-1.085,-2.208,0.689,61.728,0.0606
4061,90.762,111142.0,obs/smo/vf=off/lk=1,712.974,-0.781,-0.781,-2.528,-0.773,60.787,0.0606
4062,90.782,111162.0,obs/smo/vf=off/lk=1,712.977,-0.463,-0.463,-2.843,0.23,59.648,0.0606
4063,90.802,111182.0,obs/smo/vf=off/lk=1,712.988,-1.042,-1.042,-2.253,0.459,61.1,0.0606
4064,90.822,111202.0,obs/smo/vf=off/lk=1,712.971,-0.724,-0.724,-2.588,-0.842,61.266,0.0606
4065,90.842,111222.0,obs/smo/vf=off/lk=1,712.98,-0.411,-0.411,-2.892,0.538,59.914,0.0606
4066,90.862,111242.0,obs/smo/vf=off/lk=1,712.987,-0.984,-0.984,-2.313,0.153,60.264,0.0606
4067,90.882,111262.0,obs/smo/vf=off/lk=1,712.971,-0.665,-0.665,-2.647,-0.69,61.456,0.0606
4068,90.902,111282.0,obs/smo/vf=off/lk=1,712.985,-0.35,-0.35,-2.948,0.691,60.385,0.0606
4069,90.922,111302.0,obs/smo/vf=off/lk=1,712.985,-0.943,-0.943,-2.355,-0.077,60.014,0.0606
4070,90.942,111322.0,obs/smo/vf=off/lk=1,712.971,-0.625,-0.625,-2.687,-0.614,61.534,0.0606
4071,90.962,111342.0,obs/smo/vf=off/lk=1,712.987,-0.299,-0.299,-2.998,0.834,61.129,0.0606
4072,90.982,111362.0,obs/smo/vf=off/lk=1,712.98,-0.889,-0.889,-2.414,-0.387,59.898,0.0606
4073,91.002,111382.0,obs/smo/vf=off/lk=1,712.973,-0.56,-0.56,-2.75,-0.381,60.542,0.0606
4074,91.022,111402.0,obs/smo/vf=off/lk=1,712.988,-0.256,-0.256,-3.039,0.774,61.541,0.0602
4075,91.042,111422.0,obs/smo/vf=off/lk=1,712.976,-0.828,-0.828,-2.479,-0.689,60.486,0.0606
4076,91.062,111442.0,obs/smo/vf=off/lk=1,712.976,-0.508,-0.508,-2.8,0.077,60.03,0.0606
4077,91.082,111462.0,obs/smo/vf=off/lk=1,712.988,-1.085,-1.085,-2.21,0.613,61.563,0.0606
4078,91.102,111482.0,obs/smo/vf=off/lk=1,712.974,-0.762,-0.762,-2.547,-0.688,61.065,0.0606
4079,91.122,111502.0,obs/smo/vf=off/lk=1,712.979,-0.443,-0.443,-2.862,0.23,59.922,0.0606
4080,91.142,111522.0,obs/smo/vf=off/lk=1,712.988,-1.013,-1.013,-2.282,0.382,60.894,0.0606
4081,91.162,111542.0,obs/smo/vf=off/lk=1,712.971,-0.69,-0.69,-2.622,-0.766,61.668,0.0606
4082,91.182,111562.0,obs/smo/vf=off/lk=1,712.982,-0.372,-0.372,-2.929,0.615,60.447,0.0606
4083,91.202,111582.0,obs/smo/vf=off/lk=1,712.985,-0.96,-0.96,-2.338,0.078,60.452,0.0606
4084,91.222,111602.0,obs/smo/vf=off/lk=1,712.971,-0.619,-0.619,-2.693,-0.68,61.577,0.0606
4085,91.242,111622.0,obs/smo/vf=off/lk=1,712.987,-0.3,-0.3,-2.997,0.768,61.382,0.0606
4086,91.262,111642.0,obs/smo/vf=off/lk=1,712.98,-0.886,-0.886,-2.416,-0.31,60.237,0.0606
4087,91.282,111662.0,obs/smo/vf=off/lk=1,712.971,-0.563,-0.563,-2.749,-0.384,60.89,0.0606
4088,91.302,111682.0,obs/smo/vf=off/lk=1,712.988,-0.241,-0.241,-3.054,0.767,61.836,0.0602
4089,91.322,111702.0,obs/smo/vf=off/lk=1,712.977,-0.811,-0.811,-2.495,-0.611,60.763,0.0606
4090,91.342,111722.0,obs/smo/vf=off/lk=1,712.976,-0.488,-0.488,-2.819,0.0,60.112,0.0606
4091,91.362,111742.0,obs/smo/vf=off/lk=1,712.988,-1.06,-1.06,-2.235,0.613,61.643,0.0606
4092,91.382,111762.0,obs/smo/vf=off/lk=1,712.973,-0.736,-0.736,-2.575,-0.766,61.55,0.0606
4093,91.402,111782.0,obs/smo/vf=off/lk=1,712.98,-0.414,-0.414,-2.889,0.384,60.221,0.0606
4094,91.422,111802.0,obs/smo/vf=off/lk=1,712.985,-0.978,-0.978,-2.32,0.229,60.725,0.0606
4095,91.442,111822.0,obs/smo/vf=off/lk=1,712.97,-0.653,-0.653,-2.661,-0.767,61.769,0.0606
4096,91.462,111842.0,obs/smo/vf=off/lk=1,712.985,-0.332,-0.332,-2.967,0.768,61.157,0.0606
4097,91.482,111862.0,obs/smo/vf=off/lk=1,712.982,-0.896,-0.896,-2.406,-0.229,60.273,0.0606
4098,91.502,111882.0,obs/smo/vf=off/lk=1,712.971,-0.571,-0.571,-2.741,-0.461,61.086,0.0606
4099,91.522,111902.0,obs/smo/vf=off/lk=1,712.988,-0.257,-0.257,-3.038,0.851,61.994,0.0604
4100,91.542,111922.0,obs/smo/vf=off/lk=1,712.977,-0.821,-0.821,-2.485,-0.611,60.886,0.0606
4101,91.562,111942.0,obs/smo/vf=off/lk=1,712.974,-0.498,-0.498,-2.811,0.0,60.354,0.0606
4102,91.582,111962.0,obs/smo/vf=off/lk=1,712.988,-1.061,-1.061,-2.234,0.612,61.725,0.0606
4103,91.602,111982.0,obs/smo/vf=off/lk=1,712.973,-0.733,-0.733,-2.577,-0.766,61.732,0.0606
4104,91.622,112002.0,obs/smo/vf=off/lk=1,712.98,-0.408,-0.408,-2.894,0.384,60.423,0.0606
4105,91.642,112022.0,obs/smo/vf=off/lk=1,712.985,-0.97,-0.97,-2.328,0.229,60.933,0.0606
4106,91.662,112042.0,obs/smo/vf=off/lk=1,712.971,-0.643,-0.643,-2.669,-0.692,61.665,0.0606
4107,91.682,112062.0,obs/smo/vf=off/lk=1,712.985,-0.319,-0.319,-2.979,0.767,61.471,0.0606
4108,91.702,112082.0,obs/smo/vf=off/lk=1,712.98,-0.881,-0.881,-2.422,-0.305,60.517,0.0606
4109,91.722,112102.0,obs/smo/vf=off/lk=1,712.973,-0.553,-0.553,-2.757,-0.384,60.978,0.0606
4110,91.742,112122.0,obs/smo/vf=off/lk=1,712.988,-0.224,-0.224,-3.072,0.766,62.223,0.0598
4111,91.762,112142.0,obs/smo/vf=off/lk=1,712.976,-0.808,-0.808,-2.499,-0.622,61.142,0.0606
4112,91.782,112162.0,obs/smo/vf=off/lk=1,712.977,-0.462,-0.462,-2.844,0.076,60.278,0.0606
4113,91.802,112182.0,obs/smo/vf=off/lk=1,712.988,-1.045,-1.045,-2.25,0.544,61.66,0.0606
4114,91.822,112202.0,obs/smo/vf=off/lk=1,712.973,-0.714,-0.714,-2.597,-0.842,62.054,0.0606
4115,91.842,112222.0,obs/smo/vf=off/lk=1,712.982,-0.386,-0.386,-2.915,0.538,60.792,0.0606
4116,91.862,112242.0,obs/smo/vf=off/lk=1,712.984,-0.943,-0.943,-2.357,0.076,60.709,0.0606
4117,91.882,112262.0,obs/smo/vf=off/lk=1,712.971,-0.613,-0.613,-2.699,-0.614,61.636,0.0606
4118,91.902,112282.0,obs/smo/vf=off/lk=1,712.987,-0.287,-0.287,-3.01,0.767,61.857,0.0606
4119,91.922,112302.0,obs/smo/vf=off/lk=1,712.979,-0.848,-0.848,-2.456,-0.458,60.673,0.0606
4120,91.942,112322.0,obs/smo/vf=off/lk=1,712.974,-0.519,-0.519,-2.79,-0.077,60.647,0.0606
4121,91.962,112342.0,obs/smo/vf=off/lk=1,712.988,-0.197,-0.197,-3.098,0.616,62.092,0.0595
4122,91.982,112362.0,obs/smo/vf=off/lk=1,712.973,-0.756,-0.756,-2.554,-0.764,61.674,0.0606
4123,92.002,112382.0,obs/smo/vf=off/lk=1,712.98,-0.414,-0.414,-2.888,0.38,60.512,0.0606
4124,92.022,112402.0,obs/smo/vf=off/lk=1,712.987,-0.984,-0.984,-2.313,0.231,61.12,0.0606
4125,92.042,112422.0,obs/smo/vf=off/lk=1,712.971,-0.65,-0.65,-2.662,-0.691,62.308,0.0606
4126,92.062,112442.0,obs/smo/vf=off/lk=1,712.985,-0.322,-0.322,-2.976,0.691,61.656,0.0606
4127,92.082,112462.0,obs/smo/vf=off/lk=1,712.98,-0.881,-0.881,-2.422,-0.229,60.729,0.0606
4128,92.102,112482.0,obs/smo/vf=off/lk=1,712.973,-0.55,-0.55,-2.761,-0.384,61.14,0.0606
4129,92.122,112502.0,obs/smo/vf=off/lk=1,712.988,-0.216,-0.216,-3.079,0.766,62.359,0.0598
4130,92.142,112522.0,obs/smo/vf=off/lk=1,712.974,-0.779,-0.779,-2.53,-0.689,61.729,0.0606
4131,92.162,112542.0,obs/smo/vf=off/lk=1,712.979,-0.447,-0.447,-2.857,0.23,60.5,0.0606
4132,92.182,112562.0,obs/smo/vf=off/lk=1,712.988,-1.028,-1.028,-2.267,0.388,61.569,0.0606
4133,92.202,112582.0,obs/smo/vf=off/lk=1,712.971,-0.694,-0.694,-2.618,-0.766,62.216,0.0606
4134,92.222,112602.0,obs/smo/vf=off/lk=1,712.984,-0.362,-0.362,-2.938,0.615,61.081,0.0606
4135,92.242,112622.0,obs/smo/vf=off/lk=1,712.984,-0.919,-0.919,-2.38,-0.076,60.73,0.0606
4136,92.262,112642.0,obs/smo/vf=off/lk=1,712.971,-0.588,-0.588,-2.724,-0.538,61.667,0.0606
4137,92.282,112662.0,obs/smo/vf=off/lk=1,712.988,-0.257,-0.257,-3.038,0.844,62.26,0.0604
4138,92.302,112682.0,obs/smo/vf=off/lk=1,712.977,-0.817,-0.817,-2.489,-0.611,61.192,0.0606
4139,92.322,112702.0,obs/smo/vf=off/lk=1,712.976,-0.485,-0.485,-2.822,0.0,60.671,0.0606
4140,92.342,112722.0,obs/smo/vf=off/lk=1,712.988,-1.059,-1.059,-2.236,0.617,62.02,0.0606
4141,92.362,112742.0,obs/smo/vf=off/lk=1,712.973,-0.721,-0.721,-2.589,-0.765,62.304,0.0606
4142,92.382,112762.0,obs/smo/vf=off/lk=1,712.982,-0.392,-0.392,-2.91,0.461,60.728,0.0606
4143,92.402,112782.0,obs/smo/vf=off/lk=1,712.985,-0.951,-0.951,-2.348,0.076,60.851,0.0606
4144,92.422,112802.0,obs/smo/vf=off/lk=1,712.971,-0.621,-0.621,-2.691,-0.615,61.837,0.0606
4145,92.442,112822.0,obs/smo/vf=off/lk=1,712.987,-0.292,-0.292,-3.005,0.767,61.789,0.0606
4146,92.462,112842.0,obs/smo/vf=off/lk=1,712.979,-0.853,-0.853,-2.451,-0.382,60.812,0.0606
4147,92.482,112862.0,obs/smo/vf=off/lk=1,712.974,-0.523,-0.523,-2.786,-0.231,60.766,0.0606
4148,92.502,112882.0,obs/smo/vf=off/lk=1,712.988,-1.088,-1.088,-2.207,0.688,62.421,0.0606
4149,92.522,112902.0,obs/smo/vf=off/lk=1,712.974,-0.765,-0.765,-2.544,-0.772,61.779,0.0606
4150,92.542,112922.0,obs/smo/vf=off/lk=1,712.979,-0.433,-0.433,-2.871,0.384,60.514,0.0606
4151,92.562,112942.0,obs/smo/vf=off/lk=1,712.987,-0.99,-0.99,-2.307,0.229,61.341,0.0606
4152,92.582,112962.0,obs/smo/vf=off/lk=1,712.971,-0.657,-0.657,-2.655,-0.691,62.187,0.0606
4153,92.602,112982.0,obs/smo/vf=off/lk=1,712.985,-0.328,-0.328,-2.97,0.691,61.352,0.0606
4154,92.622,113002.0,obs/smo/vf=off/lk=1,712.982,-0.896,-0.896,-2.405,-0.231,60.666,0.0606
4155,92.642,113022.0,obs/smo/vf=off/lk=1,712.973,-0.563,-0.563,-2.748,-0.383,61.41,0.0606
4156,92.662,113042.0,obs/smo/vf=off/lk=1,712.988,-0.231,-0.231,-3.064,0.766,62.4,0.06
4157,92.682,113062.0,obs/smo/vf=off/lk=1,712.976,-0.791,-0.791,-2.517,-0.688,61.501,0.0606
4158,92.702,113082.0,obs/smo/vf=off/lk=1,712.977,-0.459,-0.459,-2.847,0.231,60.565,0.0606
4159,92.722,113102.0,obs/smo/vf=off/lk=1,712.987,-1.018,-1.018,-2.279,0.382,61.68,0.0606
4160,92.742,113122.0,obs/smo/vf=off/lk=1,712.971,-0.685,-0.685,-2.627,-0.766,62.169,0.0606
4161,92.762,113142.0,obs/smo/vf=off/lk=1,712.984,-0.355,-0.355,-2.945,0.614,61.266,0.0606
4162,92.782,113162.0,obs/smo/vf=off/lk=1,712.982,-0.909,-0.909,-2.392,-0.076,60.725,0.0606
4163,92.802,113182.0,obs/smo/vf=off/lk=1,712.971,-0.576,-0.576,-2.736,-0.461,61.705,0.0606
4164,92.822,113202.0,obs/smo/vf=off/lk=1,712.988,-0.242,-0.242,-3.053,0.766,62.563,0.0601
4165,92.842,113222.0,obs/smo/vf=off/lk=1,712.977,-0.821,-0.821,-2.485,-0.621,61.253,0.0606
4166,92.862,113242.0,obs/smo/vf=off/lk=1,712.976,-0.483,-0.483,-2.825,0.077,60.634,0.0606
4167,92.882,113262.0,obs/smo/vf=off/lk=1,712.988,-1.037,-1.037,-2.258,0.457,61.896,0.0606
4168,92.902,113282.0,obs/smo/vf=off/lk=1,712.971,-0.699,-0.699,-2.613,-0.767,62.431,0.0606
4169,92.922,113302.0,obs/smo/vf=off/lk=1,712.982,-0.369,-0.369,-2.932,0.614,61.064,0.0606
4170,92.942,113322.0,obs/smo/vf=off/lk=1,712.984,-0.942,-0.942,-2.357,0.0,60.901,0.0606
4171,92.962,113342.0,obs/smo/vf=off/lk=1,712.971,-0.599,-0.599,-2.713,-0.609,61.792,0.0606
4172,92.982,113362.0,obs/smo/vf=off/lk=1,712.987,-0.262,-0.262,-3.034,0.842,62.334,0.0604
4173,93.002,113382.0,obs/smo/vf=off/lk=1,712.977,-0.828,-0.828,-2.478,-0.615,61.11,0.0606
4174,93.022,113402.0,obs/smo/vf=off/lk=1,712.967,-0.488,-0.488,-2.828,-0.383,61.095,0.0606
4175,93.042,113422.0,obs/smo/vf=off/lk=1,712.987,-1.054,-1.054,-2.243,0.848,62.377,0.0606
4176,93.062,113442.0,obs/smo/vf=off/lk=1,712.971,-0.713,-0.713,-2.599,-0.766,62.397,0.0606
4177,93.082,113462.0,obs/smo/vf=off/lk=1,712.98,-0.359,-0.359,-2.944,0.605,61.267,0.0606
4178,93.102,113482.0,obs/smo/vf=off/lk=1,712.982,-0.93,-0.93,-2.371,-0.077,61.024,0.0606
4179,93.122,113502.0,obs/smo/vf=off/lk=1,712.97,-0.595,-0.595,-2.719,-0.538,61.902,0.0606
4180,93.142,113522.0,obs/smo/vf=off/lk=1,712.985,-0.259,-0.259,-3.039,0.844,62.583,0.0604
4181,93.162,113542.0,obs/smo/vf=off/lk=1,712.976,-0.806,-0.806,-2.501,-0.607,61.541,0.0606
4182,93.182,113562.0,obs/smo/vf=off/lk=1,712.976,-0.465,-0.465,-2.842,0.077,60.759,0.0606
4183,93.202,113582.0,obs/smo/vf=off/lk=1,712.987,-1.037,-1.037,-2.259,0.543,62.116,0.0606
4184,93.222,113602.0,obs/smo/vf=off/lk=1,712.97,-0.696,-0.696,-2.617,-0.843,62.361,0.0606
4185,93.242,113622.0,obs/smo/vf=off/lk=1,712.982,-0.36,-0.36,-2.941,0.614,61.431,0.0606
4186,93.262,113642.0,obs/smo/vf=off/lk=1,712.98,-0.91,-0.91,-2.393,-0.076,60.841,0.0606
4187,93.282,113662.0,obs/smo/vf=off/lk=1,712.971,-0.571,-0.571,-2.741,-0.461,61.772,0.0606
4188,93.302,113682.0,obs/smo/vf=off/lk=1,712.987,-0.232,-0.232,-3.064,0.766,62.551,0.06
4189,93.322,113702.0,obs/smo/vf=off/lk=1,712.974,-0.787,-0.787,-2.522,-0.689,61.831,0.0606
4190,93.342,113722.0,obs/smo/vf=off/lk=1,712.976,-0.461,-0.461,-2.846,0.155,60.794,0.0606
4191,93.362,113742.0,obs/smo/vf=off/lk=1,712.985,-1.011,-1.011,-2.287,0.458,61.867,0.0606
4192,93.382,113762.0,obs/smo/vf=off/lk=1,712.97,-0.671,-0.671,-2.643,-0.766,62.605,0.0606
4193,93.402,113782.0,obs/smo/vf=off/lk=1,712.982,-0.331,-0.331,-2.97,0.692,61.866,0.0606
4194,93.422,113802.0,obs/smo/vf=off/lk=1,712.979,-0.882,-0.882,-2.422,-0.229,61.065,0.0606
4195,93.442,113822.0,obs/smo/vf=off/lk=1,712.971,-0.541,-0.541,-2.771,-0.384,61.582,0.0606
4196,93.462,113842.0,obs/smo/vf=off/lk=1,712.987,-0.2,-0.2,-3.096,0.765,62.71,0.0593
4197,93.482,113862.0,obs/smo/vf=off/lk=1,712.973,-0.763,-0.763,-2.548,-0.769,62.137,0.0606
4198,93.502,113882.0,obs/smo/vf=off/lk=1,712.977,-0.42,-0.42,-2.886,0.384,61.031,0.0606
4199,93.522,113902.0,obs/smo/vf=off/lk=1,712.985,-0.98,-0.98,-2.318,0.231,61.525,0.0606
4200,93.542,113922.0,obs/smo/vf=off/lk=1,712.97,-0.636,-0.636,-2.677,-0.692,62.647,0.0606
4201,93.562,113942.0,obs/smo/vf=off/lk=1,712.985,-0.279,-0.279,-3.019,0.756,62.568,0.0606
4202,93.582,113962.0,obs/smo/vf=off/lk=1,712.977,-0.846,-0.846,-2.46,-0.465,61.398,0.0606
4203,93.602,113982.0,obs/smo/vf=off/lk=1,712.973,-0.507,-0.507,-2.804,-0.077,61.221,0.0606
4204,93.622,114002.0,obs/smo/vf=off/lk=1,712.987,-1.059,-1.059,-2.237,0.612,62.595,0.0606
4205,93.642,114022.0,obs/smo/vf=off/lk=1,712.97,-0.716,-0.716,-2.598,-0.842,62.723,0.0606
4206,93.662,114042.0,obs/smo/vf=off/lk=1,712.98,-0.378,-0.378,-2.925,0.538,61.341,0.0606
4207,93.682,114062.0,obs/smo/vf=off/lk=1,712.982,-0.925,-0.925,-2.376,0.0,61.154,0.0606
4208,93.702,114082.0,obs/smo/vf=off/lk=1,712.97,-0.586,-0.586,-2.728,-0.462,62.139,0.0606
4209,93.722,114102.0,obs/smo/vf=off/lk=1,712.987,-0.245,-0.245,-3.052,0.766,62.756,0.0602
4210,93.742,114122.0,obs/smo/vf=off/lk=1,712.974,-0.794,-0.794,-2.515,-0.689,61.921,0.0606
4211,93.762,114142.0,obs/smo/vf=off/lk=1,712.976,-0.455,-0.455,-2.852,0.231,61.027,0.0606
4212,93.782,114162.0,obs/smo/vf=off/lk=1,712.985,-1.005,-1.005,-2.293,0.382,61.973,0.0606
4213,93.802,114182.0,obs/smo/vf=off/lk=1,712.97,-0.66,-0.66,-2.654,-0.766,62.936,0.0606
4214,93.822,114202.0,obs/smo/vf=off/lk=1,712.984,-0.318,-0.318,-2.981,0.691,62.267,0.0606
4215,93.842,114222.0,obs/smo/vf=off/lk=1,712.977,-0.866,-0.866,-2.44,-0.305,61.394,0.0606
4216,93.862,114242.0,obs/smo/vf=off/lk=1,712.973,-0.522,-0.522,-2.788,-0.231,61.485,0.0606
4217,93.882,114262.0,obs/smo/vf=off/lk=1,712.987,-1.074,-1.074,-2.222,0.688,62.621,0.0606
4218,93.902,114282.0,obs/smo/vf=off/lk=1,712.971,-0.748,-0.748,-2.564,-0.779,62.485,0.0606
4219,93.922,114302.0,obs/smo/vf=off/lk=1,712.98,-0.388,-0.388,-2.914,0.454,61.478,0.0606
4220,93.942,114322.0,obs/smo/vf=off/lk=1,712.984,-0.951,-0.951,-2.348,0.077,61.423,0.0606
4221,93.962,114342.0,obs/smo/vf=off/lk=1,712.97,-0.596,-0.596,-2.718,-0.532,62.471,0.0606
4222,93.982,114362.0,obs/smo/vf=off/lk=1,712.987,-0.25,-0.25,-3.047,0.766,63.039,0.0602
4223,94.002,114382.0,obs/smo/vf=off/lk=1,712.974,-0.808,-0.808,-2.501,-0.616,61.841,0.0606
4224,94.022,114402.0,obs/smo/vf=off/lk=1,712.976,-0.457,-0.457,-2.85,0.076,61.077,0.0606
4225,94.042,114422.0,obs/smo/vf=off/lk=1,712.985,-1.023,-1.023,-2.275,0.466,62.09,0.0606
4226,94.062,114442.0,obs/smo/vf=off/lk=1,712.97,-0.677,-0.677,-2.636,-0.766,62.826,0.0606
4227,94.082,114462.0,obs/smo/vf=off/lk=1,712.982,-0.337,-0.337,-2.964,0.692,61.978,0.0606
4228,94.102,114482.0,obs/smo/vf=off/lk=1,712.979,-0.885,-0.885,-2.419,-0.229,61.219,0.0606
4229,94.122,114502.0,obs/smo/vf=off/lk=1,712.971,-0.54,-0.54,-2.772,-0.308,61.662,0.0606
4230,94.142,114522.0,obs/smo/vf=off/lk=1,712.987,-1.092,-1.092,-2.204,0.689,62.796,0.0606
4231,94.162,114542.0,obs/smo/vf=off/lk=1,712.973,-0.743,-0.743,-2.567,-0.765,62.566,0.0606
4232,94.182,114562.0,obs/smo/vf=off/lk=1,712.979,-0.402,-0.402,-2.902,0.461,61.225,0.0606
4233,94.202,114582.0,obs/smo/vf=off/lk=1,712.982,-0.945,-0.945,-2.356,0.076,61.454,0.0606
4234,94.222,114602.0,obs/smo/vf=off/lk=1,712.97,-0.6,-0.6,-2.713,-0.538,62.321,0.0606
4235,94.242,114622.0,obs/smo/vf=off/lk=1,712.985,-0.257,-0.257,-3.041,0.766,62.837,0.0602
4236,94.262,114642.0,obs/smo/vf=off/lk=1,712.974,-0.805,-0.805,-2.504,-0.611,61.784,0.0606
4237,94.282,114662.0,obs/smo/vf=off/lk=1,712.976,-0.458,-0.458,-2.849,0.077,61.208,0.0606
4238,94.302,114682.0,obs/smo/vf=off/lk=1,712.987,-1.026,-1.026,-2.271,0.466,62.392,0.0606
4239,94.322,114702.0,obs/smo/vf=off/lk=1,712.97,-0.68,-0.68,-2.634,-0.767,62.75,0.0606
4240,94.342,114722.0,obs/smo/vf=off/lk=1,712.984,-0.336,-0.336,-2.964,0.691,62.202,0.0606
4241,94.362,114742.0,obs/smo/vf=off/lk=1,712.979,-0.881,-0.881,-2.423,-0.229,61.477,0.0606
4242,94.382,114762.0,obs/smo/vf=off/lk=1,712.971,-0.537,-0.537,-2.775,-0.308,61.614,0.0606
4243,94.402,114782.0,obs/smo/vf=off/lk=1,712.987,-1.088,-1.088,-2.209,0.689,62.92,0.0606
4244,94.422,114802.0,obs/smo/vf=off/lk=1,712.971,-0.74,-0.74,-2.572,-0.765,62.72,0.0606
4245,94.442,114822.0,obs/smo/vf=off/lk=1,712.979,-0.397,-0.397,-2.907,0.461,61.434,0.0606
4246,94.462,114842.0,obs/smo/vf=off/lk=1,712.982,-0.941,-0.941,-2.36,0.076,61.413,0.0606
4247,94.482,114862.0,obs/smo/vf=off/lk=1,712.97,-0.597,-0.597,-2.716,-0.616,62.395,0.0606
4248,94.502,114882.0,obs/smo/vf=off/lk=1,712.987,-0.257,-0.257,-3.04,0.844,62.883,0.0602
4249,94.522,114902.0,obs/smo/vf=off/lk=1,712.976,-0.814,-0.814,-2.493,-0.616,61.887,0.0606
4250,94.542,114922.0,obs/smo/vf=off/lk=1,712.976,-0.468,-0.468,-2.839,0.077,61.237,0.0606
4251,94.562,114942.0,obs/smo/vf=off/lk=1,712.985,-1.015,-1.015,-2.283,0.458,62.048,0.0606
4252,94.582,114962.0,obs/smo/vf=off/lk=1,712.97,-0.666,-0.666,-2.647,-0.766,62.956,0.0606
4253,94.602,114982.0,obs/smo/vf=off/lk=1,712.984,-0.324,-0.324,-2.976,0.691,62.273,0.0606
4254,94.622,115002.0,obs/smo/vf=off/lk=1,712.979,-0.866,-0.866,-2.438,-0.305,61.561,0.0606
4255,94.642,115022.0,obs/smo/vf=off/lk=1,712.973,-0.521,-0.521,-2.789,-0.231,61.614,0.0606
4256,94.662,115042.0,obs/smo/vf=off/lk=1,712.987,-1.079,-1.079,-2.218,0.692,62.695,0.0606
4257,94.682,115062.0,obs/smo/vf=off/lk=1,712.971,-0.726,-0.726,-2.586,-0.765,62.985,0.0606
4258,94.702,115082.0,obs/smo/vf=off/lk=1,712.98,-0.382,-0.382,-2.921,0.461,61.568,0.0606
4259,94.722,115102.0,obs/smo/vf=off/lk=1,712.982,-0.923,-0.923,-2.378,0.0,61.465,0.0606
4260,94.742,115122.0,obs/smo/vf=off/lk=1,712.97,-0.579,-0.579,-2.735,-0.462,62.188,0.0606
4261,94.762,115142.0,obs/smo/vf=off/lk=1,712.987,-0.235,-0.235,-3.062,0.766,62.932,0.0599
4262,94.782,115162.0,obs/smo/vf=off/lk=1,712.973,-0.785,-0.785,-2.525,-0.688,62.105,0.0606
4263,94.802,115182.0,obs/smo/vf=off/lk=1,712.977,-0.442,-0.442,-2.864,0.23,61.102,0.0606
4264,94.822,115202.0,obs/smo/vf=off/lk=1,712.985,-0.997,-0.997,-2.301,0.384,61.832,0.0606
4265,94.842,115222.0,obs/smo/vf=off/lk=1,712.97,-0.649,-0.649,-2.665,-0.766,62.802,0.0606
4266,94.862,115242.0,obs/smo/vf=off/lk=1,712.985,-0.304,-0.304,-2.994,0.767,62.448,0.0606
4267,94.882,115262.0,obs/smo/vf=off/lk=1,712.979,-0.871,-0.871,-2.434,-0.388,61.321,0.0606
4268,94.902,115282.0,obs/smo/vf=off/lk=1,712.973,-0.527,-0.527,-2.784,-0.231,61.503,0.0606
4269,94.922,115302.0,obs/smo/vf=off/lk=1,712.987,-1.078,-1.078,-2.219,0.688,62.831,0.0606
4270,94.942,115322.0,obs/smo/vf=off/lk=1,712.971,-0.731,-0.731,-2.581,-0.765,62.594,0.0606
4271,94.962,115342.0,obs/smo/vf=off/lk=1,712.98,-0.39,-0.39,-2.913,0.461,61.459,0.0606
4272,94.982,115362.0,obs/smo/vf=off/lk=1,712.982,-0.928,-0.928,-2.373,0.076,61.295,0.0606
4273,95.002,115382.0,obs/smo/vf=off/lk=1,712.97,-0.592,-0.592,-2.721,-0.541,62.06,0.0606
4274,95.022,115402.0,obs/smo/vf=off/lk=1,712.987,-0.26,-0.26,-3.036,0.773,62.693,0.0603
4275,95.042,115422.0,obs/smo/vf=off/lk=1,712.974,-0.804,-0.804,-2.505,-0.611,61.964,0.0606
4276,95.062,115442.0,obs/smo/vf=off/lk=1,712.976,-0.462,-0.462,-2.846,0.154,61.134,0.0606
4277,95.082,115462.0,obs/smo/vf=off/lk=1,712.985,-1.009,-1.009,-2.289,0.382,62.028,0.0606
4278,95.102,115482.0,obs/smo/vf=off/lk=1,712.97,-0.664,-0.664,-2.649,-0.766,62.735,0.0606
4279,95.122,115502.0,obs/smo/vf=off/lk=1,712.984,-0.315,-0.315,-2.984,0.686,62.252,0.0606
4280,95.142,115522.0,obs/smo/vf=off/lk=1,712.979,-0.866,-0.866,-2.438,-0.31,61.437,0.0606
4281,95.162,115542.0,obs/smo/vf=off/lk=1,712.973,-0.519,-0.519,-2.792,-0.231,61.608,0.0606
4282,95.182,115562.0,obs/smo/vf=off/lk=1,712.987,-1.067,-1.067,-2.23,0.689,62.904,0.0606
4283,95.202,115582.0,obs/smo/vf=off/lk=1,712.971,-0.716,-0.716,-2.596,-0.843,62.999,0.0606
4284,95.222,115602.0,obs/smo/vf=off/lk=1,712.98,-0.372,-0.372,-2.93,0.615,61.848,0.0606
4285,95.242,115622.0,obs/smo/vf=off/lk=1,712.982,-0.915,-0.915,-2.386,-0.076,61.316,0.0606
4286,95.262,115642.0,obs/smo/vf=off/lk=1,712.971,-0.563,-0.563,-2.749,-0.382,62.247,0.0606
4287,95.282,115662.0,obs/smo/vf=off/lk=1,712.987,-0.211,-0.211,-3.086,0.689,63.137,0.0596
4288,95.302,115682.0,obs/smo/vf=off/lk=1,712.973,-0.779,-0.779,-2.532,-0.701,62.423,0.0606
4289,95.322,115702.0,obs/smo/vf=off/lk=1,712.979,-0.412,-0.412,-2.893,0.302,61.393,0.0606
4290,95.342,115722.0,obs/smo/vf=off/lk=1,712.984,-0.973,-0.973,-2.326,0.233,61.851,0.0606
4291,95.362,115742.0,obs/smo/vf=off/lk=1,712.97,-0.623,-0.623,-2.691,-0.691,62.749,0.0606
4292,95.382,115762.0,obs/smo/vf=off/lk=1,712.985,-0.277,-0.277,-3.021,0.767,62.857,0.0605
4293,95.402,115782.0,obs/smo/vf=off/lk=1,712.976,-0.819,-0.819,-2.488,-0.459,62.066,0.0606
4294,95.422,115802.0,obs/smo/vf=off/lk=1,712.976,-0.467,-0.467,-2.84,0.076,61.387,0.0606
4295,95.442,115822.0,obs/smo/vf=off/lk=1,712.985,-1.026,-1.026,-2.272,0.387,62.505,0.0606
4296,95.462,115842.0,obs/smo/vf=off/lk=1,712.97,-0.678,-0.678,-2.636,-0.766,62.944,0.0606
4297,95.482,115862.0,obs/smo/vf=off/lk=1,712.984,-0.333,-0.333,-2.967,0.691,62.229,0.0606
4298,95.502,115882.0,obs/smo/vf=off/lk=1,712.979,-0.874,-0.874,-2.431,-0.305,61.583,0.0606
4299,95.522,115902.0,obs/smo/vf=off/lk=1,712.973,-0.519,-0.519,-2.792,-0.229,61.578,0.0606
4300,95.542,115922.0,obs/smo/vf=off/lk=1,712.987,-1.064,-1.064,-2.232,0.689,62.934,0.0606
4301,95.562,115942.0,obs/smo/vf=off/lk=1,712.971,-0.721,-0.721,-2.591,-0.771,62.913,0.0606
4302,95.582,115962.0,obs/smo/vf=off/lk=1,712.98,-0.372,-0.372,-2.931,0.537,61.772,0.0606
4303,95.602,115982.0,obs/smo/vf=off/lk=1,712.98,-0.912,-0.912,-2.391,-0.076,61.527,0.0606
4304,95.622,116002.0,obs/smo/vf=off/lk=1,712.971,-0.561,-0.561,-2.751,-0.461,62.134,0.0606
4305,95.642,116022.0,obs/smo/vf=off/lk=1,712.987,-0.212,-0.212,-3.085,0.766,63.1,0.0595
4306,95.662,116042.0,obs/smo/vf=off/lk=1,712.973,-0.756,-0.756,-2.554,-0.69,62.701,0.0606
4307,95.682,116062.0,obs/smo/vf=off/lk=1,712.979,-0.408,-0.408,-2.896,0.307,61.371,0.0606
4308,95.702,116082.0,obs/smo/vf=off/lk=1,712.984,-0.966,-0.966,-2.334,0.155,61.862,0.0606
4309,95.722,116102.0,obs/smo/vf=off/lk=1,712.97,-0.598,-0.598,-2.716,-0.605,62.568,0.0606
4310,95.742,116122.0,obs/smo/vf=off/lk=1,712.987,-0.25,-0.25,-3.047,0.843,63.037,0.0602
4311,95.762,116142.0,obs/smo/vf=off/lk=1,712.976,-0.815,-0.815,-2.492,-0.623,62.004,0.0606
4312,95.782,116162.0,obs/smo/vf=off/lk=1,712.976,-0.447,-0.447,-2.86,0.151,61.333,0.0606
4313,95.802,116182.0,obs/smo/vf=off/lk=1,712.985,-1.007,-1.007,-2.291,0.388,62.415,0.0606
4314,95.822,116202.0,obs/smo/vf=off/lk=1,712.97,-0.657,-0.657,-2.657,-0.767,63.145,0.0606
4315,95.842,116222.0,obs/smo/vf=off/lk=1,712.984,-0.312,-0.312,-2.988,0.767,62.636,0.0606
4316,95.862,116242.0,obs/smo/vf=off/lk=1,712.977,-0.852,-0.852,-2.453,-0.382,61.769,0.0606
4317,95.882,116262.0,obs/smo/vf=off/lk=1,712.973,-0.505,-0.505,-2.805,-0.154,61.611,0.0606
4318,95.902,116282.0,obs/smo/vf=off/lk=1,712.987,-1.052,-1.052,-2.244,0.612,62.743,0.0606
4319,95.922,116302.0,obs/smo/vf=off/lk=1,712.97,-0.701,-0.701,-2.612,-0.842,62.973,0.0606
4320,95.942,116322.0,obs/smo/vf=off/lk=1,712.982,-0.357,-0.357,-2.944,0.615,62.262,0.0606
4321,95.962,116342.0,obs/smo/vf=off/lk=1,712.98,-0.909,-0.909,-2.393,-0.077,61.484,0.0606
4322,95.982,116362.0,obs/smo/vf=off/lk=1,712.971,-0.557,-0.557,-2.755,-0.46,62.093,0.0606
4323,96.002,116382.0,obs/smo/vf=off/lk=1,712.987,-0.198,-0.198,-3.099,0.759,62.982,0.0594
4324,96.022,116402.0,obs/smo/vf=off/lk=1,712.971,-0.758,-0.758,-2.554,-0.773,62.675,0.0606
4325,96.042,116422.0,obs/smo/vf=off/lk=1,712.979,-0.411,-0.411,-2.893,0.384,61.498,0.0606
4326,96.062,116442.0,obs/smo/vf=off/lk=1,712.982,-0.953,-0.953,-2.349,0.153,61.732,0.0606
4327,96.082,116462.0,obs/smo/vf=off/lk=1,712.97,-0.604,-0.604,-2.709,-0.538,62.517,0.0606
4328,96.102,116482.0,obs/smo/vf=off/lk=1,712.987,-0.256,-0.256,-3.041,0.765,63.068,0.0602
4329,96.122,116502.0,obs/smo/vf=off/lk=1,712.976,-0.82,-0.82,-2.487,-0.621,61.907,0.0606
4330,96.142,116522.0,obs/smo/vf=off/lk=1,712.976,-0.453,-0.453,-2.854,0.151,61.47,0.0606
4331,96.162,116542.0,obs/smo/vf=off/lk=1,712.985,-1.013,-1.013,-2.285,0.388,62.325,0.0606
4332,96.182,116562.0,obs/smo/vf=off/lk=1,712.97,-0.663,-0.663,-2.651,-0.766,62.964,0.0606
4333,96.202,116582.0,obs/smo/vf=off/lk=1,712.984,-0.316,-0.316,-2.984,0.691,62.621,0.0606
4334,96.222,116602.0,obs/smo/vf=off/lk=1,712.977,-0.858,-0.858,-2.448,-0.306,61.631,0.0606
4335,96.242,116622.0,obs/smo/vf=off/lk=1,712.973,-0.507,-0.507,-2.803,-0.154,61.538,0.0606
4336,96.262,116642.0,obs/smo/vf=off/lk=1,712.987,-1.051,-1.051,-2.246,0.612,62.952,0.0606
4337,96.282,116662.0,obs/smo/vf=off/lk=1,712.97,-0.699,-0.699,-2.615,-0.842,63.064,0.0606
4338,96.302,116682.0,obs/smo/vf=off/lk=1,712.982,-0.352,-0.352,-2.949,0.615,62.045,0.0606
4339,96.322,116702.0,obs/smo/vf=off/lk=1,712.98,-0.89,-0.89,-2.413,-0.153,61.314,0.0606
4340,96.342,116722.0,obs/smo/vf=off/lk=1,712.971,-0.542,-0.542,-2.77,-0.384,62.029,0.0606
4341,96.362,116742.0,obs/smo/vf=off/lk=1,712.987,-1.088,-1.088,-2.209,0.766,63.409,0.0606
4342,96.382,116762.0,obs/smo/vf=off/lk=1,712.971,-0.736,-0.736,-2.576,-0.766,62.973,0.0606
4343,96.402,116782.0,obs/smo/vf=off/lk=1,712.98,-0.382,-0.382,-2.921,0.461,61.931,0.0606
4344,96.422,116802.0,obs/smo/vf=off/lk=1,712.982,-0.939,-0.939,-2.362,0.078,61.728,0.0606
4345,96.442,116822.0,obs/smo/vf=off/lk=1,712.971,-0.568,-0.568,-2.744,-0.53,62.397,0.0606
4346,96.462,116842.0,obs/smo/vf=off/lk=1,712.987,-0.216,-0.216,-3.081,0.765,63.288,0.0598
4347,96.482,116862.0,obs/smo/vf=off/lk=1,712.973,-0.777,-0.777,-2.533,-0.7,62.64,0.0606
4348,96.502,116882.0,obs/smo/vf=off/lk=1,712.979,-0.407,-0.407,-2.897,0.302,61.729,0.0606
4349,96.522,116902.0,obs/smo/vf=off/lk=1,712.984,-0.955,-0.955,-2.345,0.154,61.9,0.0606
4350,96.542,116922.0,obs/smo/vf=off/lk=1,712.97,-0.602,-0.602,-2.711,-0.614,62.704,0.0606
4351,96.562,116942.0,obs/smo/vf=off/lk=1,712.985,-0.25,-0.25,-3.048,0.842,63.06,0.0602
4352,96.582,116962.0,obs/smo/vf=off/lk=1,712.976,-0.811,-0.811,-2.496,-0.621,62.331,0.0606
4353,96.602,116982.0,obs/smo/vf=off/lk=1,712.977,-0.44,-0.44,-2.866,0.151,61.421,0.0606
4354,96.622,117002.0,obs/smo/vf=off/lk=1,712.985,-0.998,-0.998,-2.3,0.31,62.314,0.0606
4355,96.642,117022.0,obs/smo/vf=off/lk=1,712.97,-0.645,-0.645,-2.669,-0.69,63.063,0.0606
4356,96.662,117042.0,obs/smo/vf=off/lk=1,712.984,-0.296,-0.296,-3.004,0.767,62.988,0.0606
4357,96.682,117062.0,obs/smo/vf=off/lk=1,712.976,-0.837,-0.837,-2.47,-0.459,61.364,0.0606
4358,96.702,117082.0,obs/smo/vf=off/lk=1,712.974,-0.486,-0.486,-2.823,0.0,61.508,0.0606
4359,96.722,117102.0,obs/smo/vf=off/lk=1,712.985,-1.03,-1.03,-2.268,0.458,62.58,0.0606
4360,96.742,117122.0,obs/smo/vf=off/lk=1,712.97,-0.676,-0.676,-2.638,-0.765,63.178,0.0606
4361,96.762,117142.0,obs/smo/vf=off/lk=1,712.984,-0.331,-0.331,-2.969,0.692,62.439,0.0606
4362,96.782,117162.0,obs/smo/vf=off/lk=1,712.979,-0.872,-0.872,-2.432,-0.305,61.598,0.0606
4363,96.802,117182.0,obs/smo/vf=off/lk=1,712.973,-0.523,-0.523,-2.788,-0.231,61.756,0.0606
4364,96.822,117202.0,obs/smo/vf=off/lk=1,712.987,-1.067,-1.067,-2.229,0.689,62.854,0.0606
4365,96.842,117222.0,obs/smo/vf=off/lk=1,712.971,-0.729,-0.729,-2.583,-0.851,62.983,0.0606
4366,96.862,117242.0,obs/smo/vf=off/lk=1,712.98,-0.377,-0.377,-2.926,0.537,61.909,0.0606
4367,96.882,117262.0,obs/smo/vf=off/lk=1,712.98,-0.918,-0.918,-2.385,0.0,61.596,0.0606
4368,96.902,117282.0,obs/smo/vf=off/lk=1,712.971,-0.571,-0.571,-2.741,-0.462,62.4,0.0606
4369,96.922,117302.0,obs/smo/vf=off/lk=1,712.987,-0.219,-0.219,-3.078,0.766,63.152,0.0598
4370,96.942,117322.0,obs/smo/vf=off/lk=1,712.973,-0.762,-0.762,-2.548,-0.688,62.562,0.0606
4371,96.962,117342.0,obs/smo/vf=off/lk=1,712.977,-0.421,-0.421,-2.884,0.309,61.412,0.0606
4372,96.982,117362.0,obs/smo/vf=off/lk=1,712.984,-0.956,-0.956,-2.343,0.152,61.873,0.0606
4373,97.002,117382.0,obs/smo/vf=off/lk=1,712.97,-0.611,-0.611,-2.703,-0.617,62.697,0.0606
4374,97.022,117402.0,obs/smo/vf=off/lk=1,712.98,-0.96,-0.96,-2.343,0.457,61.612,0.0606
4375,97.042,117422.0,obs/smo/vf=off/lk=1,712.948,-0.603,-0.603,-2.732,-1.532,62.261,0.0606
4376,97.062,117442.0,obs/smo/vf=off/lk=1,712.984,-0.254,-0.254,-3.046,1.763,63.185,0.0603
4377,97.082,117462.0,obs/smo/vf=off/lk=1,712.97,-0.797,-0.797,-2.517,-0.766,62.33,0.0606
4378,97.102,117482.0,obs/smo/vf=off/lk=1,712.973,-0.448,-0.448,-2.862,0.231,61.419,0.0606
4379,97.122,117502.0,obs/smo/vf=off/lk=1,712.98,-0.987,-0.987,-2.316,0.305,62.128,0.0606
4380,97.142,117522.0,obs/smo/vf=off/lk=1,712.965,-0.636,-0.636,-2.682,-0.691,63.134,0.0606
4381,97.162,117542.0,obs/smo/vf=off/lk=1,712.98,-0.288,-0.288,-3.014,0.768,62.918,0.0606
4382,97.182,117562.0,obs/smo/vf=off/lk=1,712.971,-0.839,-0.839,-2.473,-0.461,62.041,0.0606
4383,97.202,117582.0,obs/smo/vf=off/lk=1,712.97,-0.485,-0.485,-2.829,0.0,61.55,0.0606
4384,97.222,117602.0,obs/smo/vf=off/lk=1,712.98,-1.027,-1.027,-2.275,0.458,62.617,0.0606
4385,97.242,117622.0,obs/smo/vf=off/lk=1,712.967,-0.694,-0.694,-2.623,-0.701,63.259,0.0606
4386,97.262,117642.0,obs/smo/vf=off/lk=1,712.979,-0.331,-0.331,-2.974,0.605,62.214,0.0606
4387,97.282,117662.0,obs/smo/vf=off/lk=1,712.974,-0.89,-0.89,-2.419,-0.233,61.649,0.0606
4388,97.302,117682.0,obs/smo/vf=off/lk=1,712.968,-0.539,-0.539,-2.776,-0.307,62.089,0.0606
4389,97.322,117702.0,obs/smo/vf=off/lk=1,712.982,-1.087,-1.087,-2.214,0.689,62.825,0.0606
4390,97.342,117722.0,obs/smo/vf=off/lk=1,712.968,-0.735,-0.735,-2.58,-0.689,62.967,0.0606
4391,97.362,117742.0,obs/smo/vf=off/lk=1,712.976,-0.389,-0.389,-2.919,0.384,61.748,0.0606
4392,97.382,117762.0,obs/smo/vf=off/lk=1,712.977,-0.92,-0.92,-2.386,0.0,61.544,0.0606
4393,97.402,117782.0,obs/smo/vf=off/lk=1,712.967,-0.57,-0.57,-2.747,-0.461,62.337,0.0606
4394,97.422,117802.0,obs/smo/vf=off/lk=1,712.982,-0.219,-0.219,-3.083,0.766,63.136,0.0599
4395,97.442,117822.0,obs/smo/vf=off/lk=1,712.968,-0.763,-0.763,-2.552,-0.689,62.659,0.0606
4396,97.462,117842.0,obs/smo/vf=off/lk=1,712.974,-0.415,-0.415,-2.894,0.307,61.484,0.0606
4397,97.482,117862.0,obs/smo/vf=off/lk=1,712.979,-0.976,-0.976,-2.328,0.233,61.977,0.0606
4398,97.502,117882.0,obs/smo/vf=off/lk=1,712.967,-0.606,-0.606,-2.71,-0.605,62.663,0.0606
4399,97.522,117902.0,obs/smo/vf=off/lk=1,712.982,-0.269,-0.269,-3.032,0.774,62.977,0.0604
4400,97.542,117922.0,obs/smo/vf=off/lk=1,712.971,-0.82,-0.82,-2.492,-0.538,61.889,0.0606
4401,97.562,117942.0,obs/smo/vf=off/lk=1,712.971,-0.469,-0.469,-2.843,0.0,61.404,0.0606
4402,97.582,117962.0,obs/smo/vf=off/lk=1,712.98,-1.012,-1.012,-2.291,0.458,62.505,0.0606
4403,97.602,117982.0,obs/smo/vf=off/lk=1,712.965,-0.658,-0.658,-2.66,-0.766,63.424,0.0606
4404,97.622,118002.0,obs/smo/vf=off/lk=1,712.979,-0.312,-0.312,-2.992,0.768,62.648,0.0606
4405,97.642,118022.0,obs/smo/vf=off/lk=1,712.973,-0.854,-0.854,-2.456,-0.382,61.61,0.0606
4406,97.662,118042.0,obs/smo/vf=off/lk=1,712.97,-0.505,-0.505,-2.809,-0.077,61.635,0.0606
4407,97.682,118062.0,obs/smo/vf=off/lk=1,712.982,-1.048,-1.048,-2.253,0.459,62.816,0.0606
4408,97.702,118082.0,obs/smo/vf=off/lk=1,712.967,-0.697,-0.697,-2.62,-0.69,63.307,0.0606
4409,97.722,118102.0,obs/smo/vf=off/lk=1,712.977,-0.351,-0.351,-2.955,0.615,62.165,0.0606
4410,97.742,118122.0,obs/smo/vf=off/lk=1,712.976,-0.891,-0.891,-2.416,-0.229,61.607,0.0606
4411,97.762,118142.0,obs/smo/vf=off/lk=1,712.968,-0.542,-0.542,-2.773,-0.307,61.88,0.0606
4412,97.782,118162.0,obs/smo/vf=off/lk=1,712.982,-1.089,-1.089,-2.212,0.689,63.03,0.0606
4413,97.802,118182.0,obs/smo/vf=off/lk=1,712.967,-0.747,-0.747,-2.57,-0.772,62.901,0.0606
4414,97.822,118202.0,obs/smo/vf=off/lk=1,712.976,-0.397,-0.397,-2.91,0.461,61.634,0.0606
4415,97.842,118222.0,obs/smo/vf=off/lk=1,712.977,-0.939,-0.939,-2.367,0.076,61.678,0.0606
4416,97.862,118242.0,obs/smo/vf=off/lk=1,712.967,-0.592,-0.592,-2.725,-0.539,62.645,0.0606
4417,97.882,118262.0,obs/smo/vf=off/lk=1,712.982,-0.244,-0.244,-3.057,0.766,62.913,0.0602
4418,97.902,118282.0,obs/smo/vf=off/lk=1,712.97,-0.787,-0.787,-2.526,-0.611,62.353,0.0606
4419,97.922,118302.0,obs/smo/vf=off/lk=1,712.973,-0.441,-0.441,-2.87,0.154,61.302,0.0606
4420,97.942,118322.0,obs/smo/vf=off/lk=1,712.98,-1.005,-1.005,-2.297,0.388,62.249,0.0606
4421,97.962,118342.0,obs/smo/vf=off/lk=1,712.965,-0.643,-0.643,-2.675,-0.759,62.894,0.0606
4422,97.982,118362.0,obs/smo/vf=off/lk=1,712.98,-0.295,-0.295,-3.008,0.766,62.765,0.0606
4423,98.002,118382.0,obs/smo/vf=off/lk=1,712.973,-0.847,-0.847,-2.464,-0.384,61.714,0.0606
4424,98.022,118402.0,obs/smo/vf=off/lk=1,712.97,-0.491,-0.491,-2.822,-0.076,61.439,0.0606
4425,98.042,118422.0,obs/smo/vf=off/lk=1,712.982,-1.056,-1.056,-2.245,0.544,62.72,0.0606
4426,98.062,118442.0,obs/smo/vf=off/lk=1,712.967,-0.704,-0.704,-2.613,-0.765,63.051,0.0606
4427,98.082,118462.0,obs/smo/vf=off/lk=1,712.977,-0.357,-0.357,-2.949,0.538,61.991,0.0606
4428,98.102,118482.0,obs/smo/vf=off/lk=1,712.976,-0.909,-0.909,-2.398,-0.077,61.469,0.0606
4429,98.122,118502.0,obs/smo/vf=off/lk=1,712.967,-0.557,-0.557,-2.76,-0.383,62.082,0.0606
4430,98.142,118522.0,obs/smo/vf=off/lk=1,712.982,-0.207,-0.207,-3.094,0.689,63.109,0.0595
4431,98.162,118542.0,obs/smo/vf=off/lk=1,712.968,-0.751,-0.751,-2.564,-0.689,62.808,0.0606
4432,98.182,118562.0,obs/smo/vf=off/lk=1,712.976,-0.405,-0.405,-2.903,0.384,61.433,0.0606
4433,98.202,118582.0,obs/smo/vf=off/lk=1,712.977,-0.939,-0.939,-2.366,0.076,61.761,0.0606
4434,98.222,118602.0,obs/smo/vf=off/lk=1,712.967,-0.591,-0.591,-2.725,-0.539,62.654,0.0606
4435,98.242,118622.0,obs/smo/vf=off/lk=1,712.982,-0.24,-0.24,-3.061,0.767,63.204,0.0601
4436,98.262,118642.0,obs/smo/vf=off/lk=1,712.97,-0.786,-0.786,-2.527,-0.612,62.465,0.0606
4437,98.282,118662.0,obs/smo/vf=off/lk=1,712.973,-0.438,-0.438,-2.872,0.154,61.397,0.0606
4438,98.302,118682.0,obs/smo/vf=off/lk=1,712.979,-0.98,-0.98,-2.324,0.305,61.873,0.0606
4439,98.322,118702.0,obs/smo/vf=off/lk=1,712.965,-0.63,-0.63,-2.688,-0.692,62.924,0.0606
4440,98.342,118722.0,obs/smo/vf=off/lk=1,712.98,-0.283,-0.283,-3.02,0.766,62.863,0.0606
4441,98.362,118742.0,obs/smo/vf=off/lk=1,712.973,-0.842,-0.842,-2.468,-0.465,61.9,0.0606
4442,98.382,118762.0,obs/smo/vf=off/lk=1,712.97,-0.494,-0.494,-2.819,0.0,61.402,0.0606
4443,98.402,118782.0,obs/smo/vf=off/lk=1,712.982,-1.036,-1.036,-2.265,0.458,62.717,0.0606
4444,98.422,118802.0,obs/smo/vf=off/lk=1,712.967,-0.682,-0.682,-2.635,-0.689,63.185,0.0606
4445,98.442,118822.0,obs/smo/vf=off/lk=1,712.979,-0.334,-0.334,-2.97,0.614,62.308,0.0606
4446,98.462,118842.0,obs/smo/vf=off/lk=1,712.974,-0.876,-0.876,-2.433,-0.229,61.566,0.0606
4447,98.482,118862.0,obs/smo/vf=off/lk=1,712.968,-0.527,-0.527,-2.788,-0.308,61.807,0.0606
4448,98.502,118882.0,obs/smo/vf=off/lk=1,712.982,-1.073,-1.073,-2.229,0.688,63.182,0.0606
4449,98.522,118902.0,obs/smo/vf=off/lk=1,712.968,-0.731,-0.731,-2.584,-0.772,62.807,0.0606
4450,98.542,118922.0,obs/smo/vf=off/lk=1,712.976,-0.383,-0.383,-2.924,0.538,61.796,0.0606
4451,98.562,118942.0,obs/smo/vf=off/lk=1,712.977,-0.923,-0.923,-2.383,-0.076,61.561,0.0606
4452,98.582,118962.0,obs/smo/vf=off/lk=1,712.967,-0.575,-0.575,-2.742,-0.462,62.176,0.0606
4453,98.602,118982.0,obs/smo/vf=off/lk=1,712.982,-0.226,-0.226,-3.075,0.767,63.133,0.06
4454,98.622,119002.0,obs/smo/vf=off/lk=1,712.97,-0.769,-0.769,-2.544,-0.612,62.565,0.0606
4455,98.642,119022.0,obs/smo/vf=off/lk=1,712.974,-0.418,-0.418,-2.891,0.23,61.569,0.0606
4456,98.662,119042.0,obs/smo/vf=off/lk=1,712.979,-0.955,-0.955,-2.349,0.229,61.842,0.0606
4457,98.682,119062.0,obs/smo/vf=off/lk=1,712.967,-0.604,-0.604,-2.713,-0.614,62.763,0.0606
4458,98.702,119082.0,obs/smo/vf=off/lk=1,712.98,-0.253,-0.253,-3.05,0.69,63.123,0.0602
4459,98.722,119102.0,obs/smo/vf=off/lk=1,712.971,-0.814,-0.814,-2.498,-0.466,62.223,0.0606
4460,98.742,119122.0,obs/smo/vf=off/lk=1,712.973,-0.442,-0.442,-2.868,0.076,61.466,0.0606
4461,98.762,119142.0,obs/smo/vf=off/lk=1,712.98,-1.003,-1.003,-2.3,0.388,62.449,0.0606
4462,98.782,119162.0,obs/smo/vf=off/lk=1,712.967,-0.648,-0.648,-2.669,-0.69,63.101,0.0606
4463,98.802,119182.0,obs/smo/vf=off/lk=1,712.98,-0.296,-0.296,-3.007,0.691,62.904,0.0606
4464,98.822,119202.0,obs/smo/vf=off/lk=1,712.973,-0.834,-0.834,-2.476,-0.459,62.154,0.0606
4465,98.842,119222.0,obs/smo/vf=off/lk=1,712.97,-0.483,-0.483,-2.831,0.0,61.608,0.0606
4466,98.862,119242.0,obs/smo/vf=off/lk=1,712.98,-1.025,-1.025,-2.278,0.459,62.657,0.0606
4467,98.882,119262.0,obs/smo/vf=off/lk=1,712.967,-0.67,-0.67,-2.647,-0.689,63.198,0.0606
4468,98.902,119282.0,obs/smo/vf=off/lk=1,712.979,-0.319,-0.319,-2.985,0.614,62.697,0.0606
4469,98.922,119302.0,obs/smo/vf=off/lk=1,712.973,-0.858,-0.858,-2.453,-0.305,61.805,0.0606
4470,98.942,119322.0,obs/smo/vf=off/lk=1,712.968,-0.505,-0.505,-2.81,-0.154,61.697,0.0606
4471,98.962,119342.0,obs/smo/vf=off/lk=1,712.982,-1.055,-1.055,-2.247,0.615,63.087,0.0606
4472,98.982,119362.0,obs/smo/vf=off/lk=1,712.967,-0.697,-0.697,-2.62,-0.766,63.355,0.0606
4473,99.002,119382.0,obs/smo/vf=off/lk=1,712.979,-0.337,-0.337,-2.967,0.609,62.402,0.0606
4474,99.022,119402.0,obs/smo/vf=off/lk=1,712.976,-0.885,-0.885,-2.422,-0.231,61.743,0.0606
4475,99.042,119422.0,obs/smo/vf=off/lk=1,712.968,-0.532,-0.532,-2.783,-0.308,61.937,0.0606
4476,99.062,119442.0,obs/smo/vf=off/lk=1,712.982,-1.076,-1.076,-2.226,0.688,63.235,0.0606
4477,99.082,119462.0,obs/smo/vf=off/lk=1,712.968,-0.723,-0.723,-2.592,-0.767,63.455,0.0606
4478,99.102,119482.0,obs/smo/vf=off/lk=1,712.977,-0.375,-0.375,-2.931,0.538,61.974,0.0606
4479,99.122,119502.0,obs/smo/vf=off/lk=1,712.977,-0.932,-0.932,-2.374,0.0,61.73,0.0606
4480,99.142,119522.0,obs/smo/vf=off/lk=1,712.967,-0.563,-0.563,-2.754,-0.454,62.401,0.0606
4481,99.162,119542.0,obs/smo/vf=off/lk=1,712.982,-0.211,-0.211,-3.09,0.689,63.26,0.0596
4482,99.182,119562.0,obs/smo/vf=off/lk=1,712.97,-0.773,-0.773,-2.54,-0.699,62.494,0.0606
4483,99.202,119582.0,obs/smo/vf=off/lk=1,712.976,-0.401,-0.401,-2.906,0.378,61.793,0.0606
4484,99.222,119602.0,obs/smo/vf=off/lk=1,712.979,-0.959,-0.959,-2.345,0.155,61.905,0.0606
4485,99.242,119622.0,obs/smo/vf=off/lk=1,712.965,-0.608,-0.608,-2.71,-0.615,62.936,0.0606
4486,99.262,119642.0,obs/smo/vf=off/lk=1,712.982,-0.257,-0.257,-3.044,0.766,63.274,0.0602
4487,99.282,119662.0,obs/smo/vf=off/lk=1,712.97,-0.797,-0.797,-2.517,-0.613,62.411,0.0606
4488,99.302,119682.0,obs/smo/vf=off/lk=1,712.973,-0.452,-0.452,-2.859,0.154,61.421,0.0606
4489,99.322,119702.0,obs/smo/vf=off/lk=1,712.98,-0.99,-0.99,-2.313,0.382,62.223,0.0606
4490,99.342,119722.0,obs/smo/vf=off/lk=1,712.965,-0.639,-0.639,-2.68,-0.767,62.97,0.0606
4491,99.362,119742.0,obs/smo/vf=off/lk=1,712.98,-0.29,-0.29,-3.012,0.769,62.818,0.0606
4492,99.382,119762.0,obs/smo/vf=off/lk=1,712.973,-0.831,-0.831,-2.48,-0.458,61.968,0.0606
4493,99.402,119782.0,obs/smo/vf=off/lk=1,712.97,-0.48,-0.48,-2.833,0.0,61.541,0.0606
4494,99.422,119802.0,obs/smo/vf=off/lk=1,712.982,-1.021,-1.021,-2.281,0.459,62.649,0.0606
4495,99.442,119822.0,obs/smo/vf=off/lk=1,712.967,-0.669,-0.669,-2.648,-0.691,63.27,0.0606
4496,99.462,119842.0,obs/smo/vf=off/lk=1,712.979,-0.321,-0.321,-2.984,0.614,62.527,0.0606
4497,99.482,119862.0,obs/smo/vf=off/lk=1,712.973,-0.858,-0.858,-2.452,-0.305,61.773,0.0606
4498,99.502,119882.0,obs/smo/vf=off/lk=1,712.97,-0.508,-0.508,-2.805,-0.154,61.885,0.0606
4499,99.522,119902.0,obs/smo/vf=off/lk=1,712.982,-1.06,-1.06,-2.241,0.617,63.06,0.0606
4500,99.542,119922.0,obs/smo/vf=off/lk=1,712.967,-0.705,-0.705,-2.611,-0.766,63.137,0.0606
4501,99.562,119942.0,obs/smo/vf=off/lk=1,712.977,-0.356,-0.356,-2.95,0.538,62.448,0.0606
4502,99.582,119962.0,obs/smo/vf=off/lk=1,712.976,-0.892,-0.892,-2.415,-0.076,61.635,0.0606
4503,99.602,119982.0,obs/smo/vf=off/lk=1,712.968,-0.547,-0.547,-2.768,-0.386,62.204,0.0606
4504,99.622,120002.0,obs/smo/vf=off/lk=1,712.982,-1.086,-1.086,-2.215,0.689,63.362,0.0606
4505,99.642,120022.0,obs/smo/vf=off/lk=1,712.968,-0.73,-0.73,-2.585,-0.689,63.218,0.0606
4506,99.662,120042.0,obs/smo/vf=off/lk=1,712.976,-0.38,-0.38,-2.927,0.461,61.98,0.0606
4507,99.682,120062.0,obs/smo/vf=off/lk=1,712.977,-0.915,-0.915,-2.391,-0.076,61.755,0.0606
4508,99.702,120082.0,obs/smo/vf=off/lk=1,712.967,-0.563,-0.563,-2.754,-0.384,62.438,0.0606
4509,99.722,120102.0,obs/smo/vf=off/lk=1,712.982,-0.209,-0.209,-3.093,0.69,63.393,0.0595
4510,99.742,120122.0,obs/smo/vf=off/lk=1,712.968,-0.747,-0.747,-2.568,-0.689,63.138,0.0606
4511,99.762,120142.0,obs/smo/vf=off/lk=1,712.974,-0.396,-0.396,-2.913,0.384,61.713,0.0606
4512,99.782,120162.0,obs/smo/vf=off/lk=1,712.977,-0.932,-0.932,-2.374,0.076,61.835,0.0606
4513,99.802,120182.0,obs/smo/vf=off/lk=1,712.967,-0.578,-0.578,-2.739,-0.538,62.595,0.0606
4514,99.822,120202.0,obs/smo/vf=off/lk=1,712.982,-0.224,-0.224,-3.077,0.766,63.467,0.0598
4515,99.842,120222.0,obs/smo/vf=off/lk=1,712.97,-0.778,-0.778,-2.536,-0.618,62.689,0.0606
4516,99.862,120242.0,obs/smo/vf=off/lk=1,712.973,-0.421,-0.421,-2.889,0.23,61.77,0.0606
4517,99.882,120262.0,obs/smo/vf=off/lk=1,712.979,-0.958,-0.958,-2.346,0.229,62.007,0.0606
4518,99.902,120282.0,obs/smo/vf=off/lk=1,712.965,-0.603,-0.603,-2.715,-0.614,62.932,0.0606
4519,99.922,120302.0,obs/smo/vf=off/lk=1,712.98,-0.25,-0.25,-3.053,0.689,63.466,0.0601
4520,99.942,120322.0,obs/smo/vf=off/lk=1,712.97,-0.787,-0.787,-2.526,-0.535,62.887,0.0606
4521,99.962,120342.0,obs/smo/vf=off/lk=1,712.971,-0.441,-0.441,-2.871,0.155,61.769,0.0606
4522,99.982,120362.0,obs/smo/vf=off/lk=1,712.98,-0.975,-0.975,-2.328,0.305,62.245,0.0606
4523,100.002,120382.0,obs/smo/vf=off/lk=1,712.967,-0.626,-0.626,-2.69,-0.617,63.164,0.0606
4524,100.022,120402.0,obs/smo/vf=off/lk=1,712.98,-0.263,-0.263,-3.04,0.685,63.436,0.0604
4525,100.042,120422.0,obs/smo/vf=off/lk=1,712.971,-0.818,-0.818,-2.494,-0.466,62.306,0.0606
4526,100.062,120442.0,obs/smo/vf=off/lk=1,712.971,-0.455,-0.455,-2.857,0.076,61.636,0.0606
4527,100.082,120462.0,obs/smo/vf=off/lk=1,712.98,-0.986,-0.986,-2.317,0.304,62.239,0.0606
4528,100.102,120482.0,obs/smo/vf=off/lk=1,712.965,-0.63,-0.63,-2.688,-0.614,63.126,0.0606
4529,100.122,120502.0,obs/smo/vf=off/lk=1,712.98,-0.275,-0.275,-3.028,0.69,63.031,0.0604
4530,100.142,120522.0,obs/smo/vf=off/lk=1,712.973,-0.831,-0.831,-2.479,-0.466,62.272,0.0606
4531,100.162,120542.0,obs/smo/vf=off/lk=1,712.97,-0.474,-0.474,-2.839,0.0,61.813,0.0606
4532,100.182,120562.0,obs/smo/vf=off/lk=1,712.98,-1.008,-1.008,-2.295,0.458,62.773,0.0606
4533,100.202,120582.0,obs/smo/vf=off/lk=1,712.965,-0.65,-0.65,-2.668,-0.768,63.365,0.0606
4534,100.222,120602.0,obs/smo/vf=off/lk=1,712.98,-0.296,-0.296,-3.007,0.767,63.113,0.0606
4535,100.242,120622.0,obs/smo/vf=off/lk=1,712.971,-0.82,-0.82,-2.492,-0.455,62.412,0.0606
4536,100.262,120642.0,obs/smo/vf=off/lk=1,712.97,-0.48,-0.48,-2.833,0.0,61.786,0.0606
4537,100.282,120662.0,obs/smo/vf=off/lk=1,712.98,-1.017,-1.017,-2.286,0.459,62.948,0.0606
4538,100.302,120682.0,obs/smo/vf=off/lk=1,712.967,-0.658,-0.658,-2.659,-0.689,63.586,0.0606
4539,100.322,120702.0,obs/smo/vf=off/lk=1,712.979,-0.303,-0.303,-3.001,0.691,63.242,0.0606
4540,100.342,120722.0,obs/smo/vf=off/lk=1,712.973,-0.836,-0.836,-2.474,-0.458,62.174,0.0606
4541,100.362,120742.0,obs/smo/vf=off/lk=1,712.97,-0.478,-0.478,-2.835,0.0,61.774,0.0606
4542,100.382,120762.0,obs/smo/vf=off/lk=1,712.98,-1.013,-1.013,-2.29,0.458,62.955,0.0606
4543,100.402,120782.0,obs/smo/vf=off/lk=1,712.967,-0.653,-0.653,-2.664,-0.691,63.617,0.0606
4544,100.422,120802.0,obs/smo/vf=off/lk=1,712.98,-0.287,-0.287,-3.016,0.684,63.298,0.0606
4545,100.442,120822.0,obs/smo/vf=off/lk=1,712.973,-0.836,-0.836,-2.475,-0.465,62.207,0.0606
4546,100.462,120842.0,obs/smo/vf=off/lk=1,712.97,-0.478,-0.478,-2.835,0.0,61.89,0.0606
4547,100.482,120862.0,obs/smo/vf=off/lk=1,712.98,-1.014,-1.014,-2.289,0.459,62.84,0.0606
4548,100.502,120882.0,obs/smo/vf=off/lk=1,712.967,-0.655,-0.655,-2.662,-0.69,63.412,0.0606
4549,100.522,120902.0,obs/smo/vf=off/lk=1,712.98,-0.289,-0.289,-3.014,0.684,63.257,0.0606
4550,100.542,120922.0,obs/smo/vf=off/lk=1,712.973,-0.84,-0.84,-2.471,-0.388,62.212,0.0606
4551,100.562,120942.0,obs/smo/vf=off/lk=1,712.97,-0.484,-0.484,-2.83,-0.077,61.877,0.0606
4552,100.582,120962.0,obs/smo/vf=off/lk=1,712.98,-1.019,-1.019,-2.284,0.459,62.884,0.0606
4553,100.602,120982.0,obs/smo/vf=off/lk=1,712.965,-0.665,-0.665,-2.654,-0.77,63.482,0.0606
4554,100.622,121002.0,obs/smo/vf=off/lk=1,712.979,-0.305,-0.305,-2.999,0.689,63.114,0.0606
4555,100.642,121022.0,obs/smo/vf=off/lk=1,712.973,-0.838,-0.838,-2.473,-0.305,62.346,0.0606
4556,100.662,121042.0,obs/smo/vf=off/lk=1,712.97,-0.482,-0.482,-2.832,-0.077,61.824,0.0606
4557,100.682,121062.0,obs/smo/vf=off/lk=1,712.98,-1.017,-1.017,-2.285,0.459,62.812,0.0606
4558,100.702,121082.0,obs/smo/vf=off/lk=1,712.967,-0.658,-0.658,-2.659,-0.69,63.529,0.0606
4559,100.722,121102.0,obs/smo/vf=off/lk=1,712.979,-0.304,-0.304,-3.0,0.615,63.025,0.0606
4560,100.742,121122.0,obs/smo/vf=off/lk=1,712.973,-0.838,-0.838,-2.472,-0.382,62.242,0.0606
4561,100.762,121142.0,obs/smo/vf=off/lk=1,712.97,-0.481,-0.481,-2.832,0.0,61.85,0.0606
4562,100.782,121162.0,obs/smo/vf=off/lk=1,712.98,-1.018,-1.018,-2.285,0.459,62.927,0.0606
4563,100.802,121182.0,obs/smo/vf=off/lk=1,712.967,-0.658,-0.658,-2.658,-0.689,63.45,0.0606
4564,100.822,121202.0,obs/smo/vf=off/lk=1,712.979,-0.31,-0.31,-2.994,0.618,62.912,0.0606
4565,100.842,121222.0,obs/smo/vf=off/lk=1,712.973,-0.838,-0.838,-2.472,-0.305,62.196,0.0606
4566,100.862,121242.0,obs/smo/vf=off/lk=1,712.97,-0.481,-0.481,-2.833,-0.077,61.74,0.0606
4567,100.882,121262.0,obs/smo/vf=off/lk=1,712.98,-1.013,-1.013,-2.29,0.458,62.955,0.0606
4568,100.902,121282.0,obs/smo/vf=off/lk=1,712.967,-0.653,-0.653,-2.663,-0.691,63.449,0.0606
4569,100.922,121302.0,obs/smo/vf=off/lk=1,712.98,-0.296,-0.296,-3.007,0.69,63.346,0.0606
4570,100.942,121322.0,obs/smo/vf=off/lk=1,712.973,-0.851,-0.851,-2.459,-0.388,62.175,0.0606
4571,100.962,121342.0,obs/smo/vf=off/lk=1,712.97,-0.486,-0.486,-2.828,-0.152,61.897,0.0606
4572,100.982,121362.0,obs/smo/vf=off/lk=1,712.98,-1.017,-1.017,-2.285,0.535,62.916,0.0606
4573,101.002,121382.0,obs/smo/vf=off/lk=1,712.967,-0.665,-0.665,-2.652,-0.694,63.742,0.0606
4574,101.022,121402.0,obs/smo/vf=off/lk=1,712.979,-0.303,-0.303,-3.001,0.611,63.247,0.0606
4575,101.042,121422.0,obs/smo/vf=off/lk=1,712.973,-0.836,-0.836,-2.475,-0.381,62.42,0.0606
4576,101.062,121442.0,obs/smo/vf=off/lk=1,712.97,-0.479,-0.479,-2.834,0.0,61.898,0.0606
4577,101.082,121462.0,obs/smo/vf=off/lk=1,712.98,-1.018,-1.018,-2.285,0.459,62.686,0.0606
4578,101.102,121482.0,obs/smo/vf=off/lk=1,712.967,-0.678,-0.678,-2.638,-0.701,63.501,0.0606
4579,101.122,121502.0,obs/smo/vf=off/lk=1,712.979,-0.324,-0.324,-2.98,0.615,62.819,0.0606
4580,101.142,121522.0,obs/smo/vf=off/lk=1,712.974,-0.857,-0.857,-2.452,-0.305,62.068,0.0606
4581,101.162,121542.0,obs/smo/vf=off/lk=1,712.97,-0.502,-0.502,-2.812,-0.154,61.988,0.0606
4582,101.182,121562.0,obs/smo/vf=off/lk=1,712.982,-1.04,-1.04,-2.261,0.612,63.023,0.0606
4583,101.202,121582.0,obs/smo/vf=off/lk=1,712.967,-0.68,-0.68,-2.637,-0.766,63.484,0.0606
4584,101.222,121602.0,obs/smo/vf=off/lk=1,712.979,-0.324,-0.324,-2.98,0.614,62.822,0.0606
4585,101.242,121622.0,obs/smo/vf=off/lk=1,712.974,-0.857,-0.857,-2.452,-0.305,62.107,0.0606
4586,101.262,121642.0,obs/smo/vf=off/lk=1,712.97,-0.5,-0.5,-2.813,-0.154,61.965,0.0606
4587,101.282,121662.0,obs/smo/vf=off/lk=1,712.982,-1.036,-1.036,-2.265,0.536,62.999,0.0606
4588,101.302,121682.0,obs/smo/vf=off/lk=1,712.967,-0.678,-0.678,-2.639,-0.689,63.489,0.0606
4589,101.322,121702.0,obs/smo/vf=off/lk=1,712.979,-0.322,-0.322,-2.983,0.614,62.896,0.0606
4590,101.342,121722.0,obs/smo/vf=off/lk=1,712.974,-0.874,-0.874,-2.435,-0.233,62.104,0.0606
4591,101.362,121742.0,obs/smo/vf=off/lk=1,712.97,-0.495,-0.495,-2.819,-0.151,62.009,0.0606
4592,101.382,121762.0,obs/smo/vf=off/lk=1,712.982,-1.049,-1.049,-2.252,0.544,63.295,0.0606
4593,101.402,121782.0,obs/smo/vf=off/lk=1,712.967,-0.69,-0.69,-2.627,-0.767,63.4,0.0606
4594,101.422,121802.0,obs/smo/vf=off/lk=1,712.977,-0.334,-0.334,-2.971,0.538,62.712,0.0606
4595,101.442,121822.0,obs/smo/vf=off/lk=1,712.974,-0.866,-0.866,-2.443,-0.153,62.051,0.0606
4596,101.462,121842.0,obs/smo/vf=off/lk=1,712.968,-0.509,-0.509,-2.806,-0.231,62.022,0.0606
4597,101.482,121862.0,obs/smo/vf=off/lk=1,712.982,-1.043,-1.043,-2.258,0.535,63.154,0.0606
4598,101.502,121882.0,obs/smo/vf=off/lk=1,712.967,-0.682,-0.682,-2.634,-0.689,63.587,0.0606
4599,101.522,121902.0,obs/smo/vf=off/lk=1,712.979,-0.316,-0.316,-2.988,0.608,62.929,0.0606
4600,101.542,121922.0,obs/smo/vf=off/lk=1,712.974,-0.868,-0.868,-2.441,-0.233,62.04,0.0606
4601,101.562,121942.0,obs/smo/vf=off/lk=1,712.968,-0.513,-0.513,-2.802,-0.231,62.081,0.0606
4602,101.582,121962.0,obs/smo/vf=off/lk=1,712.982,-1.049,-1.049,-2.252,0.535,63.228,0.0606
4603,101.602,121982.0,obs/smo/vf=off/lk=1,712.967,-0.69,-0.69,-2.627,-0.69,63.496,0.0606
4604,101.622,122002.0,obs/smo/vf=off/lk=1,712.977,-0.335,-0.335,-2.971,0.614,62.715,0.0606
4605,101.642,122022.0,obs/smo/vf=off/lk=1,712.974,-0.868,-0.868,-2.441,-0.229,61.994,0.0606
4606,101.662,122042.0,obs/smo/vf=off/lk=1,712.968,-0.513,-0.513,-2.802,-0.231,61.985,0.0606
4607,101.682,122062.0,obs/smo/vf=off/lk=1,712.982,-1.05,-1.05,-2.252,0.534,63.207,0.0606
4608,101.702,122082.0,obs/smo/vf=off/lk=1,712.967,-0.691,-0.691,-2.625,-0.69,63.22,0.0606
4609,101.722,122102.0,obs/smo/vf=off/lk=1,712.977,-0.337,-0.337,-2.969,0.614,62.653,0.0606
4610,101.742,122122.0,obs/smo/vf=off/lk=1,712.974,-0.872,-0.872,-2.437,-0.229,62.038,0.0606
4611,101.762,122142.0,obs/smo/vf=off/lk=1,712.968,-0.517,-0.517,-2.798,-0.231,62.045,0.0606
4612,101.782,122162.0,obs/smo/vf=off/lk=1,712.982,-1.076,-1.076,-2.226,0.622,63.17,0.0606
4613,101.802,122182.0,obs/smo/vf=off/lk=1,712.968,-0.717,-0.717,-2.598,-0.69,63.342,0.0606
4614,101.822,122202.0,obs/smo/vf=off/lk=1,712.977,-0.344,-0.344,-2.962,0.529,62.453,0.0606
4615,101.842,122222.0,obs/smo/vf=off/lk=1,712.976,-0.898,-0.898,-2.409,-0.155,61.84,0.0606
4616,101.862,122242.0,obs/smo/vf=off/lk=1,712.968,-0.54,-0.54,-2.775,-0.384,62.34,0.0606
4617,101.882,122262.0,obs/smo/vf=off/lk=1,712.982,-1.078,-1.078,-2.223,0.689,63.409,0.0606
4618,101.902,122282.0,obs/smo/vf=off/lk=1,712.968,-0.718,-0.718,-2.597,-0.689,63.361,0.0606
4619,101.922,122302.0,obs/smo/vf=off/lk=1,712.977,-0.362,-0.362,-2.944,0.461,62.295,0.0606
4620,101.942,122322.0,obs/smo/vf=off/lk=1,712.976,-0.894,-0.894,-2.413,-0.076,61.968,0.0606
4621,101.962,122342.0,obs/smo/vf=off/lk=1,712.968,-0.528,-0.528,-2.787,-0.305,62.244,0.0606
4622,101.982,122362.0,obs/smo/vf=off/lk=1,712.982,-1.083,-1.083,-2.218,0.622,63.619,0.0606
4623,102.002,122382.0,obs/smo/vf=off/lk=1,712.968,-0.728,-0.728,-2.587,-0.77,63.493,0.0606
4624,102.022,122402.0,obs/smo/vf=off/lk=1,712.977,-0.364,-0.364,-2.942,0.534,62.358,0.0606
4625,102.042,122422.0,obs/smo/vf=off/lk=1,712.976,-0.891,-0.891,-2.417,-0.153,62.048,0.0606
4626,102.062,122442.0,obs/smo/vf=off/lk=1,712.968,-0.534,-0.534,-2.781,-0.308,62.385,0.0606
4627,102.082,122462.0,obs/smo/vf=off/lk=1,712.982,-1.08,-1.08,-2.221,0.694,63.686,0.0606
4628,102.102,122482.0,obs/smo/vf=off/lk=1,712.968,-0.716,-0.716,-2.599,-0.765,63.464,0.0606
4629,102.122,122502.0,obs/smo/vf=off/lk=1,712.977,-0.358,-0.358,-2.948,0.538,62.497,0.0606
4630,102.142,122522.0,obs/smo/vf=off/lk=1,712.976,-0.889,-0.889,-2.418,-0.076,62.018,0.0606
4631,102.162,122542.0,obs/smo/vf=off/lk=1,712.968,-0.533,-0.533,-2.782,-0.385,62.29,0.0606
4632,102.182,122562.0,obs/smo/vf=off/lk=1,712.982,-1.071,-1.071,-2.231,0.689,63.511,0.0606
4633,102.202,122582.0,obs/smo/vf=off/lk=1,712.968,-0.71,-0.71,-2.605,-0.767,63.484,0.0606
4634,102.222,122602.0,obs/smo/vf=off/lk=1,712.977,-0.354,-0.354,-2.952,0.537,62.537,0.0606
4635,102.242,122622.0,obs/smo/vf=off/lk=1,712.976,-0.885,-0.885,-2.423,-0.153,62.055,0.0606
4636,102.262,122642.0,obs/smo/vf=off/lk=1,712.968,-0.525,-0.525,-2.79,-0.308,62.241,0.0606
4637,102.282,122662.0,obs/smo/vf=off/lk=1,712.982,-1.074,-1.074,-2.228,0.618,63.586,0.0606
4638,102.302,122682.0,obs/smo/vf=off/lk=1,712.967,-0.71,-0.71,-2.607,-0.688,63.496,0.0606
4639,102.322,122702.0,obs/smo/vf=off/lk=1,712.977,-0.352,-0.352,-2.953,0.538,62.658,0.0606
4640,102.342,122722.0,obs/smo/vf=off/lk=1,712.976,-0.882,-0.882,-2.425,-0.153,61.94,0.0606
4641,102.362,122742.0,obs/smo/vf=off/lk=1,712.968,-0.524,-0.524,-2.791,-0.308,62.272,0.0606
4642,102.382,122762.0,obs/smo/vf=off/lk=1,712.982,-1.059,-1.059,-2.242,0.688,63.673,0.0606
4643,102.402,122782.0,obs/smo/vf=off/lk=1,712.967,-0.697,-0.697,-2.62,-0.765,63.553,0.0606
4644,102.422,122802.0,obs/smo/vf=off/lk=1,712.977,-0.34,-0.34,-2.965,0.615,62.654,0.0606
4645,102.442,122822.0,obs/smo/vf=off/lk=1,712.974,-0.873,-0.873,-2.436,-0.23,62.073,0.0606
4646,102.462,122842.0,obs/smo/vf=off/lk=1,712.967,-0.526,-0.526,-2.79,-0.31,62.255,0.0606
4647,102.482,122862.0,obs/smo/vf=off/lk=1,712.982,-1.06,-1.06,-2.241,0.688,63.393,0.0606
4648,102.502,122882.0,obs/smo/vf=off/lk=1,712.967,-0.698,-0.698,-2.619,-0.765,63.516,0.0606
4649,102.522,122902.0,obs/smo/vf=off/lk=1,712.977,-0.331,-0.331,-2.975,0.609,62.881,0.0606
4650,102.542,122922.0,obs/smo/vf=off/lk=1,712.976,-0.882,-0.882,-2.425,-0.233,62.01,0.0606
4651,102.562,122942.0,obs/smo/vf=off/lk=1,712.968,-0.524,-0.524,-2.791,-0.231,62.393,0.0606
4652,102.582,122962.0,obs/smo/vf=off/lk=1,712.982,-1.06,-1.06,-2.241,0.612,63.337,0.0606
4653,102.602,122982.0,obs/smo/vf=off/lk=1,712.967,-0.698,-0.698,-2.619,-0.765,63.582,0.0606
4654,102.622,123002.0,obs/smo/vf=off/lk=1,712.977,-0.342,-0.342,-2.964,0.615,62.795,0.0606
4655,102.642,123022.0,obs/smo/vf=off/lk=1,712.974,-0.874,-0.874,-2.435,-0.229,61.977,0.0606
4656,102.662,123042.0,obs/smo/vf=off/lk=1,712.97,-0.511,-0.511,-2.803,-0.229,62.025,0.0606
4657,102.682,123062.0,obs/smo/vf=off/lk=1,712.982,-1.061,-1.061,-2.24,0.62,63.397,0.0606
4658,102.702,123082.0,obs/smo/vf=off/lk=1,712.967,-0.699,-0.699,-2.618,-0.765,63.642,0.0606
4659,102.722,123102.0,obs/smo/vf=off/lk=1,712.977,-0.344,-0.344,-2.962,0.538,62.656,0.0606
4660,102.742,123122.0,obs/smo/vf=off/lk=1,712.974,-0.874,-0.874,-2.435,-0.153,61.993,0.0606
4661,102.762,123142.0,obs/smo/vf=off/lk=1,712.968,-0.514,-0.514,-2.801,-0.231,62.173,0.0606
4662,102.782,123162.0,obs/smo/vf=off/lk=1,712.982,-1.049,-1.049,-2.253,0.536,63.424,0.0606
4663,102.802,123182.0,obs/smo/vf=off/lk=1,712.967,-0.688,-0.688,-2.628,-0.69,63.665,0.0606
4664,102.822,123202.0,obs/smo/vf=off/lk=1,712.977,-0.332,-0.332,-2.973,0.614,62.792,0.0606
4665,102.842,123222.0,obs/smo/vf=off/lk=1,712.973,-0.856,-0.856,-2.454,-0.304,62.178,0.0606
4666,102.862,123242.0,obs/smo/vf=off/lk=1,712.97,-0.493,-0.493,-2.821,-0.154,62.212,0.0606
4667,102.882,123262.0,obs/smo/vf=off/lk=1,712.982,-1.045,-1.045,-2.256,0.544,63.365,0.0606
4668,102.902,123282.0,obs/smo/vf=off/lk=1,712.967,-0.684,-0.684,-2.633,-0.69,63.675,0.0606
4669,102.922,123302.0,obs/smo/vf=off/lk=1,712.979,-0.327,-0.327,-2.977,0.615,62.998,0.0606
4670,102.942,123322.0,obs/smo/vf=off/lk=1,712.974,-0.858,-0.858,-2.451,-0.305,62.172,0.0606
4671,102.962,123342.0,obs/smo/vf=off/lk=1,712.97,-0.488,-0.488,-2.826,-0.076,61.991,0.0606
4672,102.982,123362.0,obs/smo/vf=off/lk=1,712.982,-1.038,-1.038,-2.263,0.466,63.157,0.0606
4673,103.002,123382.0,obs/smo/vf=off/lk=1,712.967,-0.663,-0.663,-2.653,-0.683,63.583,0.0606
4674,103.022,123402.0,obs/smo/vf=off/lk=1,712.979,-0.298,-0.298,-3.007,0.687,63.175,0.0606
4675,103.042,123422.0,obs/smo/vf=off/lk=1,712.971,-0.834,-0.834,-2.478,-0.46,62.24,0.0606
4676,103.062,123442.0,obs/smo/vf=off/lk=1,712.97,-0.49,-0.49,-2.823,-0.078,62.008,0.0606
4677,103.082,123462.0,obs/smo/vf=off/lk=1,712.98,-1.021,-1.021,-2.282,0.534,63.004,0.0606
4678,103.102,123482.0,obs/smo/vf=off/lk=1,712.967,-0.658,-0.658,-2.658,-0.69,63.626,0.0606
4679,103.122,123502.0,obs/smo/vf=off/lk=1,712.979,-0.302,-0.302,-3.002,0.691,63.24,0.0606
4680,103.142,123522.0,obs/smo/vf=off/lk=1,712.973,-0.832,-0.832,-2.479,-0.458,62.595,0.0606
4681,103.162,123542.0,obs/smo/vf=off/lk=1,712.971,-0.474,-0.474,-2.838,0.0,61.971,0.0606
4682,103.182,123562.0,obs/smo/vf=off/lk=1,712.98,-1.007,-1.007,-2.296,0.459,62.874,0.0606
4683,103.202,123582.0,obs/smo/vf=off/lk=1,712.965,-0.646,-0.646,-2.672,-0.768,63.56,0.0606
4684,103.222,123602.0,obs/smo/vf=off/lk=1,712.98,-0.291,-0.291,-3.012,0.767,63.101,0.0606
4685,103.242,123622.0,obs/smo/vf=off/lk=1,712.973,-0.835,-0.835,-2.475,-0.463,62.272,0.0606
4686,103.262,123642.0,obs/smo/vf=off/lk=1,712.971,-0.474,-0.474,-2.838,0.0,62.004,0.0606
4687,103.282,123662.0,obs/smo/vf=off/lk=1,712.98,-1.006,-1.006,-2.297,0.458,62.864,0.0606
4688,103.302,123682.0,obs/smo/vf=off/lk=1,712.967,-0.646,-0.646,-2.671,-0.691,63.527,0.0606
4689,103.322,123702.0,obs/smo/vf=off/lk=1,712.979,-0.289,-0.289,-3.016,0.691,63.282,0.0606
4690,103.342,123722.0,obs/smo/vf=off/lk=1,712.971,-0.821,-0.821,-2.491,-0.458,62.488,0.0606
4691,103.362,123742.0,obs/smo/vf=off/lk=1,712.971,-0.462,-0.462,-2.85,0.0,61.921,0.0606
4692,103.382,123762.0,obs/smo/vf=off/lk=1,712.98,-0.996,-0.996,-2.307,0.382,62.868,0.0606
4693,103.402,123782.0,obs/smo/vf=off/lk=1,712.965,-0.635,-0.635,-2.683,-0.614,63.369,0.0606
4694,103.422,123802.0,obs/smo/vf=off/lk=1,712.98,-0.279,-0.279,-3.024,0.69,63.456,0.0606
4695,103.442,123822.0,obs/smo/vf=off/lk=1,712.971,-0.812,-0.812,-2.5,-0.458,62.454,0.0606
4696,103.462,123842.0,obs/smo/vf=off/lk=1,712.971,-0.454,-0.454,-2.858,0.077,61.842,0.0606
4697,103.482,123862.0,obs/smo/vf=off/lk=1,712.98,-1.004,-1.004,-2.299,0.31,62.849,0.0606
4698,103.502,123882.0,obs/smo/vf=off/lk=1,712.965,-0.642,-0.642,-2.676,-0.613,63.377,0.0606
4699,103.522,123902.0,obs/smo/vf=off/lk=1,712.98,-0.273,-0.273,-3.03,0.684,63.571,0.0606
4700,103.542,123922.0,obs/smo/vf=off/lk=1,712.971,-0.824,-0.824,-2.488,-0.466,62.425,0.0606
4701,103.562,123942.0,obs/smo/vf=off/lk=1,712.971,-0.449,-0.449,-2.863,0.076,61.765,0.0606
4702,103.582,123962.0,obs/smo/vf=off/lk=1,712.98,-1.0,-1.0,-2.303,0.388,62.721,0.0606
4703,103.602,123982.0,obs/smo/vf=off/lk=1,712.965,-0.637,-0.637,-2.681,-0.766,63.729,0.0606
4704,103.622,124002.0,obs/smo/vf=off/lk=1,712.98,-0.28,-0.28,-3.022,0.768,63.438,0.0606
4705,103.642,124022.0,obs/smo/vf=off/lk=1,712.971,-0.813,-0.813,-2.499,-0.458,62.693,0.0606
4706,103.662,124042.0,obs/smo/vf=off/lk=1,712.971,-0.452,-0.452,-2.86,0.077,61.856,0.0606
4707,103.682,124062.0,obs/smo/vf=off/lk=1,712.979,-0.982,-0.982,-2.323,0.305,62.638,0.0606
4708,103.702,124082.0,obs/smo/vf=off/lk=1,712.967,-0.619,-0.619,-2.698,-0.614,63.389,0.0606
4709,103.722,124102.0,obs/smo/vf=off/lk=1,712.98,-0.261,-0.261,-3.041,0.69,63.402,0.0604
4710,103.742,124122.0,obs/smo/vf=off/lk=1,712.97,-0.793,-0.793,-2.521,-0.535,62.939,0.0606
4711,103.762,124142.0,obs/smo/vf=off/lk=1,712.973,-0.435,-0.435,-2.876,0.154,61.946,0.0606
4712,103.782,124162.0,obs/smo/vf=off/lk=1,712.979,-0.963,-0.963,-2.341,0.305,62.418,0.0606
4713,103.802,124182.0,obs/smo/vf=off/lk=1,712.967,-0.604,-0.604,-2.713,-0.614,63.161,0.0606
4714,103.822,124202.0,obs/smo/vf=off/lk=1,712.98,-0.24,-0.24,-3.063,0.69,63.745,0.06
4715,103.842,124222.0,obs/smo/vf=off/lk=1,712.97,-0.791,-0.791,-2.522,-0.544,62.564,0.0606
4716,103.862,124242.0,obs/smo/vf=off/lk=1,712.973,-0.43,-0.43,-2.88,0.231,62.065,0.0606
4717,103.882,124262.0,obs/smo/vf=off/lk=1,712.979,-0.957,-0.957,-2.347,0.152,62.437,0.0606
4718,103.902,124282.0,obs/smo/vf=off/lk=1,712.967,-0.595,-0.595,-2.721,-0.538,63.086,0.0606
4719,103.922,124302.0,obs/smo/vf=off/lk=1,712.98,-0.236,-0.236,-3.067,0.69,63.787,0.06
4720,103.942,124322.0,obs/smo/vf=off/lk=1,712.97,-0.767,-0.767,-2.547,-0.535,63.28,0.0606
4721,103.962,124342.0,obs/smo/vf=off/lk=1,712.974,-0.411,-0.411,-2.898,0.232,62.178,0.0606
4722,103.982,124362.0,obs/smo/vf=off/lk=1,712.977,-0.932,-0.932,-2.374,0.152,62.297,0.0606
4723,104.002,124382.0,obs/smo/vf=off/lk=1,712.967,-0.578,-0.578,-2.738,-0.542,62.998,0.0606
4724,104.022,124402.0,obs/smo/vf=off/lk=1,712.982,-0.206,-0.206,-3.095,0.76,63.776,0.0594
4725,104.042,124422.0,obs/smo/vf=off/lk=1,712.968,-0.738,-0.738,-2.577,-0.689,63.466,0.0606
4726,104.062,124442.0,obs/smo/vf=off/lk=1,712.976,-0.377,-0.377,-2.93,0.384,62.476,0.0606
4727,104.082,124462.0,obs/smo/vf=off/lk=1,712.977,-0.923,-0.923,-2.383,0.078,62.322,0.0606
4728,104.102,124482.0,obs/smo/vf=off/lk=1,712.968,-0.542,-0.542,-2.773,-0.454,62.75,0.0606
4729,104.122,124502.0,obs/smo/vf=off/lk=1,712.982,-1.075,-1.075,-2.226,0.689,63.622,0.0606
4730,104.142,124522.0,obs/smo/vf=off/lk=1,712.968,-0.733,-0.733,-2.583,-0.701,63.439,0.0606
4731,104.162,124542.0,obs/smo/vf=off/lk=1,712.977,-0.354,-0.354,-2.952,0.453,62.673,0.0606
4732,104.182,124562.0,obs/smo/vf=off/lk=1,712.976,-0.902,-0.902,-2.405,-0.078,62.111,0.0606
4733,104.202,124582.0,obs/smo/vf=off/lk=1,712.968,-0.54,-0.54,-2.775,-0.384,62.494,0.0606
4734,104.222,124602.0,obs/smo/vf=off/lk=1,712.982,-1.074,-1.074,-2.227,0.612,64.048,0.0606
4735,104.242,124622.0,obs/smo/vf=off/lk=1,712.968,-0.712,-0.712,-2.603,-0.69,63.551,0.0606
4736,104.262,124642.0,obs/smo/vf=off/lk=1,712.977,-0.354,-0.354,-2.952,0.538,62.779,0.0606
4737,104.282,124662.0,obs/smo/vf=off/lk=1,712.976,-0.881,-0.881,-2.426,-0.153,62.158,0.0606
4738,104.302,124682.0,obs/smo/vf=off/lk=1,712.968,-0.521,-0.521,-2.794,-0.231,62.367,0.0606
4739,104.322,124702.0,obs/smo/vf=off/lk=1,712.982,-1.057,-1.057,-2.245,0.613,63.451,0.0606
4740,104.342,124722.0,obs/smo/vf=off/lk=1,712.967,-0.694,-0.694,-2.622,-0.766,63.716,0.0606
4741,104.362,124742.0,obs/smo/vf=off/lk=1,712.977,-0.336,-0.336,-2.97,0.614,62.959,0.0606
4742,104.382,124762.0,obs/smo/vf=off/lk=1,712.974,-0.866,-0.866,-2.443,-0.305,62.146,0.0606
4743,104.402,124782.0,obs/smo/vf=off/lk=1,712.968,-0.505,-0.505,-2.81,-0.154,62.236,0.0606
4744,104.422,124802.0,obs/smo/vf=off/lk=1,712.98,-1.039,-1.039,-2.264,0.535,63.236,0.0606
4745,104.442,124822.0,obs/smo/vf=off/lk=1,712.967,-0.691,-0.691,-2.626,-0.696,63.664,0.0606
4746,104.462,124842.0,obs/smo/vf=off/lk=1,712.979,-0.329,-0.329,-2.975,0.613,62.934,0.0606
4747,104.482,124862.0,obs/smo/vf=off/lk=1,712.974,-0.859,-0.859,-2.45,-0.305,62.093,0.0606
4748,104.502,124882.0,obs/smo/vf=off/lk=1,712.97,-0.501,-0.501,-2.813,-0.154,62.167,0.0606
4749,104.522,124902.0,obs/smo/vf=off/lk=1,712.982,-1.044,-1.044,-2.258,0.539,63.274,0.0606
4750,104.542,124922.0,obs/smo/vf=off/lk=1,712.965,-0.669,-0.669,-2.649,-0.759,63.57,0.0606
4751,104.562,124942.0,obs/smo/vf=off/lk=1,712.979,-0.308,-0.308,-2.996,0.689,63.181,0.0606
4752,104.582,124962.0,obs/smo/vf=off/lk=1,712.974,-0.859,-0.859,-2.45,-0.31,62.273,0.0606
4753,104.602,124982.0,obs/smo/vf=off/lk=1,712.97,-0.501,-0.501,-2.812,-0.154,62.061,0.0606
4754,104.622,125002.0,obs/smo/vf=off/lk=1,712.98,-1.035,-1.035,-2.268,0.535,63.143,0.0606
4755,104.642,125022.0,obs/smo/vf=off/lk=1,712.967,-0.673,-0.673,-2.644,-0.689,63.695,0.0606
4756,104.662,125042.0,obs/smo/vf=off/lk=1,712.979,-0.309,-0.309,-2.996,0.687,63.031,0.0606
4757,104.682,125062.0,obs/smo/vf=off/lk=1,712.973,-0.837,-0.837,-2.473,-0.457,62.328,0.0606
4758,104.702,125082.0,obs/smo/vf=off/lk=1,712.97,-0.476,-0.476,-2.837,0.0,61.995,0.0606
4759,104.722,125102.0,obs/smo/vf=off/lk=1,712.98,-1.029,-1.029,-2.274,0.466,63.121,0.0606
4760,104.742,125122.0,obs/smo/vf=off/lk=1,712.967,-0.668,-0.668,-2.648,-0.691,63.666,0.0606
4761,104.762,125142.0,obs/smo/vf=off/lk=1,712.979,-0.305,-0.305,-3.0,0.611,63.231,0.0606
4762,104.782,125162.0,obs/smo/vf=off/lk=1,712.973,-0.832,-0.832,-2.479,-0.381,62.393,0.0606
4763,104.802,125182.0,obs/smo/vf=off/lk=1,712.971,-0.474,-0.474,-2.838,0.0,61.945,0.0606
4764,104.822,125202.0,obs/smo/vf=off/lk=1,712.98,-1.005,-1.005,-2.297,0.458,63.124,0.0606
4765,104.842,125222.0,obs/smo/vf=off/lk=1,712.967,-0.643,-0.643,-2.674,-0.69,63.563,0.0606
4766,104.862,125242.0,obs/smo/vf=off/lk=1,712.98,-0.278,-0.278,-3.025,0.687,63.505,0.0606
4767,104.882,125262.0,obs/smo/vf=off/lk=1,712.971,-0.824,-0.824,-2.488,-0.464,62.586,0.0606
4768,104.902,125282.0,obs/smo/vf=off/lk=1,712.971,-0.465,-0.465,-2.847,0.0,61.889,0.0606
4769,104.922,125302.0,obs/smo/vf=off/lk=1,712.98,-0.997,-0.997,-2.306,0.382,62.712,0.0606
4770,104.942,125322.0,obs/smo/vf=off/lk=1,712.965,-0.635,-0.635,-2.683,-0.614,63.524,0.0606
4771,104.962,125342.0,obs/smo/vf=off/lk=1,712.979,-0.276,-0.276,-3.029,0.689,63.468,0.0605
4772,104.982,125362.0,obs/smo/vf=off/lk=1,712.971,-0.82,-0.82,-2.492,-0.465,62.606,0.0606
4773,105.002,125382.0,obs/smo/vf=off/lk=1,712.973,-0.453,-0.453,-2.858,0.076,61.846,0.0606
4774,105.022,125402.0,obs/smo/vf=off/lk=1,712.98,-0.993,-0.993,-2.31,0.385,62.801,0.0606
4775,105.042,125422.0,obs/smo/vf=off/lk=1,712.965,-0.631,-0.631,-2.687,-0.691,63.416,0.0606
4776,105.062,125442.0,obs/smo/vf=off/lk=1,712.979,-0.26,-0.26,-3.045,0.683,63.614,0.0602
4777,105.082,125462.0,obs/smo/vf=off/lk=1,712.971,-0.807,-0.807,-2.505,-0.465,62.856,0.0606
4778,105.102,125482.0,obs/smo/vf=off/lk=1,712.973,-0.428,-0.428,-2.883,0.151,62.024,0.0606
4779,105.122,125502.0,obs/smo/vf=off/lk=1,712.98,-0.975,-0.975,-2.328,0.233,62.579,0.0606
4780,105.142,125522.0,obs/smo/vf=off/lk=1,712.967,-0.613,-0.613,-2.704,-0.614,63.454,0.0606
4781,105.162,125542.0,obs/smo/vf=off/lk=1,712.98,-0.253,-0.253,-3.05,0.691,63.754,0.0603
4782,105.182,125562.0,obs/smo/vf=off/lk=1,712.97,-0.784,-0.784,-2.529,-0.535,62.932,0.0606
4783,105.202,125582.0,obs/smo/vf=off/lk=1,712.973,-0.423,-0.423,-2.887,0.231,62.071,0.0606
4784,105.222,125602.0,obs/smo/vf=off/lk=1,712.979,-0.952,-0.952,-2.353,0.153,62.392,0.0606
4785,105.242,125622.0,obs/smo/vf=off/lk=1,712.967,-0.59,-0.59,-2.726,-0.538,63.257,0.0606
4786,105.262,125642.0,obs/smo/vf=off/lk=1,712.982,-0.232,-0.232,-3.069,0.766,63.752,0.0601
4787,105.282,125662.0,obs/smo/vf=off/lk=1,712.97,-0.764,-0.764,-2.549,-0.612,63.064,0.0606
4788,105.302,125682.0,obs/smo/vf=off/lk=1,712.974,-0.406,-0.406,-2.903,0.307,62.159,0.0606
4789,105.322,125702.0,obs/smo/vf=off/lk=1,712.977,-0.933,-0.933,-2.372,0.076,62.175,0.0606
4790,105.342,125722.0,obs/smo/vf=off/lk=1,712.967,-0.575,-0.575,-2.742,-0.461,62.584,0.0606
4791,105.362,125742.0,obs/smo/vf=off/lk=1,712.982,-0.212,-0.212,-3.09,0.689,63.624,0.0597
4792,105.382,125762.0,obs/smo/vf=off/lk=1,712.968,-0.748,-0.748,-2.567,-0.689,64.071,0.0606
4793,105.402,125782.0,obs/smo/vf=off/lk=0,712.976,-0.39,-0.39,-2.917,0.385,62.334,0.0606
4794,105.422,125802.0,obs/smo/vf=off/lk=1,712.979,-0.938,-0.938,-2.366,0.077,62.177,0.0606
4795,105.442,125822.0,obs/smo/vf=off/lk=1,712.967,-0.577,-0.577,-2.739,-0.537,62.96,0.0606
4796,105.462,125842.0,obs/smo/vf=off/lk=1,712.98,-0.218,-0.218,-3.085,0.766,63.886,0.0597
4797,105.482,125862.0,obs/smo/vf=off/lk=1,712.968,-0.753,-0.753,-2.563,-0.689,63.154,0.0606
4798,105.502,125882.0,obs/smo/vf=off/lk=1,712.974,-0.395,-0.395,-2.914,0.384,62.151,0.0606
4799,105.522,125902.0,obs/smo/vf=off/lk=1,712.977,-0.935,-0.935,-2.371,0.077,62.081,0.0606
4800,105.542,125922.0,obs/smo/vf=off/lk=1,712.968,-0.555,-0.555,-2.76,-0.454,62.597,0.0606
4801,105.562,125942.0,obs/smo/vf=off/lk=1,712.982,-0.216,-0.216,-3.086,0.701,63.575,0.0597
4802,105.582,125962.0,obs/smo/vf=off/lk=1,712.968,-0.752,-0.752,-2.563,-0.689,63.259,0.0606
4803,105.602,125982.0,obs/smo/vf=off/lk=1,712.974,-0.396,-0.396,-2.913,0.384,62.054,0.0606
4804,105.622,126002.0,obs/smo/vf=off/lk=1,712.977,-0.927,-0.927,-2.379,0.076,62.053,0.0606
4805,105.642,126022.0,obs/smo/vf=off/lk=1,712.967,-0.571,-0.571,-2.746,-0.538,62.712,0.0606
4806,105.662,126042.0,obs/smo/vf=off/lk=1,712.982,-0.212,-0.212,-3.089,0.766,63.602,0.0597
4807,105.682,126062.0,obs/smo/vf=off/lk=1,712.968,-0.746,-0.746,-2.569,-0.688,63.304,0.0606
4808,105.702,126082.0,obs/smo/vf=off/lk=1,712.976,-0.391,-0.391,-2.916,0.384,62.169,0.0606
4809,105.722,126102.0,obs/smo/vf=off/lk=1,712.977,-0.92,-0.92,-2.386,0.076,62.002,0.0606
4810,105.742,126122.0,obs/smo/vf=off/lk=1,712.967,-0.566,-0.566,-2.75,-0.462,62.599,0.0606
4811,105.762,126142.0,obs/smo/vf=off/lk=1,712.982,-0.209,-0.209,-3.092,0.689,63.587,0.0594
4812,105.782,126162.0,obs/smo/vf=off/lk=1,712.968,-0.746,-0.746,-2.569,-0.689,63.074,0.0606
4813,105.802,126182.0,obs/smo/vf=off/lk=1,712.976,-0.391,-0.391,-2.916,0.384,62.007,0.0606
4814,105.822,126202.0,obs/smo/vf=off/lk=1,712.977,-0.942,-0.942,-2.364,0.077,62.155,0.0606
4815,105.842,126222.0,obs/smo/vf=off/lk=1,712.967,-0.567,-0.567,-2.749,-0.53,62.721,0.0606
4816,105.862,126242.0,obs/smo/vf=off/lk=1,712.982,-0.209,-0.209,-3.092,0.766,63.529,0.0595
4817,105.882,126262.0,obs/smo/vf=off/lk=1,712.97,-0.767,-0.767,-2.547,-0.701,63.043,0.0606
4818,105.902,126282.0,obs/smo/vf=off/lk=1,712.974,-0.391,-0.391,-2.918,0.378,62.475,0.0606
4819,105.922,126302.0,obs/smo/vf=off/lk=1,712.977,-0.943,-0.943,-2.363,0.077,62.145,0.0606
4820,105.942,126322.0,obs/smo/vf=off/lk=1,712.967,-0.586,-0.586,-2.731,-0.538,62.889,0.0606
4821,105.962,126342.0,obs/smo/vf=off/lk=1,712.982,-0.215,-0.215,-3.086,0.757,63.624,0.0598
4822,105.982,126362.0,obs/smo/vf=off/lk=1,712.97,-0.77,-0.77,-2.544,-0.699,62.805,0.0606
4823,106.002,126382.0,obs/smo/vf=off/lk=1,712.976,-0.402,-0.402,-2.906,0.38,61.979,0.0606
4824,106.022,126402.0,obs/smo/vf=off/lk=1,712.979,-0.943,-0.943,-2.362,0.077,62.054,0.0606
4825,106.042,126422.0,obs/smo/vf=off/lk=1,712.967,-0.587,-0.587,-2.73,-0.539,62.773,0.0606
4826,106.062,126442.0,obs/smo/vf=off/lk=1,712.982,-0.23,-0.23,-3.071,0.766,63.516,0.0599
4827,106.082,126462.0,obs/smo/vf=off/lk=1,712.97,-0.764,-0.764,-2.55,-0.688,63.128,0.0606
4828,106.102,126482.0,obs/smo/vf=off/lk=1,712.974,-0.408,-0.408,-2.901,0.384,61.971,0.0606
4829,106.122,126502.0,obs/smo/vf=off/lk=1,712.977,-0.939,-0.939,-2.367,0.076,62.065,0.0606
4830,106.142,126522.0,obs/smo/vf=off/lk=1,712.967,-0.581,-0.581,-2.735,-0.538,62.924,0.0606
4831,106.162,126542.0,obs/smo/vf=off/lk=1,712.982,-0.232,-0.232,-3.069,0.771,63.528,0.06
4832,106.182,126562.0,obs/smo/vf=off/lk=1,712.968,-0.764,-0.764,-2.551,-0.687,63.261,0.0606
4833,106.202,126582.0,obs/smo/vf=off/lk=1,712.974,-0.408,-0.408,-2.901,0.307,61.941,0.0606
4834,106.222,126602.0,obs/smo/vf=off/lk=1,712.979,-0.957,-0.957,-2.348,0.232,62.283,0.0606
4835,106.242,126622.0,obs/smo/vf=off/lk=1,712.968,-0.577,-0.577,-2.739,-0.529,62.755,0.0606
4836,106.262,126642.0,obs/smo/vf=off/lk=1,712.982,-0.238,-0.238,-3.064,0.701,63.695,0.06
4837,106.282,126662.0,obs/smo/vf=off/lk=1,712.97,-0.762,-0.762,-2.551,-0.606,63.127,0.0606
4838,106.302,126682.0,obs/smo/vf=off/lk=1,712.974,-0.401,-0.401,-2.908,0.23,62.07,0.0606
4839,106.322,126702.0,obs/smo/vf=off/lk=1,712.979,-0.951,-0.951,-2.353,0.233,62.252,0.0606
4840,106.342,126722.0,obs/smo/vf=off/lk=1,712.968,-0.574,-0.574,-2.741,-0.53,62.919,0.0606
4841,106.362,126742.0,obs/smo/vf=off/lk=1,712.982,-0.214,-0.214,-3.087,0.689,63.55,0.0598
4842,106.382,126762.0,obs/smo/vf=off/lk=1,712.968,-0.792,-0.792,-2.523,-0.688,62.726,0.0606
4843,106.402,126782.0,obs/smo/vf=off/lk=1,712.974,-0.405,-0.405,-2.904,0.311,62.131,0.0606
4844,106.422,126802.0,obs/smo/vf=off/lk=1,712.977,-0.933,-0.933,-2.373,0.153,62.052,0.0606
4845,106.442,126822.0,obs/smo/vf=off/lk=1,712.967,-0.574,-0.574,-2.743,-0.461,62.842,0.0606
4846,106.462,126842.0,obs/smo/vf=off/lk=1,712.982,-0.215,-0.215,-3.086,0.689,63.716,0.0597
4847,106.482,126862.0,obs/smo/vf=off/lk=1,712.968,-0.751,-0.751,-2.564,-0.689,63.244,0.0606
4848,106.502,126882.0,obs/smo/vf=off/lk=1,712.976,-0.385,-0.385,-2.923,0.382,62.181,0.0606
4849,106.522,126902.0,obs/smo/vf=off/lk=1,712.977,-0.919,-0.919,-2.387,0.0,62.113,0.0606
4850,106.542,126922.0,obs/smo/vf=off/lk=1,712.967,-0.558,-0.558,-2.759,-0.384,62.702,0.0606
4851,106.562,126942.0,obs/smo/vf=off/lk=1,712.982,-1.092,-1.092,-2.21,0.688,63.665,0.0606
4852,106.582,126962.0,obs/smo/vf=off/lk=1,712.968,-0.729,-0.729,-2.586,-0.767,63.523,0.0606
4853,106.602,126982.0,obs/smo/vf=off/lk=1,712.976,-0.38,-0.38,-2.928,0.541,62.185,0.0606
4854,106.622,127002.0,obs/smo/vf=off/lk=1,712.976,-0.903,-0.903,-2.405,-0.076,62.071,0.0606
4855,106.642,127022.0,obs/smo/vf=off/lk=1,712.968,-0.544,-0.544,-2.771,-0.385,62.591,0.0606
4856,106.662,127042.0,obs/smo/vf=off/lk=1,712.982,-1.08,-1.08,-2.221,0.689,63.614,0.0606
4857,106.682,127062.0,obs/smo/vf=off/lk=1,712.968,-0.715,-0.715,-2.6,-0.689,63.6,0.0606
4858,106.702,127082.0,obs/smo/vf=off/lk=1,712.977,-0.355,-0.355,-2.951,0.46,62.626,0.0606
4859,106.722,127102.0,obs/smo/vf=off/lk=1,712.976,-0.894,-0.894,-2.413,-0.154,62.03,0.0606
4860,106.742,127122.0,obs/smo/vf=off/lk=1,712.968,-0.532,-0.532,-2.783,-0.308,62.434,0.0606
4861,106.762,127142.0,obs/smo/vf=off/lk=1,712.982,-1.066,-1.066,-2.236,0.688,63.589,0.0606
4862,106.782,127162.0,obs/smo/vf=off/lk=1,712.967,-0.706,-0.706,-2.611,-0.767,63.376,0.0606
4863,106.802,127182.0,obs/smo/vf=off/lk=1,712.977,-0.35,-0.35,-2.956,0.615,62.748,0.0606
4864,106.822,127202.0,obs/smo/vf=off/lk=1,712.976,-0.886,-0.886,-2.421,-0.23,62.087,0.0606
4865,106.842,127222.0,obs/smo/vf=off/lk=1,712.968,-0.524,-0.524,-2.791,-0.307,62.401,0.0606
4866,106.862,127242.0,obs/smo/vf=off/lk=1,712.982,-1.059,-1.059,-2.242,0.612,63.385,0.0606
4867,106.882,127262.0,obs/smo/vf=off/lk=1,712.967,-0.698,-0.698,-2.619,-0.689,63.644,0.0606
4868,106.902,127282.0,obs/smo/vf=off/lk=1,712.977,-0.342,-0.342,-2.964,0.615,62.629,0.0606
4869,106.922,127302.0,obs/smo/vf=off/lk=1,712.974,-0.873,-0.873,-2.436,-0.229,62.037,0.0606
4870,106.942,127322.0,obs/smo/vf=off/lk=1,712.968,-0.514,-0.514,-2.801,-0.231,62.197,0.0606
4871,106.962,127342.0,obs/smo/vf=off/lk=1,712.982,-1.059,-1.059,-2.242,0.617,63.405,0.0606
4872,106.982,127362.0,obs/smo/vf=off/lk=1,712.967,-0.694,-0.694,-2.622,-0.766,63.813,0.0606
4873,107.002,127382.0,obs/smo/vf=off/lk=1,712.977,-0.343,-0.343,-2.963,0.618,62.886,0.0606
4874,107.022,127402.0,obs/smo/vf=off/lk=1,712.974,-0.864,-0.864,-2.445,-0.227,62.086,0.0606
4875,107.042,127422.0,obs/smo/vf=off/lk=1,712.97,-0.504,-0.504,-2.81,-0.231,62.131,0.0606
4876,107.062,127442.0,obs/smo/vf=off/lk=1,712.98,-1.038,-1.038,-2.265,0.535,63.103,0.0606
4877,107.082,127462.0,obs/smo/vf=off/lk=1,712.967,-0.676,-0.676,-2.641,-0.69,63.574,0.0606
4878,107.102,127482.0,obs/smo/vf=off/lk=1,712.979,-0.318,-0.318,-2.986,0.614,63.081,0.0606
4879,107.122,127502.0,obs/smo/vf=off/lk=1,712.973,-0.849,-0.849,-2.461,-0.306,62.276,0.0606
4880,107.142,127522.0,obs/smo/vf=off/lk=1,712.97,-0.491,-0.491,-2.823,-0.077,62.011,0.0606
4881,107.162,127542.0,obs/smo/vf=off/lk=1,712.98,-1.023,-1.023,-2.28,0.458,63.079,0.0606
4882,107.182,127562.0,obs/smo/vf=off/lk=1,712.967,-0.679,-0.679,-2.637,-0.701,64.044,0.0606
4883,107.202,127582.0,obs/smo/vf=off/lk=1,712.979,-0.302,-0.302,-3.002,0.605,63.327,0.0606
4884,107.222,127602.0,obs/smo/vf=off/lk=1,712.974,-0.854,-0.854,-2.455,-0.31,62.265,0.0606
4885,107.242,127622.0,obs/smo/vf=off/lk=1,712.97,-0.494,-0.494,-2.82,-0.154,61.975,0.0606
4886,107.262,127642.0,obs/smo/vf=off/lk=1,712.98,-1.028,-1.028,-2.275,0.534,63.206,0.0606
4887,107.282,127662.0,obs/smo/vf=off/lk=1,712.967,-0.662,-0.662,-2.654,-0.69,63.761,0.0606
4888,107.302,127682.0,obs/smo/vf=off/lk=1,712.979,-0.307,-0.307,-2.997,0.614,63.172,0.0606
4889,107.322,127702.0,obs/smo/vf=off/lk=1,712.973,-0.838,-0.838,-2.473,-0.382,62.454,0.0606
4890,107.342,127722.0,obs/smo/vf=off/lk=1,712.97,-0.479,-0.479,-2.835,0.0,61.909,0.0606
4891,107.362,127742.0,obs/smo/vf=off/lk=1,712.98,-1.01,-1.01,-2.293,0.458,62.986,0.0606
4892,107.382,127762.0,obs/smo/vf=off/lk=1,712.967,-0.649,-0.649,-2.668,-0.69,63.405,0.0606
4893,107.402,127782.0,obs/smo/vf=off/lk=1,712.979,-0.289,-0.289,-3.016,0.69,63.285,0.0606
4894,107.422,127802.0,obs/smo/vf=off/lk=1,712.973,-0.84,-0.84,-2.47,-0.388,62.362,0.0606
4895,107.442,127822.0,obs/smo/vf=off/lk=1,712.971,-0.462,-0.462,-2.85,0.0,61.839,0.0606
4896,107.462,127842.0,obs/smo/vf=off/lk=1,712.98,-1.016,-1.016,-2.287,0.389,62.907,0.0606
4897,107.482,127862.0,obs/smo/vf=off/lk=1,712.965,-0.655,-0.655,-2.663,-0.767,63.431,0.0606
4898,107.502,127882.0,obs/smo/vf=off/lk=1,712.979,-0.299,-0.299,-3.005,0.768,63.224,0.0606
4899,107.522,127902.0,obs/smo/vf=off/lk=1,712.971,-0.823,-0.823,-2.489,-0.455,62.488,0.0606
4900,107.542,127922.0,obs/smo/vf=off/lk=1,712.971,-0.466,-0.466,-2.846,0.0,61.929,0.0606
4901,107.562,127942.0,obs/smo/vf=off/lk=1,712.98,-0.997,-0.997,-2.305,0.458,62.655,0.0606
4902,107.582,127962.0,obs/smo/vf=off/lk=1,712.967,-0.635,-0.635,-2.682,-0.69,63.501,0.0606
4903,107.602,127982.0,obs/smo/vf=off/lk=1,712.98,-0.276,-0.276,-3.027,0.69,63.391,0.0606
4904,107.622,128002.0,obs/smo/vf=off/lk=1,712.971,-0.806,-0.806,-2.506,-0.535,62.888,0.0606
4905,107.642,128022.0,obs/smo/vf=off/lk=1,712.973,-0.446,-0.446,-2.864,0.154,62.02,0.0606
4906,107.662,128042.0,obs/smo/vf=off/lk=1,712.98,-0.996,-0.996,-2.307,0.311,62.82,0.0606
4907,107.682,128062.0,obs/smo/vf=off/lk=1,712.965,-0.634,-0.634,-2.684,-0.69,63.538,0.0606
4908,107.702,128082.0,obs/smo/vf=off/lk=1,712.98,-0.254,-0.254,-3.049,0.83,63.701,0.0603
4909,107.722,128102.0,obs/smo/vf=off/lk=1,712.971,-0.806,-0.806,-2.506,-0.621,62.8,0.0606
4910,107.742,128122.0,obs/smo/vf=off/lk=1,712.971,-0.447,-0.447,-2.865,0.154,62.124,0.0606
4911,107.762,128142.0,obs/smo/vf=off/lk=1,712.979,-0.977,-0.977,-2.327,0.305,62.637,0.0606
4912,107.782,128162.0,obs/smo/vf=off/lk=1,712.967,-0.616,-0.616,-2.701,-0.614,63.274,0.0606
4913,107.802,128182.0,obs/smo/vf=off/lk=1,712.98,-0.254,-0.254,-3.049,0.69,64.088,0.0603
4914,107.822,128202.0,obs/smo/vf=off/lk=0,712.97,-0.785,-0.785,-2.528,-0.535,63.185,0.0606
4915,107.842,128222.0,obs/smo/vf=off/lk=1,712.973,-0.429,-0.429,-2.882,0.231,61.895,0.0606
4916,107.862,128242.0,obs/smo/vf=off/lk=1,712.979,-0.956,-0.956,-2.348,0.152,62.332,0.0606
4917,107.882,128262.0,obs/smo/vf=off/lk=1,712.967,-0.596,-0.596,-2.721,-0.538,63.169,0.0606
4918,107.902,128282.0,obs/smo/vf=off/lk=1,712.982,-0.237,-0.237,-3.065,0.767,63.816,0.06
4919,107.922,128302.0,obs/smo/vf=off/lk=1,712.968,-0.771,-0.771,-2.544,-0.665,62.983,0.0606
4920,107.942,128322.0,obs/smo/vf=off/lk=1,712.973,-0.421,-0.421,-2.89,0.241,61.952,0.0606
4921,107.962,128342.0,obs/smo/vf=off/lk=1,712.979,-0.956,-0.956,-2.349,0.23,62.452,0.0606
4922,107.982,128362.0,obs/smo/vf=off/lk=1,712.967,-0.592,-0.592,-2.724,-0.537,63.103,0.0606
4923,108.002,128382.0,obs/smo/vf=off/lk=1,712.982,-0.216,-0.216,-3.085,0.758,63.8,0.0598
4924,108.022,128402.0,obs/smo/vf=off/lk=1,712.968,-0.758,-0.758,-2.557,-0.694,63.554,0.0606
4925,108.042,128422.0,obs/smo/vf=off/lk=1,712.976,-0.389,-0.389,-2.918,0.458,62.187,0.0606
4926,108.062,128442.0,obs/smo/vf=off/lk=1,712.977,-0.933,-0.933,-2.373,0.0,62.259,0.0606
4927,108.082,128462.0,obs/smo/vf=off/lk=1,712.967,-0.574,-0.574,-2.742,-0.462,62.677,0.0606
4928,108.102,128482.0,obs/smo/vf=off/lk=1,712.982,-0.213,-0.213,-3.089,0.689,63.845,0.0597
4929,108.122,128502.0,obs/smo/vf=off/lk=1,712.968,-0.743,-0.743,-2.572,-0.688,63.536,0.0606
4930,108.142,128522.0,obs/smo/vf=off/lk=1,712.976,-0.38,-0.38,-2.927,0.459,62.751,0.0606
4931,108.162,128542.0,obs/smo/vf=off/lk=1,712.977,-0.927,-0.927,-2.379,-0.077,62.103,0.0606
4932,108.182,128562.0,obs/smo/vf=off/lk=1,712.968,-0.549,-0.549,-2.766,-0.379,62.765,0.0606
4933,108.202,128582.0,obs/smo/vf=off/lk=1,712.982,-0.208,-0.208,-3.093,0.7,63.713,0.0594
4934,108.222,128602.0,obs/smo/vf=off/lk=1,712.968,-0.744,-0.744,-2.571,-0.688,63.422,0.0606
4935,108.242,128622.0,obs/smo/vf=off/lk=1,712.976,-0.366,-0.366,-2.941,0.454,62.466,0.0606
4936,108.262,128642.0,obs/smo/vf=off/lk=1,712.976,-0.905,-0.905,-2.403,-0.077,62.141,0.0606
4937,108.282,128662.0,obs/smo/vf=off/lk=1,712.968,-0.541,-0.541,-2.774,-0.384,62.538,0.0606
4938,108.302,128682.0,obs/smo/vf=off/lk=1,712.982,-1.079,-1.079,-2.222,0.689,63.408,0.0606
4939,108.322,128702.0,obs/smo/vf=off/lk=1,712.968,-0.738,-0.738,-2.578,-0.7,63.348,0.0606
4940,108.342,128722.0,obs/smo/vf=off/lk=1,712.977,-0.359,-0.359,-2.947,0.454,62.425,0.0606
4941,108.362,128742.0,obs/smo/vf=off/lk=1,712.977,-0.908,-0.908,-2.398,-0.078,62.045,0.0606
4942,108.382,128762.0,obs/smo/vf=off/lk=1,712.967,-0.544,-0.544,-2.772,-0.383,62.413,0.0606
4943,108.402,128782.0,obs/smo/vf=off/lk=1,712.982,-1.084,-1.084,-2.217,0.691,63.65,0.0606
4944,108.422,128802.0,obs/smo/vf=off/lk=1,712.968,-0.719,-0.719,-2.596,-0.764,63.494,0.0606
4945,108.442,128822.0,obs/smo/vf=off/lk=1,712.977,-0.362,-0.362,-2.943,0.538,62.388,0.0606
4946,108.462,128842.0,obs/smo/vf=off/lk=1,712.976,-0.887,-0.887,-2.42,-0.152,62.066,0.0606
4947,108.482,128862.0,obs/smo/vf=off/lk=1,712.968,-0.54,-0.54,-2.775,-0.31,62.401,0.0606
4948,108.502,128882.0,obs/smo/vf=off/lk=1,712.982,-1.072,-1.072,-2.23,0.688,63.497,0.0606
4949,108.522,128902.0,obs/smo/vf=off/lk=1,712.967,-0.701,-0.701,-2.615,-0.76,63.439,0.0606
4950,108.542,128922.0,obs/smo/vf=off/lk=1,712.977,-0.341,-0.341,-2.965,0.614,62.776,0.0606
4951,108.562,128942.0,obs/smo/vf=off/lk=1,712.976,-0.893,-0.893,-2.414,-0.233,62.019,0.0606
4952,108.582,128962.0,obs/smo/vf=off/lk=1,712.968,-0.521,-0.521,-2.794,-0.304,62.252,0.0606
4953,108.602,128982.0,obs/smo/vf=off/lk=1,712.98,-1.052,-1.052,-2.25,0.611,63.486,0.0606
4954,108.622,129002.0,obs/smo/vf=off/lk=1,712.967,-0.692,-0.692,-2.624,-0.69,63.592,0.0606
4955,108.642,129022.0,obs/smo/vf=off/lk=1,712.977,-0.333,-0.333,-2.972,0.613,62.743,0.0606
4956,108.662,129042.0,obs/smo/vf=off/lk=1,712.974,-0.883,-0.883,-2.426,-0.233,62.083,0.0606
4957,108.682,129062.0,obs/smo/vf=off/lk=1,712.968,-0.525,-0.525,-2.79,-0.231,62.351,0.0606
4958,108.702,129082.0,obs/smo/vf=off/lk=1,712.982,-1.062,-1.062,-2.239,0.612,63.369,0.0606
4959,108.722,129102.0,obs/smo/vf=off/lk=1,712.967,-0.699,-0.699,-2.617,-0.765,63.506,0.0606
4960,108.742,129122.0,obs/smo/vf=off/lk=1,712.977,-0.343,-0.343,-2.963,0.538,62.653,0.0606
4961,108.762,129142.0,obs/smo/vf=off/lk=1,712.974,-0.873,-0.873,-2.436,-0.153,61.965,0.0606
4962,108.782,129162.0,obs/smo/vf=off/lk=1,712.968,-0.515,-0.515,-2.8,-0.231,62.051,0.0606
4963,108.802,129182.0,obs/smo/vf=off/lk=1,712.982,-1.052,-1.052,-2.249,0.535,63.354,0.0606
4964,108.822,129202.0,obs/smo/vf=off/lk=1,712.967,-0.692,-0.692,-2.625,-0.69,63.557,0.0606
4965,108.842,129222.0,obs/smo/vf=off/lk=1,712.977,-0.335,-0.335,-2.971,0.614,62.709,0.0606
4966,108.862,129242.0,obs/smo/vf=off/lk=1,712.974,-0.862,-0.862,-2.447,-0.305,62.173,0.0606
4967,108.882,129262.0,obs/smo/vf=off/lk=1,712.97,-0.506,-0.506,-2.807,-0.154,62.08,0.0606
4968,108.902,129282.0,obs/smo/vf=off/lk=1,712.98,-1.039,-1.039,-2.264,0.535,63.195,0.0606
4969,108.922,129302.0,obs/smo/vf=off/lk=1,712.967,-0.678,-0.678,-2.639,-0.689,63.49,0.0606
4970,108.942,129322.0,obs/smo/vf=off/lk=1,712.979,-0.319,-0.319,-2.985,0.614,63.044,0.0606
4971,108.962,129342.0,obs/smo/vf=off/lk=1,712.974,-0.858,-0.858,-2.45,-0.307,62.186,0.0606
4972,108.982,129362.0,obs/smo/vf=off/lk=1,712.97,-0.495,-0.495,-2.818,-0.154,61.976,0.0606
4973,109.002,129382.0,obs/smo/vf=off/lk=1,712.98,-1.037,-1.037,-2.266,0.539,63.28,0.0606
4974,109.022,129402.0,obs/smo/vf=off/lk=1,712.967,-0.668,-0.668,-2.648,-0.687,63.583,0.0606
4975,109.042,129422.0,obs/smo/vf=off/lk=1,712.979,-0.308,-0.308,-2.997,0.614,63.154,0.0606
4976,109.062,129442.0,obs/smo/vf=off/lk=1,712.973,-0.858,-0.858,-2.452,-0.31,62.193,0.0606
4977,109.082,129462.0,obs/smo/vf=off/lk=1,712.97,-0.498,-0.498,-2.816,-0.154,62.034,0.0606
4978,109.102,129482.0,obs/smo/vf=off/lk=1,712.98,-1.028,-1.028,-2.275,0.534,63.064,0.0606
4979,109.122,129502.0,obs/smo/vf=off/lk=1,712.967,-0.665,-0.665,-2.651,-0.69,63.774,0.0606
4980,109.142,129522.0,obs/smo/vf=off/lk=1,712.979,-0.309,-0.309,-2.996,0.614,63.304,0.0606
4981,109.162,129542.0,obs/smo/vf=off/lk=1,712.973,-0.838,-0.838,-2.473,-0.382,62.421,0.0606
4982,109.182,129562.0,obs/smo/vf=off/lk=1,712.971,-0.478,-0.478,-2.834,0.0,61.967,0.0606
4983,109.202,129582.0,obs/smo/vf=off/lk=1,712.98,-1.009,-1.009,-2.294,0.459,62.733,0.0606
4984,109.222,129602.0,obs/smo/vf=off/lk=1,712.967,-0.648,-0.648,-2.669,-0.69,63.61,0.0606
4985,109.242,129622.0,obs/smo/vf=off/lk=1,712.98,-0.289,-0.289,-3.014,0.691,63.416,0.0606
4986,109.262,129642.0,obs/smo/vf=off/lk=1,712.971,-0.819,-0.819,-2.493,-0.458,62.555,0.0606
4987,109.282,129662.0,obs/smo/vf=off/lk=1,712.971,-0.459,-0.459,-2.853,0.0,61.886,0.0606
4988,109.302,129682.0,obs/smo/vf=off/lk=1,712.98,-1.01,-1.01,-2.292,0.466,62.829,0.0606
4989,109.322,129702.0,obs/smo/vf=off/lk=1,712.967,-0.629,-0.629,-2.688,-0.68,63.361,0.0606
4990,109.342,129722.0,obs/smo/vf=off/lk=1,712.98,-0.27,-0.27,-3.033,0.691,63.611,0.0604
4991,109.362,129742.0,obs/smo/vf=off/lk=1,712.971,-0.821,-0.821,-2.491,-0.466,62.638,0.0606
4992,109.382,129762.0,obs/smo/vf=off/lk=1,712.971,-0.463,-0.463,-2.849,0.0,61.873,0.0606
4993,109.402,129782.0,obs/smo/vf=off/lk=1,712.98,-0.994,-0.994,-2.309,0.382,62.658,0.0606
4994,109.422,129802.0,obs/smo/vf=off/lk=1,712.967,-0.63,-0.63,-2.687,-0.614,63.532,0.0606
4995,109.442,129822.0,obs/smo/vf=off/lk=1,712.98,-0.27,-0.27,-3.033,0.69,63.605,0.0603
4996,109.462,129842.0,obs/smo/vf=off/lk=1,712.971,-0.8,-0.8,-2.512,-0.535,62.899,0.0606
4997,109.482,129862.0,obs/smo/vf=off/lk=1,712.973,-0.441,-0.441,-2.869,0.154,61.915,0.0606
4998,109.502,129882.0,obs/smo/vf=off/lk=1,712.979,-0.969,-0.969,-2.335,0.305,62.436,0.0606
4999,109.522,129902.0,obs/smo/vf=off/lk=1,712.967,-0.598,-0.598,-2.719,-0.61,63.165,0.0606
5000,109.542,129922.0,obs/smo/vf=off/lk=1,712.98,-0.257,-0.257,-3.046,0.702,63.592,0.0603
5001,109.562,129942.0,obs/smo/vf=off/lk=1,712.97,-0.788,-0.788,-2.526,-0.535,63.06,0.0606
5002,109.582,129962.0,obs/smo/vf=off/lk=1,712.973,-0.429,-0.429,-2.882,0.154,62.163,0.0606
5003,109.602,129982.0,obs/smo/vf=off/lk=1,712.979,-0.955,-0.955,-2.349,0.229,62.411,0.0606
5004,109.622,130002.0,obs/smo/vf=off/lk=1,712.967,-0.594,-0.594,-2.723,-0.538,63.145,0.0606
5005,109.642,130022.0,obs/smo/vf=off/lk=1,712.98,-0.232,-0.232,-3.07,0.766,63.72,0.06
5006,109.662,130042.0,obs/smo/vf=off/lk=1,712.97,-0.761,-0.761,-2.552,-0.688,63.271,0.0606
5007,109.682,130062.0,obs/smo/vf=off/lk=1,712.974,-0.403,-0.403,-2.906,0.308,62.218,0.0606
5008,109.702,130082.0,obs/smo/vf=off/lk=1,712.977,-0.943,-0.943,-2.363,0.154,62.306,0.0606
5009,109.722,130102.0,obs/smo/vf=off/lk=1,712.967,-0.578,-0.578,-2.739,-0.537,63.021,0.0606
5010,109.742,130122.0,obs/smo/vf=off/lk=1,712.982,-0.217,-0.217,-3.085,0.767,63.722,0.0597
5011,109.762,130142.0,obs/smo/vf=off/lk=1,712.968,-0.751,-0.751,-2.564,-0.689,63.319,0.0606
5012,109.782,130162.0,obs/smo/vf=off/lk=1,712.976,-0.39,-0.39,-2.917,0.385,62.499,0.0606
5013,109.802,130182.0,obs/smo/vf=off/lk=1,712.977,-0.908,-0.908,-2.398,0.0,62.196,0.0606
5014,109.822,130202.0,obs/smo/vf=off/lk=1,712.968,-0.547,-0.547,-2.769,-0.385,62.575,0.0606
5015,109.842,130222.0,obs/smo/vf=off/lk=1,712.982,-1.082,-1.082,-2.22,0.612,63.763,0.0606
5016,109.862,130242.0,obs/smo/vf=off/lk=1,712.968,-0.738,-0.738,-2.577,-0.622,63.508,0.0606
5017,109.882,130262.0,obs/smo/vf=off/lk=1,712.976,-0.376,-0.376,-2.932,0.461,62.528,0.0606
5018,109.902,130282.0,obs/smo/vf=off/lk=1,712.976,-0.902,-0.902,-2.406,-0.076,62.098,0.0606
5019,109.922,130302.0,obs/smo/vf=off/lk=1,712.968,-0.536,-0.536,-2.779,-0.306,62.44,0.0606
5020,109.942,130322.0,obs/smo/vf=off/lk=1,712.982,-1.067,-1.067,-2.235,0.611,63.543,0.0606
5021,109.962,130342.0,obs/smo/vf=off/lk=1,712.967,-0.713,-0.713,-2.604,-0.771,63.522,0.0606
5022,109.982,130362.0,obs/smo/vf=off/lk=1,712.977,-0.351,-0.351,-2.955,0.614,62.685,0.0606
5023,110.002,130382.0,obs/smo/vf=off/lk=1,712.976,-0.887,-0.887,-2.42,-0.23,62.182,0.0606
5024,110.022,130402.0,obs/smo/vf=off/lk=1,712.964,-0.527,-0.527,-2.793,-0.538,62.564,0.0606
5025,110.042,130422.0,obs/smo/vf=off/lk=1,712.98,-1.047,-1.047,-2.256,0.835,63.501,0.0606
5026,110.062,130442.0,obs/smo/vf=off/lk=1,712.967,-0.684,-0.684,-2.633,-0.69,63.737,0.0606
5027,110.082,130462.0,obs/smo/vf=off/lk=1,712.977,-0.325,-0.325,-2.981,0.614,62.947,0.0606
5028,110.102,130482.0,obs/smo/vf=off/lk=1,712.974,-0.874,-0.874,-2.435,-0.31,62.119,0.0606
5029,110.122,130502.0,obs/smo/vf=off/lk=1,712.97,-0.501,-0.501,-2.812,-0.152,61.988,0.0606
5030,110.142,130522.0,obs/smo/vf=off/lk=1,712.98,-1.03,-1.03,-2.273,0.534,63.145,0.0606
5031,110.162,130542.0,obs/smo/vf=off/lk=1,712.967,-0.689,-0.689,-2.628,-0.702,63.518,0.0606
5032,110.182,130562.0,obs/smo/vf=off/lk=1,712.979,-0.31,-0.31,-2.994,0.604,63.23,0.0606
5033,110.202,130582.0,obs/smo/vf=off/lk=1,712.973,-0.859,-0.859,-2.451,-0.31,62.306,0.0606
5034,110.222,130602.0,obs/smo/vf=off/lk=1,712.97,-0.501,-0.501,-2.813,-0.154,62.039,0.0606
5035,110.242,130622.0,obs/smo/vf=off/lk=1,712.98,-1.025,-1.025,-2.278,0.531,63.133,0.0606
5036,110.262,130642.0,obs/smo/vf=off/lk=1,712.967,-0.659,-0.659,-2.658,-0.688,63.624,0.0606
5037,110.282,130662.0,obs/smo/vf=off/lk=1,712.979,-0.3,-0.3,-3.005,0.614,63.316,0.0606
5038,110.302,130682.0,obs/smo/vf=off/lk=1,712.973,-0.852,-0.852,-2.458,-0.311,62.159,0.0606
5039,110.322,130702.0,obs/smo/vf=off/lk=1,712.971,-0.473,-0.473,-2.839,-0.076,61.866,0.0606
5040,110.342,130722.0,obs/smo/vf=off/lk=1,712.98,-1.008,-1.008,-2.295,0.459,63.064,0.0606
5041,110.362,130742.0,obs/smo/vf=off/lk=1,712.965,-0.663,-0.663,-2.655,-0.779,63.585,0.0606
5042,110.382,130762.0,obs/smo/vf=off/lk=1,712.979,-0.304,-0.304,-3.0,0.691,63.155,0.0606
5043,110.402,130782.0,obs/smo/vf=off/lk=1,712.973,-0.833,-0.833,-2.478,-0.382,62.507,0.0606
5044,110.422,130802.0,obs/smo/vf=off/lk=1,712.971,-0.474,-0.474,-2.838,0.0,62.052,0.0606
5045,110.442,130822.0,obs/smo/vf=off/lk=1,712.98,-1.003,-1.003,-2.3,0.459,62.807,0.0606
5046,110.462,130842.0,obs/smo/vf=off/lk=1,712.967,-0.64,-0.64,-2.677,-0.69,63.513,0.0606
5047,110.482,130862.0,obs/smo/vf=off/lk=1,712.98,-0.281,-0.281,-3.021,0.691,63.604,0.0606
5048,110.502,130882.0,obs/smo/vf=off/lk=1,712.971,-0.811,-0.811,-2.501,-0.534,62.65,0.0606
5049,110.522,130902.0,obs/smo/vf=off/lk=1,712.973,-0.44,-0.44,-2.87,0.229,62.073,0.0606
5050,110.542,130922.0,obs/smo/vf=off/lk=1,712.98,-0.989,-0.989,-2.313,0.31,62.612,0.0606
5051,110.562,130942.0,obs/smo/vf=off/lk=1,712.965,-0.627,-0.627,-2.691,-0.691,63.582,0.0606
5052,110.582,130962.0,obs/smo/vf=off/lk=1,712.98,-0.267,-0.267,-3.036,0.691,63.613,0.0603
5053,110.602,130982.0,obs/smo/vf=off/lk=1,712.97,-0.797,-0.797,-2.516,-0.535,62.815,0.0606
5054,110.622,131002.0,obs/smo/vf=off/lk=1,712.973,-0.436,-0.436,-2.875,0.154,62.085,0.0606
5055,110.642,131022.0,obs/smo/vf=off/lk=1,712.979,-0.962,-0.962,-2.343,0.305,62.539,0.0606
5056,110.662,131042.0,obs/smo/vf=off/lk=1,712.967,-0.599,-0.599,-2.718,-0.615,63.126,0.0606
5057,110.682,131062.0,obs/smo/vf=off/lk=1,712.982,-0.239,-0.239,-3.062,0.766,63.872,0.06
5058,110.702,131082.0,obs/smo/vf=off/lk=1,712.968,-0.768,-0.768,-2.547,-0.688,63.265,0.0606
5059,110.722,131102.0,obs/smo/vf=off/lk=1,712.974,-0.41,-0.41,-2.899,0.385,62.043,0.0606
5060,110.742,131122.0,obs/smo/vf=off/lk=1,712.979,-0.956,-0.956,-2.349,0.155,62.443,0.0606
5061,110.762,131142.0,obs/smo/vf=off/lk=1,712.967,-0.574,-0.574,-2.742,-0.529,62.944,0.0606
5062,110.782,131162.0,obs/smo/vf=off/lk=1,712.982,-0.211,-0.211,-3.091,0.689,63.594,0.0597
5063,110.802,131182.0,obs/smo/vf=off/lk=1,712.968,-0.764,-0.764,-2.551,-0.7,63.364,0.0606
5064,110.822,131202.0,obs/smo/vf=off/lk=1,712.974,-0.404,-0.404,-2.905,0.384,62.356,0.0606
5065,110.842,131222.0,obs/smo/vf=off/lk=1,712.977,-0.934,-0.934,-2.372,0.076,62.266,0.0606
5066,110.862,131242.0,obs/smo/vf=off/lk=1,712.967,-0.573,-0.573,-2.743,-0.538,62.788,0.0606
5067,110.882,131262.0,obs/smo/vf=off/lk=1,712.982,-0.213,-0.213,-3.089,0.765,63.742,0.0597
5068,110.902,131282.0,obs/smo/vf=off/lk=1,712.968,-0.747,-0.747,-2.568,-0.689,63.354,0.0606
5069,110.922,131302.0,obs/smo/vf=off/lk=1,712.976,-0.389,-0.389,-2.918,0.384,62.195,0.0606
5070,110.942,131322.0,obs/smo/vf=off/lk=1,712.976,-0.917,-0.917,-2.391,0.0,62.083,0.0606
5071,110.962,131342.0,obs/smo/vf=off/lk=1,712.967,-0.566,-0.566,-2.75,-0.387,63.648,0.0606
5072,110.982,131362.0,obs/smo/vf=off/lk=1,712.982,-0.205,-0.205,-3.096,0.689,63.173,0.0594
5073,111.002,131382.0,obs/smo/vf=off/lk=1,712.968,-0.725,-0.725,-2.59,-0.682,63.517,0.0606
5074,111.022,131402.0,obs/smo/vf=off/lk=1,712.976,-0.378,-0.378,-2.93,0.465,62.376,0.0606
5075,111.042,131422.0,obs/smo/vf=off/lk=1,712.976,-0.906,-0.906,-2.401,-0.076,62.048,0.0606
5076,111.062,131442.0,obs/smo/vf=off/lk=1,712.968,-0.548,-0.548,-2.767,-0.385,62.459,0.0606
5077,111.082,131462.0,obs/smo/vf=off/lk=1,712.982,-1.07,-1.07,-2.231,0.689,63.662,0.0606
5078,111.102,131482.0,obs/smo/vf=off/lk=1,712.967,-0.706,-0.706,-2.611,-0.767,63.896,0.0606
5079,111.122,131502.0,obs/smo/vf=off/lk=1,712.977,-0.345,-0.345,-2.96,0.615,62.766,0.0606
5080,111.142,131522.0,obs/smo/vf=off/lk=1,712.974,-0.872,-0.872,-2.437,-0.305,62.383,0.0606
5081,111.162,131542.0,obs/smo/vf=off/lk=1,712.97,-0.511,-0.511,-2.802,-0.154,62.298,0.0606
5082,111.182,131562.0,obs/smo/vf=off/lk=1,712.982,-1.044,-1.044,-2.257,0.535,63.356,0.0606
5083,111.202,131582.0,obs/smo/vf=off/lk=1,712.967,-0.682,-0.682,-2.634,-0.69,63.702,0.0606
5084,111.222,131602.0,obs/smo/vf=off/lk=1,712.979,-0.325,-0.325,-2.979,0.615,62.901,0.0606
5085,111.242,131622.0,obs/smo/vf=off/lk=1,712.974,-0.875,-0.875,-2.434,-0.311,62.188,0.0606
5086,111.262,131642.0,obs/smo/vf=off/lk=1,712.97,-0.496,-0.496,-2.818,-0.076,61.65,0.0606
5087,111.282,131662.0,obs/smo/vf=off/lk=1,712.982,-1.049,-1.049,-2.253,0.466,63.279,0.0606
5088,111.302,131682.0,obs/smo/vf=off/lk=1,712.967,-0.687,-0.687,-2.63,-0.69,63.692,0.0606
5089,111.322,131702.0,obs/smo/vf=off/lk=1,712.979,-0.329,-0.329,-2.975,0.615,62.905,0.0606
5090,111.342,131722.0,obs/smo/vf=off/lk=1,712.973,-0.86,-0.86,-2.45,-0.305,62.262,0.0606
5091,111.362,131742.0,obs/smo/vf=off/lk=1,712.97,-0.501,-0.501,-2.812,-0.154,61.953,0.0606
5092,111.382,131762.0,obs/smo/vf=off/lk=1,712.98,-1.036,-1.036,-2.266,0.535,63.171,0.0606
5093,111.402,131782.0,obs/smo/vf=off/lk=1,712.967,-0.674,-0.674,-2.642,-0.69,63.508,0.0606
5094,111.422,131802.0,obs/smo/vf=off/lk=1,712.979,-0.318,-0.318,-2.987,0.614,63.134,0.0606
5095,111.442,131822.0,obs/smo/vf=off/lk=1,712.973,-0.848,-0.848,-2.462,-0.306,62.313,0.0606
5096,111.462,131842.0,obs/smo/vf=off/lk=1,712.97,-0.479,-0.479,-2.835,-0.076,62.078,0.0606
5097,111.482,131862.0,obs/smo/vf=off/lk=1,712.982,-1.027,-1.027,-2.274,0.465,63.272,0.0606
5098,111.502,131882.0,obs/smo/vf=off/lk=1,712.967,-0.666,-0.666,-2.65,-0.69,63.733,0.0606
5099,111.522,131902.0,obs/smo/vf=off/lk=1,712.979,-0.301,-0.301,-3.004,0.686,63.084,0.0606
5100,111.542,131922.0,obs/smo/vf=off/lk=1,712.973,-0.831,-0.831,-2.48,-0.459,62.522,0.0606
5101,111.562,131942.0,obs/smo/vf=off/lk=1,712.971,-0.473,-0.473,-2.839,0.077,62.026,0.0606
5102,111.582,131962.0,obs/smo/vf=off/lk=1,712.98,-1.019,-1.019,-2.284,0.386,63.025,0.0606
5103,111.602,131982.0,obs/smo/vf=off/lk=1,712.967,-0.655,-0.655,-2.662,-0.69,63.645,0.0606
5104,111.622,132002.0,obs/smo/vf=off/lk=1,712.979,-0.29,-0.29,-3.014,0.69,63.526,0.0606
5105,111.642,132022.0,obs/smo/vf=off/lk=1,712.971,-0.821,-0.821,-2.491,-0.458,62.628,0.0606
5106,111.662,132042.0,obs/smo/vf=off/lk=1,712.971,-0.463,-0.463,-2.849,0.0,62.008,0.0606
5107,111.682,132062.0,obs/smo/vf=off/lk=1,712.98,-1.004,-1.004,-2.299,0.462,62.926,0.0606
5108,111.702,132082.0,obs/smo/vf=off/lk=1,712.965,-0.636,-0.636,-2.683,-0.765,63.585,0.0606
5109,111.722,132102.0,obs/smo/vf=off/lk=1,712.98,-0.276,-0.276,-3.027,0.767,63.586,0.0606
5110,111.742,132122.0,obs/smo/vf=off/lk=1,712.971,-0.805,-0.805,-2.507,-0.535,62.609,0.0606
5111,111.762,132142.0,obs/smo/vf=off/lk=1,712.973,-0.446,-0.446,-2.864,0.154,61.961,0.0606
5112,111.782,132162.0,obs/smo/vf=off/lk=1,712.979,-0.975,-0.975,-2.329,0.305,62.577,0.0606
5113,111.802,132182.0,obs/smo/vf=off/lk=1,712.967,-0.608,-0.608,-2.709,-0.61,63.115,0.0606
5114,111.822,132202.0,obs/smo/vf=off/lk=1,712.98,-0.265,-0.265,-3.038,0.701,62.962,0.0603
5115,111.842,132222.0,obs/smo/vf=off/lk=1,712.97,-0.794,-0.794,-2.52,-0.535,62.851,0.0606
5116,111.862,132242.0,obs/smo/vf=off/lk=1,712.973,-0.434,-0.434,-2.876,0.231,62.031,0.0606
5117,111.882,132262.0,obs/smo/vf=off/lk=1,712.979,-0.961,-0.961,-2.343,0.152,62.422,0.0606
5118,111.902,132282.0,obs/smo/vf=off/lk=1,712.967,-0.599,-0.599,-2.718,-0.537,63.313,0.0606
5119,111.922,132302.0,obs/smo/vf=off/lk=1,712.982,-0.238,-0.238,-3.063,0.763,63.484,0.0596
5120,111.942,132322.0,obs/smo/vf=off/lk=1,712.97,-0.787,-0.787,-2.526,-0.621,62.787,0.0606
5121,111.962,132342.0,obs/smo/vf=off/lk=1,712.974,-0.416,-0.416,-2.893,0.228,61.987,0.0606
5122,111.982,132362.0,obs/smo/vf=off/lk=1,712.979,-0.961,-0.961,-2.344,0.233,62.41,0.0606
5123,112.002,132382.0,obs/smo/vf=off/lk=1,712.967,-0.588,-0.588,-2.728,-0.609,63.011,0.0606
5124,112.022,132402.0,obs/smo/vf=off/lk=1,712.982,-0.238,-0.238,-3.063,0.772,63.698,0.06
5125,112.042,132422.0,obs/smo/vf=off/lk=1,712.965,-0.768,-0.768,-2.55,-0.845,63.345,0.0606
5126,112.062,132442.0,obs/smo/vf=off/lk=1,712.976,-0.387,-0.387,-2.92,0.605,62.35,0.0606
5127,112.082,132462.0,obs/smo/vf=off/lk=1,712.977,-0.932,-0.932,-2.373,0.0,62.24,0.0606
5128,112.102,132482.0,obs/smo/vf=off/lk=1,712.967,-0.572,-0.572,-2.744,-0.462,62.95,0.0606
5129,112.122,132502.0,obs/smo/vf=off/lk=1,712.982,-0.209,-0.209,-3.092,0.689,63.82,0.0596
5130,112.142,132522.0,obs/smo/vf=off/lk=1,712.967,-0.732,-0.732,-2.585,-0.759,63.482,0.0606
5131,112.162,132542.0,obs/smo/vf=off/lk=1,712.976,-0.373,-0.373,-2.935,0.537,62.499,0.0606
5132,112.182,132562.0,obs/smo/vf=off/lk=1,712.977,-0.912,-0.912,-2.394,-0.078,62.23,0.0606
5133,112.202,132582.0,obs/smo/vf=off/lk=1,712.968,-0.53,-0.53,-2.785,-0.379,62.493,0.0606
5134,112.222,132602.0,obs/smo/vf=off/lk=1,712.982,-1.062,-1.062,-2.24,0.688,63.537,0.0606
5135,112.242,132622.0,obs/smo/vf=off/lk=1,712.967,-0.715,-0.715,-2.602,-0.778,63.682,0.0606
5136,112.262,132642.0,obs/smo/vf=off/lk=1,712.977,-0.354,-0.354,-2.952,0.537,62.802,0.0606
5137,112.282,132662.0,obs/smo/vf=off/lk=1,712.974,-0.88,-0.88,-2.429,-0.153,62.231,0.0606
5138,112.302,132682.0,obs/smo/vf=off/lk=1,712.968,-0.518,-0.518,-2.797,-0.231,62.384,0.0606
5139,112.322,132702.0,obs/smo/vf=off/lk=1,712.982,-1.05,-1.05,-2.251,0.536,63.48,0.0606
5140,112.342,132722.0,obs/smo/vf=off/lk=1,712.967,-0.687,-0.687,-2.63,-0.69,63.79,0.0606
5141,112.362,132742.0,obs/smo/vf=off/lk=1,712.979,-0.328,-0.328,-2.977,0.615,63.179,0.0606
5142,112.382,132762.0,obs/smo/vf=off/lk=1,712.973,-0.853,-0.853,-2.457,-0.305,62.406,0.0606
5143,112.402,132782.0,obs/smo/vf=off/lk=1,712.97,-0.49,-0.49,-2.824,-0.154,62.378,0.0606
5144,112.422,132802.0,obs/smo/vf=off/lk=1,712.98,-1.018,-1.018,-2.284,0.535,63.366,0.0606
5145,112.442,132822.0,obs/smo/vf=off/lk=1,712.965,-0.653,-0.653,-2.665,-0.767,63.874,0.0606
5146,112.462,132842.0,obs/smo/vf=off/lk=1,712.979,-0.293,-0.293,-3.011,0.768,63.498,0.0606
5147,112.482,132862.0,obs/smo/vf=off/lk=1,712.971,-0.821,-0.821,-2.491,-0.458,62.662,0.0606
5148,112.502,132882.0,obs/smo/vf=off/lk=1,712.971,-0.458,-0.458,-2.854,0.077,62.096,0.0606
5149,112.522,132902.0,obs/smo/vf=off/lk=1,712.98,-1.007,-1.007,-2.296,0.385,62.969,0.0606
5150,112.542,132922.0,obs/smo/vf=off/lk=1,712.965,-0.644,-0.644,-2.674,-0.767,63.473,0.0606
5151,112.562,132942.0,obs/smo/vf=off/lk=1,712.98,-0.288,-0.288,-3.015,0.768,63.596,0.0606
5152,112.582,132962.0,obs/smo/vf=off/lk=1,712.971,-0.819,-0.819,-2.493,-0.458,62.649,0.0606
5153,112.602,132982.0,obs/smo/vf=off/lk=1,712.971,-0.461,-0.461,-2.851,0.077,61.962,0.0606
5154,112.622,133002.0,obs/smo/vf=off/lk=1,712.98,-0.993,-0.993,-2.31,0.306,62.774,0.0606
5155,112.642,133022.0,obs/smo/vf=off/lk=1,712.965,-0.633,-0.633,-2.685,-0.614,63.544,0.0606
5156,112.662,133042.0,obs/smo/vf=off/lk=1,712.98,-0.275,-0.275,-3.028,0.691,63.566,0.0606
5157,112.682,133062.0,obs/smo/vf=off/lk=1,712.971,-0.805,-0.805,-2.507,-0.535,62.714,0.0606
5158,112.702,133082.0,obs/smo/vf=off/lk=1,712.973,-0.446,-0.446,-2.864,0.154,61.962,0.0606
5159,112.722,133102.0,obs/smo/vf=off/lk=1,712.979,-0.975,-0.975,-2.329,0.305,62.519,0.0606
5160,112.742,133122.0,obs/smo/vf=off/lk=1,712.967,-0.614,-0.614,-2.702,-0.615,63.286,0.0606
5161,112.762,133142.0,obs/smo/vf=off/lk=1,712.98,-0.256,-0.256,-3.046,0.689,63.525,0.0604
5162,112.782,133162.0,obs/smo/vf=off/lk=1,712.971,-0.809,-0.809,-2.503,-0.544,62.663,0.0606
5163,112.802,133182.0,obs/smo/vf=off/lk=1,712.973,-0.432,-0.432,-2.879,0.227,62.14,0.0606
5164,112.822,133202.0,obs/smo/vf=off/lk=1,712.98,-0.982,-0.982,-2.32,0.233,62.58,0.0606
5165,112.842,133222.0,obs/smo/vf=off/lk=1,712.967,-0.622,-0.622,-2.694,-0.614,63.329,0.0606
5166,112.862,133242.0,obs/smo/vf=off/lk=1,712.98,-0.267,-0.267,-3.036,0.691,63.438,0.0604
5167,112.882,133262.0,obs/smo/vf=off/lk=1,712.971,-0.799,-0.799,-2.513,-0.535,62.782,0.0606
5168,112.902,133282.0,obs/smo/vf=off/lk=1,712.973,-0.441,-0.441,-2.87,0.154,61.896,0.0606
5169,112.922,133302.0,obs/smo/vf=off/lk=1,712.979,-0.972,-0.972,-2.333,0.305,62.461,0.0606
5170,112.942,133322.0,obs/smo/vf=off/lk=1,712.967,-0.613,-0.613,-2.704,-0.615,63.31,0.0606
5171,112.962,133342.0,obs/smo/vf=off/lk=1,712.98,-0.241,-0.241,-3.062,0.682,63.648,0.06
5172,112.982,133362.0,obs/smo/vf=off/lk=1,712.97,-0.791,-0.791,-2.522,-0.544,62.77,0.0606
5173,113.002,133382.0,obs/smo/vf=off/lk=1,712.973,-0.422,-0.422,-2.889,0.228,61.902,0.0606
5174,113.022,133402.0,obs/smo/vf=off/lk=1,712.979,-0.964,-0.964,-2.34,0.231,62.37,0.0606
5175,113.042,133422.0,obs/smo/vf=off/lk=1,712.967,-0.603,-0.603,-2.714,-0.614,63.185,0.0606
5176,113.062,133442.0,obs/smo/vf=off/lk=1,712.98,-0.244,-0.244,-3.059,0.766,63.477,0.0601
5177,113.082,133462.0,obs/smo/vf=off/lk=1,712.97,-0.776,-0.776,-2.537,-0.688,62.605,0.0606
5178,113.102,133482.0,obs/smo/vf=off/lk=1,712.974,-0.417,-0.417,-2.892,0.307,61.938,0.0606
5179,113.122,133502.0,obs/smo/vf=off/lk=1,712.977,-0.946,-0.946,-2.36,0.153,62.263,0.0606
5180,113.142,133522.0,obs/smo/vf=off/lk=1,712.967,-0.588,-0.588,-2.728,-0.539,62.895,0.0606
5181,113.162,133542.0,obs/smo/vf=off/lk=1,712.982,-0.228,-0.228,-3.073,0.767,63.851,0.0597
5182,113.182,133562.0,obs/smo/vf=off/lk=1,712.97,-0.76,-0.76,-2.553,-0.688,63.219,0.0606
5183,113.202,133582.0,obs/smo/vf=off/lk=1,712.974,-0.401,-0.401,-2.908,0.384,62.239,0.0606
5184,113.222,133602.0,obs/smo/vf=off/lk=1,712.979,-0.948,-0.948,-2.356,0.077,62.365,0.0606
5185,113.242,133622.0,obs/smo/vf=off/lk=1,712.968,-0.57,-0.57,-2.745,-0.454,62.848,0.0606
5186,113.262,133642.0,obs/smo/vf=off/lk=1,712.98,-0.208,-0.208,-3.094,0.612,63.66,0.0594
5187,113.282,133662.0,obs/smo/vf=off/lk=1,712.97,-0.762,-0.762,-2.552,-0.622,63.073,0.0606
5188,113.302,133682.0,obs/smo/vf=off/lk=1,712.976,-0.384,-0.384,-2.923,0.378,62.296,0.0606
5189,113.322,133702.0,obs/smo/vf=off/lk=1,712.977,-0.935,-0.935,-2.371,0.077,61.972,0.0606
5190,113.342,133722.0,obs/smo/vf=off/lk=1,712.967,-0.575,-0.575,-2.741,-0.537,62.883,0.0606
5191,113.362,133742.0,obs/smo/vf=off/lk=1,712.98,-0.214,-0.214,-3.089,0.69,63.62,0.0599
5192,113.382,133762.0,obs/smo/vf=off/lk=1,712.968,-0.742,-0.742,-2.573,-0.607,63.426,0.0606
5193,113.402,133782.0,obs/smo/vf=off/lk=1,712.974,-0.4,-0.4,-2.909,0.39,62.675,0.0606
5194,113.422,133802.0,obs/smo/vf=off/lk=1,712.977,-0.93,-0.93,-2.376,0.076,62.113,0.0606
5195,113.442,133822.0,obs/smo/vf=off/lk=1,712.967,-0.571,-0.571,-2.745,-0.538,62.757,0.0606
5196,113.462,133842.0,obs/smo/vf=off/lk=1,712.982,-0.211,-0.211,-3.09,0.765,63.488,0.0597
5197,113.482,133862.0,obs/smo/vf=off/lk=1,712.968,-0.746,-0.746,-2.569,-0.689,63.353,0.0606
5198,113.502,133882.0,obs/smo/vf=off/lk=1,712.976,-0.39,-0.39,-2.917,0.385,62.269,0.0606
5199,113.522,133902.0,obs/smo/vf=off/lk=1,712.977,-0.914,-0.914,-2.392,0.0,61.981,0.0606
5200,113.542,133922.0,obs/smo/vf=off/lk=1,712.967,-0.556,-0.556,-2.761,-0.385,62.551,0.0606
5201,113.562,133942.0,obs/smo/vf=off/lk=1,712.982,-0.196,-0.196,-3.105,0.689,63.572,0.0594
5202,113.582,133962.0,obs/smo/vf=off/lk=1,712.968,-0.751,-0.751,-2.564,-0.701,63.23,0.0606
5203,113.602,133982.0,obs/smo/vf=off/lk=1,712.976,-0.387,-0.387,-2.92,0.382,62.136,0.0606
5204,113.622,134002.0,obs/smo/vf=off/lk=1,712.977,-0.914,-0.914,-2.392,0.0,62.074,0.0606
5205,113.642,134022.0,obs/smo/vf=off/lk=1,712.968,-0.556,-0.556,-2.759,-0.384,62.73,0.0606
5206,113.662,134042.0,obs/smo/vf=off/lk=1,712.98,-1.093,-1.093,-2.21,0.612,63.473,0.0606
5207,113.682,134062.0,obs/smo/vf=off/lk=1,712.968,-0.731,-0.731,-2.584,-0.612,63.175,0.0606
5208,113.702,134082.0,obs/smo/vf=off/lk=1,712.976,-0.373,-0.373,-2.935,0.384,62.418,0.0606
5209,113.722,134102.0,obs/smo/vf=off/lk=1,712.977,-0.919,-0.919,-2.387,0.077,62.044,0.0606
5210,113.742,134122.0,obs/smo/vf=off/lk=1,712.967,-0.557,-0.557,-2.759,-0.461,62.749,0.0606
5211,113.762,134142.0,obs/smo/vf=off/lk=1,712.982,-0.198,-0.198,-3.103,0.689,63.726,0.0594
5212,113.782,134162.0,obs/smo/vf=off/lk=1,712.968,-0.733,-0.733,-2.582,-0.689,63.518,0.0606
5213,113.802,134182.0,obs/smo/vf=off/lk=1,712.976,-0.374,-0.374,-2.933,0.384,62.246,0.0606
5214,113.822,134202.0,obs/smo/vf=off/lk=1,712.976,-0.895,-0.895,-2.413,-0.076,61.998,0.0606
5215,113.842,134222.0,obs/smo/vf=off/lk=1,712.968,-0.533,-0.533,-2.782,-0.307,62.417,0.0606
5216,113.862,134242.0,obs/smo/vf=off/lk=1,712.982,-1.068,-1.068,-2.233,0.689,63.455,0.0606
5217,113.882,134262.0,obs/smo/vf=off/lk=1,712.967,-0.726,-0.726,-2.59,-0.779,63.558,0.0606
5218,113.902,134282.0,obs/smo/vf=off/lk=1,712.977,-0.346,-0.346,-2.96,0.529,62.707,0.0606
5219,113.922,134302.0,obs/smo/vf=off/lk=1,712.976,-0.895,-0.895,-2.412,-0.155,62.078,0.0606
5220,113.942,134322.0,obs/smo/vf=off/lk=1,712.968,-0.533,-0.533,-2.782,-0.307,62.483,0.0606
5221,113.962,134342.0,obs/smo/vf=off/lk=1,712.982,-1.057,-1.057,-2.244,0.606,63.258,0.0606
5222,113.982,134362.0,obs/smo/vf=off/lk=1,712.967,-0.711,-0.711,-2.606,-0.701,63.619,0.0606
5223,114.002,134382.0,obs/smo/vf=off/lk=1,712.977,-0.34,-0.34,-2.966,0.608,62.735,0.0606
5224,114.022,134402.0,obs/smo/vf=off/lk=1,712.974,-0.879,-0.879,-2.43,-0.231,62.137,0.0606
5225,114.042,134422.0,obs/smo/vf=off/lk=1,712.968,-0.515,-0.515,-2.8,-0.23,62.288,0.0606
5226,114.062,134442.0,obs/smo/vf=off/lk=1,712.982,-1.042,-1.042,-2.26,0.532,63.315,0.0606
5227,114.082,134462.0,obs/smo/vf=off/lk=1,712.967,-0.675,-0.675,-2.642,-0.69,63.616,0.0606
5228,114.102,134482.0,obs/smo/vf=off/lk=1,712.979,-0.314,-0.314,-2.99,0.614,63.042,0.0606
5229,114.122,134502.0,obs/smo/vf=off/lk=1,712.973,-0.841,-0.841,-2.469,-0.382,62.521,0.0606
