sample,t_s,ms,meta,the,thc,tho,dth,we,wo,iq
0,0.0,4628.0,enc/off/vf=off/lk=0,2.562,2.562,2.562,0.0,0.0,0.0,0.0
1,0.05,4678.0,enc/off/vf=off/lk=0,2.562,2.562,2.562,0.0,0.0,0.0,0.0
2,0.1,4728.0,enc/off/vf=off/lk=0,2.562,2.562,2.562,0.0,0.0,0.0,0.0
3,0.15,4778.0,enc/off/vf=off/lk=0,2.562,2.562,2.562,0.0,0.0,0.0,0.0
4,0.2,4828.0,enc/off/vf=off/lk=0,2.562,2.562,2.562,0.0,0.0,0.0,0.0
5,0.25,4878.0,enc/off/vf=off/lk=0,2.562,2.562,2.562,0.0,0.0,0.0,0.0
6,0.3,4928.0,enc/off/vf=off/lk=0,2.562,2.562,2.562,0.0,0.0,0.0,0.0
7,0.35,4978.0,enc/off/vf=off/lk=0,2.562,2.562,2.562,0.0,0.0,0.0,0.0
8,0.4,5028.0,enc/off/vf=off/lk=0,2.562,2.562,2.562,0.0,0.0,0.0,0.0
9,0.45,5078.0,enc/off/vf=off/lk=0,2.562,2.562,2.562,0.0,0.0,0.0,0.0
10,0.5,5128.0,enc/off/vf=off/lk=0,2.562,2.562,2.562,0.0,0.0,0.0,0.0
11,0.55,5178.0,enc/off/vf=off/lk=0,2.562,2.562,2.562,0.0,0.0,0.0,0.0
12,0.6,5228.0,enc/off/vf=off/lk=0,2.562,2.562,2.562,0.0,0.0,0.0,0.0
13,0.65,5278.0,enc/off/vf=off/lk=0,2.562,2.562,2.562,0.0,0.0,0.0,0.0
14,0.7,5328.0,enc/off/vf=off/lk=0,2.562,2.562,2.562,0.0,0.0,0.0,0.0
15,0.75,5378.0,enc/off/vf=off/lk=0,2.562,2.562,2.562,0.0,0.0,0.0,0.0
16,0.8,5428.0,enc/off/vf=off/lk=0,2.562,2.562,2.562,0.0,0.0,0.0,0.0
17,0.85,5478.0,enc/off/vf=off/lk=0,2.562,2.562,2.562,0.0,0.0,0.0,0.0
18,0.9,5528.0,enc/off/vf=off/lk=0,2.562,2.562,2.562,0.0,0.0,0.0,0.0
19,0.95,5578.0,enc/off/vf=off/lk=0,2.562,2.562,2.562,0.0,0.0,0.0,0.0
20,1.0,5628.0,enc/off/vf=off/lk=0,2.562,2.562,2.562,0.0,0.0,0.0,0.0
21,1.05,5678.0,enc/off/vf=off/lk=0,2.562,2.562,2.562,0.0,0.0,0.0,0.0
22,1.1,5728.0,enc/off/vf=off/lk=0,2.562,2.562,2.562,0.0,0.0,0.0,0.0
23,1.15,5778.0,enc/off/vf=off/lk=0,2.562,2.562,2.562,0.0,0.0,0.0,0.0
24,1.2,5828.0,enc/off/vf=off/lk=0,2.562,2.562,2.562,0.0,0.0,0.0,0.0
25,1.25,5878.0,enc/off/vf=off/lk=0,2.562,2.562,2.562,0.0,0.0,0.0,0.0
26,1.3,5928.0,enc/off/vf=off/lk=0,2.562,2.562,2.562,0.0,0.0,0.0,0.0
27,1.35,5978.0,enc/off/vf=off/lk=0,2.562,2.562,2.562,0.0,0.0,0.0,0.0
28,1.4,6028.0,enc/off/vf=off/lk=0,2.562,2.562,2.562,0.0,0.0,0.0,0.0
29,1.45,6078.0,enc/off/vf=off/lk=0,2.562,2.562,2.562,0.0,0.0,0.0,0.0
30,1.5,6128.0,enc/off/vf=off/lk=0,2.563,2.563,2.563,0.0,0.0,0.0,0.0
31,1.55,6178.0,enc/off/vf=off/lk=0,2.562,2.562,2.562,0.0,0.0,0.0,0.0
32,1.6,6228.0,enc/off/vf=off/lk=0,2.562,2.562,2.562,0.0,0.0,0.0,0.0
33,1.65,6278.0,enc/off/vf=off/lk=0,2.562,2.562,2.562,0.0,0.0,0.0,0.0
34,1.7,6328.0,enc/off/vf=off/lk=0,2.562,2.562,2.562,0.0,0.0,0.0,0.0
35,1.75,6378.0,enc/off/vf=off/lk=0,2.562,2.562,2.562,0.0,0.0,0.0,0.0
36,1.8,6428.0,enc/off/vf=off/lk=0,2.562,2.562,2.562,0.0,0.0,0.0,0.0
37,1.85,6478.0,enc/off/vf=off/lk=0,2.562,2.562,2.562,0.0,0.0,0.0,0.0
38,1.9,6528.0,enc/off/vf=off/lk=0,2.562,2.562,2.562,0.0,0.0,0.0,0.0
39,1.95,6578.0,enc/off/vf=off/lk=0,2.562,2.562,2.562,0.0,0.0,0.0,0.0
40,2.0,6628.0,enc/off/vf=off/lk=0,2.562,2.562,2.562,0.0,0.0,0.0,0.0
41,2.05,6678.0,enc/off/vf=off/lk=0,2.562,2.562,2.562,0.0,0.0,0.0,0.0
42,2.1,6728.0,enc/off/vf=off/lk=0,2.563,2.563,2.563,0.0,0.0,0.0,0.0
43,2.15,6778.0,enc/off/vf=off/lk=0,2.563,2.563,2.563,0.0,0.0,0.0,0.0
44,2.2,6828.0,enc/off/vf=off/lk=0,2.562,2.562,2.562,0.0,0.0,0.0,0.0
45,2.25,6878.0,enc/off/vf=off/lk=0,2.562,2.562,2.562,0.0,0.0,0.0,0.0
46,2.3,6928.0,enc/off/vf=off/lk=0,2.562,2.562,2.562,0.0,0.0,0.0,0.0
47,2.35,6978.0,enc/off/vf=off/lk=0,2.562,2.562,2.562,0.0,0.0,0.0,0.0
48,2.4,7028.0,enc/off/vf=off/lk=0,2.562,2.562,2.562,0.0,0.0,0.0,0.0
49,2.45,7078.0,enc/off/vf=off/lk=0,2.562,2.562,2.562,0.0,0.0,0.0,0.0
50,2.5,7128.0,enc/off/vf=off/lk=0,2.562,2.562,2.562,0.0,0.0,0.0,0.0
51,2.55,7178.0,enc/off/vf=off/lk=0,2.562,2.562,2.562,0.0,0.0,0.0,0.0
52,2.6,7228.0,enc/off/vf=off/lk=0,2.562,2.562,2.562,0.0,0.0,0.0,0.0
53,2.65,7278.0,enc/off/vf=off/lk=0,2.562,2.562,2.562,0.0,0.0,0.0,0.0
54,2.7,7328.0,enc/off/vf=off/lk=0,2.562,2.562,2.562,0.0,0.0,0.0,0.0
55,2.75,7378.0,enc/off/vf=off/lk=0,2.562,2.562,2.562,0.0,0.0,0.0,0.0
56,2.8,7428.0,enc/off/vf=off/lk=0,2.562,2.562,2.562,0.0,0.0,0.0,0.0
57,2.85,7478.0,enc/off/vf=off/lk=0,2.562,2.562,2.562,0.0,0.0,0.0,0.0
58,2.9,7528.0,enc/off/vf=off/lk=0,2.562,2.562,2.562,0.0,0.0,0.0,0.0
59,2.95,7578.0,enc/off/vf=off/lk=0,2.562,2.562,2.562,0.0,0.0,0.0,0.0
60,3.0,7628.0,enc/off/vf=off/lk=0,2.562,2.562,2.562,0.0,0.0,0.0,0.0
61,3.05,7678.0,enc/off/vf=off/lk=0,2.562,2.562,2.562,0.0,0.0,0.0,0.0
62,3.1,7728.0,enc/off/vf=off/lk=0,2.562,2.562,2.562,0.0,0.0,0.0,0.0
63,3.15,7778.0,enc/off/vf=off/lk=0,2.562,2.562,2.562,0.0,0.0,0.0,0.0
64,3.2,7828.0,enc/off/vf=off/lk=0,2.562,2.562,2.562,0.0,0.0,0.0,0.0
65,3.25,7878.0,enc/off/vf=off/lk=0,2.562,2.562,2.562,0.0,0.0,0.0,0.0
66,3.3,7928.0,enc/off/vf=off/lk=0,2.562,2.562,2.562,0.0,0.0,0.0,0.0
67,3.35,7978.0,enc/off/vf=off/lk=0,2.562,2.562,2.562,0.0,0.0,0.0,0.0
68,3.4,8028.0,enc/off/vf=off/lk=0,2.562,2.562,2.562,0.0,0.0,0.0,0.0
69,3.45,8078.0,enc/off/vf=off/lk=0,2.562,2.562,2.562,0.0,0.0,0.0,0.0
70,3.5,8128.0,enc/off/vf=off/lk=0,2.562,2.562,2.562,0.0,0.0,0.0,0.0
71,3.55,8178.0,enc/off/vf=off/lk=0,2.562,2.562,2.562,0.0,0.0,0.0,0.0
72,3.6,8228.0,enc/off/vf=off/lk=0,2.562,2.562,2.562,0.0,0.0,0.0,0.0
73,3.65,8278.0,enc/off/vf=off/lk=0,2.562,2.562,2.562,0.0,0.0,0.0,0.0
74,3.7,8328.0,enc/off/vf=off/lk=0,2.562,2.562,2.562,0.0,0.0,0.0,0.0
75,3.75,8378.0,enc/off/vf=off/lk=0,2.562,2.562,2.562,0.0,0.0,0.0,0.0
76,3.8,8428.0,enc/off/vf=off/lk=0,2.562,2.562,2.562,0.0,0.0,0.0,0.0
77,3.85,8478.0,enc/off/vf=off/lk=0,2.562,2.562,2.562,0.0,0.0,0.0,0.0
78,3.9,8528.0,enc/off/vf=off/lk=0,2.562,2.562,2.562,0.0,0.0,0.0,0.0
79,3.95,8578.0,enc/off/vf=off/lk=0,2.562,2.562,2.562,0.0,0.0,0.0,0.0
80,4.0,8628.0,enc/off/vf=off/lk=0,2.562,2.562,2.562,0.0,0.0,0.0,0.0
81,4.05,8678.0,enc/off/vf=off/lk=0,2.562,2.562,2.562,0.0,0.0,0.0,0.0
82,4.1,8728.0,enc/off/vf=off/lk=0,2.562,2.562,2.562,0.0,0.0,0.0,0.0
83,4.15,8778.0,enc/off/vf=off/lk=0,2.562,2.562,2.562,0.0,0.0,0.0,0.0
84,4.2,8828.0,enc/off/vf=off/lk=0,2.562,2.562,2.562,0.0,0.0,0.0,0.0
85,4.25,8878.0,enc/off/vf=off/lk=0,2.562,2.562,2.562,0.0,0.0,0.0,0.0
86,4.3,8928.0,enc/off/vf=off/lk=0,2.562,2.562,2.562,0.0,0.0,0.0,0.0
87,4.35,8978.0,enc/off/vf=off/lk=0,2.562,2.562,2.562,0.0,0.0,0.0,0.0
88,4.4,9028.0,enc/off/vf=off/lk=0,2.562,2.562,2.562,0.0,0.0,0.0,0.0
89,4.45,9078.0,enc/off/vf=off/lk=0,2.562,2.562,2.562,0.0,0.0,0.0,0.0
90,4.5,9128.0,enc/off/vf=off/lk=0,2.562,2.562,2.562,0.0,0.0,0.0,0.0
91,4.55,9178.0,enc/off/vf=off/lk=0,2.562,2.562,2.562,0.0,0.0,0.0,0.0
92,4.6,9228.0,enc/off/vf=off/lk=0,2.562,2.562,2.562,0.0,0.0,0.0,0.0
93,4.65,9278.0,enc/off/vf=off/lk=0,2.562,2.562,2.562,0.0,0.0,0.0,0.0
94,4.7,9328.0,enc/off/vf=off/lk=0,2.562,2.562,2.562,0.0,0.0,0.0,0.0
95,4.75,9378.0,enc/off/vf=off/lk=0,2.562,2.562,2.562,0.0,0.0,0.0,0.0
96,4.8,9428.0,enc/off/vf=off/lk=0,2.562,2.562,2.562,0.0,0.0,0.0,0.0
97,4.85,9478.0,enc/off/vf=off/lk=0,2.562,2.562,2.562,0.0,0.0,0.0,0.0
98,4.9,9528.0,enc/off/vf=off/lk=0,2.562,2.562,2.562,0.0,0.0,0.0,0.0
99,4.95,9578.0,enc/off/vf=off/lk=0,2.562,2.562,2.562,0.0,0.0,0.0,0.0
100,5.0,9628.0,enc/off/vf=off/lk=0,2.563,2.563,2.563,0.0,0.0,0.0,0.0
101,5.05,9678.0,enc/off/vf=off/lk=0,2.562,2.562,2.562,0.0,0.0,0.0,0.0
102,5.1,9728.0,enc/off/vf=off/lk=0,2.562,2.562,2.562,0.0,0.0,0.0,0.0
103,5.15,9778.0,enc/off/vf=off/lk=0,2.562,2.562,2.562,0.0,0.0,0.0,0.0
104,5.2,9828.0,enc/off/vf=off/lk=0,2.562,2.562,2.562,0.0,0.0,0.0,0.0
105,5.25,9878.0,enc/off/vf=off/lk=0,2.562,2.562,2.562,0.0,0.0,0.0,0.0
106,5.3,9928.0,enc/off/vf=off/lk=0,2.562,2.562,2.562,0.0,0.0,0.0,0.0
107,5.35,9978.0,enc/off/vf=off/lk=0,2.562,2.562,2.562,0.0,0.0,0.0,0.0
108,5.4,10028.0,enc/off/vf=off/lk=0,2.562,2.562,2.562,0.0,0.0,0.0,0.0
109,5.45,10078.0,enc/off/vf=off/lk=0,2.562,2.562,2.562,0.0,0.0,0.0,0.0
110,5.5,10128.0,enc/off/vf=off/lk=0,2.562,2.562,2.562,0.0,0.0,0.0,0.0
111,5.55,10178.0,enc/off/vf=off/lk=0,2.562,2.562,2.562,0.0,0.0,0.0,0.0
112,5.6,10228.0,enc/off/vf=off/lk=0,2.562,2.562,2.562,0.0,0.0,0.0,0.0
113,5.65,10278.0,enc/off/vf=off/lk=0,2.562,2.562,2.562,0.0,0.0,0.0,0.0
114,5.7,10328.0,enc/off/vf=off/lk=0,2.562,2.562,2.562,0.0,0.0,0.0,0.0
115,5.75,10378.0,enc/off/vf=off/lk=0,2.562,2.562,2.562,0.0,0.0,0.0,0.0
116,5.8,10428.0,enc/off/vf=off/lk=0,2.562,2.562,2.562,0.0,0.0,0.0,0.0
117,5.85,10478.0,enc/off/vf=off/lk=0,2.562,2.562,2.562,0.0,0.0,0.0,0.0
118,5.9,10528.0,enc/off/vf=off/lk=0,2.562,2.562,2.562,0.0,0.0,0.0,0.0
119,5.95,10578.0,enc/off/vf=off/lk=0,2.562,2.562,2.562,0.0,0.0,0.0,0.0
120,6.0,10628.0,enc/off/vf=off/lk=0,2.562,2.562,2.562,0.0,0.0,0.0,0.0
121,6.05,10678.0,enc/off/vf=off/lk=0,2.562,2.562,2.562,0.0,0.0,0.0,0.0
122,6.1,10728.0,enc/off/vf=off/lk=0,2.562,2.562,2.562,0.0,0.0,0.0,0.0
123,6.15,10778.0,enc/off/vf=off/lk=0,2.562,2.562,2.562,0.0,0.0,0.0,0.0
124,6.2,10828.0,enc/off/vf=off/lk=0,2.562,2.562,2.562,0.0,0.0,0.0,0.0
125,6.25,10878.0,enc/off/vf=off/lk=0,2.562,2.562,2.562,0.0,0.0,0.0,0.0
126,6.3,10928.0,enc/off/vf=off/lk=0,2.562,2.562,2.562,0.0,0.0,0.0,0.0
127,6.35,10978.0,enc/off/vf=off/lk=0,2.562,2.562,2.562,0.0,0.0,0.0,0.0
128,6.4,11028.0,enc/off/vf=off/lk=0,2.562,2.562,2.562,0.0,0.0,0.0,0.0
129,6.45,11078.0,enc/off/vf=off/lk=0,2.562,2.562,2.562,0.0,0.0,0.0,0.0
130,6.5,11128.0,enc/off/vf=off/lk=0,2.562,2.562,2.562,0.0,0.0,0.0,0.0
131,6.55,11178.0,enc/off/vf=off/lk=0,2.562,2.562,2.562,0.0,0.0,0.0,0.0
132,6.6,11228.0,enc/off/vf=off/lk=0,2.562,2.562,2.562,0.0,0.0,0.0,0.0
133,6.65,11278.0,enc/off/vf=off/lk=0,2.562,2.562,2.562,0.0,0.0,0.0,0.0
134,6.7,11328.0,enc/off/vf=off/lk=0,2.562,2.562,2.562,0.0,0.0,0.0,0.0
135,6.75,11378.0,enc/off/vf=off/lk=0,2.562,2.562,2.562,0.0,0.0,0.0,0.0
136,6.8,11428.0,enc/off/vf=off/lk=0,2.562,2.562,2.562,0.0,0.0,0.0,0.0
137,6.85,11478.0,enc/off/vf=off/lk=0,2.562,2.562,2.562,0.0,0.0,0.0,0.0
138,6.9,11528.0,enc/off/vf=off/lk=0,2.562,2.562,2.562,0.0,0.0,0.0,0.0
139,6.95,11578.0,enc/off/vf=off/lk=0,2.562,2.562,2.562,0.0,0.0,0.0,0.0
140,7.0,11628.0,enc/off/vf=off/lk=0,2.562,2.562,2.562,0.0,0.0,0.0,0.0
141,7.05,11678.0,enc/off/vf=off/lk=0,2.562,2.562,2.562,0.0,0.0,0.0,0.0
142,7.1,11728.0,enc/off/vf=off/lk=0,2.562,2.562,2.562,0.0,0.0,0.0,0.0
143,7.15,11778.0,enc/off/vf=off/lk=0,2.562,2.562,2.562,0.0,0.0,0.0,0.0
144,7.2,11828.0,enc/off/vf=off/lk=0,2.562,2.562,2.562,0.0,0.0,0.0,0.0
145,7.25,11878.0,enc/off/vf=off/lk=0,2.562,2.562,2.562,0.0,0.0,0.0,0.0
146,7.3,11928.0,enc/off/vf=off/lk=0,2.562,2.562,2.562,0.0,0.0,0.0,0.0
147,7.35,11978.0,enc/off/vf=off/lk=0,2.562,2.562,2.562,0.0,0.0,0.0,0.0
148,7.4,12028.0,enc/off/vf=off/lk=0,2.562,2.562,2.562,0.0,0.0,0.0,0.0
149,7.45,12078.0,enc/off/vf=off/lk=0,2.562,2.562,2.562,0.0,3.236,0.0,0.0
150,7.5,12128.0,enc/off/vf=off/lk=0,2.562,2.562,2.562,0.0,0.0,0.0,0.0
151,7.55,12178.0,enc/off/vf=off/lk=0,2.562,2.562,2.562,0.0,0.0,0.0,0.0
152,7.6,12228.0,enc/off/vf=off/lk=0,2.562,2.562,2.562,0.0,0.0,0.0,0.0
153,7.65,12278.0,enc/off/vf=off/lk=0,2.562,2.562,2.562,0.0,0.0,0.0,0.0
154,7.7,12328.0,enc/off/vf=off/lk=0,2.562,2.562,2.562,0.0,0.0,0.0,0.0
155,7.75,12378.0,enc/off/vf=off/lk=0,2.562,2.562,2.562,0.0,0.0,0.0,0.0
156,7.8,12428.0,enc/off/vf=off/lk=0,2.562,2.562,2.562,0.0,0.0,0.0,0.0
157,7.85,12478.0,enc/off/vf=off/lk=0,2.562,2.562,2.562,0.0,0.0,0.0,0.0
158,7.9,12528.0,enc/off/vf=off/lk=0,2.562,2.562,2.562,0.0,0.0,0.0,0.0
159,7.95,12578.0,enc/off/vf=off/lk=0,2.562,2.562,2.562,0.0,0.0,0.0,0.0
160,8.0,12628.0,enc/off/vf=off/lk=0,2.562,2.562,2.562,0.0,0.0,0.0,0.0
161,8.05,12678.0,enc/off/vf=off/lk=0,2.562,2.562,2.562,0.0,0.0,0.0,0.0
162,8.1,12728.0,enc/off/vf=off/lk=0,2.562,2.562,2.562,0.0,0.0,0.0,0.0
163,8.15,12778.0,enc/off/vf=off/lk=0,2.562,2.562,2.562,0.0,0.0,0.0,0.0
164,8.2,12828.0,enc/off/vf=off/lk=0,2.562,2.562,2.562,0.0,0.0,0.0,0.0
165,8.25,12878.0,enc/off/vf=off/lk=0,2.562,2.562,2.562,0.0,0.0,0.0,0.0
166,8.3,12928.0,enc/off/vf=off/lk=0,2.562,2.562,2.562,0.0,0.0,0.0,0.0
167,8.35,12978.0,enc/off/vf=off/lk=0,2.562,2.562,2.562,0.0,0.0,0.0,0.0
168,8.4,13028.0,enc/off/vf=off/lk=0,2.562,2.562,2.562,0.0,0.0,0.0,0.0
169,8.45,13078.0,enc/off/vf=off/lk=0,2.562,2.562,2.562,0.0,0.0,0.0,0.0
170,8.5,13128.0,enc/off/vf=off/lk=0,2.562,2.562,2.562,0.0,0.0,0.0,0.0
171,8.55,13178.0,enc/off/vf=off/lk=0,2.562,2.562,2.562,0.0,0.0,0.0,0.0
172,8.6,13228.0,enc/off/vf=off/lk=0,2.562,2.562,2.562,0.0,0.0,0.0,0.0
173,8.65,13278.0,enc/off/vf=off/lk=0,2.562,2.562,2.562,0.0,0.0,0.0,0.0
174,8.7,13328.0,enc/off/vf=off/lk=0,2.562,2.562,2.562,0.0,0.0,0.0,0.0
175,8.75,13378.0,enc/off/vf=off/lk=0,2.562,2.562,2.562,0.0,0.0,0.0,0.0
176,8.8,13428.0,enc/off/vf=off/lk=0,2.562,2.562,2.562,0.0,0.0,0.0,0.0
177,8.85,13478.0,enc/off/vf=off/lk=0,2.562,2.562,2.562,0.0,0.0,0.0,0.0
178,8.9,13528.0,enc/off/vf=off/lk=0,2.562,2.562,2.562,0.0,0.0,0.0,0.0
179,8.95,13578.0,enc/off/vf=off/lk=0,2.562,2.562,2.562,0.0,0.0,0.0,0.0
180,9.0,13628.0,enc/off/vf=off/lk=0,2.562,2.562,2.562,0.0,0.0,0.0,0.0
181,9.05,13678.0,enc/off/vf=off/lk=0,2.562,2.562,2.562,0.0,0.0,0.0,0.0
182,9.1,13728.0,enc/off/vf=off/lk=0,2.562,2.562,2.562,0.0,0.0,0.0,0.0
183,9.15,13778.0,enc/off/vf=off/lk=0,2.562,2.562,2.562,0.0,0.0,0.0,0.0
184,9.2,13828.0,enc/off/vf=off/lk=0,2.562,2.562,2.562,0.0,0.0,0.0,0.0
185,9.25,13878.0,enc/off/vf=off/lk=0,2.562,2.562,2.562,0.0,0.0,0.0,0.0
186,9.3,13928.0,enc/off/vf=off/lk=0,2.562,2.562,2.562,0.0,0.0,0.0,0.0
187,9.35,13978.0,enc/off/vf=off/lk=0,2.562,2.562,2.562,0.0,0.0,0.0,0.0
188,9.4,14028.0,enc/off/vf=off/lk=0,2.562,2.562,2.562,0.0,0.0,0.0,0.0
189,9.45,14078.0,enc/off/vf=off/lk=0,2.562,2.562,2.562,0.0,0.0,0.0,0.0
190,9.5,14128.0,enc/off/vf=off/lk=0,2.562,2.562,2.562,0.0,0.0,0.0,0.0
191,9.55,14178.0,enc/off/vf=off/lk=0,2.562,2.562,2.562,0.0,0.0,0.0,0.0
192,9.6,14228.0,enc/off/vf=off/lk=0,2.562,2.562,2.562,0.0,0.0,0.0,0.0
193,9.65,14278.0,enc/off/vf=off/lk=0,2.562,2.562,2.562,0.0,0.0,0.0,0.0
194,9.7,14328.0,enc/off/vf=off/lk=0,2.562,2.562,2.562,0.0,0.0,0.0,0.0
195,9.75,14378.0,enc/off/vf=off/lk=0,2.562,2.562,2.562,0.0,0.0,0.0,0.0
196,9.8,14428.0,enc/off/vf=off/lk=0,2.562,2.562,2.562,0.0,0.0,0.0,0.0
197,9.85,14478.0,enc/off/vf=off/lk=0,2.563,2.563,2.563,0.0,0.0,0.0,0.0
198,9.9,14528.0,enc/off/vf=off/lk=0,2.562,2.562,2.562,0.0,0.0,0.0,0.0
199,9.95,14578.0,enc/off/vf=off/lk=0,2.562,2.562,2.562,0.0,0.0,0.0,0.0
200,10.0,14628.0,enc/off/vf=off/lk=0,2.562,2.562,2.562,0.0,-3.183,0.0,0.0
201,10.05,14678.0,enc/off/vf=off/lk=0,2.562,2.562,2.562,0.0,0.0,0.0,0.0
202,10.1,14728.0,enc/off/vf=off/lk=0,2.562,2.562,2.562,0.0,0.0,0.0,0.0
203,10.15,14778.0,enc/off/vf=off/lk=0,2.562,2.562,2.562,0.0,0.0,0.0,0.0
204,10.2,14828.0,enc/off/vf=off/lk=0,2.562,2.562,2.562,0.0,0.0,0.0,0.0
205,10.25,14878.0,enc/off/vf=off/lk=0,2.562,2.562,2.562,0.0,0.0,0.0,0.0
206,10.3,14928.0,enc/off/vf=off/lk=0,2.562,2.562,2.562,0.0,0.0,0.0,0.0
207,10.35,14978.0,enc/off/vf=off/lk=0,2.562,2.562,2.562,0.0,0.0,0.0,0.0
208,10.4,15028.0,enc/off/vf=off/lk=0,2.562,2.562,2.562,0.0,0.0,0.0,0.0
209,10.45,15078.0,enc/off/vf=off/lk=0,2.562,2.562,2.562,0.0,0.0,0.0,0.0
210,10.5,15128.0,enc/off/vf=off/lk=0,2.562,2.562,2.562,0.0,0.0,0.0,0.0
211,10.55,15178.0,enc/off/vf=off/lk=0,2.562,2.562,2.562,0.0,0.0,0.0,0.0
212,10.6,15228.0,enc/off/vf=off/lk=0,2.562,2.562,2.562,0.0,0.0,0.0,0.0
213,10.65,15278.0,enc/off/vf=off/lk=0,2.562,2.562,2.562,0.0,0.0,0.0,0.0
214,10.7,15328.0,enc/off/vf=off/lk=0,2.562,2.562,2.562,0.0,0.0,0.0,0.0
215,10.75,15378.0,enc/off/vf=off/lk=0,2.562,2.562,2.562,0.0,0.0,0.0,0.0
216,10.8,15428.0,enc/off/vf=off/lk=0,2.562,2.562,2.562,0.0,0.0,0.0,0.0
217,10.85,15478.0,enc/off/vf=off/lk=0,2.562,2.562,2.562,0.0,0.0,0.0,0.0
218,10.9,15528.0,enc/off/vf=off/lk=0,2.562,2.562,2.562,0.0,0.0,0.0,0.0
219,10.95,15578.0,enc/off/vf=off/lk=0,2.562,2.562,2.562,0.0,0.0,0.0,0.0
220,11.0,15628.0,enc/off/vf=off/lk=0,2.562,2.562,2.562,0.0,0.0,0.0,0.0
221,11.05,15678.0,enc/off/vf=off/lk=0,2.562,2.562,2.562,0.0,0.0,0.0,0.0
222,11.1,15728.0,enc/off/vf=off/lk=0,2.562,2.562,2.562,0.0,0.0,0.0,0.0
223,11.15,15778.0,enc/off/vf=off/lk=0,2.562,2.562,2.562,0.0,0.0,0.0,0.0
224,11.2,15828.0,enc/off/vf=off/lk=0,2.562,2.562,2.562,0.0,0.0,0.0,0.0
225,11.25,15878.0,enc/off/vf=off/lk=0,2.562,2.562,2.562,0.0,0.0,0.0,0.0
226,11.3,15928.0,enc/off/vf=off/lk=0,2.562,2.562,2.562,0.0,0.0,0.0,0.0
227,11.35,15978.0,enc/off/vf=off/lk=0,2.562,2.562,2.562,0.0,0.0,0.0,0.0
228,11.4,16028.0,enc/off/vf=off/lk=0,2.562,2.562,2.562,0.0,0.0,0.0,0.0
229,11.45,16078.0,enc/off/vf=off/lk=0,2.562,2.562,2.562,0.0,0.0,0.0,0.0
230,11.5,16128.0,enc/off/vf=off/lk=0,2.562,2.562,2.562,0.0,0.0,0.0,0.0
231,11.55,16178.0,enc/off/vf=off/lk=0,2.562,2.562,2.562,0.0,0.0,0.0,0.0
232,11.6,16228.0,enc/off/vf=off/lk=0,2.562,2.562,2.562,0.0,0.0,0.0,0.0
233,11.65,16278.0,enc/off/vf=off/lk=0,2.562,2.562,2.562,0.0,0.0,0.0,0.0
234,11.7,16328.0,enc/off/vf=off/lk=0,2.562,2.562,2.562,0.0,0.0,0.0,0.0
235,11.75,16378.0,enc/off/vf=off/lk=0,2.562,2.562,2.562,0.0,0.0,0.0,0.0
236,11.8,16428.0,enc/off/vf=off/lk=0,2.562,2.562,2.562,0.0,0.0,0.0,0.0
237,11.85,16478.0,enc/off/vf=off/lk=0,2.562,2.562,2.562,0.0,0.0,0.0,0.0
238,11.9,16528.0,enc/off/vf=off/lk=0,2.562,2.562,2.562,0.0,0.0,0.0,0.0
239,11.95,16578.0,enc/off/vf=off/lk=0,2.562,2.562,2.562,0.0,0.0,0.0,0.0
240,12.0,16628.0,enc/off/vf=off/lk=0,2.562,2.562,2.562,0.0,0.0,0.0,0.0
241,12.05,16678.0,enc/off/vf=off/lk=0,2.562,2.562,2.562,0.0,0.0,0.0,0.0
242,12.1,16728.0,enc/off/vf=off/lk=0,2.562,2.562,2.562,0.0,0.0,0.0,0.0
243,12.15,16778.0,enc/off/vf=off/lk=0,2.562,2.562,2.562,0.0,0.0,0.0,0.0
244,12.2,16828.0,enc/off/vf=off/lk=0,2.562,2.562,2.562,0.0,0.0,0.0,0.0
245,12.25,16878.0,enc/off/vf=off/lk=0,2.562,2.562,2.562,0.0,0.0,0.0,0.0
246,12.3,16928.0,enc/off/vf=off/lk=0,2.562,2.562,2.562,0.0,0.0,0.0,0.0
247,12.35,16978.0,enc/off/vf=off/lk=0,2.562,2.562,2.562,0.0,0.0,0.0,0.0
248,12.4,17028.0,enc/off/vf=off/lk=0,2.562,2.562,2.562,0.0,0.0,0.0,0.0
249,12.45,17078.0,enc/off/vf=off/lk=0,2.562,2.562,2.562,0.0,0.0,0.0,0.0
250,12.5,17128.0,enc/off/vf=off/lk=0,2.562,2.562,2.562,0.0,0.0,0.0,0.0
251,12.55,17178.0,enc/off/vf=off/lk=0,2.562,2.562,2.562,0.0,0.0,0.0,0.0
252,12.6,17228.0,enc/off/vf=off/lk=0,2.562,2.562,2.562,0.0,0.0,0.0,0.0
253,12.65,17278.0,enc/off/vf=off/lk=0,2.562,2.562,2.562,0.0,0.0,0.0,0.0
254,12.7,17328.0,enc/off/vf=off/lk=0,2.562,2.562,2.562,0.0,0.0,0.0,0.0
255,12.75,17378.0,enc/off/vf=off/lk=0,2.562,2.562,2.562,0.0,0.0,0.0,0.0
256,12.8,17428.0,enc/off/vf=off/lk=0,2.562,2.562,2.562,0.0,0.0,0.0,0.0
257,12.85,17478.0,enc/off/vf=off/lk=0,2.562,2.562,2.562,0.0,0.0,0.0,0.0
258,12.9,17528.0,enc/off/vf=off/lk=0,2.562,2.562,2.562,0.0,0.0,0.0,0.0
259,12.939,17567.0,enc/off/vf=off/lk=0,2.562,2.562,2.562,0.0,0.0,0.0,0.0
260,12.959,17587.0,enc/off/vf=off/lk=0,2.566,2.566,2.566,0.0,0.0,0.0,0.0101
261,12.979,17607.0,enc/off/vf=off/lk=0,2.569,2.569,2.569,0.0,0.0,0.0,0.012
262,12.999,17627.0,enc/off/vf=off/lk=0,2.571,2.571,2.571,0.0,0.0,0.0,0.0138
263,13.019,17647.0,enc/off/vf=off/lk=0,2.572,2.572,2.572,0.0,0.0,0.0,0.0156
264,13.039,17667.0,enc/off/vf=off/lk=0,2.576,2.576,2.576,0.0,0.0,0.0,0.0175
265,13.059,17687.0,enc/off/vf=off/lk=0,2.577,2.577,2.577,0.0,0.0,0.0,0.0193
266,13.079,17707.0,enc/off/vf=off/lk=0,2.58,2.58,2.58,0.0,0.0,0.0,0.0211
267,13.099,17727.0,enc/off/vf=off/lk=0,2.583,2.583,2.583,0.0,2.204,0.0,0.023
268,13.119,17747.0,enc/off/vf=off/lk=0,2.588,2.588,2.588,0.0,0.0,0.0,0.0248
269,13.139,17767.0,enc/off/vf=off/lk=0,2.592,2.592,2.592,0.0,0.0,0.0,0.0266
270,13.159,17787.0,enc/off/vf=off/lk=0,2.599,2.599,2.599,0.0,0.0,0.0,0.0284
271,13.179,17807.0,enc/off/vf=off/lk=0,2.603,2.603,2.603,0.0,2.179,0.0,0.0303
272,13.199,17827.0,enc/off/vf=off/lk=0,2.612,2.612,2.612,0.0,0.0,0.0,0.0321
273,13.219,17847.0,enc/off/vf=off/lk=0,2.626,2.626,2.626,0.0,2.17,0.0,0.0338
274,13.239,17867.0,enc/off/vf=off/lk=0,2.646,2.646,2.646,0.0,0.0,0.0,0.0355
275,13.259,17887.0,enc/off/vf=off/lk=0,2.678,2.678,2.678,0.0,2.161,0.0,0.0371
276,13.279,17907.0,enc/off/vf=off/lk=0,2.721,2.721,2.721,0.0,2.226,0.0,0.0386
277,13.299,17927.0,enc/off/vf=off/lk=0,2.772,2.772,2.772,0.0,4.408,0.0,0.0402
278,13.319,17947.0,enc/off/vf=off/lk=0,2.864,2.864,2.864,0.0,6.622,0.0,0.0412
279,13.339,17967.0,enc/off/vf=off/lk=0,3.02,3.02,3.02,0.0,4.364,0.0,0.0419
280,13.359,17987.0,enc/off/vf=off/lk=0,3.096,3.096,3.096,0.0,4.358,0.0,0.0443
281,13.379,18007.0,enc/off/vf=off/lk=0,3.186,3.186,3.186,0.0,6.65,0.0,0.0457
282,13.399,18027.0,enc/off/vf=off/lk=0,3.287,3.287,3.287,0.0,6.565,0.0,0.0472
283,13.419,18047.0,enc/off/vf=off/lk=0,3.448,3.448,3.448,0.0,10.833,0.0,0.0477
284,13.439,18067.0,enc/off/vf=off/lk=0,3.568,3.568,3.568,0.0,6.528,0.0,0.0498
285,13.459,18087.0,enc/off/vf=off/lk=0,3.694,3.694,3.694,0.0,8.918,0.0,0.0511
286,13.479,18107.0,enc/off/vf=off/lk=0,3.855,3.855,3.855,0.0,11.068,0.0,0.052
287,13.499,18127.0,enc/off/vf=off/lk=0,4.027,4.027,4.027,0.0,6.593,0.0,0.0534
288,13.519,18147.0,enc/off/vf=off/lk=0,4.174,4.174,4.174,0.0,8.803,0.0,0.0548
289,13.539,18167.0,enc/off/vf=off/lk=0,4.358,4.358,4.358,0.0,8.716,0.0,0.0558
290,13.559,18187.0,enc/off/vf=off/lk=0,4.519,4.519,4.519,0.0,8.716,0.0,0.0573
291,13.579,18207.0,enc/off/vf=off/lk=0,4.697,4.697,4.697,0.0,8.691,0.0,0.0584
292,13.599,18227.0,enc/off/vf=off/lk=0,4.873,4.873,4.873,0.0,6.574,0.0,0.0599
293,13.619,18247.0,enc/off/vf=off/lk=0,5.031,5.031,5.031,0.0,8.854,0.0,0.0612
294,13.639,18267.0,enc/off/vf=off/lk=0,5.24,5.24,5.24,0.0,13.037,0.0,0.0619
295,13.659,18287.0,enc/off/vf=off/lk=0,5.397,5.397,5.397,0.0,8.618,0.0,0.064
296,13.679,18307.0,enc/off/vf=off/lk=0,5.582,5.582,5.582,0.0,13.397,0.0,0.0647
297,13.699,18327.0,enc/off/vf=off/lk=0,5.791,5.791,5.791,0.0,8.791,0.0,0.0659
298,13.719,18347.0,enc/off/vf=off/lk=0,5.956,5.956,5.956,0.0,8.841,0.0,0.0675
299,13.739,18367.0,enc/off/vf=off/lk=0,6.188,6.188,6.188,0.0,11.02,0.0,0.068
300,13.759,18387.0,enc/off/vf=off/lk=0,6.375,6.375,6.375,0.0,10.957,0.0,0.0697
301,13.779,18407.0,enc/off/vf=off/lk=0,6.602,6.602,6.602,0.0,13.074,0.0,0.0703
302,13.799,18427.0,enc/off/vf=off/lk=0,6.808,6.808,6.808,0.0,8.728,0.0,0.0718
303,13.819,18447.0,enc/off/vf=off/lk=0,7.046,7.046,7.046,0.0,13.3,0.0,0.0725
304,13.839,18467.0,enc/off/vf=off/lk=0,7.271,7.271,7.271,0.0,11.068,0.0,0.0739
305,13.859,18487.0,enc/off/vf=off/lk=0,7.517,7.517,7.517,0.0,13.037,0.0,0.0747
306,13.879,18507.0,enc/off/vf=off/lk=0,7.751,7.751,7.751,0.0,10.988,0.0,0.0759
307,13.899,18527.0,enc/off/vf=off/lk=0,8.003,8.003,8.003,0.0,10.91,0.0,0.0769
308,13.919,18547.0,enc/off/vf=off/lk=0,8.239,8.239,8.239,0.0,15.253,0.0,0.078
309,13.939,18567.0,enc/off/vf=off/lk=0,8.494,8.494,8.494,0.0,8.753,0.0,0.079
310,13.959,18587.0,enc/off/vf=off/lk=0,8.733,8.733,8.733,0.0,13.436,0.0,0.08
311,13.979,18607.0,enc/off/vf=off/lk=0,8.989,8.989,8.989,0.0,13.262,0.0,0.0812
312,13.999,18627.0,enc/off/vf=off/lk=0,9.239,9.239,9.239,0.0,13.281,0.0,0.082
313,14.019,18647.0,enc/off/vf=off/lk=0,9.494,9.494,9.494,0.0,13.074,0.0,0.0833
314,14.039,18667.0,enc/off/vf=off/lk=0,9.765,9.765,9.765,0.0,15.362,0.0,0.0839
315,14.059,18687.0,enc/off/vf=off/lk=0,10.021,10.021,10.021,0.0,13.074,0.0,0.0852
316,14.079,18707.0,enc/off/vf=off/lk=0,10.299,10.299,10.299,0.0,10.957,0.0,0.0859
317,14.099,18727.0,enc/off/vf=off/lk=0,10.591,10.591,10.591,0.0,15.167,0.0,0.0866
318,14.119,18747.0,enc/off/vf=off/lk=0,10.879,10.879,10.879,0.0,12.982,0.0,0.0876
319,14.139,18767.0,enc/off/vf=off/lk=0,11.17,11.17,11.17,0.0,13.262,0.0,0.0887
320,14.159,18787.0,enc/off/vf=off/lk=0,11.471,11.471,11.471,0.0,17.657,0.0,0.0895
321,14.179,18807.0,enc/off/vf=off/lk=0,11.74,11.74,11.74,0.0,13.281,0.0,0.0908
322,14.199,18827.0,enc/off/vf=off/lk=0,12.046,12.046,12.046,0.0,13.0,0.0,0.0913
323,14.219,18847.0,enc/off/vf=off/lk=0,12.324,12.324,12.324,0.0,17.309,0.0,0.0925
324,14.239,18867.0,enc/off/vf=off/lk=0,12.632,12.632,12.632,0.0,15.517,0.0,0.0934
325,14.259,18887.0,enc/off/vf=off/lk=0,12.939,12.939,12.939,0.0,13.074,0.0,0.094
326,14.279,18907.0,enc/off/vf=off/lk=0,13.234,13.234,13.234,0.0,17.708,0.0,0.095
327,14.299,18927.0,enc/off/vf=off/lk=0,13.542,13.542,13.542,0.0,15.54,0.0,0.0959
328,14.319,18947.0,enc/off/vf=off/lk=0,13.864,13.864,13.864,0.0,15.768,0.0,0.0966
329,14.339,18967.0,enc/off/vf=off/lk=0,14.189,14.189,14.189,0.0,15.63,0.0,0.0973
330,14.359,18987.0,enc/off/vf=off/lk=0,14.508,14.508,14.508,0.0,15.45,0.0,0.0982
331,14.379,19007.0,enc/off/vf=off/lk=0,14.834,14.834,14.834,0.0,15.676,0.0,0.0991
332,14.399,19027.0,enc/off/vf=off/lk=0,15.168,15.168,15.168,0.0,15.495,0.0,0.0997
333,14.419,19047.0,enc/off/vf=off/lk=0,15.478,15.478,15.478,0.0,15.562,0.0,0.1008
334,14.439,19067.0,enc/off/vf=off/lk=0,15.805,15.805,15.805,0.0,15.274,0.0,0.1017
335,14.459,19087.0,enc/off/vf=off/lk=0,16.137,16.137,16.137,0.0,15.517,0.0,0.1023
336,14.479,19107.0,enc/off/vf=off/lk=0,16.472,16.472,16.472,0.0,17.734,0.0,0.103
337,14.499,19127.0,enc/off/vf=off/lk=0,16.825,16.825,16.825,0.0,19.779,0.0,0.1038
338,14.519,19147.0,enc/off/vf=off/lk=0,17.171,17.171,17.171,0.0,17.506,0.0,0.1045
339,14.539,19167.0,enc/off/vf=off/lk=0,17.512,17.512,17.512,0.0,19.951,0.0,0.1053
340,14.559,19187.0,enc/off/vf=off/lk=0,17.872,17.872,17.872,0.0,17.708,0.0,0.1058
341,14.579,19207.0,enc/off/vf=off/lk=0,18.228,18.228,18.228,0.0,19.779,0.0,0.1067
342,14.599,19227.0,enc/off/vf=off/lk=0,18.566,18.566,18.566,0.0,19.779,0.0,0.1078
343,14.619,19247.0,enc/off/vf=off/lk=0,18.922,18.922,18.922,0.0,15.362,0.0,0.1084
344,14.639,19267.0,enc/off/vf=off/lk=0,19.276,19.276,19.276,0.0,15.188,0.0,0.109
345,14.659,19287.0,enc/off/vf=off/lk=0,19.63,19.63,19.63,0.0,19.836,0.0,0.1096
346,14.679,19307.0,enc/off/vf=off/lk=0,19.995,19.995,19.995,0.0,15.607,0.0,0.1102
347,14.699,19327.0,enc/off/vf=off/lk=0,20.364,20.364,20.364,0.0,19.951,0.0,0.111
348,14.719,19347.0,enc/off/vf=off/lk=0,20.738,20.738,20.738,0.0,17.431,0.0,0.1117
349,14.739,19367.0,enc/off/vf=off/lk=0,21.114,21.114,21.114,0.0,17.76,0.0,0.1123
350,14.759,19387.0,enc/off/vf=off/lk=0,21.502,21.502,21.502,0.0,19.751,0.0,0.1129
351,14.779,19407.0,enc/off/vf=off/lk=0,21.871,21.871,21.871,0.0,22.008,0.0,0.1136
352,14.799,19427.0,enc/off/vf=off/lk=0,22.224,22.224,22.224,0.0,17.432,0.0,0.1145
353,14.819,19447.0,enc/off/vf=off/lk=0,22.602,22.602,22.602,0.0,19.583,0.0,0.1151
354,14.839,19467.0,enc/off/vf=off/lk=0,22.988,22.988,22.988,0.0,19.611,0.0,0.1156
355,14.859,19487.0,enc/off/vf=off/lk=0,23.378,23.378,23.378,0.0,17.506,0.0,0.1162
356,14.879,19507.0,enc/off/vf=off/lk=0,23.771,23.771,23.771,0.0,19.951,0.0,0.1168
357,14.899,19527.0,enc/off/vf=off/lk=0,24.169,24.169,24.169,0.0,19.639,0.0,0.1173
358,14.919,19547.0,enc/off/vf=off/lk=0,24.561,24.561,24.561,0.0,19.611,0.0,0.1179
359,14.939,19567.0,enc/off/vf=off/lk=0,24.943,24.943,24.943,0.0,24.384,0.0,0.1188
360,14.959,19587.0,enc/off/vf=off/lk=0,25.335,25.335,25.335,0.0,21.945,0.0,0.1196
361,14.979,19607.0,enc/off/vf=off/lk=0,25.728,25.728,25.728,0.0,21.914,0.0,0.1201
362,14.999,19627.0,enc/off/vf=off/lk=0,26.125,26.125,26.125,0.0,17.708,0.0,0.1206
363,15.019,19647.0,enc/off/vf=off/lk=0,26.532,26.532,26.532,0.0,22.008,0.0,0.1211
364,15.039,19667.0,enc/off/vf=off/lk=0,26.94,26.94,26.94,0.0,21.636,0.0,0.1217
365,15.059,19687.0,enc/off/vf=off/lk=0,27.359,27.359,27.359,0.0,17.432,0.0,0.1221
366,15.079,19707.0,enc/off/vf=off/lk=0,27.77,27.77,27.77,0.0,19.695,0.0,0.1226
367,15.099,19727.0,enc/off/vf=off/lk=0,28.172,28.172,28.172,0.0,22.008,0.0,0.1233
368,15.119,19747.0,enc/off/vf=off/lk=0,28.573,28.573,28.573,0.0,19.864,0.0,0.124
369,15.139,19767.0,enc/off/vf=off/lk=0,28.978,28.978,28.978,0.0,19.779,0.0,0.1245
370,15.159,19787.0,enc/off/vf=off/lk=0,29.397,29.397,29.397,0.0,24.037,0.0,0.125
371,15.179,19807.0,enc/off/vf=off/lk=0,29.821,29.821,29.821,0.0,21.852,0.0,0.1255
372,15.199,19827.0,enc/off/vf=off/lk=0,30.244,30.244,30.244,0.0,19.666,0.0,0.126
373,15.219,19847.0,enc/off/vf=off/lk=0,30.663,30.663,30.663,0.0,22.008,0.0,0.1267
374,15.239,19867.0,enc/off/vf=off/lk=0,31.085,31.085,31.085,0.0,21.79,0.0,0.1273
375,15.259,19887.0,enc/off/vf=off/lk=0,31.503,31.503,31.503,0.0,21.789,0.0,0.1278
376,15.279,19907.0,enc/off/vf=off/lk=0,31.921,31.921,31.921,0.0,22.329,0.0,0.1283
377,15.299,19927.0,enc/off/vf=off/lk=0,32.355,32.355,32.355,0.0,21.977,0.0,0.1287
378,15.319,19947.0,enc/off/vf=off/lk=0,32.787,32.787,32.787,0.0,24.037,0.0,0.1292
379,15.339,19967.0,enc/off/vf=off/lk=0,33.224,33.224,33.224,0.0,21.758,0.0,0.1297
380,15.359,19987.0,enc/off/vf=off/lk=0,33.668,33.668,33.668,0.0,19.61,0.0,0.13
381,15.379,20007.0,enc/off/vf=off/lk=0,34.103,34.103,34.103,0.0,24.003,0.0,0.1306
382,15.399,20027.0,enc/off/vf=off/lk=0,34.536,34.536,34.536,0.0,21.79,0.0,0.1311
383,15.419,20047.0,enc/off/vf=off/lk=0,34.964,34.964,34.964,0.0,23.901,0.0,0.1317
384,15.439,20067.0,enc/off/vf=off/lk=0,35.4,35.4,35.4,0.0,24.455,0.0,0.1321
385,15.459,20087.0,enc/off/vf=off/lk=0,35.843,35.843,35.843,0.0,19.639,0.0,0.1325
386,15.479,20107.0,enc/off/vf=off/lk=0,36.291,36.291,36.291,0.0,22.264,0.0,0.1329
387,15.499,20127.0,enc/off/vf=off/lk=0,36.743,36.743,36.743,0.0,19.98,0.0,0.1333
388,15.519,20147.0,enc/off/vf=off/lk=0,37.191,37.191,37.191,0.0,19.639,0.0,0.1337
389,15.539,20167.0,enc/off/vf=off/lk=0,37.633,37.633,37.633,0.0,19.583,0.0,0.1343
390,15.559,20187.0,enc/off/vf=off/lk=0,38.072,38.072,38.072,0.0,19.555,0.0,0.1348
391,15.579,20207.0,enc/off/vf=off/lk=0,38.515,38.515,38.515,0.0,19.583,0.0,0.1353
392,15.599,20227.0,enc/off/vf=off/lk=0,38.963,38.963,38.963,0.0,22.008,0.0,0.1356
393,15.619,20247.0,enc/off/vf=off/lk=0,39.425,39.425,39.425,0.0,24.279,0.0,0.136
394,15.639,20267.0,enc/off/vf=off/lk=0,39.89,39.89,39.89,0.0,20.038,0.0,0.1363
395,15.659,20287.0,enc/off/vf=off/lk=0,40.347,40.347,40.347,0.0,24.455,0.0,0.1368
396,15.679,20307.0,enc/off/vf=off/lk=0,40.801,40.801,40.801,0.0,19.555,0.0,0.1374
397,15.699,20327.0,enc/off/vf=off/lk=0,41.263,41.263,41.263,0.0,19.779,0.0,0.1378
398,15.719,20347.0,enc/off/vf=off/lk=0,41.718,41.718,41.718,0.0,24.244,0.0,0.1382
399,15.739,20367.0,enc/off/vf=off/lk=0,42.18,42.18,42.18,0.0,24.279,0.0,0.1386
400,15.759,20387.0,enc/off/vf=off/lk=0,42.648,42.648,42.648,0.0,19.836,0.0,0.139
401,15.779,20407.0,enc/off/vf=off/lk=0,43.116,43.116,43.116,0.0,24.279,0.0,0.1394
402,15.799,20427.0,enc/off/vf=off/lk=0,43.573,43.573,43.573,0.0,24.384,0.0,0.1398
403,15.819,20447.0,enc/off/vf=off/lk=0,44.031,44.031,44.031,0.0,19.694,0.0,0.1403
404,15.839,20467.0,enc/off/vf=off/lk=0,44.502,44.502,44.502,0.0,19.951,0.0,0.1407
405,15.859,20487.0,enc/off/vf=off/lk=0,44.964,44.964,44.964,0.0,24.349,0.0,0.141
406,15.879,20507.0,enc/off/vf=off/lk=0,45.438,45.438,45.438,0.0,23.901,0.0,0.1413
407,15.899,20527.0,enc/off/vf=off/lk=0,45.917,45.917,45.917,0.0,21.945,0.0,0.1417
408,15.919,20547.0,enc/off/vf=off/lk=0,46.394,46.394,46.394,0.0,26.335,0.0,0.1421
409,15.939,20567.0,enc/off/vf=off/lk=0,46.868,46.868,46.868,0.0,26.297,0.0,0.1426
410,15.959,20587.0,enc/off/vf=off/lk=0,47.337,47.337,47.337,0.0,21.914,0.0,0.143
411,15.979,20607.0,enc/off/vf=off/lk=0,47.807,47.807,47.807,0.0,21.728,0.0,0.1433
412,15.999,20627.0,enc/off/vf=off/lk=0,48.287,48.287,48.287,0.0,26.147,0.0,0.1436
413,16.019,20647.0,enc/off/vf=off/lk=0,48.773,48.773,48.773,0.0,26.222,0.0,0.1438
414,16.039,20667.0,enc/off/vf=off/lk=0,49.261,49.261,49.261,0.0,28.652,0.0,0.1441
415,16.059,20687.0,enc/off/vf=off/lk=0,49.745,49.745,49.745,0.0,26.41,0.0,0.1445
416,16.079,20707.0,enc/off/vf=off/lk=0,50.224,50.224,50.224,0.0,21.728,0.0,0.1449
417,16.099,20727.0,enc/off/vf=off/lk=0,50.697,50.697,50.697,0.0,21.883,0.0,0.1453
418,16.119,20747.0,enc/off/vf=off/lk=0,51.171,51.171,51.171,0.0,26.755,0.0,0.1457
419,16.139,20767.0,enc/off/vf=off/lk=0,51.671,51.671,51.671,0.0,22.104,0.0,0.146
420,16.159,20787.0,enc/off/vf=off/lk=0,52.161,52.161,52.161,0.0,28.693,0.0,0.1463
421,16.179,20807.0,enc/off/vf=off/lk=0,52.655,52.655,52.655,0.0,28.735,0.0,0.1467
422,16.199,20827.0,enc/off/vf=off/lk=0,53.146,53.146,53.146,0.0,22.104,0.0,0.1471
423,16.219,20847.0,enc/off/vf=off/lk=0,53.628,53.628,53.628,0.0,26.486,0.0,0.1475
424,16.239,20867.0,enc/off/vf=off/lk=0,54.114,54.114,54.114,0.0,28.611,0.0,0.1478
425,16.259,20887.0,enc/off/vf=off/lk=0,54.61,54.61,54.61,0.0,26.524,0.0,0.148
426,16.279,20907.0,enc/off/vf=off/lk=0,55.111,55.111,55.111,0.0,22.039,0.0,0.1481
427,16.299,20927.0,enc/off/vf=off/lk=0,55.599,55.599,55.599,0.0,28.286,0.0,0.1484
428,16.319,20947.0,enc/off/vf=off/lk=0,56.096,56.096,56.096,0.0,26.297,0.0,0.1488
429,16.339,20967.0,enc/off/vf=off/lk=0,56.599,56.599,56.599,0.0,22.232,0.0,0.1493
430,16.359,20987.0,enc/off/vf=off/lk=0,57.086,57.086,57.086,0.0,26.639,0.0,0.1497
431,16.379,21007.0,enc/off/vf=off/lk=0,57.578,57.578,57.578,0.0,21.914,0.0,0.1499
432,16.399,21027.0,enc/off/vf=off/lk=0,58.08,58.08,58.08,0.0,28.246,0.0,0.1501
433,16.419,21047.0,enc/off/vf=off/lk=0,58.592,58.592,58.592,0.0,23.935,0.0,0.1503
434,16.439,21067.0,enc/off/vf=off/lk=0,59.103,59.103,59.103,0.0,23.833,0.0,0.1505
435,16.459,21087.0,enc/off/vf=off/lk=0,59.601,59.601,59.601,0.0,28.818,0.0,0.1509
436,16.479,21107.0,enc/off/vf=off/lk=0,60.095,60.095,60.095,0.0,26.073,0.0,0.1514
437,16.499,21127.0,enc/off/vf=off/lk=0,60.595,60.595,60.595,0.0,21.759,0.0,0.1516
438,16.519,21147.0,enc/off/vf=off/lk=0,61.102,61.102,61.102,0.0,21.759,0.0,0.1518
439,16.539,21167.0,enc/off/vf=off/lk=0,61.611,61.611,61.611,0.0,28.488,0.0,0.1521
440,16.559,21187.0,enc/off/vf=off/lk=0,62.123,62.123,62.123,0.0,24.384,0.0,0.1523
441,16.579,21207.0,enc/off/vf=off/lk=0,62.628,62.628,62.628,0.0,28.246,0.0,0.1527
442,16.599,21227.0,enc/off/vf=off/lk=0,63.126,63.126,63.126,0.0,28.611,0.0,0.153
443,16.619,21247.0,enc/off/vf=off/lk=0,63.628,63.628,63.628,0.0,24.526,0.0,0.1533
444,16.639,21267.0,enc/off/vf=off/lk=0,64.148,64.148,64.148,0.0,26.335,0.0,0.1535
445,16.659,21287.0,enc/off/vf=off/lk=0,64.653,64.653,64.653,0.0,21.79,0.0,0.1536
446,16.679,21307.0,enc/off/vf=off/lk=0,65.174,65.174,65.174,0.0,22.328,0.0,0.1538
447,16.699,21327.0,enc/off/vf=off/lk=0,65.687,65.687,65.687,0.0,26.448,0.0,0.1542
448,16.719,21347.0,enc/off/vf=off/lk=0,66.194,66.194,66.194,0.0,21.758,0.0,0.1546
449,16.739,21367.0,enc/off/vf=off/lk=0,66.701,66.701,66.701,0.0,28.326,0.0,0.1549
450,16.759,21387.0,enc/off/vf=off/lk=0,67.219,67.219,67.219,0.0,28.611,0.0,0.155
451,16.779,21407.0,enc/off/vf=off/lk=0,67.739,67.739,67.739,0.0,22.167,0.0,0.1551
452,16.799,21427.0,enc/off/vf=off/lk=0,68.262,68.262,68.262,0.0,21.821,0.0,0.1553
453,16.819,21447.0,enc/off/vf=off/lk=0,68.778,68.778,68.778,0.0,26.601,0.0,0.1557
454,16.839,21467.0,enc/off/vf=off/lk=0,69.302,69.302,69.302,0.0,22.199,0.0,0.1561
455,16.859,21487.0,enc/off/vf=off/lk=0,69.813,69.813,69.813,0.0,28.57,0.0,0.1563
456,16.879,21507.0,enc/off/vf=off/lk=0,70.328,70.328,70.328,0.0,24.244,0.0,0.1564
457,16.899,21527.0,enc/off/vf=off/lk=0,70.858,70.858,70.858,0.0,28.943,0.0,0.1565
458,16.919,21547.0,enc/off/vf=off/lk=0,71.388,71.388,71.388,0.0,26.41,0.0,0.1567
459,16.939,21567.0,enc/off/vf=off/lk=0,71.911,71.911,71.911,0.0,28.166,0.0,0.1571
460,16.959,21587.0,enc/off/vf=off/lk=0,72.428,72.428,72.428,0.0,28.326,0.0,0.1575
461,16.979,21607.0,enc/off/vf=off/lk=0,72.945,72.945,72.945,0.0,24.003,0.0,0.1577
462,16.999,21627.0,enc/off/vf=off/lk=0,73.468,73.468,73.468,0.0,24.419,0.0,0.1577
463,17.019,21647.0,enc/off/vf=off/lk=0,73.999,73.999,73.999,0.0,26.524,0.0,0.1579
464,17.039,21667.0,enc/off/vf=off/lk=0,74.532,74.532,74.532,0.0,28.818,0.0,0.1581
465,17.059,21687.0,enc/off/vf=off/lk=0,75.058,75.058,75.058,0.0,24.105,0.0,0.1585
466,17.079,21707.0,enc/off/vf=off/lk=0,75.576,75.576,75.576,0.0,28.529,0.0,0.1588
467,17.099,21727.0,enc/off/vf=off/lk=0,76.095,76.095,76.095,0.0,28.735,0.0,0.1591
468,17.119,21747.0,enc/off/vf=off/lk=0,76.622,76.622,76.622,0.0,24.244,0.0,0.1591
469,17.139,21767.0,enc/off/vf=off/lk=0,77.156,77.156,77.156,0.0,24.455,0.0,0.1591
470,17.159,21787.0,enc/off/vf=off/lk=0,77.695,77.695,77.695,0.0,28.488,0.0,0.1594
471,17.179,21807.0,enc/off/vf=off/lk=0,78.23,78.23,78.23,0.0,28.693,0.0,0.1597
472,17.199,21827.0,enc/off/vf=off/lk=0,78.755,78.755,78.755,0.0,23.9,0.0,0.1601
473,17.219,21847.0,enc/off/vf=off/lk=0,79.278,79.278,79.278,0.0,28.652,0.0,0.1603
474,17.239,21867.0,enc/off/vf=off/lk=0,79.811,79.811,79.811,0.0,28.652,0.0,0.1603
475,17.259,21887.0,enc/off/vf=off/lk=0,80.348,80.348,80.348,0.0,24.175,0.0,0.1605
476,17.279,21907.0,enc/off/vf=off/lk=0,80.885,80.885,80.885,0.0,28.985,0.0,0.1607
477,17.299,21927.0,enc/off/vf=off/lk=0,81.421,81.421,81.421,0.0,28.9,0.0,0.161
478,17.319,21947.0,enc/off/vf=off/lk=0,81.964,81.964,81.964,0.0,26.41,0.0,0.1612
479,17.339,21967.0,enc/off/vf=off/lk=0,82.49,82.49,82.49,0.0,26.601,0.0,0.1614
480,17.359,21987.0,enc/off/vf=off/lk=0,83.024,83.024,83.024,0.0,24.037,0.0,0.1615
481,17.379,22007.0,enc/off/vf=off/lk=0,83.564,83.564,83.564,0.0,28.326,0.0,0.1616
482,17.399,22027.0,enc/off/vf=off/lk=0,84.111,84.111,84.111,0.0,28.488,0.0,0.1618
483,17.419,22047.0,enc/off/vf=off/lk=0,84.653,84.653,84.653,0.0,30.462,0.0,0.162
484,17.439,22067.0,enc/off/vf=off/lk=0,85.187,85.187,85.187,0.0,24.037,0.0,0.1622
485,17.459,22087.0,enc/off/vf=off/lk=0,85.719,85.719,85.719,0.0,24.244,0.0,0.1624
486,17.479,22107.0,enc/off/vf=off/lk=0,86.254,86.254,86.254,0.0,24.037,0.0,0.1625
487,17.499,22127.0,enc/off/vf=off/lk=0,86.8,86.8,86.8,0.0,30.9,0.0,0.1627
488,17.519,22147.0,enc/off/vf=off/lk=0,87.351,87.351,87.351,0.0,28.652,0.0,0.1628
489,17.539,22167.0,enc/off/vf=off/lk=0,87.893,87.893,87.893,0.0,24.243,0.0,0.163
490,17.559,22187.0,enc/off/vf=off/lk=0,88.42,88.42,88.42,0.0,28.286,0.0,0.1633
491,17.579,22207.0,enc/off/vf=off/lk=0,88.952,88.952,88.952,0.0,24.562,0.0,0.1636
492,17.599,22227.0,enc/off/vf=off/lk=0,89.497,89.497,89.497,0.0,30.505,0.0,0.1636
493,17.619,22247.0,enc/off/vf=off/lk=0,90.052,90.052,90.052,0.0,30.679,0.0,0.1636
494,17.639,22267.0,enc/off/vf=off/lk=0,90.606,90.606,90.606,0.0,26.073,0.0,0.1637
495,17.659,22287.0,enc/off/vf=off/lk=0,91.143,91.143,91.143,0.0,28.529,0.0,0.1642
496,17.679,22307.0,enc/off/vf=off/lk=0,91.678,91.678,91.678,0.0,28.735,0.0,0.1644
497,17.699,22327.0,enc/off/vf=off/lk=0,92.221,92.221,92.221,0.0,30.376,0.0,0.1645
498,17.719,22347.0,enc/off/vf=off/lk=0,92.771,92.771,92.771,0.0,30.724,0.0,0.1646
499,17.739,22367.0,enc/off/vf=off/lk=0,93.326,93.326,93.326,0.0,28.406,0.0,0.1646
500,17.759,22387.0,enc/off/vf=off/lk=0,93.873,93.873,93.873,0.0,30.99,0.0,0.1649
501,17.779,22407.0,enc/off/vf=off/lk=0,94.41,94.41,94.41,0.0,28.448,0.0,0.1653
502,17.799,22427.0,enc/off/vf=off/lk=0,94.952,94.952,94.952,0.0,24.526,0.0,0.1654
503,17.819,22447.0,enc/off/vf=off/lk=0,95.498,95.498,95.498,0.0,26.036,0.0,0.1654
504,17.839,22467.0,enc/off/vf=off/lk=0,96.053,96.053,96.053,0.0,24.037,0.0,0.1654
505,17.859,22487.0,enc/off/vf=off/lk=0,96.609,96.609,96.609,0.0,30.549,0.0,0.1656
506,17.879,22507.0,enc/off/vf=off/lk=0,97.162,97.162,97.162,0.0,25.963,0.0,0.1658
507,17.899,22527.0,enc/off/vf=off/lk=0,97.705,97.705,97.705,0.0,30.812,0.0,0.1661
508,17.919,22547.0,enc/off/vf=off/lk=0,98.25,98.25,98.25,0.0,28.611,0.0,0.1662
509,17.939,22567.0,enc/off/vf=off/lk=0,98.798,98.798,98.798,0.0,28.985,0.0,0.1663
510,17.959,22587.0,enc/off/vf=off/lk=0,99.354,99.354,99.354,0.0,24.037,0.0,0.1663
511,17.979,22607.0,enc/off/vf=off/lk=0,99.913,99.913,99.913,0.0,32.592,0.0,0.1665
512,17.999,22627.0,enc/off/vf=off/lk=0,100.465,100.465,100.465,0.0,28.901,0.0,0.1667
513,18.019,22647.0,enc/off/vf=off/lk=0,101.02,101.02,101.02,0.0,28.693,0.0,0.167
514,18.039,22667.0,enc/off/vf=off/lk=0,101.563,101.563,101.563,0.0,30.68,0.0,0.1671
515,18.059,22687.0,enc/off/vf=off/lk=0,102.123,102.123,102.123,0.0,26.486,0.0,0.1671
516,18.079,22707.0,enc/off/vf=off/lk=0,102.691,102.691,102.691,0.0,26.448,0.0,0.167
517,18.099,22727.0,enc/off/vf=off/lk=0,103.249,103.249,103.249,0.0,28.735,0.0,0.1673
518,18.119,22747.0,enc/off/vf=off/lk=0,103.798,103.798,103.798,0.0,28.57,0.0,0.1676
519,18.139,22767.0,enc/off/vf=off/lk=0,104.346,104.346,104.346,0.0,30.9,0.0,0.1678
520,18.159,22787.0,enc/off/vf=off/lk=0,104.887,104.887,104.887,0.0,26.448,0.0,0.1678
521,18.179,22807.0,enc/off/vf=off/lk=0,105.45,105.45,105.45,0.0,24.209,0.0,0.1678
522,18.199,22827.0,enc/off/vf=off/lk=0,106.01,106.01,106.01,0.0,24.279,0.0,0.1679
523,18.219,22847.0,enc/off/vf=off/lk=0,106.57,106.57,106.57,0.0,33.012,0.0,0.1682
524,18.239,22867.0,enc/off/vf=off/lk=0,107.122,107.122,107.122,0.0,24.314,0.0,0.1683
525,18.259,22887.0,enc/off/vf=off/lk=0,107.681,107.681,107.681,0.0,24.14,0.0,0.1684
526,18.279,22907.0,enc/off/vf=off/lk=0,108.241,108.241,108.241,0.0,30.462,0.0,0.1685
527,18.299,22927.0,enc/off/vf=off/lk=0,108.81,108.81,108.81,0.0,26.222,0.0,0.1685
528,18.319,22947.0,enc/off/vf=off/lk=0,109.382,109.382,109.382,0.0,26.11,0.0,0.1685
529,18.339,22967.0,enc/off/vf=off/lk=0,109.937,109.937,109.937,0.0,30.419,0.0,0.1688
530,18.359,22987.0,enc/off/vf=off/lk=0,110.487,110.487,110.487,0.0,30.419,0.0,0.1691
531,18.379,23007.0,enc/off/vf=off/lk=0,111.043,111.043,111.043,0.0,30.549,0.0,0.1692
532,18.399,23027.0,enc/off/vf=off/lk=0,111.611,111.611,111.611,0.0,26.037,0.0,0.1691
533,18.419,23047.0,enc/off/vf=off/lk=0,112.177,112.177,112.177,0.0,30.375,0.0,0.1692
534,18.439,23067.0,enc/off/vf=off/lk=0,112.741,112.741,112.741,0.0,28.286,0.0,0.1694
535,18.459,23087.0,enc/off/vf=off/lk=0,113.292,113.292,113.292,0.0,28.529,0.0,0.1697
536,18.479,23107.0,enc/off/vf=off/lk=0,113.844,113.844,113.844,0.0,30.68,0.0,0.1699
537,18.499,23127.0,enc/off/vf=off/lk=0,114.403,114.403,114.403,0.0,28.286,0.0,0.1699
538,18.519,23147.0,enc/off/vf=off/lk=0,114.972,114.972,114.972,0.0,30.812,0.0,0.1699
539,18.539,23167.0,enc/off/vf=off/lk=0,115.547,115.547,115.547,0.0,33.013,0.0,0.1699
540,18.559,23187.0,enc/off/vf=off/lk=0,116.115,116.115,116.115,0.0,26.601,0.0,0.17
541,18.579,23207.0,enc/off/vf=off/lk=0,116.668,116.668,116.668,0.0,28.818,0.0,0.1703
542,18.599,23227.0,enc/off/vf=off/lk=0,117.224,117.224,117.224,0.0,30.768,0.0,0.1705
543,18.619,23247.0,enc/off/vf=off/lk=0,117.791,117.791,117.791,0.0,31.124,0.0,0.1705
544,18.639,23267.0,enc/off/vf=off/lk=0,118.367,118.367,118.367,0.0,30.505,0.0,0.1704
545,18.659,23287.0,enc/off/vf=off/lk=0,118.937,118.937,118.937,0.0,30.549,0.0,0.1706
546,18.679,23307.0,enc/off/vf=off/lk=0,119.497,119.497,119.497,0.0,24.071,0.0,0.1708
547,18.699,23327.0,enc/off/vf=off/lk=0,120.049,120.049,120.049,0.0,26.833,0.0,0.1711
548,18.719,23347.0,enc/off/vf=off/lk=0,120.612,120.612,120.612,0.0,23.935,0.0,0.171
549,18.739,23367.0,enc/off/vf=off/lk=0,121.181,121.181,121.181,0.0,30.333,0.0,0.171
550,18.759,23387.0,enc/off/vf=off/lk=0,121.76,121.76,121.76,0.0,25.854,0.0,0.1711
551,18.779,23407.0,enc/off/vf=off/lk=0,122.329,122.329,122.329,0.0,32.546,0.0,0.1713
552,18.799,23427.0,enc/off/vf=off/lk=0,122.89,122.89,122.89,0.0,30.549,0.0,0.1715
553,18.819,23447.0,enc/off/vf=off/lk=0,123.45,123.45,123.45,0.0,30.462,0.0,0.1716
554,18.839,23467.0,enc/off/vf=off/lk=0,124.019,124.019,124.019,0.0,32.546,0.0,0.1716
555,18.859,23487.0,enc/off/vf=off/lk=0,124.596,124.596,124.596,0.0,32.546,0.0,0.1716
556,18.879,23507.0,enc/off/vf=off/lk=0,125.173,125.173,125.173,0.0,30.945,0.0,0.1717
557,18.899,23527.0,enc/off/vf=off/lk=0,125.733,125.733,125.733,0.0,24.14,0.0,0.1719
558,18.919,23547.0,enc/off/vf=off/lk=0,126.291,126.291,126.291,0.0,30.592,0.0,0.1721
559,18.939,23567.0,enc/off/vf=off/lk=0,126.856,126.856,126.856,0.0,26.259,0.0,0.1721
560,18.959,23587.0,enc/off/vf=off/lk=0,127.432,127.432,127.432,0.0,25.89,0.0,0.172
561,18.979,23607.0,enc/off/vf=off/lk=0,128.014,128.014,128.014,0.0,24.244,0.0,0.1721
562,18.999,23627.0,enc/off/vf=off/lk=0,128.586,128.586,128.586,0.0,30.592,0.0,0.1722
563,19.019,23647.0,enc/off/vf=off/lk=0,129.15,129.15,129.15,0.0,30.549,0.0,0.1725
564,19.039,23667.0,enc/off/vf=off/lk=0,129.713,129.713,129.713,0.0,23.901,0.0,0.1726
565,19.059,23687.0,enc/off/vf=off/lk=0,130.286,130.286,130.286,0.0,26.486,0.0,0.1726
566,19.079,23707.0,enc/off/vf=off/lk=0,130.865,130.865,130.865,0.0,26.524,0.0,0.1725
567,19.099,23727.0,enc/off/vf=off/lk=0,131.445,131.445,131.445,0.0,26.297,0.0,0.1725
568,19.119,23747.0,enc/off/vf=off/lk=0,132.007,132.007,132.007,0.0,31.306,0.0,0.1729
569,19.139,23767.0,enc/off/vf=off/lk=0,132.565,132.565,132.565,0.0,30.505,0.0,0.1731
570,19.159,23787.0,enc/off/vf=off/lk=0,133.133,133.133,133.133,0.0,26.563,0.0,0.173
571,19.179,23807.0,enc/off/vf=off/lk=0,133.709,133.709,133.709,0.0,26.717,0.0,0.1729
572,19.199,23827.0,enc/off/vf=off/lk=0,134.294,134.294,134.294,0.0,26.678,0.0,0.173
573,19.219,23847.0,enc/off/vf=off/lk=0,134.886,134.886,134.886,0.0,26.372,0.0,0.1731
574,19.239,23867.0,enc/off/vf=off/lk=0,135.437,135.437,135.437,0.0,31.124,0.0,0.1733
575,19.259,23887.0,enc/off/vf=off/lk=0,136.003,136.003,136.003,0.0,30.99,0.0,0.1735
576,19.279,23907.0,enc/off/vf=off/lk=0,136.576,136.576,136.576,0.0,24.384,0.0,0.1734
577,19.299,23927.0,enc/off/vf=off/lk=0,137.159,137.159,137.159,0.0,26.563,0.0,0.1733
578,19.319,23947.0,enc/off/vf=off/lk=0,137.738,137.738,137.738,0.0,31.079,0.0,0.1735
579,19.339,23967.0,enc/off/vf=off/lk=0,138.307,138.307,138.307,0.0,28.407,0.0,0.1737
580,19.359,23987.0,enc/off/vf=off/lk=0,138.882,138.882,138.882,0.0,31.079,0.0,0.174
581,19.379,24007.0,enc/off/vf=off/lk=0,139.453,139.453,139.453,0.0,32.777,0.0,0.1739
582,19.399,24027.0,enc/off/vf=off/lk=0,140.034,140.034,140.034,0.0,32.824,0.0,0.1739
583,19.419,24047.0,enc/off/vf=off/lk=0,140.62,140.62,140.62,0.0,26.11,0.0,0.1739
584,19.439,24067.0,enc/off/vf=off/lk=0,141.201,141.201,141.201,0.0,28.326,0.0,0.174
585,19.459,24087.0,enc/off/vf=off/lk=0,141.767,141.767,141.767,0.0,26.486,0.0,0.1741
586,19.479,24107.0,enc/off/vf=off/lk=0,142.337,142.337,142.337,0.0,24.244,0.0,0.1742
587,19.499,24127.0,enc/off/vf=off/lk=0,142.915,142.915,142.915,0.0,33.107,0.0,0.1743
588,19.519,24147.0,enc/off/vf=off/lk=0,143.502,143.502,143.502,0.0,26.524,0.0,0.1742
589,19.539,24167.0,enc/off/vf=off/lk=0,144.084,144.084,144.084,0.0,26.41,0.0,0.1742
590,19.559,24187.0,enc/off/vf=off/lk=0,144.65,144.65,144.65,0.0,31.079,0.0,0.1746
591,19.579,24207.0,enc/off/vf=off/lk=0,145.217,145.217,145.217,0.0,26.639,0.0,0.1747
592,19.599,24227.0,enc/off/vf=off/lk=0,145.786,145.786,145.786,0.0,23.935,0.0,0.1746
593,19.619,24247.0,enc/off/vf=off/lk=0,146.371,146.371,146.371,0.0,32.638,0.0,0.1746
594,19.639,24267.0,enc/off/vf=off/lk=0,146.962,146.962,146.962,0.0,32.684,0.0,0.1746
595,19.659,24287.0,enc/off/vf=off/lk=0,147.544,147.544,147.544,0.0,30.462,0.0,0.1747
596,19.679,24307.0,enc/off/vf=off/lk=0,148.114,148.114,148.114,0.0,30.462,0.0,0.175
597,19.699,24327.0,enc/off/vf=off/lk=0,148.681,148.681,148.681,0.0,30.332,0.0,0.1751
598,19.719,24347.0,enc/off/vf=off/lk=0,149.264,149.264,149.264,0.0,32.965,0.0,0.175
599,19.739,24367.0,enc/off/vf=off/lk=0,149.853,149.853,149.853,0.0,26.372,0.0,0.1749
600,19.759,24387.0,enc/off/vf=off/lk=0,150.419,150.419,150.419,0.0,31.079,0.0,0.1751
601,19.779,24407.0,enc/off/vf=off/lk=0,150.991,150.991,150.991,0.0,30.768,0.0,0.1754
602,19.799,24427.0,enc/off/vf=off/lk=0,151.574,151.574,151.574,0.0,31.124,0.0,0.1754
603,19.819,24447.0,enc/off/vf=off/lk=0,152.149,152.149,152.149,0.0,26.185,0.0,0.1753
604,19.839,24467.0,enc/off/vf=off/lk=0,152.738,152.738,152.738,0.0,32.824,0.0,0.1753
605,19.859,24487.0,enc/off/vf=off/lk=0,153.332,153.332,153.332,0.0,32.684,0.0,0.1753
606,19.879,24507.0,enc/off/vf=off/lk=0,153.913,153.913,153.913,0.0,26.11,0.0,0.1755
607,19.899,24527.0,enc/off/vf=off/lk=0,154.483,154.483,154.483,0.0,26.486,0.0,0.1757
608,19.919,24547.0,enc/off/vf=off/lk=0,155.055,155.055,155.055,0.0,33.155,0.0,0.1758
609,19.939,24567.0,enc/off/vf=off/lk=0,155.642,155.642,155.642,0.0,30.548,0.0,0.1756
610,19.959,24587.0,enc/off/vf=off/lk=0,156.228,156.228,156.228,0.0,24.314,0.0,0.1756
611,19.979,24607.0,enc/off/vf=off/lk=0,156.811,156.811,156.811,0.0,26.486,0.0,0.1758
612,19.999,24627.0,enc/off/vf=off/lk=0,157.385,157.385,157.385,0.0,30.856,0.0,0.1759
613,20.019,24647.0,enc/off/vf=off/lk=0,157.957,157.957,157.957,0.0,26.335,0.0,0.176
614,20.039,24667.0,enc/off/vf=off/lk=0,158.535,158.535,158.535,0.0,30.376,0.0,0.176
615,20.059,24687.0,enc/off/vf=off/lk=0,159.129,159.129,159.129,0.0,32.731,0.0,0.1759
616,20.079,24707.0,enc/off/vf=off/lk=0,159.723,159.723,159.723,0.0,30.768,0.0,0.1759
617,20.099,24727.0,enc/off/vf=off/lk=0,160.301,160.301,160.301,0.0,24.209,0.0,0.1761
618,20.119,24747.0,enc/off/vf=off/lk=0,160.872,160.872,160.872,0.0,26.372,0.0,0.1763
619,20.139,24767.0,enc/off/vf=off/lk=0,161.45,161.45,161.45,0.0,26.41,0.0,0.1762
620,20.159,24787.0,enc/off/vf=off/lk=0,162.022,162.022,162.022,0.0,33.203,0.0,0.1763
621,20.179,24807.0,enc/off/vf=off/lk=0,162.628,162.628,162.628,0.0,26.372,0.0,0.1763
622,20.199,24827.0,enc/off/vf=off/lk=0,163.196,163.196,163.196,0.0,32.592,0.0,0.1764
623,20.219,24847.0,enc/off/vf=off/lk=0,163.785,163.785,163.785,0.0,24.279,0.0,0.1765
624,20.239,24867.0,enc/off/vf=off/lk=0,164.355,164.355,164.355,0.0,26.334,0.0,0.1766
625,20.259,24887.0,enc/off/vf=off/lk=0,164.94,164.94,164.94,0.0,32.777,0.0,0.1765
626,20.279,24907.0,enc/off/vf=off/lk=0,165.536,165.536,165.536,0.0,26.639,0.0,0.1763
627,20.299,24927.0,enc/off/vf=off/lk=0,166.121,166.121,166.121,0.0,31.169,0.0,0.1766
628,20.319,24947.0,enc/off/vf=off/lk=0,166.699,166.699,166.699,0.0,30.592,0.0,0.1768
629,20.339,24967.0,enc/off/vf=off/lk=0,167.276,167.276,167.276,0.0,30.592,0.0,0.1769
630,20.359,24987.0,enc/off/vf=off/lk=0,167.857,167.857,167.857,0.0,30.548,0.0,0.1768
631,20.379,25007.0,enc/off/vf=off/lk=0,168.446,168.446,168.446,0.0,28.407,0.0,0.1767
632,20.399,25027.0,enc/off/vf=off/lk=0,169.042,169.042,169.042,0.0,32.638,0.0,0.1767
633,20.419,25047.0,enc/off/vf=off/lk=0,169.623,169.623,169.623,0.0,26.147,0.0,0.1769
634,20.439,25067.0,enc/off/vf=off/lk=0,170.192,170.192,170.192,0.0,30.68,0.0,0.1772
635,20.459,25087.0,enc/off/vf=off/lk=0,170.769,170.769,170.769,0.0,28.326,0.0,0.1771
636,20.479,25107.0,enc/off/vf=off/lk=0,171.359,171.359,171.359,0.0,33.012,0.0,0.177
637,20.499,25127.0,enc/off/vf=off/lk=0,171.953,171.953,171.953,0.0,30.9,0.0,0.177
638,20.519,25147.0,enc/off/vf=off/lk=0,172.545,172.545,172.545,0.0,25.963,0.0,0.1771
639,20.539,25167.0,enc/off/vf=off/lk=0,173.124,173.124,173.124,0.0,26.486,0.0,0.1772
640,20.559,25187.0,enc/off/vf=off/lk=0,173.7,173.7,173.7,0.0,32.918,0.0,0.1774
641,20.579,25207.0,enc/off/vf=off/lk=0,174.285,174.285,174.285,0.0,26.448,0.0,0.1773
642,20.599,25227.0,enc/off/vf=off/lk=0,174.878,174.878,174.878,0.0,26.41,0.0,0.1771
643,20.619,25247.0,enc/off/vf=off/lk=0,175.471,175.471,175.471,0.0,30.505,0.0,0.1772
644,20.639,25267.0,enc/off/vf=off/lk=0,176.049,176.049,176.049,0.0,26.334,0.0,0.1775
645,20.659,25287.0,enc/off/vf=off/lk=0,176.623,176.623,176.623,0.0,26.259,0.0,0.1776
646,20.679,25307.0,enc/off/vf=off/lk=0,177.219,177.219,177.219,0.0,33.107,0.0,0.1775
647,20.699,25327.0,enc/off/vf=off/lk=0,177.811,177.811,177.811,0.0,26.524,0.0,0.1775
648,20.719,25347.0,enc/off/vf=off/lk=0,178.393,178.393,178.393,0.0,32.546,0.0,0.1774
649,20.739,25367.0,enc/off/vf=off/lk=0,178.985,178.985,178.985,0.0,30.462,0.0,0.1775
650,20.759,25387.0,enc/off/vf=off/lk=0,179.562,179.562,179.562,0.0,26.147,0.0,0.1778
651,20.779,25407.0,enc/off/vf=off/lk=0,180.142,180.142,180.142,0.0,28.985,0.0,0.1778
652,20.799,25427.0,enc/off/vf=off/lk=0,180.731,180.731,180.731,0.0,30.724,0.0,0.1777
653,20.819,25447.0,enc/off/vf=off/lk=0,181.324,181.324,181.324,0.0,30.376,0.0,0.1777
654,20.839,25467.0,enc/off/vf=off/lk=0,181.913,181.913,181.913,0.0,26.41,0.0,0.1778
655,20.859,25487.0,enc/off/vf=off/lk=0,182.492,182.492,182.492,0.0,32.546,0.0,0.178
656,20.879,25507.0,enc/off/vf=off/lk=0,183.084,183.084,183.084,0.0,30.68,0.0,0.178
657,20.899,25527.0,enc/off/vf=off/lk=0,183.665,183.665,183.665,0.0,30.505,0.0,0.178
658,20.919,25547.0,enc/off/vf=off/lk=0,184.269,184.269,184.269,0.0,26.037,0.0,0.1777
659,20.939,25567.0,enc/off/vf=off/lk=0,184.865,184.865,184.865,0.0,30.505,0.0,0.1778
660,20.959,25587.0,enc/off/vf=off/lk=0,185.448,185.448,185.448,0.0,30.768,0.0,0.1781
661,20.979,25607.0,enc/off/vf=off/lk=0,186.026,186.026,186.026,0.0,32.965,0.0,0.1783
662,20.999,25627.0,enc/off/vf=off/lk=0,186.613,186.613,186.613,0.0,30.812,0.0,0.1782
663,21.019,25647.0,enc/off/vf=off/lk=0,187.189,187.189,187.189,0.0,26.601,0.0,0.1782
664,21.039,25667.0,enc/off/vf=off/lk=0,187.782,187.782,187.782,0.0,32.684,0.0,0.1781
665,21.059,25687.0,enc/off/vf=off/lk=0,188.373,188.373,188.373,0.0,33.013,0.0,0.1782
666,21.079,25707.0,enc/off/vf=off/lk=0,188.965,188.965,188.965,0.0,30.856,0.0,0.1784
667,21.099,25727.0,enc/off/vf=off/lk=0,189.543,189.543,189.543,0.0,26.334,0.0,0.1784
668,21.119,25747.0,enc/off/vf=off/lk=0,190.137,190.137,190.137,0.0,32.824,0.0,0.1782
669,21.139,25767.0,enc/off/vf=off/lk=0,190.737,190.737,190.737,0.0,32.684,0.0,0.1782
670,21.159,25787.0,enc/off/vf=off/lk=0,191.329,191.329,191.329,0.0,30.592,0.0,0.1784
671,21.179,25807.0,enc/off/vf=off/lk=0,191.907,191.907,191.907,0.0,30.721,0.0,0.1786
672,21.199,25827.0,enc/off/vf=off/lk=0,192.492,192.492,192.492,0.0,26.073,0.0,0.1786
673,21.219,25847.0,enc/off/vf=off/lk=0,193.076,193.076,193.076,0.0,26.185,0.0,0.1785
674,21.239,25867.0,enc/off/vf=off/lk=0,193.674,193.674,193.674,0.0,32.591,0.0,0.1785
675,21.259,25887.0,enc/off/vf=off/lk=0,194.274,194.274,194.274,0.0,32.684,0.0,0.1784
676,21.279,25907.0,enc/off/vf=off/lk=0,194.857,194.857,194.857,0.0,30.68,0.0,0.1787
677,21.299,25927.0,enc/off/vf=off/lk=0,195.432,195.432,195.432,0.0,26.873,0.0,0.1789
678,21.319,25947.0,enc/off/vf=off/lk=0,196.015,196.015,196.015,0.0,30.29,0.0,0.1787
679,21.339,25967.0,enc/off/vf=off/lk=0,196.61,196.61,196.61,0.0,32.918,0.0,0.1787
680,21.359,25987.0,enc/off/vf=off/lk=0,197.213,197.213,197.213,0.0,32.73,0.0,0.1786
681,21.379,26007.0,enc/off/vf=off/lk=0,197.81,197.81,197.81,0.0,26.222,0.0,0.1786
682,21.399,26027.0,enc/off/vf=off/lk=0,198.39,198.39,198.39,0.0,23.799,0.0,0.1788
683,21.419,26047.0,enc/off/vf=off/lk=0,198.968,198.968,198.968,0.0,26.601,0.0,0.1789
684,21.439,26067.0,enc/off/vf=off/lk=0,199.565,199.565,199.565,0.0,33.155,0.0,0.1788
685,21.459,26087.0,enc/off/vf=off/lk=0,200.163,200.163,200.163,0.0,33.203,0.0,0.1788
686,21.479,26107.0,enc/off/vf=off/lk=0,200.755,200.755,200.755,0.0,26.297,0.0,0.1789
687,21.499,26127.0,enc/off/vf=off/lk=0,201.338,201.338,201.338,0.0,26.334,0.0,0.179
688,21.519,26147.0,enc/off/vf=off/lk=0,201.916,201.916,201.916,0.0,26.185,0.0,0.179
689,21.539,26167.0,enc/off/vf=off/lk=0,202.504,202.504,202.504,0.0,30.376,0.0,0.179
690,21.559,26187.0,enc/off/vf=off/lk=0,203.105,203.105,203.105,0.0,26.41,0.0,0.1788
691,21.579,26207.0,enc/off/vf=off/lk=0,203.705,203.705,203.705,0.0,33.108,0.0,0.1788
692,21.599,26227.0,enc/off/vf=off/lk=0,204.305,204.305,204.305,0.0,30.9,0.0,0.1791
693,21.619,26247.0,enc/off/vf=off/lk=0,204.883,204.883,204.883,0.0,33.155,0.0,0.1793
694,21.639,26267.0,enc/off/vf=off/lk=0,205.458,205.458,205.458,0.0,33.06,0.0,0.1792
695,21.659,26287.0,enc/off/vf=off/lk=0,206.067,206.067,206.067,0.0,33.155,0.0,0.1792
696,21.679,26307.0,enc/off/vf=off/lk=0,206.653,206.653,206.653,0.0,26.563,0.0,0.1791
697,21.699,26327.0,enc/off/vf=off/lk=0,207.244,207.244,207.244,0.0,31.079,0.0,0.1792
698,21.719,26347.0,enc/off/vf=off/lk=0,207.836,207.836,207.836,0.0,26.678,0.0,0.1794
699,21.739,26367.0,enc/off/vf=off/lk=0,208.417,208.417,208.417,0.0,33.348,0.0,0.1795
700,21.759,26387.0,enc/off/vf=off/lk=0,209.017,209.017,209.017,0.0,32.731,0.0,0.1792
701,21.779,26407.0,enc/off/vf=off/lk=0,209.62,209.62,209.62,0.0,32.824,0.0,0.1792
702,21.799,26427.0,enc/off/vf=off/lk=0,210.217,210.217,210.217,0.0,28.367,0.0,0.1794
703,21.819,26447.0,enc/off/vf=off/lk=0,210.806,210.806,210.806,0.0,26.524,0.0,0.1795
704,21.839,26467.0,enc/off/vf=off/lk=0,211.386,211.386,211.386,0.0,32.731,0.0,0.1796
705,21.859,26487.0,enc/off/vf=off/lk=0,211.978,211.978,211.978,0.0,30.636,0.0,0.1795
706,21.879,26507.0,enc/off/vf=off/lk=0,212.579,212.579,212.579,0.0,28.286,0.0,0.1793
707,21.899,26527.0,enc/off/vf=off/lk=0,213.174,213.174,213.174,0.0,30.505,0.0,0.1794
708,21.919,26547.0,enc/off/vf=off/lk=0,213.759,213.759,213.759,0.0,26.334,0.0,0.1796
709,21.939,26567.0,enc/off/vf=off/lk=0,214.34,214.34,214.34,0.0,26.297,0.0,0.1797
710,21.959,26587.0,enc/off/vf=off/lk=0,214.928,214.928,214.928,0.0,32.5,0.0,0.1796
711,21.979,26607.0,enc/off/vf=off/lk=0,215.527,215.527,215.527,0.0,28.286,0.0,0.1795
712,21.999,26627.0,enc/off/vf=off/lk=0,216.135,216.135,216.135,0.0,28.447,0.0,0.1794
713,22.019,26647.0,enc/off/vf=off/lk=0,216.728,216.728,216.728,0.0,30.548,0.0,0.1795
714,22.039,26667.0,enc/off/vf=off/lk=0,217.311,217.311,217.311,0.0,26.222,0.0,0.1798
715,22.059,26687.0,enc/off/vf=off/lk=0,217.899,217.899,217.899,0.0,28.326,0.0,0.1797
716,22.079,26707.0,enc/off/vf=off/lk=0,218.497,218.497,218.497,0.0,26.259,0.0,0.1796
717,22.099,26727.0,enc/off/vf=off/lk=0,219.095,219.095,219.095,0.0,26.486,0.0,0.1796
718,22.119,26747.0,enc/off/vf=off/lk=0,219.688,219.688,219.688,0.0,26.486,0.0,0.1796
719,22.139,26767.0,enc/off/vf=off/lk=0,220.277,220.277,220.277,0.0,33.06,0.0,0.1798
720,22.159,26787.0,enc/off/vf=off/lk=0,220.856,220.856,220.856,0.0,26.334,0.0,0.1799
721,22.179,26807.0,enc/off/vf=off/lk=0,221.449,221.449,221.449,0.0,32.684,0.0,0.1798
722,22.199,26827.0,enc/off/vf=off/lk=0,222.056,222.056,222.056,0.0,28.859,0.0,0.1796
723,22.219,26847.0,enc/off/vf=off/lk=0,222.654,222.654,222.654,0.0,26.563,0.0,0.1796
724,22.239,26867.0,enc/off/vf=off/lk=0,223.242,223.242,223.242,0.0,32.684,0.0,0.18
725,22.259,26887.0,enc/off/vf=off/lk=0,223.828,223.828,223.828,0.0,32.638,0.0,0.18
726,22.279,26907.0,enc/off/vf=off/lk=0,224.42,224.42,224.42,0.0,26.11,0.0,0.1799
727,22.299,26927.0,enc/off/vf=off/lk=0,225.02,225.02,225.02,0.0,26.11,0.0,0.1798
728,22.319,26947.0,enc/off/vf=off/lk=0,225.619,225.619,225.619,0.0,32.684,0.0,0.1798
729,22.339,26967.0,enc/off/vf=off/lk=0,226.21,226.21,226.21,0.0,32.871,0.0,0.18
730,22.359,26987.0,enc/off/vf=off/lk=0,226.788,226.788,226.788,0.0,33.591,0.0,0.1802
731,22.379,27007.0,enc/off/vf=off/lk=0,227.376,227.376,227.376,0.0,30.376,0.0,0.18
732,22.399,27027.0,enc/off/vf=off/lk=0,227.973,227.973,227.973,0.0,32.5,0.0,0.18
733,22.419,27047.0,enc/off/vf=off/lk=0,228.577,228.577,228.577,0.0,32.684,0.0,0.1799
734,22.439,27067.0,enc/off/vf=off/lk=0,229.178,229.178,229.178,0.0,25.927,0.0,0.1799
735,22.459,27087.0,enc/off/vf=off/lk=0,229.76,229.76,229.76,0.0,26.222,0.0,0.1801
736,22.479,27107.0,enc/off/vf=off/lk=0,230.346,230.346,230.346,0.0,32.684,0.0,0.1802
737,22.499,27127.0,enc/off/vf=off/lk=0,230.944,230.944,230.944,0.0,32.777,0.0,0.1801
738,22.519,27147.0,enc/off/vf=off/lk=0,231.544,231.544,231.544,0.0,25.889,0.0,0.1799
739,22.539,27167.0,enc/off/vf=off/lk=0,232.139,232.139,232.139,0.0,30.078,0.0,0.1801
740,22.559,27187.0,enc/off/vf=off/lk=0,232.728,232.728,232.728,0.0,26.259,0.0,0.1802
741,22.579,27207.0,enc/off/vf=off/lk=0,233.311,233.311,233.311,0.0,32.592,0.0,0.1803
742,22.599,27227.0,enc/off/vf=off/lk=0,233.901,233.901,233.901,0.0,33.203,0.0,0.1802
743,22.619,27247.0,enc/off/vf=off/lk=0,234.506,234.506,234.506,0.0,28.367,0.0,0.1801
744,22.639,27267.0,enc/off/vf=off/lk=0,235.11,235.11,235.11,0.0,26.185,0.0,0.1799
745,22.659,27287.0,enc/off/vf=off/lk=0,235.701,235.701,235.701,0.0,30.505,0.0,0.1802
746,22.679,27307.0,enc/off/vf=off/lk=0,236.285,236.285,236.285,0.0,33.203,0.0,0.1805
747,22.699,27327.0,enc/off/vf=off/lk=0,236.879,236.879,236.879,0.0,33.838,0.0,0.1804
748,22.719,27347.0,enc/off/vf=off/lk=0,237.473,237.473,237.473,0.0,26.601,0.0,0.1803
749,22.739,27367.0,enc/off/vf=off/lk=0,238.077,238.077,238.077,0.0,32.638,0.0,0.1802
750,22.759,27387.0,enc/off/vf=off/lk=0,238.675,238.675,238.675,0.0,26.447,0.0,0.1802
751,22.779,27407.0,enc/off/vf=off/lk=0,239.269,239.269,239.269,0.0,31.034,0.0,0.1805
752,22.799,27427.0,enc/off/vf=off/lk=0,239.853,239.853,239.853,0.0,26.372,0.0,0.1805
753,22.819,27447.0,enc/off/vf=off/lk=0,240.453,240.453,240.453,0.0,33.299,0.0,0.1803
754,22.839,27467.0,enc/off/vf=off/lk=0,241.059,241.059,241.059,0.0,26.147,0.0,0.1803
755,22.859,27487.0,enc/off/vf=off/lk=0,241.654,241.654,241.654,0.0,26.563,0.0,0.1803
756,22.879,27507.0,enc/off/vf=off/lk=0,242.246,242.246,242.246,0.0,33.299,0.0,0.1805
757,22.899,27527.0,enc/off/vf=off/lk=0,242.832,242.832,242.832,0.0,32.871,0.0,0.1806
758,22.919,27547.0,enc/off/vf=off/lk=0,243.427,243.427,243.427,0.0,32.637,0.0,0.1805
759,22.939,27567.0,enc/off/vf=off/lk=0,244.035,244.035,244.035,0.0,28.326,0.0,0.1803
760,22.959,27587.0,enc/off/vf=off/lk=0,244.635,244.635,244.635,0.0,26.147,0.0,0.1803
761,22.979,27607.0,enc/off/vf=off/lk=0,245.218,245.218,245.218,0.0,30.724,0.0,0.1806
762,22.999,27627.0,enc/off/vf=off/lk=0,245.802,245.802,245.802,0.0,32.965,0.0,0.1807
763,23.019,27647.0,enc/off/vf=off/lk=0,246.391,246.391,246.391,0.0,26.678,0.0,0.1806
764,23.039,27667.0,enc/off/vf=off/lk=0,246.995,246.995,246.995,0.0,32.731,0.0,0.1805
765,23.059,27687.0,enc/off/vf=off/lk=0,247.606,247.606,247.606,0.0,26.185,0.0,0.1803
766,23.079,27707.0,enc/off/vf=off/lk=0,248.197,248.197,248.197,0.0,26.601,0.0,0.1805
767,23.099,27727.0,enc/off/vf=off/lk=0,248.781,248.781,248.781,0.0,30.549,0.0,0.1807
768,23.119,27747.0,enc/off/vf=off/lk=0,249.375,249.375,249.375,0.0,32.965,0.0,0.1807
769,23.139,27767.0,enc/off/vf=off/lk=0,249.973,249.973,249.973,0.0,31.079,0.0,0.1806
770,23.159,27787.0,enc/off/vf=off/lk=0,250.576,250.576,250.576,0.0,26.6,0.0,0.1805
771,23.179,27807.0,enc/off/vf=off/lk=0,251.174,251.174,251.174,0.0,30.356,0.0,0.1775
772,23.199,27827.0,enc/off/vf=off/lk=0,251.752,251.752,251.752,0.0,26.639,0.0,0.1772
773,23.219,27847.0,enc/off/vf=off/lk=0,252.326,252.326,252.326,0.0,30.636,0.0,0.1767
774,23.239,27867.0,enc/off/vf=off/lk=0,252.918,252.918,252.918,0.0,28.529,0.0,0.176
775,23.259,27887.0,enc/off/vf=off/lk=0,253.515,253.515,253.515,0.0,32.592,0.0,0.1752
776,23.279,27907.0,enc/off/vf=off/lk=0,254.099,254.099,254.099,0.0,26.448,0.0,0.1748
777,23.299,27927.0,enc/off/vf=off/lk=0,254.658,254.658,254.658,0.0,26.678,0.0,0.1745
778,23.319,27947.0,enc/off/vf=off/lk=0,255.233,255.233,255.233,0.0,30.549,0.0,0.174
779,23.339,27967.0,enc/off/vf=off/lk=0,255.81,255.81,255.81,0.0,30.549,0.0,0.1734
780,23.359,27987.0,enc/off/vf=off/lk=0,256.393,256.393,256.393,0.0,26.448,0.0,0.1728
781,23.379,28007.0,enc/off/vf=off/lk=0,256.96,256.96,256.96,0.0,30.636,0.0,0.1722
782,23.399,28027.0,enc/off/vf=off/lk=0,257.534,257.534,257.534,0.0,26.147,0.0,0.1718
783,23.419,28047.0,enc/off/vf=off/lk=0,258.094,258.094,258.094,0.0,24.244,0.0,0.1714
784,23.439,28067.0,enc/off/vf=off/lk=0,258.652,258.652,258.652,0.0,28.57,0.0,0.171
785,23.459,28087.0,enc/off/vf=off/lk=0,259.229,259.229,259.229,0.0,26.524,0.0,0.1703
786,23.479,28107.0,enc/off/vf=off/lk=0,259.806,259.806,259.806,0.0,30.462,0.0,0.1696
787,23.499,28127.0,enc/off/vf=off/lk=0,260.376,260.376,260.376,0.0,26.334,0.0,0.1693
788,23.519,28147.0,enc/off/vf=off/lk=0,260.918,260.918,260.918,0.0,28.818,0.0,0.169
789,23.539,28167.0,enc/off/vf=off/lk=0,261.473,261.473,261.473,0.0,25.926,0.0,0.1686
790,23.559,28187.0,enc/off/vf=off/lk=0,262.032,262.032,262.032,0.0,30.856,0.0,0.168
791,23.579,28207.0,enc/off/vf=off/lk=0,262.593,262.593,262.593,0.0,24.003,0.0,0.1675
792,23.599,28227.0,enc/off/vf=off/lk=0,263.159,263.159,263.159,0.0,33.108,0.0,0.1671
793,23.619,28247.0,enc/off/vf=off/lk=0,263.704,263.704,263.704,0.0,30.205,0.0,0.1666
794,23.639,28267.0,enc/off/vf=off/lk=0,264.251,264.251,264.251,0.0,28.206,0.0,0.1662
795,23.659,28287.0,enc/off/vf=off/lk=0,264.794,264.794,264.794,0.0,30.724,0.0,0.1658
796,23.679,28307.0,enc/off/vf=off/lk=0,265.345,265.345,265.345,0.0,30.29,0.0,0.1653
797,23.699,28327.0,enc/off/vf=off/lk=0,265.905,265.905,265.905,0.0,24.105,0.0,0.1647
798,23.719,28347.0,enc/off/vf=off/lk=0,266.468,266.468,266.468,0.0,30.856,0.0,0.1642
799,23.739,28367.0,enc/off/vf=off/lk=0,266.999,266.999,266.999,0.0,28.693,0.0,0.164
800,23.759,28387.0,enc/off/vf=off/lk=0,267.535,267.535,267.535,0.0,23.833,0.0,0.1637
801,23.779,28407.0,enc/off/vf=off/lk=0,268.074,268.074,268.074,0.0,24.14,0.0,0.1632
802,23.799,28427.0,enc/off/vf=off/lk=0,268.625,268.625,268.625,0.0,30.9,0.0,0.1627
803,23.819,28447.0,enc/off/vf=off/lk=0,269.178,269.178,269.178,0.0,24.314,0.0,0.1621
804,23.839,28467.0,enc/off/vf=off/lk=0,269.709,269.709,269.709,0.0,23.867,0.0,0.1617
805,23.859,28487.0,enc/off/vf=off/lk=0,270.24,270.24,270.24,0.0,28.367,0.0,0.1616
806,23.879,28507.0,enc/off/vf=off/lk=0,270.766,270.766,270.766,0.0,28.611,0.0,0.1613
807,23.899,28527.0,enc/off/vf=off/lk=0,271.3,271.3,271.3,0.0,28.529,0.0,0.1608
808,23.919,28547.0,enc/off/vf=off/lk=0,271.843,271.843,271.843,0.0,24.003,0.0,0.1602
809,23.939,28567.0,enc/off/vf=off/lk=0,272.389,272.389,272.389,0.0,28.529,0.0,0.1597
810,23.959,28587.0,enc/off/vf=off/lk=0,272.926,272.926,272.926,0.0,28.735,0.0,0.1595
811,23.979,28607.0,enc/off/vf=off/lk=0,273.44,273.44,273.44,0.0,21.914,0.0,0.1592
812,23.999,28627.0,enc/off/vf=off/lk=0,273.96,273.96,273.96,0.0,28.206,0.0,0.159
813,24.019,28647.0,enc/off/vf=off/lk=0,274.491,274.491,274.491,0.0,28.488,0.0,0.1585
814,24.039,28667.0,enc/off/vf=off/lk=0,275.029,275.029,275.029,0.0,28.366,0.0,0.158
815,24.059,28687.0,enc/off/vf=off/lk=0,275.547,275.547,275.547,0.0,25.89,0.0,0.1576
816,24.079,28707.0,enc/off/vf=off/lk=0,276.077,276.077,276.077,0.0,26.147,0.0,0.1573
817,24.099,28727.0,enc/off/vf=off/lk=0,276.595,276.595,276.595,0.0,21.82,0.0,0.1571
818,24.119,28747.0,enc/off/vf=off/lk=0,277.109,277.109,277.109,0.0,24.349,0.0,0.1567
819,24.139,28767.0,enc/off/vf=off/lk=0,277.628,277.628,277.628,0.0,28.246,0.0,0.1563
820,24.159,28787.0,enc/off/vf=off/lk=0,278.155,278.155,278.155,0.0,24.037,0.0,0.1557
821,24.179,28807.0,enc/off/vf=off/lk=0,278.688,278.688,278.688,0.0,28.246,0.0,0.1553
822,24.199,28827.0,enc/off/vf=off/lk=0,279.2,279.2,279.2,0.0,26.259,0.0,0.1551
823,24.219,28847.0,enc/off/vf=off/lk=0,279.714,279.714,279.714,0.0,26.678,0.0,0.155
824,24.239,28867.0,enc/off/vf=off/lk=0,280.225,280.225,280.225,0.0,26.185,0.0,0.1547
825,24.259,28887.0,enc/off/vf=off/lk=0,280.738,280.738,280.738,0.0,24.314,0.0,0.1542
826,24.279,28907.0,enc/off/vf=off/lk=0,281.249,281.249,281.249,0.0,30.419,0.0,0.1538
827,24.299,28927.0,enc/off/vf=off/lk=0,281.774,281.774,281.774,0.0,24.105,0.0,0.1533
828,24.319,28947.0,enc/off/vf=off/lk=0,282.288,282.288,282.288,0.0,28.206,0.0,0.1531
829,24.339,28967.0,enc/off/vf=off/lk=0,282.794,282.794,282.794,0.0,22.199,0.0,0.1529
830,24.359,28987.0,enc/off/vf=off/lk=0,283.294,283.294,283.294,0.0,22.199,0.0,0.1527
831,24.379,29007.0,enc/off/vf=off/lk=0,283.796,283.796,283.796,0.0,24.419,0.0,0.1523
832,24.399,29027.0,enc/off/vf=off/lk=0,284.296,284.296,284.296,0.0,24.349,0.0,0.1518
833,24.419,29047.0,enc/off/vf=off/lk=0,284.817,284.817,284.817,0.0,24.244,0.0,0.1514
834,24.439,29067.0,enc/off/vf=off/lk=0,285.331,285.331,285.331,0.0,22.199,0.0,0.151
835,24.459,29087.0,enc/off/vf=off/lk=0,285.836,285.836,285.836,0.0,26.222,0.0,0.1509
836,24.479,29107.0,enc/off/vf=off/lk=0,286.334,286.334,286.334,0.0,26.486,0.0,0.1507
837,24.499,29127.0,enc/off/vf=off/lk=0,286.819,286.819,286.819,0.0,27.031,0.0,0.1505
838,24.519,29147.0,enc/off/vf=off/lk=0,287.327,287.327,287.327,0.0,24.105,0.0,0.1501
839,24.539,29167.0,enc/off/vf=off/lk=0,287.833,287.833,287.833,0.0,28.818,0.0,0.1498
840,24.559,29187.0,enc/off/vf=off/lk=0,288.341,288.341,288.341,0.0,28.246,0.0,0.1495
841,24.579,29207.0,enc/off/vf=off/lk=0,288.826,288.826,288.826,0.0,28.859,0.0,0.1493
842,24.599,29227.0,enc/off/vf=off/lk=0,289.316,289.316,289.316,0.0,24.455,0.0,0.149
843,24.619,29247.0,enc/off/vf=off/lk=0,289.807,289.807,289.807,0.0,28.943,0.0,0.1488
844,24.639,29267.0,enc/off/vf=off/lk=0,290.304,290.304,290.304,0.0,26.951,0.0,0.1484
845,24.659,29287.0,enc/off/vf=off/lk=0,290.806,290.806,290.806,0.0,26.185,0.0,0.1481
846,24.679,29307.0,enc/off/vf=off/lk=0,291.312,291.312,291.312,0.0,21.914,0.0,0.1477
847,24.699,29327.0,enc/off/vf=off/lk=0,291.809,291.809,291.809,0.0,22.167,0.0,0.1475
848,24.719,29347.0,enc/off/vf=off/lk=0,292.295,292.295,292.295,0.0,26.036,0.0,0.1474
849,24.739,29367.0,enc/off/vf=off/lk=0,292.782,292.782,292.782,0.0,21.977,0.0,0.1472
850,24.759,29387.0,enc/off/vf=off/lk=0,293.259,293.259,293.259,0.0,29.155,0.0,0.1468
851,24.779,29407.0,enc/off/vf=off/lk=0,293.754,293.754,293.754,0.0,28.57,0.0,0.1465
852,24.799,29427.0,enc/off/vf=off/lk=0,294.254,294.254,294.254,0.0,28.901,0.0,0.1461
853,24.819,29447.0,enc/off/vf=off/lk=0,294.75,294.75,294.75,0.0,21.914,0.0,0.1458
854,24.839,29467.0,enc/off/vf=off/lk=0,295.233,295.233,295.233,0.0,26.447,0.0,0.1457
855,24.859,29487.0,enc/off/vf=off/lk=0,295.698,295.698,295.698,0.0,24.419,0.0,0.1456
856,24.879,29507.0,enc/off/vf=off/lk=0,296.178,296.178,296.178,0.0,26.601,0.0,0.1453
857,24.899,29527.0,enc/off/vf=off/lk=0,296.664,296.664,296.664,0.0,25.927,0.0,0.145
858,24.919,29547.0,enc/off/vf=off/lk=0,297.157,297.157,297.157,0.0,25.926,0.0,0.1447
859,24.939,29567.0,enc/off/vf=off/lk=0,297.647,297.647,297.647,0.0,26.073,0.0,0.1445
860,24.959,29587.0,enc/off/vf=off/lk=0,298.135,298.135,298.135,0.0,26.335,0.0,0.1444
861,24.979,29607.0,enc/off/vf=off/lk=0,298.6,298.6,298.6,0.0,26.185,0.0,0.1442
862,24.999,29627.0,enc/off/vf=off/lk=0,299.077,299.077,299.077,0.0,26.259,0.0,0.144
863,25.019,29647.0,enc/off/vf=off/lk=0,299.56,299.56,299.56,0.0,26.259,0.0,0.1437
864,25.039,29667.0,enc/off/vf=off/lk=0,300.048,300.048,300.048,0.0,26.448,0.0,0.1433
865,25.059,29687.0,enc/off/vf=off/lk=0,300.522,300.522,300.522,0.0,27.891,0.0,0.1431
866,25.079,29707.0,enc/off/vf=off/lk=0,301.007,301.007,301.007,0.0,26.221,0.0,0.1428
867,25.099,29727.0,enc/off/vf=off/lk=0,301.484,301.484,301.484,0.0,26.147,0.0,0.1427
868,25.119,29747.0,enc/off/vf=off/lk=0,301.952,301.952,301.952,0.0,26.147,0.0,0.1425
869,25.139,29767.0,enc/off/vf=off/lk=0,302.418,302.418,302.418,0.0,21.945,0.0,0.1423
870,25.159,29787.0,enc/off/vf=off/lk=0,302.897,302.897,302.897,0.0,21.789,0.0,0.142
871,25.179,29807.0,enc/off/vf=off/lk=0,303.375,303.375,303.375,0.0,24.285,0.0,0.1448
872,25.199,29827.0,enc/off/vf=off/lk=0,303.856,303.856,303.856,0.0,19.555,0.0,0.145
873,25.219,29847.0,enc/off/vf=off/lk=0,304.343,304.343,304.343,0.0,24.742,0.0,0.1454
874,25.239,29867.0,enc/off/vf=off/lk=0,304.827,304.827,304.827,0.0,21.759,0.0,0.1459
875,25.259,29887.0,enc/off/vf=off/lk=0,305.305,305.305,305.305,0.0,26.486,0.0,0.1463
876,25.279,29907.0,enc/off/vf=off/lk=0,305.794,305.794,305.794,0.0,21.697,0.0,0.1466
877,25.299,29927.0,enc/off/vf=off/lk=0,306.288,306.288,306.288,0.0,26.448,0.0,0.1468
878,25.319,29947.0,enc/off/vf=off/lk=0,306.776,306.776,306.776,0.0,24.313,0.0,0.147
879,25.339,29967.0,enc/off/vf=off/lk=0,307.273,307.273,307.273,0.0,28.448,0.0,0.1474
880,25.359,29987.0,enc/off/vf=off/lk=0,307.766,307.766,307.766,0.0,21.852,0.0,0.1477
881,25.379,30007.0,enc/off/vf=off/lk=0,308.247,308.247,308.247,0.0,19.864,0.0,0.1481
882,25.399,30027.0,enc/off/vf=off/lk=0,308.737,308.737,308.737,0.0,26.297,0.0,0.1484
883,25.419,30047.0,enc/off/vf=off/lk=0,309.232,309.232,309.232,0.0,26.073,0.0,0.1487
884,25.439,30067.0,enc/off/vf=off/lk=0,309.738,309.738,309.738,0.0,24.175,0.0,0.149
885,25.459,30087.0,enc/off/vf=off/lk=0,310.231,310.231,310.231,0.0,26.601,0.0,0.1493
886,25.479,30107.0,enc/off/vf=off/lk=0,310.731,310.731,310.731,0.0,21.883,0.0,0.1496
887,25.499,30127.0,enc/off/vf=off/lk=0,311.226,311.226,311.226,0.0,22.199,0.0,0.1501
888,25.519,30147.0,enc/off/vf=off/lk=0,311.72,311.72,311.72,0.0,28.693,0.0,0.1504
889,25.539,30167.0,enc/off/vf=off/lk=0,312.226,312.226,312.226,0.0,28.693,0.0,0.1505
890,25.559,30187.0,enc/off/vf=off/lk=0,312.723,312.723,312.723,0.0,28.086,0.0,0.1507
891,25.579,30207.0,enc/off/vf=off/lk=0,313.236,313.236,313.236,0.0,21.758,0.0,0.151
892,25.599,30227.0,enc/off/vf=off/lk=0,313.741,313.741,313.741,0.0,26.147,0.0,0.1514
893,25.619,30247.0,enc/off/vf=off/lk=0,314.242,314.242,314.242,0.0,21.977,0.0,0.1518
894,25.639,30267.0,enc/off/vf=off/lk=0,314.736,314.736,314.736,0.0,22.04,0.0,0.1521
895,25.659,30287.0,enc/off/vf=off/lk=0,315.241,315.241,315.241,0.0,26.372,0.0,0.1523
896,25.679,30307.0,enc/off/vf=off/lk=0,315.758,315.758,315.758,0.0,26.372,0.0,0.1524
897,25.699,30327.0,enc/off/vf=off/lk=0,316.278,316.278,316.278,0.0,30.812,0.0,0.1526
898,25.719,30347.0,enc/off/vf=off/lk=0,316.781,316.781,316.781,0.0,26.834,0.0,0.1529
899,25.739,30367.0,enc/off/vf=off/lk=0,317.29,317.29,317.29,0.0,22.008,0.0,0.1533
900,25.759,30387.0,enc/off/vf=off/lk=0,317.792,317.792,317.792,0.0,26.222,0.0,0.1537
901,25.779,30407.0,enc/off/vf=off/lk=0,318.303,318.303,318.303,0.0,28.735,0.0,0.154
902,25.799,30427.0,enc/off/vf=off/lk=0,318.806,318.806,318.806,0.0,28.008,0.0,0.1542
903,25.819,30447.0,enc/off/vf=off/lk=0,319.329,319.329,319.329,0.0,30.376,0.0,0.1543
904,25.839,30467.0,enc/off/vf=off/lk=0,319.853,319.853,319.853,0.0,24.313,0.0,0.1545
905,25.859,30487.0,enc/off/vf=off/lk=0,320.366,320.366,320.366,0.0,21.758,0.0,0.1548
906,25.879,30507.0,enc/off/vf=off/lk=0,320.877,320.877,320.877,0.0,22.008,0.0,0.1552
907,25.899,30527.0,enc/off/vf=off/lk=0,321.383,321.383,321.383,0.0,28.652,0.0,0.1555
908,25.919,30547.0,enc/off/vf=off/lk=0,321.903,321.903,321.903,0.0,26.334,0.0,0.1556
909,25.939,30567.0,enc/off/vf=off/lk=0,322.417,322.417,322.417,0.0,28.166,0.0,0.1558
910,25.959,30587.0,enc/off/vf=off/lk=0,322.949,322.949,322.949,0.0,30.679,0.0,0.156
911,25.979,30607.0,enc/off/vf=off/lk=0,323.472,323.472,323.472,0.0,28.407,0.0,0.1563
912,25.999,30627.0,enc/off/vf=off/lk=0,323.987,323.987,323.987,0.0,28.367,0.0,0.1567
913,26.019,30647.0,enc/off/vf=off/lk=0,324.491,324.491,324.491,0.0,26.147,0.0,0.1569
914,26.039,30667.0,enc/off/vf=off/lk=0,325.017,325.017,325.017,0.0,23.935,0.0,0.1571
915,26.059,30687.0,enc/off/vf=off/lk=0,325.546,325.546,325.546,0.0,28.206,0.0,0.1572
916,26.079,30707.0,enc/off/vf=off/lk=0,326.08,326.08,326.08,0.0,24.003,0.0,0.1574
917,26.099,30727.0,enc/off/vf=off/lk=0,326.606,326.606,326.606,0.0,28.693,0.0,0.1577
918,26.119,30747.0,enc/off/vf=off/lk=0,327.123,327.123,327.123,0.0,28.652,0.0,0.158
919,26.139,30767.0,enc/off/vf=off/lk=0,327.641,327.641,327.641,0.0,28.859,0.0,0.1583
920,26.159,30787.0,enc/off/vf=off/lk=0,328.155,328.155,328.155,0.0,28.985,0.0,0.1584
921,26.179,30807.0,enc/off/vf=off/lk=0,328.692,328.692,328.692,0.0,28.127,0.0,0.1586
922,26.199,30827.0,enc/off/vf=off/lk=0,329.234,329.234,329.234,0.0,30.723,0.0,0.1587
923,26.219,30847.0,enc/off/vf=off/lk=0,329.768,329.768,329.768,0.0,23.969,0.0,0.159
924,26.239,30867.0,enc/off/vf=off/lk=0,330.275,330.275,330.275,0.0,28.776,0.0,0.1594
925,26.259,30887.0,enc/off/vf=off/lk=0,330.801,330.801,330.801,0.0,26.037,0.0,0.1595
926,26.279,30907.0,enc/off/vf=off/lk=0,331.337,331.337,331.337,0.0,24.037,0.0,0.1596
927,26.299,30927.0,enc/off/vf=off/lk=0,331.875,331.875,331.875,0.0,31.079,0.0,0.1598
928,26.319,30947.0,enc/off/vf=off/lk=0,332.418,332.418,332.418,0.0,26.221,0.0,0.16
929,26.339,30967.0,enc/off/vf=off/lk=0,332.937,332.937,332.937,0.0,28.528,0.0,0.1603
930,26.359,30987.0,enc/off/vf=off/lk=0,333.46,333.46,333.46,0.0,26.0,0.0,0.1606
931,26.379,31007.0,enc/off/vf=off/lk=0,333.988,333.988,333.988,0.0,28.326,0.0,0.1608
932,26.399,31027.0,enc/off/vf=off/lk=0,334.526,334.526,334.526,0.0,28.57,0.0,0.1609
933,26.419,31047.0,enc/off/vf=off/lk=0,335.077,335.077,335.077,0.0,24.175,0.0,0.1609
934,26.439,31067.0,enc/off/vf=off/lk=0,335.623,335.623,335.623,0.0,28.407,0.0,0.1611
935,26.459,31087.0,enc/off/vf=off/lk=0,336.158,336.158,336.158,0.0,22.008,0.0,0.1614
936,26.479,31107.0,enc/off/vf=off/lk=0,336.672,336.672,336.672,0.0,28.693,0.0,0.1618
937,26.499,31127.0,enc/off/vf=off/lk=0,337.207,337.207,337.207,0.0,24.037,0.0,0.1619
938,26.519,31147.0,enc/off/vf=off/lk=0,337.752,337.752,337.752,0.0,30.99,0.0,0.162
939,26.539,31167.0,enc/off/vf=off/lk=0,338.298,338.298,338.298,0.0,26.037,0.0,0.162
940,26.559,31187.0,enc/off/vf=off/lk=0,338.846,338.846,338.846,0.0,28.652,0.0,0.1623
941,26.579,31207.0,enc/off/vf=off/lk=0,339.364,339.364,339.364,0.0,28.367,0.0,0.1627
942,26.599,31227.0,enc/off/vf=off/lk=0,339.895,339.895,339.895,0.0,24.209,0.0,0.1629
943,26.619,31247.0,enc/off/vf=off/lk=0,340.435,340.435,340.435,0.0,26.259,0.0,0.163
944,26.639,31267.0,enc/off/vf=off/lk=0,340.986,340.986,340.986,0.0,28.488,0.0,0.163
945,26.659,31287.0,enc/off/vf=off/lk=0,341.541,341.541,341.541,0.0,28.126,0.0,0.1631
946,26.679,31307.0,enc/off/vf=off/lk=0,342.09,342.09,342.09,0.0,24.037,0.0,0.1634
947,26.699,31327.0,enc/off/vf=off/lk=0,342.627,342.627,342.627,0.0,28.735,0.0,0.1637
948,26.719,31347.0,enc/off/vf=off/lk=0,343.15,343.15,343.15,0.0,30.945,0.0,0.1639
949,26.739,31367.0,enc/off/vf=off/lk=0,343.698,343.698,343.698,0.0,24.037,0.0,0.164
950,26.759,31387.0,enc/off/vf=off/lk=0,344.247,344.247,344.247,0.0,28.246,0.0,0.1641
951,26.779,31407.0,enc/off/vf=off/lk=0,344.801,344.801,344.801,0.0,23.833,0.0,0.1642
952,26.799,31427.0,enc/off/vf=off/lk=0,345.348,345.348,345.348,0.0,30.812,0.0,0.1645
953,26.819,31447.0,enc/off/vf=off/lk=0,345.89,345.89,345.89,0.0,26.486,0.0,0.1646
954,26.839,31467.0,enc/off/vf=off/lk=0,346.43,346.43,346.43,0.0,28.859,0.0,0.1648
955,26.859,31487.0,enc/off/vf=off/lk=0,346.962,346.962,346.962,0.0,26.601,0.0,0.1649
956,26.879,31507.0,enc/off/vf=off/lk=0,347.517,347.517,347.517,0.0,30.376,0.0,0.165
957,26.899,31527.0,enc/off/vf=off/lk=0,348.08,348.08,348.08,0.0,30.9,0.0,0.1651
958,26.919,31547.0,enc/off/vf=off/lk=0,348.635,348.635,348.635,0.0,23.901,0.0,0.1653
959,26.939,31567.0,enc/off/vf=off/lk=0,349.175,349.175,349.175,0.0,28.246,0.0,0.1656
960,26.959,31587.0,enc/off/vf=off/lk=0,349.705,349.705,349.705,0.0,28.611,0.0,0.1658
961,26.979,31607.0,enc/off/vf=off/lk=0,350.258,350.258,350.258,0.0,30.767,0.0,0.1659
962,26.999,31627.0,enc/off/vf=off/lk=0,350.818,350.818,350.818,0.0,30.812,0.0,0.1659
963,27.019,31647.0,enc/off/vf=off/lk=0,351.381,351.381,351.381,0.0,23.935,0.0,0.166
964,27.039,31667.0,enc/off/vf=off/lk=0,351.926,351.926,351.926,0.0,28.859,0.0,0.1664
965,27.059,31687.0,enc/off/vf=off/lk=0,352.454,352.454,352.454,0.0,28.488,0.0,0.1666
966,27.079,31707.0,enc/off/vf=off/lk=0,353.003,353.003,353.003,0.0,26.756,0.0,0.1666
967,27.099,31727.0,enc/off/vf=off/lk=0,353.564,353.564,353.564,0.0,30.419,0.0,0.1666
968,27.119,31747.0,enc/off/vf=off/lk=0,354.13,354.13,354.13,0.0,23.969,0.0,0.1667
969,27.139,31767.0,enc/off/vf=off/lk=0,354.689,354.689,354.689,0.0,28.367,0.0,0.167
970,27.159,31787.0,enc/off/vf=off/lk=0,355.241,355.241,355.241,0.0,26.448,0.0,0.1673
971,27.179,31807.0,enc/off/vf=off/lk=0,355.785,355.785,355.785,0.0,28.22,0.0,0.1643
972,27.199,31827.0,enc/off/vf=off/lk=0,356.322,356.322,356.322,0.0,25.963,0.0,0.1638
973,27.219,31847.0,enc/off/vf=off/lk=0,356.871,356.871,356.871,0.0,28.651,0.0,0.1634
974,27.239,31867.0,enc/off/vf=off/lk=0,357.421,357.421,357.421,0.0,24.419,0.0,0.1629
975,27.259,31887.0,enc/off/vf=off/lk=0,357.97,357.97,357.97,0.0,30.419,0.0,0.1626
976,27.279,31907.0,enc/off/vf=off/lk=0,358.504,358.504,358.504,0.0,28.286,0.0,0.1623
977,27.299,31927.0,enc/off/vf=off/lk=0,359.034,359.034,359.034,0.0,28.611,0.0,0.1619
978,27.319,31947.0,enc/off/vf=off/lk=0,359.574,359.574,359.574,0.0,28.611,0.0,0.1614
979,27.339,31967.0,enc/off/vf=off/lk=0,360.108,360.108,360.108,0.0,24.314,0.0,0.1609
980,27.359,31987.0,enc/off/vf=off/lk=0,360.654,360.654,360.654,0.0,30.592,0.0,0.1604
981,27.379,32007.0,enc/off/vf=off/lk=0,361.193,361.193,361.193,0.0,24.209,0.0,0.1601
982,27.399,32027.0,enc/off/vf=off/lk=0,361.716,361.716,361.716,0.0,21.821,0.0,0.1598
983,27.419,32047.0,enc/off/vf=off/lk=0,362.245,362.245,362.245,0.0,28.652,0.0,0.1595
984,27.439,32067.0,enc/off/vf=off/lk=0,362.763,362.763,362.763,0.0,24.455,0.0,0.159
985,27.459,32087.0,enc/off/vf=off/lk=0,363.303,363.303,363.303,0.0,24.071,0.0,0.1585
986,27.479,32107.0,enc/off/vf=off/lk=0,363.84,363.84,363.84,0.0,28.488,0.0,0.1581
987,27.499,32127.0,enc/off/vf=off/lk=0,364.363,364.363,364.363,0.0,28.407,0.0,0.1579
988,27.519,32147.0,enc/off/vf=off/lk=0,364.88,364.88,364.88,0.0,28.367,0.0,0.1576
989,27.539,32167.0,enc/off/vf=off/lk=0,365.397,365.397,365.397,0.0,24.071,0.0,0.1572
990,27.559,32187.0,enc/off/vf=off/lk=0,365.925,365.925,365.925,0.0,30.636,0.0,0.1568
991,27.579,32207.0,enc/off/vf=off/lk=0,366.443,366.443,366.443,0.0,23.901,0.0,0.1563
992,27.599,32227.0,enc/off/vf=off/lk=0,366.979,366.979,366.979,0.0,28.087,0.0,0.1559
993,27.619,32247.0,enc/off/vf=off/lk=0,367.502,367.502,367.502,0.0,22.104,0.0,0.1556
994,27.639,32267.0,enc/off/vf=off/lk=0,368.011,368.011,368.011,0.0,26.147,0.0,0.1555
995,27.659,32287.0,enc/off/vf=off/lk=0,368.527,368.527,368.527,0.0,26.372,0.0,0.1551
996,27.679,32307.0,enc/off/vf=off/lk=0,369.031,369.031,369.031,0.0,29.027,0.0,0.1547
997,27.699,32327.0,enc/off/vf=off/lk=0,369.556,369.556,369.556,0.0,21.728,0.0,0.1543
998,27.719,32347.0,enc/off/vf=off/lk=0,370.081,370.081,370.081,0.0,24.175,0.0,0.1538
999,27.739,32367.0,enc/off/vf=off/lk=0,370.594,370.594,370.594,0.0,28.326,0.0,0.1536
1000,27.759,32387.0,enc/off/vf=off/lk=0,371.098,371.098,371.098,0.0,26.185,0.0,0.1534
1001,27.779,32407.0,enc/off/vf=off/lk=0,371.602,371.602,371.602,0.0,21.977,0.0,0.1531
1002,27.799,32427.0,enc/off/vf=off/lk=0,372.113,372.113,372.113,0.0,22.072,0.0,0.1527
1003,27.819,32447.0,enc/off/vf=off/lk=0,372.616,372.616,372.616,0.0,22.04,0.0,0.1523
1004,27.839,32467.0,enc/off/vf=off/lk=0,373.136,373.136,373.136,0.0,23.866,0.0,0.1519
1005,27.859,32487.0,enc/off/vf=off/lk=0,373.644,373.644,373.644,0.0,28.206,0.0,0.1517
1006,27.879,32507.0,enc/off/vf=off/lk=0,374.147,374.147,374.147,0.0,26.11,0.0,0.1515
1007,27.899,32527.0,enc/off/vf=off/lk=0,374.646,374.646,374.646,0.0,26.41,0.0,0.1512
1008,27.919,32547.0,enc/off/vf=off/lk=0,375.137,375.137,375.137,0.0,28.735,0.0,0.1509
1009,27.939,32567.0,enc/off/vf=off/lk=0,375.647,375.647,375.647,0.0,26.037,0.0,0.1505
1010,27.959,32587.0,enc/off/vf=off/lk=0,376.158,376.158,376.158,0.0,22.04,0.0,0.1502
1011,27.979,32607.0,enc/off/vf=off/lk=0,376.66,376.66,376.66,0.0,26.11,0.0,0.15
1012,27.999,32627.0,enc/off/vf=off/lk=0,377.154,377.154,377.154,0.0,26.334,0.0,0.1498
1013,28.019,32647.0,enc/off/vf=off/lk=0,377.648,377.648,377.648,0.0,22.232,0.0,0.1495
1014,28.039,32667.0,enc/off/vf=off/lk=0,378.145,378.145,378.145,0.0,26.601,0.0,0.1491
1015,28.059,32687.0,enc/off/vf=off/lk=0,378.637,378.637,378.637,0.0,28.126,0.0,0.1487
1016,28.079,32707.0,enc/off/vf=off/lk=0,379.146,379.146,379.146,0.0,22.232,0.0,0.1482
1017,28.099,32727.0,enc/off/vf=off/lk=0,379.646,379.646,379.646,0.0,26.524,0.0,0.1481
1018,28.119,32747.0,enc/off/vf=off/lk=0,380.136,380.136,380.136,0.0,19.865,0.0,0.1479
1019,28.139,32767.0,enc/off/vf=off/lk=0,380.624,380.624,380.624,0.0,19.639,0.0,0.1477
1020,28.159,32787.0,enc/off/vf=off/lk=0,381.113,381.113,381.113,0.0,26.41,0.0,0.1475
1021,28.179,32807.0,enc/off/vf=off/lk=0,381.599,381.599,381.599,0.0,24.279,0.0,0.1471
1022,28.199,32827.0,enc/off/vf=off/lk=0,382.095,382.095,382.095,0.0,21.883,0.0,0.1468
1023,28.219,32847.0,enc/off/vf=off/lk=0,382.589,382.589,382.589,0.0,24.105,0.0,0.1465
1024,28.239,32867.0,enc/off/vf=off/lk=0,383.081,383.081,383.081,0.0,23.969,0.0,0.1463
1025,28.259,32887.0,enc/off/vf=off/lk=0,383.561,383.561,383.561,0.0,26.185,0.0,0.1461
1026,28.279,32907.0,enc/off/vf=off/lk=0,384.043,384.043,384.043,0.0,28.529,0.0,0.1459
1027,28.299,32927.0,enc/off/vf=off/lk=0,384.531,384.531,384.531,0.0,21.758,0.0,0.1455
1028,28.319,32947.0,enc/off/vf=off/lk=0,385.025,385.025,385.025,0.0,26.372,0.0,0.1452
1029,28.339,32967.0,enc/off/vf=off/lk=0,385.506,385.506,385.506,0.0,19.472,0.0,0.1448
1030,28.359,32987.0,enc/off/vf=off/lk=0,385.997,385.997,385.997,0.0,24.244,0.0,0.1447
1031,28.379,33007.0,enc/off/vf=off/lk=0,386.476,386.476,386.476,0.0,22.264,0.0,0.1446
1032,28.399,33027.0,enc/off/vf=off/lk=0,386.953,386.953,386.953,0.0,21.821,0.0,0.1444
1033,28.419,33047.0,enc/off/vf=off/lk=0,387.431,387.431,387.431,0.0,24.209,0.0,0.1442
1034,28.439,33067.0,enc/off/vf=off/lk=0,387.908,387.908,387.908,0.0,25.817,0.0,0.1438
1035,28.459,33087.0,enc/off/vf=off/lk=0,388.396,388.396,388.396,0.0,23.935,0.0,0.1435
1036,28.479,33107.0,enc/off/vf=off/lk=0,388.881,388.881,388.881,0.0,26.222,0.0,0.1433
1037,28.499,33127.0,enc/off/vf=off/lk=0,389.363,389.363,389.363,0.0,23.969,0.0,0.1432
1038,28.519,33147.0,enc/off/vf=off/lk=0,389.832,389.832,389.832,0.0,21.914,0.0,0.143
1039,28.539,33167.0,enc/off/vf=off/lk=0,390.3,390.3,390.3,0.0,22.232,0.0,0.1428
1040,28.559,33187.0,enc/off/vf=off/lk=0,390.779,390.779,390.779,0.0,26.372,0.0,0.1424
1041,28.579,33207.0,enc/off/vf=off/lk=0,391.249,391.249,391.249,0.0,26.448,0.0,0.1421
1042,28.599,33227.0,enc/off/vf=off/lk=0,391.737,391.737,391.737,0.0,19.695,0.0,0.1418
1043,28.619,33247.0,enc/off/vf=off/lk=0,392.216,392.216,392.216,0.0,26.0,0.0,0.1417
1044,28.639,33267.0,enc/off/vf=off/lk=0,392.688,392.688,392.688,0.0,24.037,0.0,0.1416
1045,28.659,33287.0,enc/off/vf=off/lk=0,393.155,393.155,393.155,0.0,19.865,0.0,0.1414
1046,28.679,33307.0,enc/off/vf=off/lk=0,393.612,393.612,393.612,0.0,19.836,0.0,0.1412
1047,28.699,33327.0,enc/off/vf=off/lk=0,394.089,394.089,394.089,0.0,22.04,0.0,0.1409
1048,28.719,33347.0,enc/off/vf=off/lk=0,394.566,394.566,394.566,0.0,21.666,0.0,0.1407
1049,28.739,33367.0,enc/off/vf=off/lk=0,395.04,395.04,395.04,0.0,24.209,0.0,0.1406
1050,28.759,33387.0,enc/off/vf=off/lk=0,395.499,395.499,395.499,0.0,23.901,0.0,0.1404
1051,28.779,33407.0,enc/off/vf=off/lk=0,395.965,395.965,395.965,0.0,21.759,0.0,0.1403
1052,28.799,33427.0,enc/off/vf=off/lk=0,396.427,396.427,396.427,0.0,21.852,0.0,0.1401
1053,28.819,33447.0,enc/off/vf=off/lk=0,396.888,396.888,396.888,0.0,24.002,0.0,0.1398
1054,28.839,33467.0,enc/off/vf=off/lk=0,397.364,397.364,397.364,0.0,26.147,0.0,0.1395
1055,28.859,33487.0,enc/off/vf=off/lk=0,397.841,397.841,397.841,0.0,21.851,0.0,0.1392
1056,28.879,33507.0,enc/off/vf=off/lk=0,398.313,398.313,398.313,0.0,26.486,0.0,0.1391
1057,28.899,33527.0,enc/off/vf=off/lk=0,398.768,398.768,398.768,0.0,22.008,0.0,0.139
1058,28.919,33547.0,enc/off/vf=off/lk=0,399.223,399.223,399.223,0.0,26.11,0.0,0.139
1059,28.939,33567.0,enc/off/vf=off/lk=0,399.685,399.685,399.685,0.0,21.759,0.0,0.1387
1060,28.959,33587.0,enc/off/vf=off/lk=0,400.151,400.151,400.151,0.0,25.963,0.0,0.1384
1061,28.979,33607.0,enc/off/vf=off/lk=0,400.611,400.611,400.611,0.0,22.135,0.0,0.1381
1062,28.999,33627.0,enc/off/vf=off/lk=0,401.079,401.079,401.079,0.0,26.873,0.0,0.1379
1063,29.019,33647.0,enc/off/vf=off/lk=0,401.546,401.546,401.546,0.0,26.073,0.0,0.1378
1064,29.039,33667.0,enc/off/vf=off/lk=0,402.006,402.006,402.006,0.0,23.935,0.0,0.1377
1065,29.059,33687.0,enc/off/vf=off/lk=0,402.457,402.457,402.457,0.0,21.82,0.0,0.1376
1066,29.079,33707.0,enc/off/vf=off/lk=0,402.906,402.906,402.906,0.0,19.779,0.0,0.1374
1067,29.099,33727.0,enc/off/vf=off/lk=0,403.368,403.368,403.368,0.0,23.935,0.0,0.1371
1068,29.119,33747.0,enc/off/vf=off/lk=0,403.837,403.837,403.837,0.0,22.008,0.0,0.1369
1069,29.139,33767.0,enc/off/vf=off/lk=0,404.293,404.293,404.293,0.0,25.999,0.0,0.1366
1070,29.159,33787.0,enc/off/vf=off/lk=0,404.756,404.756,404.756,0.0,19.98,0.0,0.1365
1071,29.179,33807.0,enc/off/vf=off/lk=0,405.206,405.206,405.206,0.0,22.057,0.0,0.1395
1072,29.199,33827.0,enc/off/vf=off/lk=0,405.663,405.663,405.663,0.0,23.867,0.0,0.14
1073,29.219,33847.0,enc/off/vf=off/lk=0,406.128,406.128,406.128,0.0,21.789,0.0,0.1403
1074,29.239,33867.0,enc/off/vf=off/lk=0,406.597,406.597,406.597,0.0,24.14,0.0,0.1407
1075,29.259,33887.0,enc/off/vf=off/lk=0,407.062,407.062,407.062,0.0,24.037,0.0,0.141
1076,29.279,33907.0,enc/off/vf=off/lk=0,407.542,407.542,407.542,0.0,19.836,0.0,0.1414
1077,29.299,33927.0,enc/off/vf=off/lk=0,408.016,408.016,408.016,0.0,24.037,0.0,0.1418
1078,29.319,33947.0,enc/off/vf=off/lk=0,408.487,408.487,408.487,0.0,19.723,0.0,0.1423
1079,29.339,33967.0,enc/off/vf=off/lk=0,408.955,408.955,408.955,0.0,26.678,0.0,0.1427
1080,29.359,33987.0,enc/off/vf=off/lk=0,409.426,409.426,409.426,0.0,26.222,0.0,0.1431
1081,29.379,34007.0,enc/off/vf=off/lk=0,409.907,409.907,409.907,0.0,22.104,0.0,0.1433
1082,29.399,34027.0,enc/off/vf=off/lk=0,410.386,410.386,410.386,0.0,25.854,0.0,0.1435
1083,29.419,34047.0,enc/off/vf=off/lk=0,410.874,410.874,410.874,0.0,26.335,0.0,0.1439
1084,29.439,34067.0,enc/off/vf=off/lk=0,411.357,411.357,411.357,0.0,22.104,0.0,0.1444
1085,29.459,34087.0,enc/off/vf=off/lk=0,411.832,411.832,411.832,0.0,28.246,0.0,0.1448
1086,29.479,34107.0,enc/off/vf=off/lk=0,412.311,412.311,412.311,0.0,24.105,0.0,0.1452
1087,29.499,34127.0,enc/off/vf=off/lk=0,412.787,412.787,412.787,0.0,22.104,0.0,0.1454
1088,29.519,34147.0,enc/off/vf=off/lk=0,413.282,413.282,413.282,0.0,19.527,0.0,0.1456
1089,29.539,34167.0,enc/off/vf=off/lk=0,413.774,413.774,413.774,0.0,26.335,0.0,0.1459
1090,29.559,34187.0,enc/off/vf=off/lk=0,414.267,414.267,414.267,0.0,21.82,0.0,0.1463
1091,29.579,34207.0,enc/off/vf=off/lk=0,414.75,414.75,414.75,0.0,21.945,0.0,0.1468
1092,29.599,34227.0,enc/off/vf=off/lk=0,415.23,415.23,415.23,0.0,22.199,0.0,0.1472
1093,29.619,34247.0,enc/off/vf=off/lk=0,415.715,415.715,415.715,0.0,22.199,0.0,0.1474
1094,29.639,34267.0,enc/off/vf=off/lk=0,416.2,416.2,416.2,0.0,22.135,0.0,0.1476
1095,29.659,34287.0,enc/off/vf=off/lk=0,416.704,416.704,416.704,0.0,28.326,0.0,0.1479
1096,29.679,34307.0,enc/off/vf=off/lk=0,417.212,417.212,417.212,0.0,28.246,0.0,0.1482
1097,29.699,34327.0,enc/off/vf=off/lk=0,417.711,417.711,417.711,0.0,21.851,0.0,0.1485
1098,29.719,34347.0,enc/off/vf=off/lk=0,418.198,418.198,418.198,0.0,22.008,0.0,0.1489
1099,29.739,34367.0,enc/off/vf=off/lk=0,418.68,418.68,418.68,0.0,21.636,0.0,0.1492
1100,29.759,34387.0,enc/off/vf=off/lk=0,419.182,419.182,419.182,0.0,21.605,0.0,0.1495
1101,29.779,34407.0,enc/off/vf=off/lk=0,419.685,419.685,419.685,0.0,28.286,0.0,0.1498
1102,29.799,34427.0,enc/off/vf=off/lk=0,420.193,420.193,420.193,0.0,21.945,0.0,0.1501
1103,29.819,34447.0,enc/off/vf=off/lk=0,420.68,420.68,420.68,0.0,26.834,0.0,0.1505
1104,29.839,34467.0,enc/off/vf=off/lk=0,421.176,421.176,421.176,0.0,26.073,0.0,0.1509
1105,29.859,34487.0,enc/off/vf=off/lk=0,421.671,421.671,421.671,0.0,28.367,0.0,0.1512
1106,29.879,34507.0,enc/off/vf=off/lk=0,422.175,422.175,422.175,0.0,26.147,0.0,0.1513
1107,29.899,34527.0,enc/off/vf=off/lk=0,422.691,422.691,422.691,0.0,28.246,0.0,0.1514
1108,29.919,34547.0,enc/off/vf=off/lk=0,423.207,423.207,423.207,0.0,26.0,0.0,0.1517
1109,29.939,34567.0,enc/off/vf=off/lk=0,423.719,423.719,423.719,0.0,21.79,0.0,0.152
1110,29.959,34587.0,enc/off/vf=off/lk=0,424.221,424.221,424.221,0.0,26.372,0.0,0.1525
1111,29.979,34607.0,enc/off/vf=off/lk=0,424.71,424.71,424.71,0.0,22.199,0.0,0.1528
1112,29.999,34627.0,enc/off/vf=off/lk=0,425.219,425.219,425.219,0.0,28.529,0.0,0.153
1113,30.019,34647.0,enc/off/vf=off/lk=0,425.738,425.738,425.738,0.0,28.127,0.0,0.1532
1114,30.039,34667.0,enc/off/vf=off/lk=0,426.26,426.26,426.26,0.0,28.693,0.0,0.1533
1115,30.059,34687.0,enc/off/vf=off/lk=0,426.761,426.761,426.761,0.0,28.985,0.0,0.1537
1116,30.079,34707.0,enc/off/vf=off/lk=0,427.27,427.27,427.27,0.0,22.008,0.0,0.154
1117,30.099,34727.0,enc/off/vf=off/lk=0,427.774,427.774,427.774,0.0,26.678,0.0,0.1544
1118,30.119,34747.0,enc/off/vf=off/lk=0,428.283,428.283,428.283,0.0,21.977,0.0,0.1546
1119,30.139,34767.0,enc/off/vf=off/lk=0,428.804,428.804,428.804,0.0,28.246,0.0,0.1547
1120,30.159,34787.0,enc/off/vf=off/lk=0,429.335,429.335,429.335,0.0,23.866,0.0,0.1548
1121,30.179,34807.0,enc/off/vf=off/lk=0,429.848,429.848,429.848,0.0,28.326,0.0,0.1551
1122,30.199,34827.0,enc/off/vf=off/lk=0,430.364,430.364,430.364,0.0,22.04,0.0,0.1554
1123,30.219,34847.0,enc/off/vf=off/lk=0,430.874,430.874,430.874,0.0,28.286,0.0,0.1559
1124,30.239,34867.0,enc/off/vf=off/lk=0,431.391,431.391,431.391,0.0,28.367,0.0,0.1561
1125,30.259,34887.0,enc/off/vf=off/lk=0,431.914,431.914,431.914,0.0,28.652,0.0,0.1563
1126,30.279,34907.0,enc/off/vf=off/lk=0,432.431,432.431,432.431,0.0,30.204,0.0,0.1564
1127,30.299,34927.0,enc/off/vf=off/lk=0,432.963,432.963,432.963,0.0,23.666,0.0,0.1566
1128,30.319,34947.0,enc/off/vf=off/lk=0,433.483,433.483,433.483,0.0,28.326,0.0,0.1569
1129,30.339,34967.0,enc/off/vf=off/lk=0,433.995,433.995,433.995,0.0,24.209,0.0,0.1573
1130,30.359,34987.0,enc/off/vf=off/lk=0,434.509,434.509,434.509,0.0,24.562,0.0,0.1575
1131,30.379,35007.0,enc/off/vf=off/lk=0,435.037,435.037,435.037,0.0,28.776,0.0,0.1577
1132,30.399,35027.0,enc/off/vf=off/lk=0,435.575,435.575,435.575,0.0,28.367,0.0,0.1577
1133,30.419,35047.0,enc/off/vf=off/lk=0,436.115,436.115,436.115,0.0,24.175,0.0,0.1579
1134,30.439,35067.0,enc/off/vf=off/lk=0,436.626,436.626,436.626,0.0,28.246,0.0,0.1582
1135,30.459,35087.0,enc/off/vf=off/lk=0,437.143,437.143,437.143,0.0,26.372,0.0,0.1587
1136,30.479,35107.0,enc/off/vf=off/lk=0,437.668,437.668,437.668,0.0,28.693,0.0,0.1589
1137,30.499,35127.0,enc/off/vf=off/lk=0,438.203,438.203,438.203,0.0,24.037,0.0,0.159
1138,30.519,35147.0,enc/off/vf=off/lk=0,438.728,438.728,438.728,0.0,24.278,0.0,0.159
1139,30.539,35167.0,enc/off/vf=off/lk=0,439.265,439.265,439.265,0.0,28.57,0.0,0.1592
1140,30.559,35187.0,enc/off/vf=off/lk=0,439.794,439.794,439.794,0.0,21.759,0.0,0.1595
1141,30.579,35207.0,enc/off/vf=off/lk=0,440.311,440.311,440.311,0.0,24.209,0.0,0.1598
1142,30.599,35227.0,enc/off/vf=off/lk=0,440.837,440.837,440.837,0.0,24.175,0.0,0.16
1143,30.619,35247.0,enc/off/vf=off/lk=0,441.375,441.375,441.375,0.0,28.087,0.0,0.1601
1144,30.639,35267.0,enc/off/vf=off/lk=0,441.925,441.925,441.925,0.0,26.073,0.0,0.1602
1145,30.659,35287.0,enc/off/vf=off/lk=0,442.466,442.466,442.466,0.0,28.286,0.0,0.1604
1146,30.679,35307.0,enc/off/vf=off/lk=0,442.983,442.983,442.983,0.0,24.419,0.0,0.1607
1147,30.699,35327.0,enc/off/vf=off/lk=0,443.511,443.511,443.511,0.0,28.693,0.0,0.1611
1148,30.719,35347.0,enc/off/vf=off/lk=0,444.044,444.044,444.044,0.0,24.037,0.0,0.1612
1149,30.739,35367.0,enc/off/vf=off/lk=0,444.591,444.591,444.591,0.0,23.901,0.0,0.1612
1150,30.759,35387.0,enc/off/vf=off/lk=0,445.135,445.135,445.135,0.0,28.735,0.0,0.1613
1151,30.779,35407.0,enc/off/vf=off/lk=0,445.663,445.663,445.663,0.0,28.286,0.0,0.1616
1152,30.799,35427.0,enc/off/vf=off/lk=0,446.197,446.197,446.197,0.0,24.14,0.0,0.162
1153,30.819,35447.0,enc/off/vf=off/lk=0,446.724,446.724,446.724,0.0,24.14,0.0,0.1622
1154,30.839,35467.0,enc/off/vf=off/lk=0,447.26,447.26,447.26,0.0,28.693,0.0,0.1623
1155,30.859,35487.0,enc/off/vf=off/lk=0,447.807,447.807,447.807,0.0,28.818,0.0,0.1623
1156,30.879,35507.0,enc/off/vf=off/lk=0,448.36,448.36,448.36,0.0,28.529,0.0,0.1624
1157,30.899,35527.0,enc/off/vf=off/lk=0,448.907,448.907,448.907,0.0,22.008,0.0,0.1627
1158,30.919,35547.0,enc/off/vf=off/lk=0,449.429,449.429,449.429,0.0,24.384,0.0,0.1631
1159,30.939,35567.0,enc/off/vf=off/lk=0,449.964,449.964,449.964,0.0,28.817,0.0,0.1633
1160,30.959,35587.0,enc/off/vf=off/lk=0,450.509,450.509,450.509,0.0,24.209,0.0,0.1633
1161,30.979,35607.0,enc/off/vf=off/lk=0,451.056,451.056,451.056,0.0,28.206,0.0,0.1635
1162,30.999,35627.0,enc/off/vf=off/lk=0,451.609,451.609,451.609,0.0,26.11,0.0,0.1636
1163,31.019,35647.0,enc/off/vf=off/lk=0,452.139,452.139,452.139,0.0,30.29,0.0,0.1639
1164,31.039,35667.0,enc/off/vf=off/lk=0,452.678,452.678,452.678,0.0,31.169,0.0,0.1641
1165,31.059,35687.0,enc/off/vf=off/lk=0,453.216,453.216,453.216,0.0,28.407,0.0,0.1642
1166,31.079,35707.0,enc/off/vf=off/lk=0,453.761,453.761,453.761,0.0,28.087,0.0,0.1643
1167,31.099,35727.0,enc/off/vf=off/lk=0,454.315,454.315,454.315,0.0,30.636,0.0,0.1645
1168,31.119,35747.0,enc/off/vf=off/lk=0,454.876,454.876,454.876,0.0,26.678,0.0,0.1645
1169,31.139,35767.0,enc/off/vf=off/lk=0,455.425,455.425,455.425,0.0,30.68,0.0,0.1647
1170,31.159,35787.0,enc/off/vf=off/lk=0,455.967,455.967,455.967,0.0,28.652,0.0,0.1651
1171,31.179,35807.0,enc/off/vf=off/lk=0,456.507,456.507,456.507,0.0,24.14,0.0,0.1621
1172,31.199,35827.0,enc/off/vf=off/lk=0,457.036,457.036,457.036,0.0,31.352,0.0,0.1617
1173,31.219,35847.0,enc/off/vf=off/lk=0,457.582,457.582,457.582,0.0,26.11,0.0,0.1612
1174,31.239,35867.0,enc/off/vf=off/lk=0,458.13,458.13,458.13,0.0,31.17,0.0,0.1608
1175,31.259,35887.0,enc/off/vf=off/lk=0,458.663,458.663,458.663,0.0,28.367,0.0,0.1605
1176,31.279,35907.0,enc/off/vf=off/lk=0,459.186,459.186,459.186,0.0,28.901,0.0,0.1603
1177,31.299,35927.0,enc/off/vf=off/lk=0,459.714,459.714,459.714,0.0,24.419,0.0,0.1599
1178,31.319,35947.0,enc/off/vf=off/lk=0,460.237,460.237,460.237,0.0,23.799,0.0,0.1593
1179,31.339,35967.0,enc/off/vf=off/lk=0,460.78,460.78,460.78,0.0,30.636,0.0,0.1588
1180,31.359,35987.0,enc/off/vf=off/lk=0,461.322,461.322,461.322,0.0,28.367,0.0,0.1584
1181,31.379,36007.0,enc/off/vf=off/lk=0,461.845,461.845,461.845,0.0,28.529,0.0,0.1583
1182,31.399,36027.0,enc/off/vf=off/lk=0,462.363,462.363,462.363,0.0,22.103,0.0,0.158
1183,31.419,36047.0,enc/off/vf=off/lk=0,462.873,462.873,462.873,0.0,28.048,0.0,0.1576
1184,31.439,36067.0,enc/off/vf=off/lk=0,463.406,463.406,463.406,0.0,24.071,0.0,0.1571
1185,31.459,36087.0,enc/off/vf=off/lk=0,463.939,463.939,463.939,0.0,30.419,0.0,0.1566
1186,31.479,36107.0,enc/off/vf=off/lk=0,464.468,464.468,464.468,0.0,28.286,0.0,0.1563
1187,31.499,36127.0,enc/off/vf=off/lk=0,464.985,464.985,464.985,0.0,22.167,0.0,0.1561
1188,31.519,36147.0,enc/off/vf=off/lk=0,465.479,465.479,465.479,0.0,28.448,0.0,0.1559
1189,31.539,36167.0,enc/off/vf=off/lk=0,466.005,466.005,466.005,0.0,26.639,0.0,0.1555
1190,31.559,36187.0,enc/off/vf=off/lk=0,466.514,466.514,466.514,0.0,29.112,0.0,0.1551
1191,31.579,36207.0,enc/off/vf=off/lk=0,467.047,467.047,467.047,0.0,28.366,0.0,0.1545
1192,31.599,36227.0,enc/off/vf=off/lk=0,467.57,467.57,467.57,0.0,28.901,0.0,0.1542
1193,31.619,36247.0,enc/off/vf=off/lk=0,468.084,468.084,468.084,0.0,28.286,0.0,0.154
1194,31.639,36267.0,enc/off/vf=off/lk=0,468.574,468.574,468.574,0.0,26.11,0.0,0.1538
1195,31.659,36287.0,enc/off/vf=off/lk=0,469.085,469.085,469.085,0.0,28.286,0.0,0.1535
1196,31.679,36307.0,enc/off/vf=off/lk=0,469.602,469.602,469.602,0.0,22.104,0.0,0.153
1197,31.699,36327.0,enc/off/vf=off/lk=0,470.119,470.119,470.119,0.0,28.611,0.0,0.1526
1198,31.719,36347.0,enc/off/vf=off/lk=0,470.639,470.639,470.639,0.0,23.969,0.0,0.1523
1199,31.739,36367.0,enc/off/vf=off/lk=0,471.133,471.133,471.133,0.0,26.147,0.0,0.152
1200,31.759,36387.0,enc/off/vf=off/lk=0,471.63,471.63,471.63,0.0,22.199,0.0,0.1519
1201,31.779,36407.0,enc/off/vf=off/lk=0,472.127,472.127,472.127,0.0,21.852,0.0,0.1515
1202,31.799,36427.0,enc/off/vf=off/lk=0,472.638,472.638,472.638,0.0,23.799,0.0,0.1511
1203,31.819,36447.0,enc/off/vf=off/lk=0,473.147,473.147,473.147,0.0,28.448,0.0,0.1508
1204,31.839,36467.0,enc/off/vf=off/lk=0,473.66,473.66,473.66,0.0,28.286,0.0,0.1505
1205,31.859,36487.0,enc/off/vf=off/lk=0,474.166,474.166,474.166,0.0,28.246,0.0,0.1503
1206,31.879,36507.0,enc/off/vf=off/lk=0,474.664,474.664,474.664,0.0,21.977,0.0,0.15
1207,31.899,36527.0,enc/off/vf=off/lk=0,475.146,475.146,475.146,0.0,26.756,0.0,0.1497
1208,31.919,36547.0,enc/off/vf=off/lk=0,475.649,475.649,475.649,0.0,21.852,0.0,0.1493
1209,31.939,36567.0,enc/off/vf=off/lk=0,476.154,476.154,476.154,0.0,24.314,0.0,0.149
1210,31.959,36587.0,enc/off/vf=off/lk=0,476.66,476.66,476.66,0.0,24.14,0.0,0.1487
1211,31.979,36607.0,enc/off/vf=off/lk=0,477.145,477.145,477.145,0.0,26.0,0.0,0.1485
1212,31.999,36627.0,enc/off/vf=off/lk=0,477.637,477.637,477.637,0.0,21.728,0.0,0.1483
1213,32.019,36647.0,enc/off/vf=off/lk=0,478.123,478.123,478.123,0.0,26.334,0.0,0.1482
1214,32.039,36667.0,enc/off/vf=off/lk=0,478.614,478.614,478.614,0.0,28.367,0.0,0.1478
1215,32.059,36687.0,enc/off/vf=off/lk=0,479.117,479.117,479.117,0.0,21.82,0.0,0.1473
1216,32.079,36707.0,enc/off/vf=off/lk=0,479.621,479.621,479.621,0.0,26.448,0.0,0.1469
1217,32.099,36727.0,enc/off/vf=off/lk=0,480.107,480.107,480.107,0.0,28.126,0.0,0.1468
1218,32.119,36747.0,enc/off/vf=off/lk=0,480.596,480.596,480.596,0.0,26.185,0.0,0.1466
1219,32.139,36767.0,enc/off/vf=off/lk=0,481.081,481.081,481.081,0.0,19.751,0.0,0.1464
1220,32.159,36787.0,enc/off/vf=off/lk=0,481.564,481.564,481.564,0.0,26.073,0.0,0.1462
1221,32.179,36807.0,enc/off/vf=off/lk=0,482.055,482.055,482.055,0.0,22.04,0.0,0.1458
1222,32.199,36827.0,enc/off/vf=off/lk=0,482.534,482.534,482.534,0.0,26.755,0.0,0.1456
1223,32.219,36847.0,enc/off/vf=off/lk=0,483.023,483.023,483.023,0.0,21.883,0.0,0.1454
1224,32.239,36867.0,enc/off/vf=off/lk=0,483.512,483.512,483.512,0.0,26.678,0.0,0.1452
1225,32.259,36887.0,enc/off/vf=off/lk=0,483.991,483.991,483.991,0.0,19.779,0.0,0.145
1226,32.279,36907.0,enc/off/vf=off/lk=0,484.471,484.471,484.471,0.0,21.914,0.0,0.1447
1227,32.299,36927.0,enc/off/vf=off/lk=0,484.953,484.953,484.953,0.0,28.529,0.0,0.1444
1228,32.319,36947.0,enc/off/vf=off/lk=0,485.445,485.445,485.445,0.0,22.072,0.0,0.144
1229,32.339,36967.0,enc/off/vf=off/lk=0,485.924,485.924,485.924,0.0,29.24,0.0,0.1437
1230,32.359,36987.0,enc/off/vf=off/lk=0,486.412,486.412,486.412,0.0,21.728,0.0,0.1435
1231,32.379,37007.0,enc/off/vf=off/lk=0,486.89,486.89,486.89,0.0,19.611,0.0,0.1433
1232,32.399,37027.0,enc/off/vf=off/lk=0,487.361,487.361,487.361,0.0,23.901,0.0,0.1432
1233,32.419,37047.0,enc/off/vf=off/lk=0,487.823,487.823,487.823,0.0,23.935,0.0,0.143
1234,32.439,37067.0,enc/off/vf=off/lk=0,488.304,488.304,488.304,0.0,21.666,0.0,0.1427
1235,32.459,37087.0,enc/off/vf=off/lk=0,488.788,488.788,488.788,0.0,21.852,0.0,0.1425
1236,32.479,37107.0,enc/off/vf=off/lk=0,489.269,489.269,489.269,0.0,23.935,0.0,0.1423
1237,32.499,37127.0,enc/off/vf=off/lk=0,489.748,489.748,489.748,0.0,24.279,0.0,0.1421
1238,32.519,37147.0,enc/off/vf=off/lk=0,490.205,490.205,490.205,0.0,26.185,0.0,0.142
1239,32.539,37167.0,enc/off/vf=off/lk=0,490.671,490.671,490.671,0.0,24.003,0.0,0.1418
1240,32.559,37187.0,enc/off/vf=off/lk=0,491.141,491.141,491.141,0.0,26.755,0.0,0.1416
1241,32.579,37207.0,enc/off/vf=off/lk=0,491.621,491.621,491.621,0.0,21.666,0.0,0.1412
1242,32.599,37227.0,enc/off/vf=off/lk=0,492.101,492.101,492.101,0.0,25.854,0.0,0.1409
1243,32.619,37247.0,enc/off/vf=off/lk=0,492.583,492.583,492.583,0.0,26.147,0.0,0.1407
1244,32.639,37267.0,enc/off/vf=off/lk=0,493.055,493.055,493.055,0.0,21.883,0.0,0.1405
1245,32.659,37287.0,enc/off/vf=off/lk=0,493.503,493.503,493.503,0.0,25.927,0.0,0.1405
1246,32.679,37307.0,enc/off/vf=off/lk=0,493.969,493.969,493.969,0.0,21.821,0.0,0.1403
1247,32.699,37327.0,enc/off/vf=off/lk=0,494.44,494.44,494.44,0.0,26.678,0.0,0.14
1248,32.719,37347.0,enc/off/vf=off/lk=0,494.917,494.917,494.917,0.0,19.639,0.0,0.1396
1249,32.739,37367.0,enc/off/vf=off/lk=0,495.393,495.393,495.393,0.0,24.279,0.0,0.1394
1250,32.759,37387.0,enc/off/vf=off/lk=0,495.847,495.847,495.847,0.0,20.243,0.0,0.1392
1251,32.779,37407.0,enc/off/vf=off/lk=0,496.31,496.31,496.31,0.0,24.175,0.0,0.1392
1252,32.799,37427.0,enc/off/vf=off/lk=0,496.767,496.767,496.767,0.0,19.694,0.0,0.139
1253,32.819,37447.0,enc/off/vf=off/lk=0,497.225,497.225,497.225,0.0,19.751,0.0,0.1388
1254,32.839,37467.0,enc/off/vf=off/lk=0,497.689,497.689,497.689,0.0,23.969,0.0,0.1386
1255,32.859,37487.0,enc/off/vf=off/lk=0,498.162,498.162,498.162,0.0,23.935,0.0,0.1384
1256,32.879,37507.0,enc/off/vf=off/lk=0,498.636,498.636,498.636,0.0,19.583,0.0,0.1381
1257,32.899,37527.0,enc/off/vf=off/lk=0,499.091,499.091,499.091,0.0,19.808,0.0,0.138
1258,32.919,37547.0,enc/off/vf=off/lk=0,499.55,499.55,499.55,0.0,19.695,0.0,0.1379
1259,32.939,37567.0,enc/off/vf=off/lk=0,500.003,500.003,500.003,0.0,24.244,0.0,0.1378
1260,32.959,37587.0,enc/off/vf=off/lk=0,500.463,500.463,500.463,0.0,19.666,0.0,0.1375
1261,32.979,37607.0,enc/off/vf=off/lk=0,500.926,500.926,500.926,0.0,24.279,0.0,0.1373
1262,32.999,37627.0,enc/off/vf=off/lk=0,501.377,501.377,501.377,0.0,23.866,0.0,0.1372
1263,33.019,37647.0,enc/off/vf=off/lk=0,501.84,501.84,501.84,0.0,23.833,0.0,0.137
1264,33.039,37667.0,enc/off/vf=off/lk=0,502.302,502.302,502.302,0.0,20.038,0.0,0.1369
1265,33.059,37687.0,enc/off/vf=off/lk=0,502.755,502.755,502.755,0.0,20.096,0.0,0.1368
1266,33.079,37707.0,enc/off/vf=off/lk=0,503.204,503.204,503.204,0.0,19.751,0.0,0.1366
1267,33.099,37727.0,enc/off/vf=off/lk=0,503.655,503.655,503.655,0.0,24.105,0.0,0.1364
1268,33.119,37747.0,enc/off/vf=off/lk=0,504.117,504.117,504.117,0.0,24.037,0.0,0.1362
1269,33.139,37767.0,enc/off/vf=off/lk=0,504.571,504.571,504.571,0.0,23.799,0.0,0.136
1270,33.159,37787.0,enc/off/vf=off/lk=0,505.033,505.033,505.033,0.0,19.666,0.0,0.1358
1271,33.179,37807.0,enc/off/vf=off/lk=0,505.483,505.483,505.483,0.0,22.649,0.0,0.1389
1272,33.199,37827.0,enc/off/vf=off/lk=0,505.942,505.942,505.942,0.0,21.79,0.0,0.1393
1273,33.219,37847.0,enc/off/vf=off/lk=0,506.404,506.404,506.404,0.0,19.639,0.0,0.1396
1274,33.239,37867.0,enc/off/vf=off/lk=0,506.869,506.869,506.869,0.0,24.279,0.0,0.14
1275,33.259,37887.0,enc/off/vf=off/lk=0,507.333,507.333,507.333,0.0,21.851,0.0,0.1402
1276,33.279,37907.0,enc/off/vf=off/lk=0,507.807,507.807,507.807,0.0,26.297,0.0,0.1406
1277,33.299,37927.0,enc/off/vf=off/lk=0,508.285,508.285,508.285,0.0,21.728,0.0,0.141
1278,33.319,37947.0,enc/off/vf=off/lk=0,508.754,508.754,508.754,0.0,26.073,0.0,0.1415
1279,33.339,37967.0,enc/off/vf=off/lk=0,509.219,509.219,509.219,0.0,22.072,0.0,0.1419
1280,33.359,37987.0,enc/off/vf=off/lk=0,509.687,509.687,509.687,0.0,26.639,0.0,0.1423
1281,33.379,38007.0,enc/off/vf=off/lk=0,510.164,510.164,510.164,0.0,22.04,0.0,0.1425
1282,33.399,38027.0,enc/off/vf=off/lk=0,510.636,510.636,510.636,0.0,26.717,0.0,0.1428
1283,33.419,38047.0,enc/off/vf=off/lk=0,511.124,511.124,511.124,0.0,26.795,0.0,0.1431
1284,33.439,38067.0,enc/off/vf=off/lk=0,511.609,511.609,511.609,0.0,23.968,0.0,0.1435
1285,33.459,38087.0,enc/off/vf=off/lk=0,512.087,512.087,512.087,0.0,21.759,0.0,0.144
1286,33.479,38107.0,enc/off/vf=off/lk=0,512.558,512.558,512.558,0.0,24.037,0.0,0.1444
1287,33.499,38127.0,enc/off/vf=off/lk=0,513.025,513.025,513.025,0.0,24.349,0.0,0.1448
1288,33.519,38147.0,enc/off/vf=off/lk=0,513.514,513.514,513.514,0.0,21.759,0.0,0.145
1289,33.539,38167.0,enc/off/vf=off/lk=0,514.002,514.002,514.002,0.0,24.105,0.0,0.1453
1290,33.559,38187.0,enc/off/vf=off/lk=0,514.496,514.496,514.496,0.0,28.367,0.0,0.1457
1291,33.579,38207.0,enc/off/vf=off/lk=0,514.983,514.983,514.983,0.0,26.41,0.0,0.1462
1292,33.599,38227.0,enc/off/vf=off/lk=0,515.464,515.464,515.464,0.0,22.199,0.0,0.1466
1293,33.619,38247.0,enc/off/vf=off/lk=0,515.93,515.93,515.93,0.0,21.914,0.0,0.1468
1294,33.639,38267.0,enc/off/vf=off/lk=0,516.422,516.422,516.422,0.0,22.296,0.0,0.147
1295,33.659,38287.0,enc/off/vf=off/lk=0,516.924,516.924,516.924,0.0,21.852,0.0,0.1472
1296,33.679,38307.0,enc/off/vf=off/lk=0,517.426,517.426,517.426,0.0,26.486,0.0,0.1475
1297,33.699,38327.0,enc/off/vf=off/lk=0,517.926,517.926,517.926,0.0,21.697,0.0,0.1479
1298,33.719,38347.0,enc/off/vf=off/lk=0,518.417,518.417,518.417,0.0,21.977,0.0,0.1483
1299,33.739,38367.0,enc/off/vf=off/lk=0,518.891,518.891,518.891,0.0,20.125,0.0,0.1487
1300,33.759,38387.0,enc/off/vf=off/lk=0,519.383,519.383,519.383,0.0,26.221,0.0,0.149
1301,33.779,38407.0,enc/off/vf=off/lk=0,519.888,519.888,519.888,0.0,24.003,0.0,0.1492
1302,33.799,38427.0,enc/off/vf=off/lk=0,520.395,520.395,520.395,0.0,21.852,0.0,0.1494
1303,33.819,38447.0,enc/off/vf=off/lk=0,520.902,520.902,520.902,0.0,28.693,0.0,0.1497
1304,33.839,38467.0,enc/off/vf=off/lk=0,521.386,521.386,521.386,0.0,26.524,0.0,0.1501
1305,33.859,38487.0,enc/off/vf=off/lk=0,521.879,521.879,521.879,0.0,26.524,0.0,0.1505
1306,33.879,38507.0,enc/off/vf=off/lk=0,522.374,522.374,522.374,0.0,24.003,0.0,0.1508
1307,33.899,38527.0,enc/off/vf=off/lk=0,522.877,522.877,522.877,0.0,24.633,0.0,0.151
1308,33.919,38547.0,enc/off/vf=off/lk=0,523.387,523.387,523.387,0.0,28.367,0.0,0.1513
1309,33.939,38567.0,enc/off/vf=off/lk=0,523.902,523.902,523.902,0.0,28.407,0.0,0.1515
1310,33.959,38587.0,enc/off/vf=off/lk=0,524.413,524.413,524.413,0.0,24.003,0.0,0.1519
1311,33.979,38607.0,enc/off/vf=off/lk=0,524.899,524.899,524.899,0.0,23.935,0.0,0.1522
1312,33.999,38627.0,enc/off/vf=off/lk=0,525.404,525.404,525.404,0.0,21.697,0.0,0.1524
1313,34.019,38647.0,enc/off/vf=off/lk=0,525.913,525.913,525.913,0.0,28.57,0.0,0.1527
1314,34.039,38667.0,enc/off/vf=off/lk=0,526.428,526.428,526.428,0.0,26.448,0.0,0.153
1315,34.059,38687.0,enc/off/vf=off/lk=0,526.935,526.935,526.935,0.0,22.072,0.0,0.1531
1316,34.079,38707.0,enc/off/vf=off/lk=0,527.447,527.447,527.447,0.0,26.222,0.0,0.1535
1317,34.099,38727.0,enc/off/vf=off/lk=0,527.955,527.955,527.955,0.0,21.883,0.0,0.1538
1318,34.119,38747.0,enc/off/vf=off/lk=0,528.459,528.459,528.459,0.0,24.597,0.0,0.1541
1319,34.139,38767.0,enc/off/vf=off/lk=0,528.972,528.972,528.972,0.0,28.57,0.0,0.1543
1320,34.159,38787.0,enc/off/vf=off/lk=0,529.496,529.496,529.496,0.0,26.222,0.0,0.1544
1321,34.179,38807.0,enc/off/vf=off/lk=0,530.024,530.024,530.024,0.0,22.008,0.0,0.1545
1322,34.199,38827.0,enc/off/vf=off/lk=0,530.532,530.532,530.532,0.0,29.07,0.0,0.1549
1323,34.219,38847.0,enc/off/vf=off/lk=0,531.041,531.041,531.041,0.0,26.259,0.0,0.1554
1324,34.239,38867.0,enc/off/vf=off/lk=0,531.554,531.554,531.554,0.0,26.372,0.0,0.1556
1325,34.259,38887.0,enc/off/vf=off/lk=0,532.075,532.075,532.075,0.0,23.901,0.0,0.1557
1326,34.279,38907.0,enc/off/vf=off/lk=0,532.601,532.601,532.601,0.0,28.611,0.0,0.1559
1327,34.299,38927.0,enc/off/vf=off/lk=0,533.118,533.118,533.118,0.0,24.071,0.0,0.156
1328,34.319,38947.0,enc/off/vf=off/lk=0,533.64,533.64,533.64,0.0,26.185,0.0,0.1564
1329,34.339,38967.0,enc/off/vf=off/lk=0,534.157,534.157,534.157,0.0,26.297,0.0,0.1568
1330,34.359,38987.0,enc/off/vf=off/lk=0,534.669,534.669,534.669,0.0,28.611,0.0,0.1571
1331,34.379,39007.0,enc/off/vf=off/lk=0,535.191,535.191,535.191,0.0,30.723,0.0,0.1573
1332,34.399,39027.0,enc/off/vf=off/lk=0,535.709,535.709,535.709,0.0,28.246,0.0,0.1573
1333,34.419,39047.0,enc/off/vf=off/lk=0,536.247,536.247,536.247,0.0,24.209,0.0,0.1574
1334,34.439,39067.0,enc/off/vf=off/lk=0,536.777,536.777,536.777,0.0,26.11,0.0,0.1577
1335,34.459,39087.0,enc/off/vf=off/lk=0,537.297,537.297,537.297,0.0,22.135,0.0,0.1581
1336,34.479,39107.0,enc/off/vf=off/lk=0,537.818,537.818,537.818,0.0,28.286,0.0,0.1584
1337,34.499,39127.0,enc/off/vf=off/lk=0,538.343,538.343,538.343,0.0,24.209,0.0,0.1585
1338,34.519,39147.0,enc/off/vf=off/lk=0,538.868,538.868,538.868,0.0,24.349,0.0,0.1586
1339,34.539,39167.0,enc/off/vf=off/lk=0,539.403,539.403,539.403,0.0,28.367,0.0,0.1588
1340,34.559,39187.0,enc/off/vf=off/lk=0,539.934,539.934,539.934,0.0,24.209,0.0,0.1591
1341,34.579,39207.0,enc/off/vf=off/lk=0,540.458,540.458,540.458,0.0,26.334,0.0,0.1594
1342,34.599,39227.0,enc/off/vf=off/lk=0,540.98,540.98,540.98,0.0,24.14,0.0,0.1597
1343,34.619,39247.0,enc/off/vf=off/lk=0,541.506,541.506,541.506,0.0,24.071,0.0,0.1598
1344,34.639,39267.0,enc/off/vf=off/lk=0,542.049,542.049,542.049,0.0,28.488,0.0,0.1598
1345,34.659,39287.0,enc/off/vf=off/lk=0,542.577,542.577,542.577,0.0,28.008,0.0,0.16
1346,34.679,39307.0,enc/off/vf=off/lk=0,543.118,543.118,543.118,0.0,23.9,0.0,0.1603
1347,34.699,39327.0,enc/off/vf=off/lk=0,543.644,543.644,543.644,0.0,25.927,0.0,0.1607
1348,34.719,39347.0,enc/off/vf=off/lk=0,544.175,544.175,544.175,0.0,28.326,0.0,0.1609
1349,34.739,39367.0,enc/off/vf=off/lk=0,544.714,544.714,544.714,0.0,24.175,0.0,0.161
1350,34.759,39387.0,enc/off/vf=off/lk=0,545.24,545.24,545.24,0.0,28.127,0.0,0.1611
1351,34.779,39407.0,enc/off/vf=off/lk=0,545.784,545.784,545.784,0.0,24.279,0.0,0.1613
1352,34.799,39427.0,enc/off/vf=off/lk=0,546.323,546.323,546.323,0.0,28.901,0.0,0.1616
1353,34.819,39447.0,enc/off/vf=off/lk=0,546.853,546.853,546.853,0.0,28.448,0.0,0.1619
1354,34.839,39467.0,enc/off/vf=off/lk=0,547.387,547.387,547.387,0.0,24.14,0.0,0.162
1355,34.859,39487.0,enc/off/vf=off/lk=0,547.926,547.926,547.926,0.0,24.209,0.0,0.162
1356,34.879,39507.0,enc/off/vf=off/lk=0,548.458,548.458,548.458,0.0,24.209,0.0,0.1622
1357,34.899,39527.0,enc/off/vf=off/lk=0,549.01,549.01,549.01,0.0,24.037,0.0,0.1623
1358,34.919,39547.0,enc/off/vf=off/lk=0,549.555,549.555,549.555,0.0,28.246,0.0,0.1625
1359,34.939,39567.0,enc/off/vf=off/lk=0,550.093,550.093,550.093,0.0,28.367,0.0,0.1628
1360,34.959,39587.0,enc/off/vf=off/lk=0,550.627,550.627,550.627,0.0,24.314,0.0,0.163
1361,34.979,39607.0,enc/off/vf=off/lk=0,551.158,551.158,551.158,0.0,24.526,0.0,0.1631
1362,34.999,39627.0,enc/off/vf=off/lk=0,551.705,551.705,551.705,0.0,28.326,0.0,0.1632
1363,35.019,39647.0,enc/off/vf=off/lk=0,552.261,552.261,552.261,0.0,26.259,0.0,0.1633
1364,35.039,39667.0,enc/off/vf=off/lk=0,552.805,552.805,552.805,0.0,26.486,0.0,0.1635
1365,35.059,39687.0,enc/off/vf=off/lk=0,553.327,553.327,553.327,0.0,28.611,0.0,0.1639
1366,35.079,39707.0,enc/off/vf=off/lk=0,553.862,553.862,553.862,0.0,24.174,0.0,0.164
1367,35.099,39727.0,enc/off/vf=off/lk=0,554.41,554.41,554.41,0.0,31.352,0.0,0.1641
1368,35.119,39747.0,enc/off/vf=off/lk=0,554.967,554.967,554.967,0.0,30.549,0.0,0.1642
1369,35.139,39767.0,enc/off/vf=off/lk=0,555.527,555.527,555.527,0.0,24.244,0.0,0.1642
1370,35.159,39787.0,enc/off/vf=off/lk=0,556.07,556.07,556.07,0.0,23.969,0.0,0.1645
1371,35.179,39807.0,enc/off/vf=off/lk=0,556.607,556.607,556.607,0.0,26.102,0.0,0.1618
1372,35.199,39827.0,enc/off/vf=off/lk=0,557.133,557.133,557.133,0.0,24.419,0.0,0.1614
1373,35.219,39847.0,enc/off/vf=off/lk=0,557.676,557.676,557.676,0.0,30.29,0.0,0.1609
1374,35.239,39867.0,enc/off/vf=off/lk=0,558.223,558.223,558.223,0.0,28.448,0.0,0.1604
1375,35.259,39887.0,enc/off/vf=off/lk=0,558.762,558.762,558.762,0.0,24.14,0.0,0.16
1376,35.279,39907.0,enc/off/vf=off/lk=0,559.289,559.289,559.289,0.0,28.611,0.0,0.1599
1377,35.299,39927.0,enc/off/vf=off/lk=0,559.811,559.811,559.811,0.0,28.859,0.0,0.1596
1378,35.319,39947.0,enc/off/vf=off/lk=0,560.337,560.337,560.337,0.0,28.652,0.0,0.1591
1379,35.339,39967.0,enc/off/vf=off/lk=0,560.86,560.86,560.86,0.0,23.867,0.0,0.1585
1380,35.359,39987.0,enc/off/vf=off/lk=0,561.403,561.403,561.403,0.0,28.166,0.0,0.158
1381,35.379,40007.0,enc/off/vf=off/lk=0,561.939,561.939,561.939,0.0,21.821,0.0,0.1577
1382,35.399,40027.0,enc/off/vf=off/lk=0,562.459,562.459,562.459,0.0,28.286,0.0,0.1576
1383,35.419,40047.0,enc/off/vf=off/lk=0,562.977,562.977,562.977,0.0,28.611,0.0,0.1573
1384,35.439,40067.0,enc/off/vf=off/lk=0,563.486,563.486,563.486,0.0,28.901,0.0,0.1569
1385,35.459,40087.0,enc/off/vf=off/lk=0,564.019,564.019,564.019,0.0,24.003,0.0,0.1563
1386,35.479,40107.0,enc/off/vf=off/lk=0,564.546,564.546,564.546,0.0,22.008,0.0,0.1559
1387,35.499,40127.0,enc/off/vf=off/lk=0,565.071,565.071,565.071,0.0,26.184,0.0,0.1557
1388,35.519,40147.0,enc/off/vf=off/lk=0,565.583,565.583,565.583,0.0,26.639,0.0,0.1555
1389,35.539,40167.0,enc/off/vf=off/lk=0,566.093,566.093,566.093,0.0,28.859,0.0,0.1553
1390,35.559,40187.0,enc/off/vf=off/lk=0,566.607,566.607,566.607,0.0,28.859,0.0,0.1548
1391,35.579,40207.0,enc/off/vf=off/lk=0,567.116,567.116,567.116,0.0,31.079,0.0,0.1543
1392,35.599,40227.0,enc/off/vf=off/lk=0,567.645,567.645,567.645,0.0,23.833,0.0,0.1538
1393,35.619,40247.0,enc/off/vf=off/lk=0,568.164,568.164,568.164,0.0,22.103,0.0,0.1535
1394,35.639,40267.0,enc/off/vf=off/lk=0,568.674,568.674,568.674,0.0,26.184,0.0,0.1534
1395,35.659,40287.0,enc/off/vf=off/lk=0,569.165,569.165,569.165,0.0,21.977,0.0,0.1532
1396,35.679,40307.0,enc/off/vf=off/lk=0,569.673,569.673,569.673,0.0,26.11,0.0,0.1528
1397,35.699,40327.0,enc/off/vf=off/lk=0,570.191,570.191,570.191,0.0,28.367,0.0,0.1523
1398,35.719,40347.0,enc/off/vf=off/lk=0,570.711,570.711,570.711,0.0,28.367,0.0,0.1519
1399,35.739,40367.0,enc/off/vf=off/lk=0,571.21,571.21,571.21,0.0,28.652,0.0,0.1517
1400,35.759,40387.0,enc/off/vf=off/lk=0,571.715,571.715,571.715,0.0,22.04,0.0,0.1514
1401,35.779,40407.0,enc/off/vf=off/lk=0,572.21,572.21,572.21,0.0,21.759,0.0,0.1512
1402,35.799,40427.0,enc/off/vf=off/lk=0,572.706,572.706,572.706,0.0,26.259,0.0,0.151
1403,35.819,40447.0,enc/off/vf=off/lk=0,573.212,573.212,573.212,0.0,26.222,0.0,0.1506
1404,35.839,40467.0,enc/off/vf=off/lk=0,573.724,573.724,573.724,0.0,22.167,0.0,0.1502
1405,35.859,40487.0,enc/off/vf=off/lk=0,574.235,574.235,574.235,0.0,28.326,0.0,0.1499
1406,35.879,40507.0,enc/off/vf=off/lk=0,574.74,574.74,574.74,0.0,28.611,0.0,0.1496
1407,35.899,40527.0,enc/off/vf=off/lk=0,575.218,575.218,575.218,0.0,28.611,0.0,0.1495
1408,35.919,40547.0,enc/off/vf=off/lk=0,575.714,575.714,575.714,0.0,26.11,0.0,0.1491
1409,35.939,40567.0,enc/off/vf=off/lk=0,576.212,576.212,576.212,0.0,26.563,0.0,0.1489
1410,35.959,40587.0,enc/off/vf=off/lk=0,576.717,576.717,576.717,0.0,21.728,0.0,0.1485
1411,35.979,40607.0,enc/off/vf=off/lk=0,577.219,577.219,577.219,0.0,26.372,0.0,0.1482
1412,35.999,40627.0,enc/off/vf=off/lk=0,577.702,577.702,577.702,0.0,22.361,0.0,0.148
1413,36.019,40647.0,enc/off/vf=off/lk=0,578.191,578.191,578.191,0.0,26.147,0.0,0.1479
1414,36.039,40667.0,enc/off/vf=off/lk=0,578.677,578.677,578.677,0.0,26.297,0.0,0.1476
1415,36.059,40687.0,enc/off/vf=off/lk=0,579.17,579.17,579.17,0.0,28.367,0.0,0.1473
1416,36.079,40707.0,enc/off/vf=off/lk=0,579.671,579.671,579.671,0.0,21.883,0.0,0.1468
1417,36.099,40727.0,enc/off/vf=off/lk=0,580.172,580.172,580.172,0.0,28.735,0.0,0.1464
1418,36.119,40747.0,enc/off/vf=off/lk=0,580.656,580.656,580.656,0.0,28.776,0.0,0.1463
1419,36.139,40767.0,enc/off/vf=off/lk=0,581.144,581.144,581.144,0.0,26.185,0.0,0.1461
1420,36.159,40787.0,enc/off/vf=off/lk=0,581.626,581.626,581.626,0.0,19.418,0.0,0.1459
1421,36.179,40807.0,enc/off/vf=off/lk=0,582.109,582.109,582.109,0.0,26.073,0.0,0.1457
1422,36.199,40827.0,enc/off/vf=off/lk=0,582.6,582.6,582.6,0.0,21.977,0.0,0.1453
1423,36.219,40847.0,enc/off/vf=off/lk=0,583.077,583.077,583.077,0.0,28.206,0.0,0.1451
1424,36.239,40867.0,enc/off/vf=off/lk=0,583.569,583.569,583.569,0.0,21.913,0.0,0.1449
1425,36.259,40887.0,enc/off/vf=off/lk=0,584.052,584.052,584.052,0.0,26.678,0.0,0.1448
1426,36.279,40907.0,enc/off/vf=off/lk=0,584.53,584.53,584.53,0.0,26.334,0.0,0.1446
1427,36.299,40927.0,enc/off/vf=off/lk=0,585.008,585.008,585.008,0.0,19.779,0.0,0.1443
1428,36.319,40947.0,enc/off/vf=off/lk=0,585.488,585.488,585.488,0.0,28.529,0.0,0.1439
1429,36.339,40967.0,enc/off/vf=off/lk=0,585.981,585.981,585.981,0.0,22.103,0.0,0.1435
1430,36.359,40987.0,enc/off/vf=off/lk=0,586.456,586.456,586.456,0.0,21.883,0.0,0.1432
1431,36.379,41007.0,enc/off/vf=off/lk=0,586.944,586.944,586.944,0.0,22.008,0.0,0.143
1432,36.399,41027.0,enc/off/vf=off/lk=0,587.42,587.42,587.42,0.0,23.901,0.0,0.1429
1433,36.419,41047.0,enc/off/vf=off/lk=0,587.892,587.892,587.892,0.0,23.935,0.0,0.1428
1434,36.439,41067.0,enc/off/vf=off/lk=0,588.352,588.352,588.352,0.0,23.867,0.0,0.1426
1435,36.459,41087.0,enc/off/vf=off/lk=0,588.831,588.831,588.831,0.0,26.334,0.0,0.1423
1436,36.479,41107.0,enc/off/vf=off/lk=0,589.314,589.314,589.314,0.0,21.914,0.0,0.142
1437,36.499,41127.0,enc/off/vf=off/lk=0,589.794,589.794,589.794,0.0,23.969,0.0,0.1419
1438,36.519,41147.0,enc/off/vf=off/lk=0,590.271,590.271,590.271,0.0,24.244,0.0,0.1417
1439,36.539,41167.0,enc/off/vf=off/lk=0,590.728,590.728,590.728,0.0,24.003,0.0,0.1416
1440,36.559,41187.0,enc/off/vf=off/lk=0,591.193,591.193,591.193,0.0,23.901,0.0,0.1414
1441,36.579,41207.0,enc/off/vf=off/lk=0,591.659,591.659,591.659,0.0,21.914,0.0,0.1411
1442,36.599,41227.0,enc/off/vf=off/lk=0,592.138,592.138,592.138,0.0,19.611,0.0,0.1407
1443,36.619,41247.0,enc/off/vf=off/lk=0,592.618,592.618,592.618,0.0,21.728,0.0,0.1404
1444,36.639,41267.0,enc/off/vf=off/lk=0,593.098,593.098,593.098,0.0,28.326,0.0,0.1403
1445,36.659,41287.0,enc/off/vf=off/lk=0,593.565,593.565,593.565,0.0,26.222,0.0,0.1403
1446,36.679,41307.0,enc/off/vf=off/lk=0,594.013,594.013,594.013,0.0,22.04,0.0,0.1401
1447,36.699,41327.0,enc/off/vf=off/lk=0,594.477,594.477,594.477,0.0,24.105,0.0,0.1399
1448,36.719,41347.0,enc/off/vf=off/lk=0,594.951,594.951,594.951,0.0,21.696,0.0,0.1395
1449,36.739,41367.0,enc/off/vf=off/lk=0,595.425,595.425,595.425,0.0,26.297,0.0,0.1393
1450,36.759,41387.0,enc/off/vf=off/lk=0,595.899,595.899,595.899,0.0,26.41,0.0,0.1391
1451,36.779,41407.0,enc/off/vf=off/lk=0,596.355,596.355,596.355,0.0,22.361,0.0,0.1388
1452,36.799,41427.0,enc/off/vf=off/lk=0,596.818,596.818,596.818,0.0,26.296,0.0,0.1388
1453,36.819,41447.0,enc/off/vf=off/lk=0,597.274,597.274,597.274,0.0,23.901,0.0,0.1387
1454,36.839,41467.0,enc/off/vf=off/lk=0,597.729,597.729,597.729,0.0,22.135,0.0,0.1385
1455,36.859,41487.0,enc/off/vf=off/lk=0,598.194,598.194,598.194,0.0,23.968,0.0,0.1383
1456,36.879,41507.0,enc/off/vf=off/lk=0,598.667,598.667,598.667,0.0,21.914,0.0,0.138
1457,36.899,41527.0,enc/off/vf=off/lk=0,599.138,599.138,599.138,0.0,23.935,0.0,0.1378
1458,36.919,41547.0,enc/off/vf=off/lk=0,599.605,599.605,599.605,0.0,19.779,0.0,0.1376
1459,36.939,41567.0,enc/off/vf=off/lk=0,600.05,600.05,600.05,0.0,20.125,0.0,0.1376
1460,36.959,41587.0,enc/off/vf=off/lk=0,600.501,600.501,600.501,0.0,23.733,0.0,0.1375
1461,36.979,41607.0,enc/off/vf=off/lk=0,600.96,600.96,600.96,0.0,23.867,0.0,0.1372
1462,36.999,41627.0,enc/off/vf=off/lk=0,601.425,601.425,601.425,0.0,21.821,0.0,0.137
1463,37.019,41647.0,enc/off/vf=off/lk=0,601.874,601.874,601.874,0.0,23.935,0.0,0.1369
1464,37.039,41667.0,enc/off/vf=off/lk=0,602.341,602.341,602.341,0.0,21.728,0.0,0.1367
1465,37.059,41687.0,enc/off/vf=off/lk=0,602.802,602.802,602.802,0.0,19.583,0.0,0.1365
1466,37.079,41707.0,enc/off/vf=off/lk=0,603.253,603.253,603.253,0.0,24.14,0.0,0.1365
1467,37.099,41727.0,enc/off/vf=off/lk=0,603.703,603.703,603.703,0.0,21.914,0.0,0.1364
1468,37.119,41747.0,enc/off/vf=off/lk=0,604.155,604.155,604.155,0.0,24.14,0.0,0.1362
1469,37.139,41767.0,enc/off/vf=off/lk=0,604.614,604.614,604.614,0.0,24.279,0.0,0.1359
1470,37.159,41787.0,enc/off/vf=off/lk=0,605.062,605.062,605.062,0.0,24.244,0.0,0.1358
1471,37.179,41807.0,enc/off/vf=off/lk=0,605.522,605.522,605.522,0.0,22.741,0.0,0.1387
1472,37.199,41827.0,enc/off/vf=off/lk=0,605.987,605.987,605.987,0.0,19.639,0.0,0.139
1473,37.219,41847.0,enc/off/vf=off/lk=0,606.447,606.447,606.447,0.0,23.935,0.0,0.1395
1474,37.239,41867.0,enc/off/vf=off/lk=0,606.909,606.909,606.909,0.0,23.969,0.0,0.14
1475,37.259,41887.0,enc/off/vf=off/lk=0,607.375,607.375,607.375,0.0,26.524,0.0,0.1403
1476,37.279,41907.0,enc/off/vf=off/lk=0,607.838,607.838,607.838,0.0,19.836,0.0,0.1405
1477,37.299,41927.0,enc/off/vf=off/lk=0,608.315,608.315,608.315,0.0,22.008,0.0,0.1408
1478,37.319,41947.0,enc/off/vf=off/lk=0,608.792,608.792,608.792,0.0,24.279,0.0,0.1413
1479,37.339,41967.0,enc/off/vf=off/lk=0,609.263,609.263,609.263,0.0,26.11,0.0,0.1418
1480,37.359,41987.0,enc/off/vf=off/lk=0,609.728,609.728,609.728,0.0,21.914,0.0,0.1422
1481,37.379,42007.0,enc/off/vf=off/lk=0,610.198,610.198,610.198,0.0,22.167,0.0,0.1425
1482,37.399,42027.0,enc/off/vf=off/lk=0,610.676,610.676,610.676,0.0,26.147,0.0,0.1428
1483,37.419,42047.0,enc/off/vf=off/lk=0,611.149,611.149,611.149,0.0,26.334,0.0,0.1431
1484,37.439,42067.0,enc/off/vf=off/lk=0,611.641,611.641,611.641,0.0,26.222,0.0,0.1433
1485,37.459,42087.0,enc/off/vf=off/lk=0,612.124,612.124,612.124,0.0,21.728,0.0,0.1437
1486,37.479,42107.0,enc/off/vf=off/lk=0,612.603,612.603,612.603,0.0,26.037,0.0,0.1443
1487,37.499,42127.0,enc/off/vf=off/lk=0,613.078,613.078,613.078,0.0,22.04,0.0,0.1447
1488,37.519,42147.0,enc/off/vf=off/lk=0,613.546,613.546,613.546,0.0,26.639,0.0,0.145
1489,37.539,42167.0,enc/off/vf=off/lk=0,614.036,614.036,614.036,0.0,21.697,0.0,0.1453
1490,37.559,42187.0,enc/off/vf=off/lk=0,614.525,614.525,614.525,0.0,28.529,0.0,0.1456
1491,37.579,42207.0,enc/off/vf=off/lk=0,615.019,615.019,615.019,0.0,26.147,0.0,0.146
1492,37.599,42227.0,enc/off/vf=off/lk=0,615.493,615.493,615.493,0.0,26.562,0.0,0.1464
1493,37.619,42247.0,enc/off/vf=off/lk=0,615.975,615.975,615.975,0.0,26.222,0.0,0.1469
1494,37.639,42267.0,enc/off/vf=off/lk=0,616.459,616.459,616.459,0.0,28.776,0.0,0.1472
1495,37.659,42287.0,enc/off/vf=off/lk=0,616.952,616.952,616.952,0.0,26.486,0.0,0.1473
1496,37.679,42307.0,enc/off/vf=off/lk=0,617.452,617.452,617.452,0.0,26.259,0.0,0.1475
1497,37.699,42327.0,enc/off/vf=off/lk=0,617.956,617.956,617.956,0.0,26.563,0.0,0.1478
1498,37.719,42347.0,enc/off/vf=off/lk=0,618.458,618.458,618.458,0.0,21.728,0.0,0.1481
1499,37.739,42367.0,enc/off/vf=off/lk=0,618.935,618.935,618.935,0.0,26.678,0.0,0.1486
1500,37.759,42387.0,enc/off/vf=off/lk=0,619.424,619.424,619.424,0.0,21.852,0.0,0.149
1501,37.779,42407.0,enc/off/vf=off/lk=0,619.918,619.918,619.918,0.0,22.199,0.0,0.1492
1502,37.799,42427.0,enc/off/vf=off/lk=0,620.423,620.423,620.423,0.0,28.286,0.0,0.1495
1503,37.819,42447.0,enc/off/vf=off/lk=0,620.931,620.931,620.931,0.0,24.313,0.0,0.1497
1504,37.839,42467.0,enc/off/vf=off/lk=0,621.423,621.423,621.423,0.0,28.693,0.0,0.15
1505,37.859,42487.0,enc/off/vf=off/lk=0,621.925,621.925,621.925,0.0,21.666,0.0,0.1503
1506,37.879,42507.0,enc/off/vf=off/lk=0,622.416,622.416,622.416,0.0,21.914,0.0,0.1507
1507,37.899,42527.0,enc/off/vf=off/lk=0,622.913,622.913,622.913,0.0,26.334,0.0,0.151
1508,37.919,42547.0,enc/off/vf=off/lk=0,623.417,623.417,623.417,0.0,24.071,0.0,0.1513
1509,37.939,42567.0,enc/off/vf=off/lk=0,623.928,623.928,623.928,0.0,28.407,0.0,0.1516
1510,37.959,42587.0,enc/off/vf=off/lk=0,624.444,624.444,624.444,0.0,28.326,0.0,0.1518
1511,37.979,42607.0,enc/off/vf=off/lk=0,624.955,624.955,624.955,0.0,24.314,0.0,0.1521
1512,37.999,42627.0,enc/off/vf=off/lk=0,625.442,625.442,625.442,0.0,24.419,0.0,0.1525
1513,38.019,42647.0,enc/off/vf=off/lk=0,625.947,625.947,625.947,0.0,23.969,0.0,0.1527
1514,38.039,42667.0,enc/off/vf=off/lk=0,626.458,626.458,626.458,0.0,21.852,0.0,0.1529
1515,38.059,42687.0,enc/off/vf=off/lk=0,626.976,626.976,626.976,0.0,26.486,0.0,0.1531
1516,38.079,42707.0,enc/off/vf=off/lk=0,627.483,627.483,627.483,0.0,21.636,0.0,0.1534
1517,38.099,42727.0,enc/off/vf=off/lk=0,627.996,627.996,627.996,0.0,28.611,0.0,0.1538
1518,38.119,42747.0,enc/off/vf=off/lk=0,628.501,628.501,628.501,0.0,26.372,0.0,0.1542
1519,38.139,42767.0,enc/off/vf=off/lk=0,629.009,629.009,629.009,0.0,28.529,0.0,0.1544
1520,38.159,42787.0,enc/off/vf=off/lk=0,629.524,629.524,629.524,0.0,28.652,0.0,0.1545
1521,38.179,42807.0,enc/off/vf=off/lk=0,630.049,630.049,630.049,0.0,21.758,0.0,0.1546
1522,38.199,42827.0,enc/off/vf=off/lk=0,630.561,630.561,630.561,0.0,26.185,0.0,0.1548
1523,38.219,42847.0,enc/off/vf=off/lk=0,631.084,631.084,631.084,0.0,21.851,0.0,0.1551
1524,38.239,42867.0,enc/off/vf=off/lk=0,631.598,631.598,631.598,0.0,21.758,0.0,0.1555
1525,38.259,42887.0,enc/off/vf=off/lk=0,632.109,632.109,632.109,0.0,28.366,0.0,0.1559
1526,38.279,42907.0,enc/off/vf=off/lk=0,632.632,632.632,632.632,0.0,24.279,0.0,0.156
1527,38.299,42927.0,enc/off/vf=off/lk=0,633.144,633.144,633.144,0.0,28.087,0.0,0.1561
1528,38.319,42947.0,enc/off/vf=off/lk=0,633.674,633.674,633.674,0.0,26.524,0.0,0.1563
1529,38.339,42967.0,enc/off/vf=off/lk=0,634.197,634.197,634.197,0.0,26.11,0.0,0.1567
1530,38.359,42987.0,enc/off/vf=off/lk=0,634.715,634.715,634.715,0.0,21.914,0.0,0.157
1531,38.379,43007.0,enc/off/vf=off/lk=0,635.229,635.229,635.229,0.0,24.14,0.0,0.1572
1532,38.399,43027.0,enc/off/vf=off/lk=0,635.751,635.751,635.751,0.0,28.57,0.0,0.1574
1533,38.419,43047.0,enc/off/vf=off/lk=0,636.286,636.286,636.286,0.0,24.314,0.0,0.1574
1534,38.439,43067.0,enc/off/vf=off/lk=0,636.808,636.808,636.808,0.0,23.935,0.0,0.1576
1535,38.459,43087.0,enc/off/vf=off/lk=0,637.337,637.337,637.337,0.0,28.326,0.0,0.158
1536,38.479,43107.0,enc/off/vf=off/lk=0,637.86,637.86,637.86,0.0,26.073,0.0,0.1583
1537,38.499,43127.0,enc/off/vf=off/lk=0,638.381,638.381,638.381,0.0,24.209,0.0,0.1586
1538,38.519,43147.0,enc/off/vf=off/lk=0,638.895,638.895,638.895,0.0,28.367,0.0,0.1587
1539,38.539,43167.0,enc/off/vf=off/lk=0,639.429,639.429,639.429,0.0,24.279,0.0,0.1587
1540,38.559,43187.0,enc/off/vf=off/lk=0,639.969,639.969,639.969,0.0,28.57,0.0,0.159
1541,38.579,43207.0,enc/off/vf=off/lk=0,640.503,640.503,640.503,0.0,23.935,0.0,0.1593
1542,38.599,43227.0,enc/off/vf=off/lk=0,641.026,641.026,641.026,0.0,28.652,0.0,0.1597
1543,38.619,43247.0,enc/off/vf=off/lk=0,641.549,641.549,641.549,0.0,24.14,0.0,0.1599
1544,38.639,43267.0,enc/off/vf=off/lk=0,642.077,642.077,642.077,0.0,30.592,0.0,0.16
1545,38.659,43287.0,enc/off/vf=off/lk=0,642.62,642.62,642.62,0.0,28.693,0.0,0.16
1546,38.679,43307.0,enc/off/vf=off/lk=0,643.149,643.149,643.149,0.0,28.127,0.0,0.1602
1547,38.699,43327.0,enc/off/vf=off/lk=0,643.689,643.689,643.689,0.0,28.127,0.0,0.1605
1548,38.719,43347.0,enc/off/vf=off/lk=0,644.22,644.22,644.22,0.0,24.037,0.0,0.1609
1549,38.739,43367.0,enc/off/vf=off/lk=0,644.749,644.749,644.749,0.0,28.488,0.0,0.1611
1550,38.759,43387.0,enc/off/vf=off/lk=0,645.271,645.271,645.271,0.0,24.419,0.0,0.1611
1551,38.779,43407.0,enc/off/vf=off/lk=0,645.814,645.814,645.814,0.0,28.448,0.0,0.1612
1552,38.799,43427.0,enc/off/vf=off/lk=0,646.357,646.357,646.357,0.0,28.246,0.0,0.1615
1553,38.819,43447.0,enc/off/vf=off/lk=0,646.897,646.897,646.897,0.0,30.768,0.0,0.1618
1554,38.839,43467.0,enc/off/vf=off/lk=0,647.429,647.429,647.429,0.0,28.529,0.0,0.1621
1555,38.859,43487.0,enc/off/vf=off/lk=0,647.96,647.96,647.96,0.0,30.768,0.0,0.1622
1556,38.879,43507.0,enc/off/vf=off/lk=0,648.498,648.498,648.498,0.0,30.9,0.0,0.1623
1557,38.899,43527.0,enc/off/vf=off/lk=0,649.03,649.03,649.03,0.0,28.652,0.0,0.1625
1558,38.919,43547.0,enc/off/vf=off/lk=0,649.584,649.584,649.584,0.0,23.766,0.0,0.1625
1559,38.939,43567.0,enc/off/vf=off/lk=0,650.129,650.129,650.129,0.0,30.592,0.0,0.1628
1560,38.959,43587.0,enc/off/vf=off/lk=0,650.667,650.667,650.667,0.0,23.901,0.0,0.163
1561,38.979,43607.0,enc/off/vf=off/lk=0,651.204,651.204,651.204,0.0,24.14,0.0,0.1632
1562,38.999,43627.0,enc/off/vf=off/lk=0,651.733,651.733,651.733,0.0,24.562,0.0,0.1633
1563,39.019,43647.0,enc/off/vf=off/lk=0,652.285,652.285,652.285,0.0,26.185,0.0,0.1634
1564,39.039,43667.0,enc/off/vf=off/lk=0,652.836,652.836,652.836,0.0,26.259,0.0,0.1635
1565,39.059,43687.0,enc/off/vf=off/lk=0,653.382,653.382,653.382,0.0,30.856,0.0,0.1638
1566,39.079,43707.0,enc/off/vf=off/lk=0,653.904,653.904,653.904,0.0,28.652,0.0,0.1641
1567,39.099,43727.0,enc/off/vf=off/lk=0,654.455,654.455,654.455,0.0,24.455,0.0,0.1643
1568,39.119,43747.0,enc/off/vf=off/lk=0,654.991,654.991,654.991,0.0,26.335,0.0,0.1643
1569,39.139,43767.0,enc/off/vf=off/lk=0,655.55,655.55,655.55,0.0,30.636,0.0,0.1643
1570,39.159,43787.0,enc/off/vf=off/lk=0,656.11,656.11,656.11,0.0,24.279,0.0,0.1644
1571,39.179,43807.0,enc/off/vf=off/lk=0,656.648,656.648,656.648,0.0,26.413,0.0,0.1617
1572,39.199,43827.0,enc/off/vf=off/lk=0,657.182,657.182,657.182,0.0,22.04,0.0,0.1614
1573,39.219,43847.0,enc/off/vf=off/lk=0,657.717,657.717,657.717,0.0,30.505,0.0,0.1611
1574,39.239,43867.0,enc/off/vf=off/lk=0,658.263,658.263,658.263,0.0,24.314,0.0,0.1605
1575,39.259,43887.0,enc/off/vf=off/lk=0,658.791,658.791,658.791,0.0,28.611,0.0,0.16
1576,39.279,43907.0,enc/off/vf=off/lk=0,659.33,659.33,659.33,0.0,23.901,0.0,0.1597
1577,39.299,43927.0,enc/off/vf=off/lk=0,659.853,659.853,659.853,0.0,26.297,0.0,0.1595
1578,39.319,43947.0,enc/off/vf=off/lk=0,660.373,660.373,660.373,0.0,26.41,0.0,0.1592
1579,39.339,43967.0,enc/off/vf=off/lk=0,660.902,660.902,660.902,0.0,30.376,0.0,0.1587
1580,39.359,43987.0,enc/off/vf=off/lk=0,661.437,661.437,661.437,0.0,28.367,0.0,0.1582
1581,39.379,44007.0,enc/off/vf=off/lk=0,661.962,661.962,661.962,0.0,23.833,0.0,0.1577
1582,39.399,44027.0,enc/off/vf=off/lk=0,662.496,662.496,662.496,0.0,24.244,0.0,0.1575
1583,39.419,44047.0,enc/off/vf=off/lk=0,663.014,663.014,663.014,0.0,28.047,0.0,0.1573
1584,39.439,44067.0,enc/off/vf=off/lk=0,663.53,663.53,663.53,0.0,24.209,0.0,0.1569
1585,39.459,44087.0,enc/off/vf=off/lk=0,664.056,664.056,664.056,0.0,28.367,0.0,0.1564
1586,39.479,44107.0,enc/off/vf=off/lk=0,664.583,664.583,664.583,0.0,28.693,0.0,0.1561
1587,39.499,44127.0,enc/off/vf=off/lk=0,665.1,665.1,665.1,0.0,24.105,0.0,0.1556
1588,39.519,44147.0,enc/off/vf=off/lk=0,665.62,665.62,665.62,0.0,26.0,0.0,0.1554
1589,39.539,44167.0,enc/off/vf=off/lk=0,666.134,666.134,666.134,0.0,26.11,0.0,0.1552
1590,39.559,44187.0,enc/off/vf=off/lk=0,666.644,666.644,666.644,0.0,28.57,0.0,0.1549
1591,39.579,44207.0,enc/off/vf=off/lk=0,667.159,667.159,667.159,0.0,28.488,0.0,0.1544
1592,39.599,44227.0,enc/off/vf=off/lk=0,667.685,667.685,667.685,0.0,24.279,0.0,0.1539
1593,39.619,44247.0,enc/off/vf=off/lk=0,668.194,668.194,668.194,0.0,28.57,0.0,0.1535
1594,39.639,44267.0,enc/off/vf=off/lk=0,668.716,668.716,668.716,0.0,23.799,0.0,0.1533
1595,39.659,44287.0,enc/off/vf=off/lk=0,669.222,669.222,669.222,0.0,28.529,0.0,0.1532
1596,39.679,44307.0,enc/off/vf=off/lk=0,669.725,669.725,669.725,0.0,21.728,0.0,0.1529
1597,39.699,44327.0,enc/off/vf=off/lk=0,670.233,670.233,670.233,0.0,28.611,0.0,0.1525
1598,39.719,44347.0,enc/off/vf=off/lk=0,670.733,670.733,670.733,0.0,22.199,0.0,0.152
1599,39.739,44367.0,enc/off/vf=off/lk=0,671.252,671.252,671.252,0.0,24.105,0.0,0.1516
1600,39.759,44387.0,enc/off/vf=off/lk=0,671.764,671.764,671.764,0.0,28.818,0.0,0.1514
1601,39.779,44407.0,enc/off/vf=off/lk=0,672.267,672.267,672.267,0.0,26.073,0.0,0.1512
1602,39.799,44427.0,enc/off/vf=off/lk=0,672.763,672.763,672.763,0.0,26.073,0.0,0.151
1603,39.819,44447.0,enc/off/vf=off/lk=0,673.26,673.26,673.26,0.0,26.335,0.0,0.1507
1604,39.839,44467.0,enc/off/vf=off/lk=0,673.766,673.766,673.766,0.0,26.486,0.0,0.1503
1605,39.859,44487.0,enc/off/vf=off/lk=0,674.263,674.263,674.263,0.0,26.601,0.0,0.15
1606,39.879,44507.0,enc/off/vf=off/lk=0,674.775,674.775,674.775,0.0,21.79,0.0,0.1496
1607,39.899,44527.0,enc/off/vf=off/lk=0,675.275,675.275,675.275,0.0,24.071,0.0,0.1493
1608,39.919,44547.0,enc/off/vf=off/lk=0,675.771,675.771,675.771,0.0,26.147,0.0,0.1491
1609,39.939,44567.0,enc/off/vf=off/lk=0,676.262,676.262,676.262,0.0,26.335,0.0,0.1489
1610,39.959,44587.0,enc/off/vf=off/lk=0,676.748,676.748,676.748,0.0,21.697,0.0,0.1485
1611,39.979,44607.0,enc/off/vf=off/lk=0,677.249,677.249,677.249,0.0,23.733,0.0,0.1482
1612,39.999,44627.0,enc/off/vf=off/lk=0,677.751,677.751,677.751,0.0,21.697,0.0,0.148
1613,40.019,44647.0,enc/off/vf=off/lk=0,678.248,678.248,678.248,0.0,24.175,0.0,0.1477
1614,40.039,44667.0,enc/off/vf=off/lk=0,678.724,678.724,678.724,0.0,24.071,0.0,0.1476
1615,40.059,44687.0,enc/off/vf=off/lk=0,679.207,679.207,679.207,0.0,26.259,0.0,0.1474
1616,40.079,44707.0,enc/off/vf=off/lk=0,679.699,679.699,679.699,0.0,28.407,0.0,0.147
1617,40.099,44727.0,enc/off/vf=off/lk=0,680.196,680.196,680.196,0.0,28.127,0.0,0.1466
1618,40.119,44747.0,enc/off/vf=off/lk=0,680.699,680.699,680.699,0.0,28.529,0.0,0.1462
1619,40.139,44767.0,enc/off/vf=off/lk=0,681.198,681.198,681.198,0.0,21.728,0.0,0.1459
1620,40.159,44787.0,enc/off/vf=off/lk=0,681.681,681.681,681.681,0.0,26.372,0.0,0.1459
1621,40.179,44807.0,enc/off/vf=off/lk=0,682.152,682.152,682.152,0.0,19.666,0.0,0.1456
1622,40.199,44827.0,enc/off/vf=off/lk=0,682.634,682.634,682.634,0.0,26.185,0.0,0.1454
1623,40.219,44847.0,enc/off/vf=off/lk=0,683.123,683.123,683.123,0.0,22.232,0.0,0.1451
1624,40.239,44867.0,enc/off/vf=off/lk=0,683.615,683.615,683.615,0.0,22.072,0.0,0.1448
1625,40.259,44887.0,enc/off/vf=off/lk=0,684.091,684.091,684.091,0.0,21.728,0.0,0.1446
1626,40.279,44907.0,enc/off/vf=off/lk=0,684.573,684.573,684.573,0.0,23.901,0.0,0.1445
1627,40.299,44927.0,enc/off/vf=off/lk=0,685.05,685.05,685.05,0.0,19.98,0.0,0.1443
1628,40.319,44947.0,enc/off/vf=off/lk=0,685.528,685.528,685.528,0.0,19.723,0.0,0.144
1629,40.339,44967.0,enc/off/vf=off/lk=0,686.005,686.005,686.005,0.0,26.185,0.0,0.1437
1630,40.359,44987.0,enc/off/vf=off/lk=0,686.496,686.496,686.496,0.0,28.246,0.0,0.1433
1631,40.379,45007.0,enc/off/vf=off/lk=0,686.989,686.989,686.989,0.0,28.735,0.0,0.143
1632,40.399,45027.0,enc/off/vf=off/lk=0,687.46,687.46,687.46,0.0,26.755,0.0,0.1428
1633,40.419,45047.0,enc/off/vf=off/lk=0,687.934,687.934,687.934,0.0,26.222,0.0,0.1427
1634,40.439,45067.0,enc/off/vf=off/lk=0,688.405,688.405,688.405,0.0,23.766,0.0,0.1425
1635,40.459,45087.0,enc/off/vf=off/lk=0,688.875,688.875,688.875,0.0,25.999,0.0,0.1424
1636,40.479,45107.0,enc/off/vf=off/lk=0,689.354,689.354,689.354,0.0,26.372,0.0,0.1421
1637,40.499,45127.0,enc/off/vf=off/lk=0,689.82,689.82,689.82,0.0,24.384,0.0,0.1419
1638,40.519,45147.0,enc/off/vf=off/lk=0,690.302,690.302,690.302,0.0,19.555,0.0,0.1416
1639,40.539,45167.0,enc/off/vf=off/lk=0,690.781,690.781,690.781,0.0,19.639,0.0,0.1414
1640,40.559,45187.0,enc/off/vf=off/lk=0,691.247,691.247,691.247,0.0,24.14,0.0,0.1413
1641,40.579,45207.0,enc/off/vf=off/lk=0,691.71,691.71,691.71,0.0,24.14,0.0,0.1412
1642,40.599,45227.0,enc/off/vf=off/lk=0,692.18,692.18,692.18,0.0,21.883,0.0,0.1409
1643,40.619,45247.0,enc/off/vf=off/lk=0,692.655,692.655,692.655,0.0,21.789,0.0,0.1406
1644,40.639,45267.0,enc/off/vf=off/lk=0,693.122,693.122,693.122,0.0,26.755,0.0,0.1403
1645,40.659,45287.0,enc/off/vf=off/lk=0,693.6,693.6,693.6,0.0,21.977,0.0,0.1401
1646,40.679,45307.0,enc/off/vf=off/lk=0,694.068,694.068,694.068,0.0,26.11,0.0,0.1401
1647,40.699,45327.0,enc/off/vf=off/lk=0,694.531,694.531,694.531,0.0,26.259,0.0,0.14
1648,40.719,45347.0,enc/off/vf=off/lk=0,694.993,694.993,694.993,0.0,24.279,0.0,0.1398
1649,40.739,45367.0,enc/off/vf=off/lk=0,695.452,695.452,695.452,0.0,19.472,0.0,0.1394
1650,40.759,45387.0,enc/off/vf=off/lk=0,695.927,695.927,695.927,0.0,25.927,0.0,0.1391
1651,40.779,45407.0,enc/off/vf=off/lk=0,696.401,696.401,696.401,0.0,26.073,0.0,0.1389
1652,40.799,45427.0,enc/off/vf=off/lk=0,696.869,696.869,696.869,0.0,26.11,0.0,0.1387
1653,40.819,45447.0,enc/off/vf=off/lk=0,697.332,697.332,697.332,0.0,24.279,0.0,0.1386
1654,40.839,45467.0,enc/off/vf=off/lk=0,697.786,697.786,697.786,0.0,19.779,0.0,0.1385
1655,40.859,45487.0,enc/off/vf=off/lk=0,698.244,698.244,698.244,0.0,22.232,0.0,0.1383
1656,40.879,45507.0,enc/off/vf=off/lk=0,698.691,698.691,698.691,0.0,26.486,0.0,0.1381
1657,40.899,45527.0,enc/off/vf=off/lk=0,699.164,699.164,699.164,0.0,23.901,0.0,0.1378
1658,40.919,45547.0,enc/off/vf=off/lk=0,699.635,699.635,699.635,0.0,23.799,0.0,0.1376
1659,40.939,45567.0,enc/off/vf=off/lk=0,700.103,700.103,700.103,0.0,23.935,0.0,0.1375
1660,40.959,45587.0,enc/off/vf=off/lk=0,700.56,700.56,700.56,0.0,19.808,0.0,0.1374
1661,40.979,45607.0,enc/off/vf=off/lk=0,701.0,701.0,701.0,0.0,24.175,0.0,0.1373
1662,40.999,45627.0,enc/off/vf=off/lk=0,701.459,701.459,701.459,0.0,21.666,0.0,0.1371
1663,41.019,45647.0,enc/off/vf=off/lk=0,701.92,701.92,701.92,0.0,19.779,0.0,0.1369
1664,41.039,45667.0,enc/off/vf=off/lk=0,702.382,702.382,702.382,0.0,22.072,0.0,0.1367
1665,41.059,45687.0,enc/off/vf=off/lk=0,702.838,702.838,702.838,0.0,17.683,0.0,0.1365
1666,41.079,45707.0,enc/off/vf=off/lk=0,703.3,703.3,703.3,0.0,19.527,0.0,0.1363
1667,41.099,45727.0,enc/off/vf=off/lk=0,703.749,703.749,703.749,0.0,24.597,0.0,0.1363
1668,41.119,45747.0,enc/off/vf=off/lk=0,704.195,704.195,704.195,0.0,19.666,0.0,0.1362
1669,41.139,45767.0,enc/off/vf=off/lk=0,704.648,704.648,704.648,0.0,24.14,0.0,0.136
1670,41.159,45787.0,enc/off/vf=off/lk=0,705.105,705.105,705.105,0.0,24.002,0.0,0.1357
1671,41.179,45807.0,enc/off/vf=off/lk=0,705.567,705.567,705.567,0.0,22.468,0.0,0.1294
1672,41.199,45827.0,enc/off/vf=off/lk=0,706.01,706.01,706.01,0.0,19.639,0.0,0.1282
1673,41.219,45847.0,enc/off/vf=off/lk=0,706.438,706.438,706.438,0.0,19.527,0.0,0.127
1674,41.239,45867.0,enc/off/vf=off/lk=0,706.863,706.863,706.863,0.0,17.481,0.0,0.1258
1675,41.259,45887.0,enc/off/vf=off/lk=0,707.274,707.274,707.274,0.0,21.545,0.0,0.1246
1676,41.279,45907.0,enc/off/vf=off/lk=0,707.681,707.681,707.681,0.0,21.697,0.0,0.1234
1677,41.299,45927.0,enc/off/vf=off/lk=0,708.104,708.104,708.104,0.0,19.751,0.0,0.1221
1678,41.319,45947.0,enc/off/vf=off/lk=0,708.515,708.515,708.515,0.0,21.575,0.0,0.1208
1679,41.339,45967.0,enc/off/vf=off/lk=0,708.914,708.914,708.914,0.0,23.733,0.0,0.1197
1680,41.359,45987.0,enc/off/vf=off/lk=0,709.319,709.319,709.319,0.0,17.506,0.0,0.1186
1681,41.379,46007.0,enc/off/vf=off/lk=0,709.702,709.702,709.702,0.0,17.456,0.0,0.1177
1682,41.399,46027.0,enc/off/vf=off/lk=0,710.087,710.087,710.087,0.0,15.124,0.0,0.1165
1683,41.419,46047.0,enc/off/vf=off/lk=0,710.475,710.475,710.475,0.0,15.231,0.0,0.1153
1684,41.439,46067.0,enc/off/vf=off/lk=0,710.853,710.853,710.853,0.0,17.632,0.0,0.114
1685,41.459,46087.0,enc/off/vf=off/lk=0,711.239,711.239,711.239,0.0,21.697,0.0,0.1129
1686,41.479,46107.0,enc/off/vf=off/lk=0,711.617,711.617,711.617,0.0,21.365,0.0,0.1118
1687,41.499,46127.0,enc/off/vf=off/lk=0,711.996,711.996,711.996,0.0,21.636,0.0,0.1107
1688,41.519,46147.0,enc/off/vf=off/lk=0,712.358,712.358,712.358,0.0,19.418,0.0,0.1099
1689,41.539,46167.0,enc/off/vf=off/lk=0,712.723,712.723,712.723,0.0,17.531,0.0,0.1087
1690,41.559,46187.0,enc/off/vf=off/lk=0,713.088,713.088,713.088,0.0,17.284,0.0,0.1075
1691,41.579,46207.0,enc/off/vf=off/lk=0,713.43,713.43,713.43,0.0,15.45,0.0,0.1066
1692,41.599,46227.0,enc/off/vf=off/lk=0,713.772,713.772,713.772,0.0,19.336,0.0,0.1057
1693,41.619,46247.0,enc/off/vf=off/lk=0,714.131,714.131,714.131,0.0,19.5,0.0,0.1046
1694,41.639,46267.0,enc/off/vf=off/lk=0,714.479,714.479,714.479,0.0,19.39,0.0,0.1035
1695,41.659,46287.0,enc/off/vf=off/lk=0,714.84,714.84,714.84,0.0,15.361,0.0,0.1022
1696,41.679,46307.0,enc/off/vf=off/lk=0,715.173,715.173,715.173,0.0,17.26,0.0,0.1014
1697,41.699,46327.0,enc/off/vf=off/lk=0,715.495,715.495,715.495,0.0,17.188,0.0,0.1007
1698,41.719,46347.0,enc/off/vf=off/lk=0,715.838,715.838,715.838,0.0,15.296,0.0,0.0995
1699,41.739,46367.0,enc/off/vf=off/lk=0,716.159,716.159,716.159,0.0,19.472,0.0,0.0985
1700,41.759,46387.0,enc/off/vf=off/lk=0,716.461,716.461,716.461,0.0,15.472,0.0,0.0979
1701,41.779,46407.0,enc/off/vf=off/lk=0,716.789,716.789,716.789,0.0,17.456,0.0,0.0969
1702,41.799,46427.0,enc/off/vf=off/lk=0,717.105,717.105,717.105,0.0,17.506,0.0,0.0957
1703,41.819,46447.0,enc/off/vf=off/lk=0,717.423,717.423,717.423,0.0,15.562,0.0,0.0948
1704,41.839,46467.0,enc/off/vf=off/lk=0,717.734,717.734,717.734,0.0,17.531,0.0,0.0939
1705,41.859,46487.0,enc/off/vf=off/lk=0,718.055,718.055,718.055,0.0,15.145,0.0,0.093
1706,41.879,46507.0,enc/off/vf=off/lk=0,718.363,718.363,718.363,0.0,19.638,0.0,0.092
1707,41.899,46527.0,enc/off/vf=off/lk=0,718.647,718.647,718.647,0.0,15.018,0.0,0.0916
1708,41.919,46547.0,enc/off/vf=off/lk=0,718.961,718.961,718.961,0.0,12.945,0.0,0.0904
1709,41.939,46567.0,enc/off/vf=off/lk=0,719.241,719.241,719.241,0.0,17.212,0.0,0.0896
1710,41.959,46587.0,enc/off/vf=off/lk=0,719.528,719.528,719.528,0.0,15.296,0.0,0.089
1711,41.979,46607.0,enc/off/vf=off/lk=0,719.819,719.819,719.819,0.0,12.963,0.0,0.0878
1712,41.999,46627.0,enc/off/vf=off/lk=0,720.089,720.089,720.089,0.0,12.945,0.0,0.0871
1713,42.019,46647.0,enc/off/vf=off/lk=0,720.379,720.379,720.379,0.0,15.167,0.0,0.0862
1714,42.039,46667.0,enc/off/vf=off/lk=0,720.673,720.673,720.673,0.0,15.209,0.0,0.0853
1715,42.059,46687.0,enc/off/vf=off/lk=0,720.948,720.948,720.948,0.0,15.018,0.0,0.0846
1716,42.079,46707.0,enc/off/vf=off/lk=0,721.218,721.218,721.218,0.0,13.0,0.0,0.084
1717,42.099,46727.0,enc/off/vf=off/lk=0,721.505,721.505,721.505,0.0,17.358,0.0,0.0828
1718,42.119,46747.0,enc/off/vf=off/lk=0,721.75,721.75,721.75,0.0,12.891,0.0,0.0826
1719,42.139,46767.0,enc/off/vf=off/lk=0,722.036,722.036,722.036,0.0,10.895,0.0,0.0812
1720,42.159,46787.0,enc/off/vf=off/lk=0,722.266,722.266,722.266,0.0,13.0,0.0,0.0811
1721,42.179,46807.0,enc/off/vf=off/lk=0,722.533,722.533,722.533,0.0,12.855,0.0,0.08
1722,42.199,46827.0,enc/off/vf=off/lk=0,722.77,722.77,722.77,0.0,10.91,0.0,0.0795
1723,42.219,46847.0,enc/off/vf=off/lk=0,723.028,723.028,723.028,0.0,12.945,0.0,0.0786
1724,42.239,46867.0,enc/off/vf=off/lk=0,723.281,723.281,723.281,0.0,13.13,0.0,0.0777
1725,42.259,46887.0,enc/off/vf=off/lk=0,723.528,723.528,723.528,0.0,10.879,0.0,0.0771
1726,42.279,46907.0,enc/off/vf=off/lk=0,723.79,723.79,723.79,0.0,10.849,0.0,0.0761
1727,42.299,46927.0,enc/off/vf=off/lk=0,724.028,724.028,724.028,0.0,12.854,0.0,0.0756
1728,42.319,46947.0,enc/off/vf=off/lk=0,724.286,724.286,724.286,0.0,8.753,0.0,0.0747
1729,42.339,46967.0,enc/off/vf=off/lk=0,724.51,724.51,724.51,0.0,10.833,0.0,0.0742
1730,42.359,46987.0,enc/off/vf=off/lk=0,724.755,724.755,724.755,0.0,10.803,0.0,0.0733
1731,42.379,47007.0,enc/off/vf=off/lk=0,724.962,724.962,724.962,0.0,13.074,0.0,0.0731
1732,42.399,47027.0,enc/off/vf=off/lk=0,725.206,725.206,725.206,0.0,11.036,0.0,0.0721
1733,42.419,47047.0,enc/off/vf=off/lk=0,725.397,725.397,725.397,0.0,10.926,0.0,0.072
1734,42.439,47067.0,enc/off/vf=off/lk=0,725.643,725.643,725.643,0.0,8.654,0.0,0.0708
1735,42.459,47087.0,enc/off/vf=off/lk=0,725.837,725.837,725.837,0.0,8.618,0.0,0.0706
1736,42.479,47107.0,enc/off/vf=off/lk=0,726.076,726.076,726.076,0.0,10.973,0.0,0.0694
1737,42.499,47127.0,enc/off/vf=off/lk=0,726.276,726.276,726.276,0.0,10.772,0.0,0.0691
1738,42.519,47147.0,enc/off/vf=off/lk=0,726.506,726.506,726.506,0.0,10.879,0.0,0.0681
1739,42.539,47167.0,enc/off/vf=off/lk=0,726.719,726.719,726.719,0.0,10.91,0.0,0.0678
1740,42.559,47187.0,enc/off/vf=off/lk=0,726.943,726.943,726.943,0.0,10.941,0.0,0.0669
1741,42.579,47207.0,enc/off/vf=off/lk=0,727.148,727.148,727.148,0.0,8.753,0.0,0.0664
1742,42.599,47227.0,enc/off/vf=off/lk=0,727.375,727.375,727.375,0.0,10.833,0.0,0.0655
1743,42.619,47247.0,enc/off/vf=off/lk=0,727.547,727.547,727.547,0.0,10.757,0.0,0.0656
1744,42.639,47267.0,enc/off/vf=off/lk=0,727.771,727.771,727.771,0.0,13.111,0.0,0.0644
1745,42.659,47287.0,enc/off/vf=off/lk=0,727.949,727.949,727.949,0.0,6.491,0.0,0.0645
1746,42.679,47307.0,enc/off/vf=off/lk=0,728.127,728.127,728.127,0.0,12.909,0.0,0.0637
1747,42.699,47327.0,enc/off/vf=off/lk=0,728.342,728.342,728.342,0.0,8.741,0.0,0.0629
1748,42.719,47347.0,enc/off/vf=off/lk=0,728.494,728.494,728.494,0.0,8.667,0.0,0.063
1749,42.739,47367.0,enc/off/vf=off/lk=0,728.698,728.698,728.698,0.0,10.742,0.0,0.0617
1750,42.759,47387.0,enc/off/vf=off/lk=0,728.871,728.871,728.871,0.0,8.829,0.0,0.0617
1751,42.779,47407.0,enc/off/vf=off/lk=0,729.035,729.035,729.035,0.0,8.829,0.0,0.0612
1752,42.799,47427.0,enc/off/vf=off/lk=0,729.244,729.244,729.244,0.0,8.642,0.0,0.0602
1753,42.819,47447.0,enc/off/vf=off/lk=0,729.402,729.402,729.402,0.0,8.906,0.0,0.06
1754,42.839,47467.0,enc/off/vf=off/lk=0,729.601,729.601,729.601,0.0,11.1,0.0,0.0591
1755,42.859,47487.0,enc/off/vf=off/lk=0,729.781,729.781,729.781,0.0,8.829,0.0,0.0589
1756,42.879,47507.0,enc/off/vf=off/lk=0,729.959,729.959,729.959,0.0,13.0,0.0,0.0582
1757,42.899,47527.0,enc/off/vf=off/lk=0,730.143,730.143,730.143,0.0,8.741,0.0,0.0578
1758,42.919,47547.0,enc/off/vf=off/lk=0,730.313,730.313,730.313,0.0,8.654,0.0,0.0573
1759,42.939,47567.0,enc/off/vf=off/lk=0,730.505,730.505,730.505,0.0,10.742,0.0,0.0563
1760,42.959,47587.0,enc/off/vf=off/lk=0,730.64,730.64,730.64,0.0,6.5,0.0,0.0567
1761,42.979,47607.0,enc/off/vf=off/lk=0,730.81,730.81,730.81,0.0,10.772,0.0,0.0557
1762,42.999,47627.0,enc/off/vf=off/lk=0,731.0,731.0,731.0,0.0,6.584,0.0,0.055
1763,43.019,47647.0,enc/off/vf=off/lk=0,731.109,731.109,731.109,0.0,4.339,0.0,0.0556
1764,43.039,47667.0,enc/off/vf=off/lk=0,731.255,731.255,731.255,0.0,8.679,0.0,0.0546
1765,43.059,47687.0,enc/off/vf=off/lk=0,731.445,731.445,731.445,0.0,8.753,0.0,0.0537
1766,43.079,47707.0,enc/off/vf=off/lk=0,731.565,731.565,731.565,0.0,6.5,0.0,0.0541
1767,43.099,47727.0,enc/off/vf=off/lk=0,731.683,731.683,731.683,0.0,8.667,0.0,0.0537
1768,43.119,47747.0,enc/off/vf=off/lk=0,731.876,731.876,731.876,0.0,8.741,0.0,0.0524
1769,43.139,47767.0,enc/off/vf=off/lk=0,731.997,731.997,731.997,0.0,6.603,0.0,0.0527
1770,43.159,47787.0,enc/off/vf=off/lk=0,732.125,732.125,732.125,0.0,6.555,0.0,0.0523
1771,43.179,47807.0,enc/off/vf=off/lk=0,732.301,732.301,732.301,0.0,10.818,0.0,0.0511
1772,43.199,47827.0,enc/off/vf=off/lk=0,732.431,732.431,732.431,0.0,4.315,0.0,0.0513
1773,43.219,47847.0,enc/off/vf=off/lk=0,732.568,732.568,732.568,0.0,6.473,0.0,0.0508
1774,43.239,47867.0,enc/off/vf=off/lk=0,732.738,732.738,732.738,0.0,8.728,0.0,0.0499
1775,43.259,47887.0,enc/off/vf=off/lk=0,732.888,732.888,732.888,0.0,6.445,0.0,0.0497
1776,43.279,47907.0,enc/off/vf=off/lk=0,733.023,733.023,733.023,0.0,6.574,0.0,0.0494
1777,43.299,47927.0,enc/off/vf=off/lk=0,733.188,733.188,733.188,0.0,6.593,0.0,0.0486
1778,43.319,47947.0,enc/off/vf=off/lk=0,733.313,733.313,733.313,0.0,6.555,0.0,0.0486
1779,43.339,47967.0,enc/off/vf=off/lk=0,733.456,733.456,733.456,0.0,8.679,0.0,0.0481
1780,43.359,47987.0,enc/off/vf=off/lk=0,733.617,733.617,733.617,0.0,6.427,0.0,0.0472
1781,43.379,48007.0,enc/off/vf=off/lk=0,733.72,733.72,733.72,0.0,4.37,0.0,0.0478
1782,43.399,48027.0,enc/off/vf=off/lk=0,733.806,733.806,733.806,0.0,6.574,0.0,0.0476
1783,43.419,48047.0,enc/off/vf=off/lk=0,733.953,733.953,733.953,0.0,8.642,0.0,0.0465
1784,43.439,48067.0,enc/off/vf=off/lk=0,734.111,734.111,734.111,0.0,6.565,0.0,0.0458
1785,43.459,48087.0,enc/off/vf=off/lk=0,734.195,734.195,734.195,0.0,2.182,0.0,0.0465
1786,43.479,48107.0,enc/off/vf=off/lk=0,734.252,734.252,734.252,0.0,2.195,0.0,0.0466
1787,43.499,48127.0,enc/off/vf=off/lk=0,734.366,734.366,734.366,0.0,6.482,0.0,0.0456
1788,43.519,48147.0,enc/off/vf=off/lk=0,734.527,734.527,734.527,0.0,8.716,0.0,0.0446
1789,43.539,48167.0,enc/off/vf=off/lk=0,734.633,734.633,734.633,0.0,2.188,0.0,0.0449
1790,43.559,48187.0,enc/off/vf=off/lk=0,734.706,734.706,734.706,0.0,4.315,0.0,0.045
1791,43.579,48207.0,enc/off/vf=off/lk=0,734.789,734.789,734.789,0.0,4.303,0.0,0.0447
1792,43.599,48227.0,enc/off/vf=off/lk=0,734.933,734.933,734.933,0.0,10.926,0.0,0.0434
1793,43.619,48247.0,enc/off/vf=off/lk=0,735.051,735.051,735.051,0.0,4.364,0.0,0.0435
1794,43.639,48267.0,enc/off/vf=off/lk=0,735.133,735.133,735.133,0.0,4.395,0.0,0.0436
1795,43.659,48287.0,enc/off/vf=off/lk=0,735.229,735.229,735.229,0.0,6.537,0.0,0.0432
1796,43.679,48307.0,enc/off/vf=off/lk=0,735.338,735.338,735.338,0.0,6.546,0.0,0.0426
1797,43.699,48327.0,enc/off/vf=off/lk=0,735.489,735.489,735.489,0.0,4.285,0.0,0.0418
1798,43.719,48347.0,enc/off/vf=off/lk=0,735.553,735.553,735.553,0.0,4.37,0.0,0.0425
1799,43.739,48367.0,enc/off/vf=off/lk=0,735.648,735.648,735.648,0.0,6.593,0.0,0.0419
1800,43.759,48387.0,enc/off/vf=off/lk=0,735.765,735.765,735.765,0.0,6.555,0.0,0.0413
1801,43.779,48407.0,enc/off/vf=off/lk=0,735.9,735.9,735.9,0.0,6.593,0.0,0.0406
1802,43.799,48427.0,enc/off/vf=off/lk=0,736.01,736.01,736.01,0.0,4.352,0.0,0.0406
1803,43.819,48447.0,enc/off/vf=off/lk=0,736.091,736.091,736.091,0.0,4.377,0.0,0.0407
1804,43.839,48467.0,enc/off/vf=off/lk=0,736.206,736.206,736.206,0.0,6.555,0.0,0.0399
1805,43.859,48487.0,enc/off/vf=off/lk=0,736.34,736.34,736.34,0.0,6.5,0.0,0.0394
1806,43.879,48507.0,enc/off/vf=off/lk=0,736.42,736.42,736.42,0.0,4.315,0.0,0.0397
1807,43.899,48527.0,enc/off/vf=off/lk=0,736.53,736.53,736.53,0.0,4.389,0.0,0.039
1808,43.919,48547.0,enc/off/vf=off/lk=0,736.619,736.619,736.619,0.0,6.473,0.0,0.039
1809,43.939,48567.0,enc/off/vf=off/lk=0,736.751,736.751,736.751,0.0,8.791,0.0,0.0381
1810,43.959,48587.0,enc/off/vf=off/lk=0,736.829,736.829,736.829,0.0,2.191,0.0,0.0387
1811,43.979,48607.0,enc/off/vf=off/lk=0,736.852,736.852,736.852,0.0,2.16,0.0,0.0391
1812,43.999,48627.0,enc/off/vf=off/lk=0,736.886,736.886,736.886,0.0,2.154,0.0,0.0389
1813,44.019,48647.0,enc/off/vf=off/lk=0,736.955,736.955,736.955,0.0,6.5,0.0,0.0383
1814,44.039,48667.0,enc/off/vf=off/lk=0,737.072,737.072,737.072,0.0,4.339,0.0,0.0373
1815,44.059,48687.0,enc/off/vf=off/lk=0,737.187,737.187,737.187,0.0,6.418,0.0,0.0369
1816,44.079,48707.0,enc/off/vf=off/lk=0,737.286,737.286,737.286,0.0,2.164,0.0,0.037
1817,44.099,48727.0,enc/off/vf=off/lk=0,737.314,737.314,737.314,0.0,0.0,0.0,0.0376
1818,44.119,48747.0,enc/off/vf=off/lk=0,737.326,737.326,737.326,0.0,0.0,0.0,0.0379
1819,44.139,48767.0,enc/off/vf=off/lk=0,737.336,737.336,737.336,0.0,2.151,0.0,0.0379
1820,44.159,48787.0,enc/off/vf=off/lk=0,737.342,737.342,737.342,0.0,0.0,0.0,0.0379
1821,44.179,48807.0,enc/off/vf=off/lk=0,737.349,737.349,737.349,0.0,0.0,0.0,0.0379
1822,44.199,48827.0,enc/off/vf=off/lk=0,737.365,737.365,737.365,0.0,0.0,0.0,0.0377
1823,44.219,48847.0,enc/off/vf=off/lk=0,737.398,737.398,737.398,0.0,2.154,0.0,0.0374
1824,44.239,48867.0,enc/off/vf=off/lk=0,737.475,737.475,737.475,0.0,6.5,0.0,0.0366
1825,44.259,48887.0,enc/off/vf=off/lk=0,737.601,737.601,737.601,0.0,6.418,0.0,0.0355
1826,44.279,48907.0,enc/off/vf=off/lk=0,737.708,737.708,737.708,0.0,4.421,0.0,0.0354
1827,44.299,48927.0,enc/off/vf=off/lk=0,737.759,737.759,737.759,0.0,2.191,0.0,0.036
1828,44.319,48947.0,enc/off/vf=off/lk=0,737.794,737.794,737.794,0.0,2.154,0.0,0.0361
1829,44.339,48967.0,enc/off/vf=off/lk=0,737.833,737.833,737.833,0.0,2.185,0.0,0.036
1830,44.359,48987.0,enc/off/vf=off/lk=0,737.872,737.872,737.872,0.0,0.0,0.0,0.0358
1831,44.379,49007.0,enc/off/vf=off/lk=0,737.917,737.917,737.917,0.0,2.173,0.0,0.0356
1832,44.399,49027.0,enc/off/vf=off/lk=0,738.0,738.0,738.0,0.0,6.5,0.0,0.0348
1833,44.419,49047.0,enc/off/vf=off/lk=0,738.136,738.136,738.136,0.0,4.358,0.0,0.0338
1834,44.439,49067.0,enc/off/vf=off/lk=0,738.182,738.182,738.182,0.0,2.145,0.0,0.0347
1835,44.459,49087.0,enc/off/vf=off/lk=0,738.219,738.219,738.219,0.0,2.173,0.0,0.0348
1836,44.479,49107.0,enc/off/vf=off/lk=0,738.265,738.265,738.265,0.0,2.195,0.0,0.0345
1837,44.499,49127.0,enc/off/vf=off/lk=0,738.33,738.33,738.33,0.0,4.383,0.0,0.0341
1838,44.519,49147.0,enc/off/vf=off/lk=0,738.385,738.385,738.385,0.0,2.176,0.0,0.0341
1839,44.539,49167.0,enc/off/vf=off/lk=0,738.446,738.446,738.446,0.0,4.389,0.0,0.0337
1840,44.559,49187.0,enc/off/vf=off/lk=0,738.58,738.58,738.58,0.0,6.518,0.0,0.0325
1841,44.579,49207.0,enc/off/vf=off/lk=0,738.644,738.644,738.644,0.0,2.164,0.0,0.0332
1842,44.599,49227.0,enc/off/vf=off/lk=0,738.662,738.662,738.662,0.0,2.188,0.0,0.0337
1843,44.619,49247.0,enc/off/vf=off/lk=0,738.684,738.684,738.684,0.0,2.161,0.0,0.0336
1844,44.639,49267.0,enc/off/vf=off/lk=0,738.733,738.733,738.733,0.0,2.151,0.0,0.0331
1845,44.659,49287.0,enc/off/vf=off/lk=0,738.81,738.81,738.81,0.0,4.37,0.0,0.0325
1846,44.679,49307.0,enc/off/vf=off/lk=0,738.893,738.893,738.893,0.0,4.333,0.0,0.0321
1847,44.699,49327.0,enc/off/vf=off/lk=0,738.995,738.995,738.995,0.0,6.5,0.0,0.0315
1848,44.719,49347.0,enc/off/vf=off/lk=0,739.095,739.095,739.095,0.0,4.37,0.0,0.0314
1849,44.739,49367.0,enc/off/vf=off/lk=0,739.153,739.153,739.153,0.0,2.182,0.0,0.0316
1850,44.759,49387.0,enc/off/vf=off/lk=0,739.196,739.196,739.196,0.0,2.148,0.0,0.0317
1851,44.779,49407.0,enc/off/vf=off/lk=0,739.262,739.262,739.262,0.0,4.37,0.0,0.0312
1852,44.799,49427.0,enc/off/vf=off/lk=0,739.353,739.353,739.353,0.0,6.509,0.0,0.0306
1853,44.819,49447.0,enc/off/vf=off/lk=0,739.452,739.452,739.452,0.0,4.389,0.0,0.0302
1854,44.839,49467.0,enc/off/vf=off/lk=0,739.501,739.501,739.501,0.0,2.164,0.0,0.0307
1855,44.859,49487.0,enc/off/vf=off/lk=0,739.54,739.54,739.54,0.0,2.179,0.0,0.0307
1856,44.879,49507.0,enc/off/vf=off/lk=0,739.606,739.606,739.606,0.0,4.389,0.0,0.0302
1857,44.899,49527.0,enc/off/vf=off/lk=0,739.686,739.686,739.686,0.0,2.191,0.0,0.0298
1858,44.919,49547.0,enc/off/vf=off/lk=0,739.733,739.733,739.733,0.0,2.182,0.0,0.03
1859,44.939,49567.0,enc/off/vf=off/lk=0,739.813,739.813,739.813,0.0,6.5,0.0,0.0293
1860,44.959,49587.0,enc/off/vf=off/lk=0,739.916,739.916,739.916,0.0,2.145,0.0,0.0288
1861,44.979,49607.0,enc/off/vf=off/lk=0,739.942,739.942,739.942,0.0,0.0,0.0,0.0297
1862,44.999,49627.0,enc/off/vf=off/lk=0,739.942,739.942,739.942,0.0,0.0,0.0,0.03
1863,45.019,49647.0,enc/off/vf=off/lk=0,739.942,739.942,739.942,0.0,0.0,0.0,0.03
1864,45.039,49667.0,enc/off/vf=off/lk=0,739.942,739.942,739.942,0.0,0.0,0.0,0.03
1865,45.059,49687.0,enc/off/vf=off/lk=0,739.942,739.942,739.942,0.0,0.0,0.0,0.03
1866,45.079,49707.0,enc/off/vf=off/lk=0,739.942,739.942,739.942,0.0,0.0,0.0,0.03
1867,45.099,49727.0,enc/off/vf=off/lk=0,739.942,739.942,739.942,0.0,0.0,0.0,0.03
1868,45.119,49747.0,enc/off/vf=off/lk=0,739.942,739.942,739.942,0.0,0.0,0.0,0.03
1869,45.139,49767.0,enc/off/vf=off/lk=0,739.942,739.942,739.942,0.0,0.0,0.0,0.03
1870,45.159,49787.0,enc/off/vf=off/lk=0,739.942,739.942,739.942,0.0,0.0,0.0,0.03
1871,45.179,49807.0,enc/off/vf=off/lk=0,739.942,739.942,739.942,0.0,0.0,0.0,0.03
1872,45.199,49827.0,enc/off/vf=off/lk=0,739.942,739.942,739.942,0.0,0.0,0.0,0.03
1873,45.219,49847.0,enc/off/vf=off/lk=0,739.942,739.942,739.942,0.0,0.0,0.0,0.03
1874,45.239,49867.0,enc/off/vf=off/lk=0,739.942,739.942,739.942,0.0,0.0,0.0,0.03
1875,45.259,49887.0,enc/off/vf=off/lk=0,739.942,739.942,739.942,0.0,0.0,0.0,0.03
1876,45.279,49907.0,enc/off/vf=off/lk=0,739.942,739.942,739.942,0.0,0.0,0.0,0.03
1877,45.299,49927.0,enc/off/vf=off/lk=0,739.942,739.942,739.942,0.0,0.0,0.0,0.03
1878,45.319,49947.0,enc/off/vf=off/lk=0,739.942,739.942,739.942,0.0,0.0,0.0,0.03
1879,45.339,49967.0,enc/off/vf=off/lk=0,739.942,739.942,739.942,0.0,0.0,0.0,0.03
1880,45.359,49987.0,enc/off/vf=off/lk=0,739.942,739.942,739.942,0.0,0.0,0.0,0.03
1881,45.379,50007.0,enc/off/vf=off/lk=0,739.942,739.942,739.942,0.0,0.0,0.0,0.03
1882,45.399,50027.0,enc/off/vf=off/lk=0,739.942,739.942,739.942,0.0,0.0,0.0,0.03
1883,45.419,50047.0,enc/off/vf=off/lk=0,739.942,739.942,739.942,0.0,0.0,0.0,0.03
1884,45.439,50067.0,enc/off/vf=off/lk=0,739.942,739.942,739.942,0.0,0.0,0.0,0.03
1885,45.459,50087.0,enc/off/vf=off/lk=0,739.942,739.942,739.942,0.0,0.0,0.0,0.03
1886,45.479,50107.0,enc/off/vf=off/lk=0,739.942,739.942,739.942,0.0,0.0,0.0,0.03
1887,45.502,50130.0,vf/smo/vf=on/lk=1,739.942,739.623,740.038,-0.096,0.0,1.291,0.1501
1888,45.522,50150.0,vf/smo/vf=on/lk=1,739.86,739.623,740.012,-0.151,-4.264,1.598,0.1504
1889,45.542,50170.0,vf/smo/vf=on/lk=1,739.853,739.627,739.987,-0.135,-0.307,0.577,0.1511
1890,45.562,50190.0,vf/smo/vf=on/lk=1,739.854,739.634,739.964,-0.109,0.076,0.36,0.1517
1891,45.582,50210.0,vf/smo/vf=on/lk=1,739.86,739.645,739.943,-0.082,0.306,0.6,0.1523
1892,45.602,50230.0,vf/smo/vf=on/lk=1,739.87,739.658,739.927,-0.057,0.461,0.766,0.1529
1893,45.622,50250.0,vf/smo/vf=on/lk=1,739.88,739.675,739.916,-0.036,0.536,0.631,0.1535
1894,45.642,50270.0,vf/smo/vf=on/lk=1,739.894,739.695,739.909,-0.014,0.688,0.976,0.1542
1895,45.662,50290.0,vf/smo/vf=on/lk=1,739.91,739.718,739.903,0.007,0.777,0.662,0.1548
1896,45.682,50310.0,vf/smo/vf=on/lk=1,739.926,739.744,739.899,0.027,0.845,0.595,0.1554
1897,45.702,50330.0,vf/smo/vf=on/lk=1,739.946,739.774,739.897,0.05,0.982,0.579,0.156
1898,45.722,50350.0,vf/smo/vf=on/lk=1,739.974,739.806,739.896,0.078,1.385,0.457,0.1566
1899,45.742,50370.0,vf/smo/vf=on/lk=1,740.017,739.842,739.898,0.119,2.224,0.43,0.1573
1900,45.762,50390.0,vf/smo/vf=on/lk=1,740.071,739.881,739.907,0.164,2.714,0.604,0.1579
1901,45.782,50410.0,vf/smo/vf=on/lk=1,740.127,739.924,739.92,0.208,2.802,0.866,0.1585
1902,45.802,50430.0,vf/smo/vf=on/lk=1,740.166,739.969,739.942,0.223,1.931,1.309,0.1591
1903,45.822,50450.0,vf/smo/vf=on/lk=1,740.206,740.017,739.98,0.225,1.927,2.194,0.1597
1904,45.842,50470.0,vf/smo/vf=on/lk=1,740.261,740.069,740.043,0.218,2.84,3.912,0.1604
1905,45.862,50490.0,vf/smo/vf=on/lk=1,740.333,740.125,740.143,0.19,3.488,6.388,0.161
1906,45.882,50510.0,vf/smo/vf=on/lk=1,740.37,740.183,740.264,0.105,1.921,5.561,0.1616
1907,45.902,50530.0,vf/smo/vf=on/lk=1,740.419,740.244,740.34,0.079,2.466,2.866,0.1622
1908,45.922,50550.0,vf/smo/vf=on/lk=1,740.477,740.309,740.37,0.107,2.912,1.405,0.1628
1909,45.942,50570.0,vf/smo/vf=on/lk=1,740.554,740.377,740.39,0.163,3.827,1.035,0.1635
1910,45.962,50590.0,vf/smo/vf=on/lk=1,740.649,740.448,740.42,0.229,4.762,2.3,0.1641
1911,45.982,50610.0,vf/smo/vf=on/lk=1,740.724,740.522,740.49,0.234,3.674,4.686,0.1647
1912,46.002,50630.0,vf/smo/vf=on/lk=1,740.787,740.599,740.611,0.176,3.243,6.494,0.1653
1913,46.022,50650.0,vf/smo/vf=on/lk=1,740.859,740.681,740.735,0.124,3.576,4.922,0.166
1914,46.042,50670.0,vf/smo/vf=on/lk=1,740.933,740.764,740.801,0.131,3.686,2.579,0.1666
1915,46.062,50690.0,vf/smo/vf=on/lk=1,741.025,740.851,740.843,0.181,4.618,2.182,0.1672
1916,46.082,50710.0,vf/smo/vf=on/lk=1,741.121,740.941,740.903,0.219,4.838,3.491,0.1678
1917,46.102,50730.0,vf/smo/vf=on/lk=1,741.238,741.036,741.017,0.221,5.691,7.683,0.1684
1918,46.122,50750.0,vf/smo/vf=on/lk=1,741.289,741.132,741.171,0.118,2.612,6.329,0.1691
1919,46.142,50770.0,vf/smo/vf=on/lk=1,741.396,741.231,741.256,0.14,5.448,3.15,0.1697
1920,46.162,50790.0,vf/smo/vf=on/lk=1,741.503,741.335,741.316,0.187,5.283,3.236,0.1703
1921,46.182,50810.0,vf/smo/vf=on/lk=1,741.609,741.441,741.412,0.197,5.417,5.811,0.1709
1922,46.202,50830.0,vf/smo/vf=on/lk=1,741.73,741.551,741.567,0.163,5.868,7.938,0.1715
1923,46.222,50850.0,vf/smo/vf=on/lk=1,741.802,741.663,741.686,0.116,3.716,4.113,0.1722
1924,46.242,50870.0,vf/smo/vf=on/lk=1,741.945,741.778,741.754,0.191,7.237,3.506,0.1728
1925,46.262,50890.0,vf/smo/vf=on/lk=1,742.06,741.897,741.862,0.198,5.671,7.062,0.1734
1926,46.282,50910.0,vf/smo/vf=on/lk=1,742.189,742.021,742.034,0.155,6.364,8.372,0.174
1927,46.302,50930.0,vf/smo/vf=on/lk=1,742.298,742.145,742.156,0.142,5.502,4.487,0.1746
1928,46.322,50950.0,vf/smo/vf=on/lk=1,742.436,742.274,742.243,0.193,6.974,4.924,0.1753
1929,46.342,50970.0,vf/smo/vf=on/lk=1,742.579,742.407,742.391,0.187,6.993,9.16,0.1759
1930,46.362,50990.0,vf/smo/vf=on/lk=1,742.691,742.542,742.56,0.13,5.692,6.176,0.1765
1931,46.382,51010.0,vf/smo/vf=on/lk=1,742.849,742.679,742.657,0.192,7.861,4.836,0.1771
1932,46.402,51030.0,vf/smo/vf=on/lk=1,742.994,742.822,742.79,0.204,7.401,8.503,0.1777
1933,46.422,51050.0,vf/smo/vf=on/lk=1,743.112,742.966,742.982,0.131,5.858,8.119,0.1784
1934,46.442,51070.0,vf/smo/vf=on/lk=1,743.283,743.114,743.099,0.183,8.583,4.659,0.179
1935,46.462,51090.0,vf/smo/vf=on/lk=1,743.438,743.265,743.237,0.201,7.676,9.186,0.1796
1936,46.482,51110.0,vf/smo/vf=on/lk=1,743.582,743.42,743.432,0.149,7.158,8.222,0.1802
1937,46.502,51130.0,vf/smo/vf=on/lk=1,743.732,743.576,743.556,0.177,7.67,5.13,0.1808
1938,46.522,51150.0,vf/smo/vf=on/lk=1,743.924,743.737,743.705,0.219,9.461,10.309,0.1815
1939,46.542,51170.0,vf/smo/vf=on/lk=1,744.053,743.9,743.911,0.142,6.502,7.853,0.1821
1940,46.562,51190.0,vf/smo/vf=on/lk=1,744.226,744.067,744.04,0.186,8.659,6.499,0.1827
1941,46.582,51210.0,vf/smo/vf=on/lk=1,744.418,744.239,744.222,0.196,9.446,11.671,0.1833
1942,46.602,51230.0,vf/smo/vf=on/lk=1,744.55,744.412,744.409,0.14,6.679,6.57,0.1839
1943,46.622,51250.0,vf/smo/vf=on/lk=1,744.742,744.588,744.551,0.191,9.54,8.861,0.1846
1944,46.642,51270.0,vf/smo/vf=on/lk=1,744.919,744.77,744.774,0.145,8.868,10.21,0.1852
1945,46.662,51290.0,vf/smo/vf=on/lk=1,745.09,744.95,744.927,0.163,8.719,6.33,0.1858
1946,46.682,51310.0,vf/smo/vf=on/lk=1,745.295,745.138,745.127,0.168,10.03,12.076,0.1864
1947,46.702,51330.0,vf/smo/vf=on/lk=1,745.467,745.328,745.323,0.144,8.565,7.076,0.1871
1948,46.722,51350.0,vf/smo/vf=on/lk=1,745.679,745.521,745.488,0.191,10.711,10.836,0.1877
1949,46.742,51370.0,vf/smo/vf=on/lk=1,745.852,745.716,745.722,0.131,8.748,9.027,0.1883
1950,46.762,51390.0,vf/smo/vf=on/lk=1,746.068,745.915,745.883,0.185,10.659,9.014,0.1889
1951,46.782,51410.0,vf/smo/vf=on/lk=1,746.263,746.118,746.122,0.142,9.762,11.113,0.1895
1952,46.802,51430.0,vf/smo/vf=on/lk=1,746.483,746.323,746.291,0.191,11.104,8.244,0.1902
1953,46.822,51450.0,vf/smo/vf=on/lk=1,746.691,746.532,746.525,0.166,10.322,13.003,0.1908
1954,46.842,51470.0,vf/smo/vf=on/lk=1,746.883,746.742,746.722,0.161,9.684,7.918,0.1914
1955,46.862,51490.0,vf/smo/vf=on/lk=1,747.125,746.959,746.943,0.182,12.012,13.706,0.192
1956,46.882,51510.0,vf/smo/vf=on/lk=1,747.314,747.176,747.156,0.158,9.479,8.267,0.1926
1957,46.902,51530.0,vf/smo/vf=on/lk=1,747.567,747.4,747.379,0.188,12.5,14.372,0.1933
1958,46.922,51550.0,vf/smo/vf=on/lk=1,747.754,747.624,747.607,0.147,9.476,8.684,0.1939
1959,46.942,51570.0,vf/smo/vf=on/lk=1,748.009,747.851,747.834,0.174,12.779,13.988,0.1945
1960,46.962,51590.0,vf/smo/vf=on/lk=1,748.202,748.081,748.061,0.141,9.704,8.842,0.1951
1961,46.982,51610.0,vf/smo/vf=on/lk=1,748.463,748.315,748.3,0.163,13.079,14.754,0.1957
1962,47.002,51630.0,vf/smo/vf=on/lk=1,748.681,748.554,748.533,0.148,10.764,9.581,0.1964
1963,47.022,51650.0,vf/smo/vf=on/lk=1,748.939,748.793,748.787,0.152,12.979,14.089,0.197
1964,47.042,51670.0,vf/smo/vf=on/lk=1,749.181,749.038,749.008,0.173,12.027,10.471,0.1976
1965,47.062,51690.0,vf/smo/vf=on/lk=1,749.429,749.287,749.285,0.145,12.249,13.291,0.1982
1966,47.082,51710.0,vf/smo/vf=on/lk=1,749.693,749.537,749.504,0.189,13.452,12.058,0.1988
1967,47.102,51730.0,vf/smo/vf=on/lk=1,749.923,749.787,749.785,0.139,11.513,11.514,0.1995
1968,47.122,51750.0,vf/smo/vf=on/lk=1,750.21,750.044,750.012,0.198,14.367,14.48,0.2001
1969,47.142,51770.0,vf/smo/vf=on/lk=1,750.434,750.305,750.293,0.142,11.185,10.593,0.2007
1970,47.162,51790.0,vf/smo/vf=on/lk=1,750.727,750.567,750.551,0.176,14.595,15.757,0.2013
1971,47.182,51810.0,vf/smo/vf=on/lk=1,750.959,750.834,750.805,0.154,11.692,11.15,0.2019
1972,47.202,51830.0,vf/smo/vf=on/lk=1,751.241,751.106,751.1,0.141,13.935,13.98,0.2026
1973,47.222,51850.0,vf/smo/vf=on/lk=1,751.506,751.376,751.344,0.163,13.413,14.507,0.2032
1974,47.242,51870.0,vf/smo/vf=on/lk=1,751.775,751.651,751.636,0.139,13.451,11.235,0.2038
1975,47.262,51890.0,vf/smo/vf=on/lk=1,752.072,751.934,751.92,0.152,14.668,16.765,0.2044
1976,47.282,51910.0,vf/smo/vf=on/lk=1,752.346,752.213,752.184,0.162,13.891,12.846,0.205
1977,47.302,51930.0,vf/smo/vf=on/lk=1,752.625,752.5,752.492,0.133,13.835,12.671,0.2057
1978,47.322,51950.0,vf/smo/vf=on/lk=1,752.942,752.791,752.767,0.175,15.807,17.221,0.2063
1979,47.342,51970.0,vf/smo/vf=on/lk=1,753.209,753.081,753.056,0.153,13.41,12.348,0.2069
1980,47.362,51990.0,vf/smo/vf=on/lk=1,753.516,753.377,753.37,0.146,15.133,14.073,0.2075
1981,47.382,52010.0,vf/smo/vf=on/lk=1,753.818,753.672,753.645,0.173,15.34,16.981,0.2081
1982,47.402,52030.0,vf/smo/vf=on/lk=1,754.091,753.973,753.949,0.142,13.777,12.929,0.2088
1983,47.422,52050.0,vf/smo/vf=on/lk=1,754.406,754.279,754.271,0.134,15.576,14.419,0.2094
1984,47.442,52070.0,vf/smo/vf=on/lk=1,754.717,754.589,754.566,0.151,15.527,18.172,0.21
1985,47.462,52090.0,vf/smo/vf=on/lk=1,755.016,754.899,754.872,0.145,15.058,13.774,0.2106
1986,47.482,52110.0,vf/smo/vf=on/lk=1,755.343,755.215,755.203,0.14,16.156,13.733,0.2113
1987,47.502,52130.0,vf/smo/vf=on/lk=1,755.668,755.53,755.514,0.154,16.429,18.573,0.2119
1988,47.522,52150.0,vf/smo/vf=on/lk=1,755.99,755.851,755.819,0.171,16.108,15.813,0.2125
1989,47.542,52170.0,vf/smo/vf=on/lk=1,756.297,756.174,756.154,0.143,15.364,13.398,0.2131
1990,47.562,52190.0,vf/smo/vf=on/lk=1,756.644,756.503,756.491,0.153,17.126,16.933,0.2137
1991,47.582,52210.0,vf/smo/vf=on/lk=1,756.97,756.832,756.807,0.163,16.536,18.638,0.2144
1992,47.602,52230.0,vf/smo/vf=on/lk=1,757.28,757.166,757.134,0.146,15.331,15.381,0.215
1993,47.622,52250.0,vf/smo/vf=on/lk=1,757.618,757.504,757.487,0.131,16.953,14.361,0.2156
1994,47.642,52270.0,vf/smo/vf=on/lk=1,757.964,757.841,757.829,0.135,17.472,17.477,0.2162
1995,47.662,52290.0,vf/smo/vf=on/lk=1,758.31,758.186,758.161,0.149,17.166,19.696,0.2168
1996,47.682,52310.0,vf/smo/vf=on/lk=1,758.656,758.534,758.504,0.152,17.244,16.454,0.2175
1997,47.702,52330.0,vf/smo/vf=on/lk=1,759.006,758.884,758.863,0.143,17.365,14.464,0.2181
1998,47.722,52350.0,vf/smo/vf=on/lk=1,759.359,759.232,759.222,0.137,17.971,16.93,0.2187
1999,47.742,52370.0,vf/smo/vf=on/lk=1,759.727,759.589,759.572,0.155,18.357,20.052,0.2193
2000,47.762,52390.0,vf/smo/vf=on/lk=1,760.074,759.948,759.917,0.157,17.401,19.226,0.2199
2001,47.782,52410.0,vf/smo/vf=on/lk=1,760.423,760.314,760.285,0.139,17.237,16.718,0.2206
2002,47.802,52430.0,vf/smo/vf=on/lk=1,760.79,760.68,760.656,0.134,18.333,15.386,0.2212
2003,47.822,52450.0,vf/smo/vf=on/lk=1,761.158,761.043,761.03,0.128,18.791,17.492,0.2218
2004,47.842,52470.0,vf/smo/vf=on/lk=1,761.539,761.42,761.405,0.133,18.731,19.855,0.2224
2005,47.862,52490.0,vf/smo/vf=on/lk=1,761.918,761.791,761.765,0.152,19.165,21.293,0.223
2006,47.882,52510.0,vf/smo/vf=on/lk=1,762.298,762.169,762.139,0.159,18.962,19.327,0.2237
2007,47.902,52530.0,vf/smo/vf=on/lk=1,762.677,762.554,762.523,0.154,18.822,17.116,0.2243
2008,47.922,52550.0,vf/smo/vf=on/lk=1,763.056,762.94,762.917,0.139,18.896,16.656,0.2249
2009,47.942,52570.0,vf/smo/vf=on/lk=1,763.444,763.327,763.308,0.135,19.397,17.117,0.2255
2010,47.962,52590.0,vf/smo/vf=on/lk=1,763.83,763.718,763.704,0.127,19.379,19.406,0.2262
2011,47.982,52610.0,vf/smo/vf=on/lk=1,764.226,764.113,764.097,0.129,19.76,21.183,0.2268
2012,48.002,52630.0,vf/smo/vf=on/lk=1,764.619,764.503,764.482,0.137,19.807,23.627,0.2274
2013,48.022,52650.0,vf/smo/vf=on/lk=1,765.03,764.91,764.883,0.147,20.4,21.913,0.228
2014,48.042,52670.0,vf/smo/vf=on/lk=1,765.437,765.315,765.282,0.154,20.297,20.527,0.2286
2015,48.062,52690.0,vf/smo/vf=on/lk=1,765.834,765.719,765.689,0.145,20.1,18.954,0.2293
2016,48.082,52710.0,vf/smo/vf=on/lk=1,766.24,766.132,766.102,0.139,20.113,18.257,0.2299
2017,48.102,52730.0,vf/smo/vf=on/lk=1,766.651,766.546,766.519,0.132,20.524,17.95,0.2305
2018,48.122,52750.0,vf/smo/vf=on/lk=1,767.067,766.963,766.938,0.129,20.776,17.922,0.2311
2019,48.142,52770.0,vf/smo/vf=on/lk=1,767.481,767.376,767.357,0.125,21.051,18.841,0.2317
2020,48.162,52790.0,vf/smo/vf=on/lk=1,767.917,767.806,767.788,0.129,21.454,19.298,0.2324
2021,48.182,52810.0,vf/smo/vf=on/lk=1,768.345,768.232,768.217,0.128,21.249,20.252,0.233
2022,48.202,52830.0,vf/smo/vf=on/lk=1,768.782,768.662,768.645,0.137,22.007,21.319,0.2336
2023,48.222,52850.0,vf/smo/vf=on/lk=1,769.216,769.093,769.076,0.14,21.618,22.379,0.2342
2024,48.242,52870.0,vf/smo/vf=on/lk=1,769.64,769.525,769.509,0.13,21.479,23.039,0.2348
2025,48.262,52890.0,vf/smo/vf=on/lk=1,770.074,769.968,769.952,0.122,21.53,23.537,0.2355
2026,48.282,52910.0,vf/smo/vf=on/lk=1,770.509,770.406,770.39,0.119,22.084,23.602,0.2361
2027,48.302,52930.0,vf/smo/vf=on/lk=1,770.962,770.856,770.84,0.122,22.163,24.076,0.2367
2028,48.322,52950.0,vf/smo/vf=on/lk=1,771.413,771.301,771.283,0.13,22.916,24.173,0.2373
2029,48.342,52970.0,vf/smo/vf=on/lk=1,771.875,771.757,771.738,0.137,22.867,24.585,0.2379
2030,48.362,52990.0,vf/smo/vf=on/lk=1,772.324,772.208,772.188,0.136,22.757,24.114,0.2386
2031,48.382,53010.0,vf/smo/vf=on/lk=1,772.781,772.671,772.652,0.129,22.382,24.104,0.2392
2032,48.402,53030.0,vf/smo/vf=on/lk=1,773.231,773.128,773.109,0.121,22.712,23.814,0.2398
2033,48.422,53050.0,vf/smo/vf=on/lk=1,773.691,773.59,773.572,0.119,23.195,23.793,0.2404
2034,48.442,53070.0,vf/smo/vf=on/lk=1,774.163,774.061,774.043,0.121,23.644,22.662,0.241
2035,48.462,53090.0,vf/smo/vf=on/lk=1,774.637,774.531,774.512,0.125,23.601,22.453,0.2417
2036,48.482,53110.0,vf/smo/vf=on/lk=1,775.119,775.006,774.985,0.134,24.014,21.649,0.2423
2037,48.502,53130.0,vf/smo/vf=on/lk=1,775.59,775.483,775.459,0.131,23.75,21.424,0.2429
2038,48.522,53150.0,vf/smo/vf=on/lk=1,776.064,775.965,775.936,0.128,23.621,20.938,0.2435
2039,48.542,53170.0,vf/smo/vf=on/lk=1,776.541,776.448,776.416,0.125,23.743,21.36,0.2441
2040,48.562,53190.0,vf/smo/vf=on/lk=1,777.035,776.939,776.904,0.131,24.502,22.153,0.2448
2041,48.582,53210.0,vf/smo/vf=on/lk=1,777.526,777.425,777.391,0.134,24.901,23.612,0.2454
2042,48.602,53230.0,vf/smo/vf=on/lk=1,778.027,777.919,777.887,0.14,24.917,25.428,0.246
2043,48.622,53250.0,vf/smo/vf=on/lk=1,778.521,778.414,778.388,0.134,24.995,26.763,0.2466
2044,48.642,53270.0,vf/smo/vf=on/lk=1,779.015,778.913,778.892,0.123,24.698,27.551,0.2472
2045,48.662,53290.0,vf/smo/vf=on/lk=1,779.514,779.421,779.404,0.11,24.666,25.827,0.2479
2046,48.682,53310.0,vf/smo/vf=on/lk=1,780.02,779.926,779.908,0.112,25.365,24.026,0.2485
2047,48.702,53330.0,vf/smo/vf=on/lk=1,780.535,780.438,780.412,0.123,25.635,22.421,0.2491
2048,48.722,53350.0,vf/smo/vf=on/lk=1,781.049,780.949,780.916,0.134,25.81,22.736,0.2497
2049,48.742,53370.0,vf/smo/vf=on/lk=1,781.566,781.461,781.421,0.146,26.104,24.183,0.2503
2050,48.762,53390.0,vf/smo/vf=on/lk=1,782.082,781.982,781.947,0.135,25.589,27.092,0.251
2051,48.782,53410.0,vf/smo/vf=on/lk=1,782.6,782.509,782.483,0.117,25.747,28.674,0.2516
2052,48.802,53430.0,vf/smo/vf=on/lk=1,783.122,783.033,783.013,0.109,26.13,26.448,0.2522
2053,48.822,53450.0,vf/smo/vf=on/lk=1,783.649,783.56,783.536,0.113,26.562,23.914,0.2528
2054,48.842,53470.0,vf/smo/vf=on/lk=1,784.193,784.095,784.061,0.132,26.981,23.513,0.2535
2055,48.862,53490.0,vf/smo/vf=on/lk=1,784.723,784.625,784.587,0.136,26.798,25.841,0.2541
2056,48.882,53510.0,vf/smo/vf=on/lk=1,785.263,785.166,785.133,0.13,26.862,29.131,0.2547
2057,48.902,53530.0,vf/smo/vf=on/lk=1,785.794,785.707,785.686,0.108,26.477,27.994,0.2553
2058,48.922,53550.0,vf/smo/vf=on/lk=1,786.337,786.249,786.227,0.11,27.074,25.141,0.2559
2059,48.942,53570.0,vf/smo/vf=on/lk=1,786.895,786.802,786.768,0.127,27.773,24.491,0.2566
2060,48.962,53590.0,vf/smo/vf=on/lk=1,787.445,787.347,787.312,0.133,27.919,27.609,0.2572
2061,48.982,53610.0,vf/smo/vf=on/lk=1,788.011,787.906,787.878,0.133,27.902,29.991,0.2578
2062,49.002,53630.0,vf/smo/vf=on/lk=1,788.551,788.457,788.436,0.115,27.302,28.393,0.2584
2063,49.022,53650.0,vf/smo/vf=on/lk=1,789.098,789.019,788.987,0.111,27.519,24.852,0.259
2064,49.042,53670.0,vf/smo/vf=on/lk=1,789.675,789.59,789.551,0.124,28.476,28.221,0.2597
2065,49.062,53690.0,vf/smo/vf=on/lk=1,790.244,790.151,790.125,0.119,28.73,30.505,0.2603
2066,49.082,53710.0,vf/smo/vf=on/lk=1,790.824,790.728,790.707,0.116,28.452,26.812,0.2609
2067,49.102,53730.0,vf/smo/vf=on/lk=1,791.387,791.297,791.261,0.126,28.608,25.598,0.2615
2068,49.122,53750.0,vf/smo/vf=on/lk=1,791.956,791.875,791.839,0.117,28.482,29.999,0.2621
2069,49.142,53770.0,vf/smo/vf=on/lk=1,792.537,792.455,792.432,0.105,28.914,30.014,0.2628
2070,49.162,53790.0,vf/smo/vf=on/lk=1,793.123,793.035,793.007,0.117,29.317,25.832,0.2634
2071,49.182,53810.0,vf/smo/vf=on/lk=1,793.719,793.626,793.586,0.133,29.746,28.859,0.264
2072,49.202,53830.0,vf/smo/vf=on/lk=1,794.309,794.212,794.181,0.128,29.66,31.611,0.2646
2073,49.222,53850.0,vf/smo/vf=on/lk=1,794.886,794.802,794.774,0.112,28.962,26.93,0.2652
2074,49.242,53870.0,vf/smo/vf=on/lk=1,795.476,795.402,795.362,0.115,29.337,28.45,0.2659
2075,49.262,53890.0,vf/smo/vf=on/lk=1,796.076,795.996,795.965,0.112,30.245,32.332,0.2664
2076,49.283,53911.0,obs/smo/vf=off/lk=1,796.719,796.71,796.71,0.009,29.433,42.15,0.1512
2077,49.303,53931.0,obs/smo/vf=off/lk=1,797.047,797.004,797.004,0.044,16.949,30.62,0.2698
2078,49.323,53951.0,obs/smo/vf=off/lk=1,797.705,797.595,797.595,0.11,33.085,27.542,0.2683
2079,49.343,53971.0,obs/smo/vf=off/lk=1,798.297,798.223,798.223,0.074,29.469,33.061,0.2675
2080,49.363,53991.0,obs/smo/vf=off/lk=1,798.919,798.843,798.843,0.076,31.356,28.388,0.2673
2081,49.383,54011.0,obs/smo/vf=off/lk=1,799.551,799.453,799.453,0.098,30.996,30.321,0.2676
2082,49.403,54031.0,obs/smo/vf=off/lk=1,800.169,800.077,800.077,0.092,31.217,31.899,0.2672
2083,49.423,54051.0,obs/smo/vf=off/lk=1,800.779,800.686,800.686,0.093,30.543,27.67,0.2674
2084,49.443,54071.0,obs/smo/vf=off/lk=1,801.373,801.287,801.287,0.086,30.081,31.652,0.2675
2085,49.463,54091.0,obs/smo/vf=off/lk=1,801.994,801.919,801.919,0.075,30.78,30.363,0.2671
2086,49.483,54111.0,obs/smo/vf=off/lk=1,802.609,802.521,802.521,0.088,30.723,27.907,0.2674
2087,49.503,54131.0,obs/smo/vf=off/lk=1,803.235,803.133,803.133,0.102,31.29,33.033,0.2672
2088,49.523,54151.0,obs/smo/vf=off/lk=1,803.847,803.76,803.76,0.088,30.483,28.533,0.267
2089,49.543,54171.0,obs/smo/vf=off/lk=1,804.441,804.356,804.356,0.085,29.857,28.736,0.2673
2090,49.563,54191.0,obs/smo/vf=off/lk=1,805.062,804.985,804.985,0.077,30.603,32.915,0.267
2091,49.583,54211.0,obs/smo/vf=off/lk=1,805.687,805.598,805.598,0.089,31.263,27.47,0.267
2092,49.603,54231.0,obs/smo/vf=off/lk=1,806.302,806.202,806.202,0.1,30.934,30.725,0.2672
2093,49.623,54251.0,obs/smo/vf=off/lk=1,806.909,806.818,806.818,0.091,30.54,31.725,0.2668
2094,49.643,54271.0,obs/smo/vf=off/lk=1,807.52,807.431,807.431,0.089,30.151,27.317,0.2671
2095,49.663,54291.0,obs/smo/vf=off/lk=1,808.12,808.039,808.039,0.08,30.235,32.205,0.267
2096,49.683,54311.0,obs/smo/vf=off/lk=1,808.738,808.661,808.661,0.077,30.838,30.14,0.2667
2097,49.703,54331.0,obs/smo/vf=off/lk=1,809.357,809.26,809.26,0.097,31.325,27.701,0.267
2098,49.723,54351.0,obs/smo/vf=off/lk=1,809.976,809.881,809.881,0.094,30.759,32.683,0.2667
2099,49.743,54371.0,obs/smo/vf=off/lk=1,810.58,810.5,810.5,0.08,30.128,28.494,0.2666
2100,49.763,54391.0,obs/smo/vf=off/lk=1,811.188,811.101,811.101,0.087,30.309,29.407,0.2669
2101,49.783,54411.0,obs/smo/vf=off/lk=1,811.807,811.727,811.727,0.08,31.24,32.443,0.2665
2102,49.803,54431.0,obs/smo/vf=off/lk=1,812.432,812.341,812.341,0.09,30.957,27.496,0.2666
2103,49.823,54451.0,obs/smo/vf=off/lk=1,813.047,812.942,812.942,0.105,31.077,31.119,0.2668
2104,49.843,54471.0,obs/smo/vf=off/lk=1,813.657,813.576,813.576,0.081,30.091,30.709,0.2663
2105,49.863,54491.0,obs/smo/vf=off/lk=1,814.258,814.178,814.178,0.08,30.046,27.761,0.2666
2106,49.883,54511.0,obs/smo/vf=off/lk=1,814.877,814.787,814.787,0.09,30.933,32.813,0.2665
2107,49.903,54531.0,obs/smo/vf=off/lk=1,815.5,815.415,815.415,0.085,31.044,28.938,0.2663
2108,49.923,54551.0,obs/smo/vf=off/lk=1,816.112,816.014,816.014,0.098,30.673,28.447,0.2666
2109,49.943,54571.0,obs/smo/vf=off/lk=1,816.71,816.622,816.622,0.088,30.496,33.18,0.2663
2110,49.963,54591.0,obs/smo/vf=off/lk=1,817.314,817.239,817.239,0.075,30.18,28.103,0.2663
2111,49.983,54611.0,obs/smo/vf=off/lk=1,817.928,817.842,817.842,0.086,30.684,29.5,0.2665
2112,50.003,54631.0,obs/smo/vf=off/lk=1,818.557,818.472,818.472,0.084,31.116,32.495,0.2661
2113,50.023,54651.0,obs/smo/vf=off/lk=1,819.178,819.081,819.081,0.097,30.938,27.461,0.2663
2114,50.043,54671.0,obs/smo/vf=off/lk=1,819.782,819.686,819.686,0.096,30.161,31.467,0.2663
2115,50.063,54691.0,obs/smo/vf=off/lk=1,820.378,820.306,820.306,0.071,30.204,31.048,0.266
2116,50.083,54711.0,obs/smo/vf=off/lk=1,820.994,820.908,820.908,0.087,30.703,27.754,0.2663
2117,50.103,54731.0,obs/smo/vf=off/lk=1,821.609,821.517,821.517,0.092,30.787,32.574,0.2661
2118,50.123,54751.0,obs/smo/vf=off/lk=1,822.232,822.146,822.146,0.086,30.701,29.118,0.2659
2119,50.143,54771.0,obs/smo/vf=off/lk=1,822.84,822.743,822.743,0.097,30.402,28.287,0.2662
2120,50.163,54791.0,obs/smo/vf=off/lk=1,823.435,823.352,823.352,0.083,30.049,32.727,0.266
2121,50.183,54811.0,obs/smo/vf=off/lk=1,824.045,823.968,823.968,0.077,30.535,28.253,0.2659
2122,50.203,54831.0,obs/smo/vf=off/lk=1,824.662,824.563,824.563,0.099,30.898,29.07,0.2662
2123,50.223,54851.0,obs/smo/vf=off/lk=1,825.285,825.192,825.192,0.092,30.944,32.446,0.2658
2124,50.243,54871.0,obs/smo/vf=off/lk=1,825.892,825.801,825.801,0.091,30.111,27.599,0.2659
2125,50.263,54891.0,obs/smo/vf=off/lk=1,826.49,826.4,826.4,0.091,30.048,30.803,0.2661
2126,50.283,54911.0,obs/smo/vf=off/lk=1,827.095,827.018,827.018,0.076,30.545,31.511,0.2657
2127,50.303,54931.0,obs/smo/vf=off/lk=1,827.71,827.623,827.623,0.087,30.813,27.355,0.2658
2128,50.323,54951.0,obs/smo/vf=off/lk=1,828.336,828.236,828.236,0.1,30.803,32.138,0.2659
2129,50.343,54971.0,obs/smo/vf=off/lk=1,828.946,828.859,828.859,0.087,30.72,29.992,0.2656
2130,50.363,54991.0,obs/smo/vf=off/lk=1,829.545,829.456,829.456,0.088,29.913,27.85,0.2659
2131,50.383,55011.0,obs/smo/vf=off/lk=1,830.144,830.063,830.063,0.082,30.245,32.941,0.2657
2132,50.403,55031.0,obs/smo/vf=off/lk=1,830.769,830.685,830.685,0.084,31.192,28.598,0.2655
2133,50.423,55051.0,obs/smo/vf=off/lk=1,831.381,831.284,831.284,0.097,30.813,28.892,0.2658
2134,50.443,55071.0,obs/smo/vf=off/lk=1,831.997,831.902,831.902,0.096,30.589,33.246,0.2655
2135,50.463,55091.0,obs/smo/vf=off/lk=1,832.597,832.512,832.512,0.085,30.054,27.718,0.2655
2136,50.483,55111.0,obs/smo/vf=off/lk=1,833.194,833.113,833.113,0.081,29.83,29.984,0.2657
2137,50.503,55131.0,obs/smo/vf=off/lk=1,833.82,833.739,833.739,0.081,31.128,31.99,0.2653
2138,50.523,55151.0,obs/smo/vf=off/lk=1,834.433,834.343,834.343,0.091,30.747,27.195,0.2655
2139,50.543,55171.0,obs/smo/vf=off/lk=1,835.052,834.951,834.951,0.1,30.643,31.496,0.2656
2140,50.563,55191.0,obs/smo/vf=off/lk=1,835.651,835.569,835.569,0.082,30.175,30.645,0.2653
2141,50.583,55211.0,obs/smo/vf=off/lk=1,836.25,836.168,836.168,0.082,30.171,27.437,0.2656
2142,50.603,55231.0,obs/smo/vf=off/lk=1,836.866,836.776,836.776,0.09,30.706,32.379,0.2654
2143,50.623,55251.0,obs/smo/vf=off/lk=1,837.489,837.406,837.406,0.083,30.754,29.103,0.2651
2144,50.643,55271.0,obs/smo/vf=off/lk=1,838.103,837.999,837.999,0.104,30.831,27.947,0.2655
2145,50.663,55291.0,obs/smo/vf=off/lk=1,838.704,838.614,838.614,0.09,30.208,32.927,0.2652
2146,50.683,55311.0,obs/smo/vf=off/lk=1,839.302,839.232,839.232,0.071,30.197,28.219,0.2651
2147,50.703,55331.0,obs/smo/vf=off/lk=1,839.927,839.837,839.837,0.09,30.614,29.889,0.2654
2148,50.723,55351.0,obs/smo/vf=off/lk=1,840.539,840.455,840.455,0.084,31.025,32.237,0.265
2149,50.743,55371.0,obs/smo/vf=off/lk=1,841.151,841.062,841.062,0.089,30.48,27.517,0.2651
2150,50.763,55391.0,obs/smo/vf=off/lk=1,841.752,841.656,841.656,0.096,30.173,30.509,0.2654
2151,50.783,55411.0,obs/smo/vf=off/lk=1,842.352,842.279,842.279,0.072,30.185,31.432,0.2649
2152,50.803,55431.0,obs/smo/vf=off/lk=1,842.972,842.891,842.891,0.081,30.645,27.471,0.2651
2153,50.823,55451.0,obs/smo/vf=off/lk=1,843.591,843.495,843.495,0.096,31.039,32.309,0.2651
2154,50.843,55471.0,obs/smo/vf=off/lk=1,844.211,844.122,844.122,0.089,30.911,29.567,0.2648
2155,50.863,55491.0,obs/smo/vf=off/lk=1,844.812,844.721,844.721,0.091,29.911,28.338,0.2651
2156,50.883,55511.0,obs/smo/vf=off/lk=1,845.418,845.333,845.333,0.085,30.329,33.006,0.2649
2157,50.903,55531.0,obs/smo/vf=off/lk=1,846.027,845.952,845.952,0.075,30.666,28.298,0.2648
2158,50.923,55551.0,obs/smo/vf=off/lk=1,846.644,846.552,846.552,0.092,30.58,28.962,0.2651
2159,50.943,55571.0,obs/smo/vf=off/lk=1,847.264,847.171,847.171,0.093,30.845,32.831,0.2647
2160,50.963,55591.0,obs/smo/vf=off/lk=1,847.863,847.773,847.773,0.091,30.501,27.718,0.2648
2161,50.983,55611.0,obs/smo/vf=off/lk=1,848.463,848.377,848.377,0.086,29.694,30.142,0.265
2162,51.003,55631.0,obs/smo/vf=off/lk=1,849.074,849.003,849.003,0.07,30.588,31.854,0.2645
2163,51.023,55651.0,obs/smo/vf=off/lk=1,849.7,849.608,849.608,0.091,31.108,27.227,0.2648
2164,51.043,55671.0,obs/smo/vf=off/lk=1,850.316,850.213,850.213,0.103,30.836,31.551,0.2648
2165,51.063,55691.0,obs/smo/vf=off/lk=1,850.921,850.831,850.831,0.09,30.468,30.669,0.2645
2166,51.083,55711.0,obs/smo/vf=off/lk=1,851.514,851.428,851.428,0.087,29.808,27.335,0.2648
2167,51.103,55731.0,obs/smo/vf=off/lk=1,852.117,852.037,852.037,0.08,30.236,32.546,0.2647
2168,51.123,55751.0,obs/smo/vf=off/lk=1,852.74,852.664,852.664,0.076,30.731,29.292,0.2644
2169,51.143,55771.0,obs/smo/vf=off/lk=1,853.357,853.257,853.257,0.099,30.971,28.268,0.2648
2170,51.163,55791.0,obs/smo/vf=off/lk=1,853.969,853.874,853.874,0.095,30.554,32.692,0.2645
2171,51.183,55811.0,obs/smo/vf=off/lk=1,854.565,854.487,854.487,0.078,29.912,28.15,0.2644
2172,51.203,55831.0,obs/smo/vf=off/lk=1,855.168,855.082,855.082,0.086,30.116,29.037,0.2647
2173,51.223,55851.0,obs/smo/vf=off/lk=1,855.779,855.7,855.7,0.079,30.99,32.4,0.2643
2174,51.243,55871.0,obs/smo/vf=off/lk=1,856.408,856.317,856.317,0.091,30.749,27.449,0.2644
2175,51.263,55891.0,obs/smo/vf=off/lk=1,857.021,856.912,856.912,0.11,30.82,30.594,0.2646
2176,51.283,55911.0,obs/smo/vf=off/lk=1,857.621,857.537,857.537,0.084,29.782,31.29,0.2642
2177,51.303,55931.0,obs/smo/vf=off/lk=1,858.215,858.138,858.138,0.077,29.871,27.366,0.2644
2178,51.323,55951.0,obs/smo/vf=off/lk=1,858.825,858.735,858.735,0.09,30.666,31.585,0.2645
2179,51.343,55971.0,obs/smo/vf=off/lk=1,859.44,859.36,859.36,0.08,30.771,30.16,0.2642
2180,51.363,55991.0,obs/smo/vf=off/lk=1,860.049,859.956,859.956,0.093,30.627,27.413,0.2644
2181,51.383,56011.0,obs/smo/vf=off/lk=1,860.654,860.56,860.56,0.094,30.003,32.382,0.2644
2182,51.403,56031.0,obs/smo/vf=off/lk=1,861.255,861.179,861.179,0.076,30.104,29.231,0.2641
2183,51.423,56051.0,obs/smo/vf=off/lk=1,861.861,861.777,861.777,0.084,30.534,27.972,0.2644
2184,51.443,56071.0,obs/smo/vf=off/lk=1,862.482,862.387,862.387,0.095,30.847,32.96,0.2642
2185,51.463,56091.0,obs/smo/vf=off/lk=1,863.099,863.005,863.005,0.093,30.83,28.177,0.2641
2186,51.483,56111.0,obs/smo/vf=off/lk=1,863.693,863.6,863.6,0.092,29.8,28.64,0.2644
2187,51.503,56131.0,obs/smo/vf=off/lk=1,864.297,864.217,864.217,0.08,30.179,32.918,0.2641
2188,51.523,56151.0,obs/smo/vf=off/lk=1,864.904,864.825,864.825,0.08,30.278,27.395,0.2641
2189,51.543,56171.0,obs/smo/vf=off/lk=1,865.515,865.422,865.422,0.093,30.744,29.758,0.2643
2190,51.563,56191.0,obs/smo/vf=off/lk=1,866.136,866.046,866.046,0.091,30.664,32.233,0.2639
2191,51.583,56211.0,obs/smo/vf=off/lk=1,866.742,866.651,866.651,0.091,30.21,27.196,0.2641
2192,51.603,56231.0,obs/smo/vf=off/lk=1,867.333,867.248,867.248,0.085,29.655,30.91,0.2642
2193,51.623,56251.0,obs/smo/vf=off/lk=1,867.937,867.863,867.863,0.074,30.559,31.439,0.2638
2194,51.643,56271.0,obs/smo/vf=off/lk=1,868.563,868.472,868.472,0.091,30.843,27.309,0.2641
2195,51.663,56291.0,obs/smo/vf=off/lk=1,869.178,869.078,869.078,0.1,30.835,32.01,0.264
2196,51.683,56311.0,obs/smo/vf=off/lk=1,869.781,869.694,869.694,0.087,30.416,30.03,0.2638
2197,51.703,56331.0,obs/smo/vf=off/lk=1,870.376,870.288,870.288,0.088,29.693,27.457,0.2641
2198,51.723,56351.0,obs/smo/vf=off/lk=1,870.977,870.897,870.897,0.08,30.137,32.515,0.2639
2199,51.743,56371.0,obs/smo/vf=off/lk=1,871.589,871.514,871.514,0.076,30.781,29.099,0.2637
2200,51.763,56391.0,obs/smo/vf=off/lk=1,872.215,872.116,872.116,0.1,30.81,28.32,0.2641
2201,51.783,56411.0,obs/smo/vf=off/lk=1,872.826,872.73,872.73,0.096,30.522,32.806,0.2638
2202,51.803,56431.0,obs/smo/vf=off/lk=1,873.421,873.34,873.34,0.081,29.84,27.874,0.2637
2203,51.823,56451.0,obs/smo/vf=off/lk=1,874.021,873.934,873.934,0.087,29.95,29.001,0.2641
2204,51.843,56471.0,obs/smo/vf=off/lk=1,874.627,874.548,874.548,0.078,30.715,32.313,0.2637
2205,51.863,56491.0,obs/smo/vf=off/lk=1,875.247,875.158,875.158,0.089,30.75,27.504,0.2637
2206,51.883,56511.0,obs/smo/vf=off/lk=1,875.857,875.75,875.75,0.107,30.672,29.963,0.264
2207,51.903,56531.0,obs/smo/vf=off/lk=1,876.461,876.377,876.377,0.085,30.003,31.585,0.2636
2208,51.923,56551.0,obs/smo/vf=off/lk=1,877.058,876.98,876.98,0.078,29.834,27.336,0.2637
2209,51.943,56571.0,obs/smo/vf=off/lk=1,877.67,877.579,877.579,0.091,30.687,31.494,0.2638
2210,51.963,56591.0,obs/smo/vf=off/lk=1,878.284,878.205,878.205,0.079,30.736,30.401,0.2635
2211,51.983,56611.0,obs/smo/vf=off/lk=1,878.896,878.802,878.802,0.094,30.461,27.344,0.2637
2212,52.003,56631.0,obs/smo/vf=off/lk=1,879.499,879.407,879.407,0.091,30.355,32.344,0.2637
2213,52.023,56651.0,obs/smo/vf=off/lk=1,880.1,880.027,880.027,0.073,29.855,29.306,0.2634
2214,52.043,56671.0,obs/smo/vf=off/lk=1,880.709,880.624,880.624,0.085,30.425,27.779,0.2637
2215,52.063,56691.0,obs/smo/vf=off/lk=1,881.326,881.233,881.233,0.092,31.086,32.825,0.2636
2216,52.083,56711.0,obs/smo/vf=off/lk=1,881.941,881.85,881.85,0.091,30.509,28.462,0.2634
2217,52.103,56731.0,obs/smo/vf=off/lk=1,882.539,882.445,882.445,0.094,29.886,28.597,0.2637
2218,52.123,56751.0,obs/smo/vf=off/lk=1,883.14,883.059,883.059,0.081,29.975,32.681,0.2634
2219,52.143,56771.0,obs/smo/vf=off/lk=1,883.748,883.671,883.671,0.077,30.371,27.726,0.2634
2220,52.163,56791.0,obs/smo/vf=off/lk=1,884.363,884.268,884.268,0.095,30.73,29.601,0.2636
2221,52.183,56811.0,obs/smo/vf=off/lk=1,884.97,884.879,884.879,0.092,30.788,32.483,0.2633
2222,52.203,56831.0,obs/smo/vf=off/lk=1,885.576,885.487,885.487,0.089,30.375,27.253,0.2634
2223,52.223,56851.0,obs/smo/vf=off/lk=1,886.179,886.093,886.093,0.086,29.678,30.613,0.2635
2224,52.243,56871.0,obs/smo/vf=off/lk=1,886.779,886.707,886.707,0.072,30.504,31.672,0.2632
2225,52.263,56891.0,obs/smo/vf=off/lk=1,887.405,887.316,887.316,0.089,30.929,27.11,0.2634
2226,52.283,56911.0,obs/smo/vf=off/lk=1,888.021,887.92,887.92,0.102,30.621,31.541,0.2634
2227,52.303,56931.0,obs/smo/vf=off/lk=1,888.624,888.537,888.537,0.087,30.527,30.307,0.2631
2228,52.323,56951.0,obs/smo/vf=off/lk=1,889.221,889.133,889.133,0.088,29.772,27.411,0.2634
2229,52.343,56971.0,obs/smo/vf=off/lk=1,889.822,889.742,889.742,0.081,30.024,32.798,0.2602
2230,52.363,56991.0,obs/smo/vf=off/lk=1,890.433,890.358,890.358,0.074,30.829,29.227,0.2593
2231,52.383,57011.0,obs/smo/vf=off/lk=1,891.056,890.96,890.96,0.096,30.611,28.129,0.2591
2232,52.403,57031.0,obs/smo/vf=off/lk=1,891.666,891.575,891.575,0.092,30.456,32.372,0.2582
2233,52.423,57051.0,obs/smo/vf=off/lk=1,892.261,892.185,892.185,0.077,29.974,28.081,0.2575
2234,52.443,57071.0,obs/smo/vf=off/lk=1,892.858,892.777,892.777,0.081,29.862,28.485,0.2572
2235,52.463,57091.0,obs/smo/vf=off/lk=1,893.467,893.388,893.388,0.079,30.409,32.251,0.2563
2236,52.483,57111.0,obs/smo/vf=off/lk=1,894.079,893.994,893.994,0.085,30.65,27.709,0.2557
2237,52.503,57131.0,obs/smo/vf=off/lk=1,894.684,894.58,894.58,0.103,30.329,28.67,0.2554
2238,52.523,57151.0,obs/smo/vf=off/lk=1,895.286,895.203,895.203,0.083,29.874,31.645,0.2544
2239,52.543,57171.0,obs/smo/vf=off/lk=1,895.879,895.805,895.805,0.074,29.579,27.377,0.2539
2240,52.563,57191.0,obs/smo/vf=off/lk=1,896.481,896.392,896.392,0.089,30.291,29.411,0.2535
2241,52.583,57211.0,obs/smo/vf=off/lk=1,897.083,897.001,897.001,0.081,30.302,31.643,0.2526
2242,52.603,57231.0,obs/smo/vf=off/lk=1,897.687,897.602,897.602,0.086,30.221,27.286,0.2521
2243,52.623,57251.0,obs/smo/vf=off/lk=1,898.287,898.193,898.193,0.094,29.58,29.424,0.2517
2244,52.643,57271.0,obs/smo/vf=off/lk=1,898.871,898.795,898.795,0.076,29.646,31.482,0.2508
2245,52.663,57291.0,obs/smo/vf=off/lk=1,899.467,899.393,899.393,0.073,29.78,27.254,0.2503
2246,52.683,57311.0,obs/smo/vf=off/lk=1,900.077,899.984,899.984,0.093,30.185,29.176,0.2499
2247,52.703,57331.0,obs/smo/vf=off/lk=1,900.677,900.587,900.587,0.089,30.366,31.29,0.249
2248,52.723,57351.0,obs/smo/vf=off/lk=1,901.267,901.183,901.183,0.084,29.501,27.267,0.2485
2249,52.743,57371.0,obs/smo/vf=off/lk=1,901.844,901.762,901.762,0.082,28.987,28.565,0.2482
2250,52.763,57391.0,obs/smo/vf=off/lk=1,902.447,902.372,902.372,0.075,29.681,31.544,0.2473
2251,52.783,57411.0,obs/smo/vf=off/lk=1,903.041,902.967,902.967,0.074,29.711,27.417,0.2467
2252,52.803,57431.0,obs/smo/vf=off/lk=1,903.637,903.543,903.543,0.095,29.972,27.629,0.2465
2253,52.823,57451.0,obs/smo/vf=off/lk=1,904.233,904.141,904.141,0.092,29.657,31.436,0.2456
2254,52.843,57471.0,obs/smo/vf=off/lk=1,904.811,904.738,904.738,0.073,29.189,27.858,0.2449
2255,52.863,57491.0,obs/smo/vf=off/lk=1,905.395,905.316,905.316,0.08,28.979,27.088,0.2447
2256,52.883,57511.0,obs/smo/vf=off/lk=1,905.987,905.907,905.907,0.08,29.887,31.347,0.244
2257,52.903,57531.0,obs/smo/vf=off/lk=1,906.589,906.511,906.511,0.078,29.677,28.532,0.2432
2258,52.923,57551.0,obs/smo/vf=off/lk=1,907.176,907.083,907.083,0.093,29.297,26.427,0.243
2259,52.943,57571.0,obs/smo/vf=off/lk=1,907.756,907.666,907.666,0.09,29.113,30.124,0.2424
2260,52.963,57591.0,obs/smo/vf=off/lk=1,908.328,908.258,908.258,0.07,28.778,30.141,0.2415
2261,52.983,57611.0,obs/smo/vf=off/lk=1,908.92,908.844,908.844,0.077,29.264,26.344,0.2412
2262,53.003,57631.0,obs/smo/vf=off/lk=1,909.502,909.415,909.415,0.087,29.431,28.797,0.2407
2263,53.023,57651.0,obs/smo/vf=off/lk=1,910.097,910.01,910.01,0.087,29.541,31.035,0.2399
2264,53.043,57671.0,obs/smo/vf=off/lk=1,910.678,910.596,910.596,0.082,29.063,26.711,0.2394
2265,53.063,57691.0,obs/smo/vf=off/lk=1,911.241,911.164,911.164,0.077,28.303,27.301,0.2391
2266,53.083,57711.0,obs/smo/vf=off/lk=1,911.83,911.753,911.753,0.078,29.122,31.078,0.2384
2267,53.103,57731.0,obs/smo/vf=off/lk=1,912.406,912.332,912.332,0.073,29.221,28.29,0.2377
2268,53.123,57751.0,obs/smo/vf=off/lk=1,912.989,912.904,912.904,0.084,29.298,26.414,0.2374
2269,53.143,57771.0,obs/smo/vf=off/lk=1,913.581,913.483,913.483,0.098,29.067,29.496,0.237
2270,53.163,57791.0,obs/smo/vf=off/lk=1,914.144,914.066,914.066,0.077,28.565,30.039,0.2361
2271,53.183,57811.0,obs/smo/vf=off/lk=1,914.71,914.643,914.643,0.066,28.25,26.552,0.2357
2272,53.203,57831.0,obs/smo/vf=off/lk=1,915.286,915.205,915.205,0.081,28.99,26.849,0.2354
2273,53.223,57851.0,obs/smo/vf=off/lk=1,915.879,915.795,915.795,0.084,29.083,30.934,0.2347
2274,53.243,57871.0,obs/smo/vf=off/lk=1,916.452,916.373,916.373,0.079,28.714,28.267,0.234
2275,53.263,57891.0,obs/smo/vf=off/lk=1,917.021,916.937,916.937,0.084,28.575,25.862,0.2337
2276,53.283,57911.0,obs/smo/vf=off/lk=1,917.575,917.5,917.5,0.076,27.975,28.285,0.2333
2277,53.303,57931.0,obs/smo/vf=off/lk=1,918.152,918.082,918.082,0.07,28.684,30.327,0.2325
2278,53.323,57951.0,obs/smo/vf=off/lk=1,918.729,918.655,918.655,0.074,28.883,26.782,0.232
2279,53.343,57971.0,obs/smo/vf=off/lk=1,919.304,919.217,919.217,0.087,28.794,26.28,0.2317
2280,53.363,57991.0,obs/smo/vf=off/lk=1,919.888,919.792,919.792,0.097,28.759,30.165,0.2312
2281,53.383,58011.0,obs/smo/vf=off/lk=1,920.442,920.366,920.366,0.076,28.006,29.179,0.2304
2282,53.403,58031.0,obs/smo/vf=off/lk=1,920.999,920.932,920.932,0.067,27.854,26.135,0.23
2283,53.423,58051.0,obs/smo/vf=off/lk=1,921.567,921.486,921.486,0.08,28.504,26.652,0.2298
2284,53.443,58071.0,obs/smo/vf=off/lk=1,922.151,922.066,922.066,0.085,28.799,30.003,0.2291
2285,53.463,58091.0,obs/smo/vf=off/lk=1,922.719,922.638,922.638,0.08,28.47,28.599,0.2284
2286,53.483,58111.0,obs/smo/vf=off/lk=1,923.275,923.196,923.196,0.08,28.069,25.679,0.2281
2287,53.503,58131.0,obs/smo/vf=off/lk=1,923.825,923.75,923.75,0.075,27.58,27.176,0.2278
2288,53.523,58151.0,obs/smo/vf=off/lk=1,924.385,924.312,924.312,0.072,27.989,30.114,0.2271
2289,53.543,58171.0,obs/smo/vf=off/lk=1,924.957,924.886,924.886,0.071,28.512,27.936,0.2264
2290,53.563,58191.0,obs/smo/vf=off/lk=1,925.523,925.443,925.443,0.08,28.34,25.592,0.2261
2291,53.583,58211.0,obs/smo/vf=off/lk=1,926.093,926.001,926.001,0.092,28.369,26.951,0.2258
2292,53.603,58231.0,obs/smo/vf=off/lk=1,926.647,926.567,926.567,0.081,27.779,29.667,0.2251
2293,53.623,58251.0,obs/smo/vf=off/lk=1,927.199,927.132,927.132,0.067,27.487,28.146,0.2245
2294,53.643,58271.0,obs/smo/vf=off/lk=1,927.756,927.685,927.685,0.071,27.993,25.369,0.2242
2295,53.663,58291.0,obs/smo/vf=off/lk=1,928.321,928.238,928.238,0.083,28.055,26.557,0.2239
2296,53.683,58311.0,obs/smo/vf=off/lk=1,928.888,928.798,928.798,0.091,28.383,29.573,0.2233
2297,53.703,58331.0,obs/smo/vf=off/lk=1,929.447,929.369,929.369,0.078,27.977,27.838,0.2226
2298,53.723,58351.0,obs/smo/vf=off/lk=1,929.991,929.92,929.92,0.071,27.054,25.487,0.2223
2299,53.743,58371.0,obs/smo/vf=off/lk=1,930.537,930.465,930.465,0.072,27.514,26.254,0.222
2300,53.763,58391.0,obs/smo/vf=off/lk=1,931.097,931.02,931.02,0.077,27.863,28.755,0.2214
2301,53.783,58411.0,obs/smo/vf=off/lk=1,931.654,931.579,931.579,0.075,28.235,28.896,0.2208
2302,53.803,58431.0,obs/smo/vf=off/lk=1,932.212,932.13,932.13,0.082,27.85,25.676,0.2204
2303,53.823,58451.0,obs/smo/vf=off/lk=1,932.754,932.676,932.676,0.078,27.19,25.585,0.2201
2304,53.843,58471.0,obs/smo/vf=off/lk=1,933.306,933.228,933.228,0.078,27.044,27.952,0.2197
2305,53.863,58491.0,obs/smo/vf=off/lk=1,933.857,933.789,933.789,0.068,27.813,29.027,0.219
2306,53.883,58511.0,obs/smo/vf=off/lk=1,934.412,934.346,934.346,0.066,27.917,26.515,0.2184
2307,53.903,58531.0,obs/smo/vf=off/lk=1,934.964,934.886,934.886,0.078,27.623,25.035,0.2182
2308,53.923,58551.0,obs/smo/vf=off/lk=1,935.523,935.435,935.435,0.087,27.564,26.567,0.2179
2309,53.943,58571.0,obs/smo/vf=off/lk=1,936.06,935.98,935.98,0.08,27.366,28.978,0.2173
2310,53.963,58591.0,obs/smo/vf=off/lk=1,936.609,936.545,936.545,0.064,26.982,27.591,0.2167
2311,53.983,58611.0,obs/smo/vf=off/lk=1,937.156,937.092,937.092,0.065,27.431,25.239,0.2163
2312,54.003,58631.0,obs/smo/vf=off/lk=1,937.707,937.628,937.628,0.079,27.637,25.491,0.2161
2313,54.023,58651.0,obs/smo/vf=off/lk=1,938.255,938.167,938.167,0.087,27.328,27.647,0.2157
2314,54.043,58671.0,obs/smo/vf=off/lk=1,938.796,938.71,938.71,0.086,27.27,29.119,0.2151
2315,54.063,58691.0,obs/smo/vf=off/lk=1,939.333,939.261,939.261,0.072,26.797,26.681,0.2145
2316,54.083,58711.0,obs/smo/vf=off/lk=1,939.864,939.802,939.802,0.062,26.733,24.787,0.2142
2317,54.103,58731.0,obs/smo/vf=off/lk=1,940.418,940.341,940.341,0.076,27.249,25.719,0.214
2318,54.123,58751.0,obs/smo/vf=off/lk=1,940.968,940.885,940.885,0.084,27.451,28.056,0.2135
2319,54.143,58771.0,obs/smo/vf=off/lk=1,941.507,941.428,941.428,0.079,27.445,28.719,0.2129
2320,54.163,58791.0,obs/smo/vf=off/lk=1,942.048,941.974,941.974,0.074,27.044,25.952,0.2124
2321,54.183,58811.0,obs/smo/vf=off/lk=1,942.584,942.515,942.515,0.069,26.192,24.725,0.2122
2322,54.203,58831.0,obs/smo/vf=off/lk=1,943.108,943.038,943.038,0.071,26.87,25.584,0.2119
2323,54.223,58851.0,obs/smo/vf=off/lk=1,943.656,943.58,943.58,0.076,27.181,28.019,0.2113
2324,54.243,58871.0,obs/smo/vf=off/lk=1,944.207,944.134,944.134,0.073,27.402,28.706,0.2106
2325,54.263,58891.0,obs/smo/vf=off/lk=1,944.748,944.67,944.67,0.078,27.078,25.71,0.2103
2326,54.283,58911.0,obs/smo/vf=off/lk=1,945.277,945.202,945.202,0.075,26.395,24.591,0.2101
2327,54.303,58931.0,obs/smo/vf=off/lk=1,945.8,945.728,945.728,0.073,26.336,25.498,0.2098
2328,54.323,58951.0,obs/smo/vf=off/lk=1,946.336,946.266,946.266,0.069,26.689,27.707,0.2093
2329,54.343,58971.0,obs/smo/vf=off/lk=1,946.88,946.811,946.811,0.069,27.017,28.72,0.2118
2330,54.363,58991.0,obs/smo/vf=off/lk=1,947.422,947.35,947.35,0.072,27.238,25.978,0.212
2331,54.383,59011.0,obs/smo/vf=off/lk=1,947.959,947.884,947.884,0.075,26.874,24.54,0.2123
2332,54.403,59031.0,obs/smo/vf=off/lk=1,948.493,948.408,948.408,0.084,26.541,24.944,0.2127
2333,54.423,59051.0,obs/smo/vf=off/lk=1,949.013,948.939,948.939,0.073,26.316,27.134,0.2128
2334,54.443,59071.0,obs/smo/vf=off/lk=1,949.551,949.483,949.483,0.068,26.838,28.545,0.2128
2335,54.463,59091.0,obs/smo/vf=off/lk=1,950.093,950.025,950.025,0.068,26.989,26.499,0.213
2336,54.483,59111.0,obs/smo/vf=off/lk=1,950.634,950.558,950.558,0.076,27.014,24.727,0.2133
2337,54.503,59131.0,obs/smo/vf=off/lk=1,951.171,951.082,951.082,0.089,27.001,24.626,0.2137
2338,54.523,59151.0,obs/smo/vf=off/lk=1,951.7,951.616,951.616,0.084,26.302,26.88,0.2139
2339,54.543,59171.0,obs/smo/vf=off/lk=1,952.231,952.158,952.158,0.073,26.497,28.772,0.2139
2340,54.563,59191.0,obs/smo/vf=off/lk=1,952.769,952.703,952.703,0.066,26.868,26.906,0.2139
2341,54.583,59211.0,obs/smo/vf=off/lk=1,953.309,953.24,953.24,0.069,27.022,24.851,0.2142
2342,54.603,59231.0,obs/smo/vf=off/lk=1,953.851,953.766,953.766,0.085,27.215,24.421,0.2146
2343,54.623,59251.0,obs/smo/vf=off/lk=1,954.388,954.299,954.299,0.089,26.901,26.326,0.2148
2344,54.643,59271.0,obs/smo/vf=off/lk=1,954.923,954.841,954.841,0.082,26.786,28.622,0.2149
2345,54.663,59291.0,obs/smo/vf=off/lk=1,955.46,955.392,955.392,0.068,26.43,27.139,0.2149
2346,54.683,59311.0,obs/smo/vf=off/lk=1,955.992,955.927,955.927,0.065,26.849,24.962,0.2152
2347,54.703,59331.0,obs/smo/vf=off/lk=1,956.534,956.453,956.453,0.081,27.074,24.483,0.2156
2348,54.723,59351.0,obs/smo/vf=off/lk=1,957.08,956.99,956.99,0.09,27.219,26.631,0.2158
2349,54.743,59371.0,obs/smo/vf=off/lk=1,957.623,957.533,957.533,0.09,27.135,28.752,0.2158
2350,54.763,59391.0,obs/smo/vf=off/lk=1,958.146,958.073,958.073,0.073,26.679,27.54,0.2159
2351,54.783,59411.0,obs/smo/vf=off/lk=1,958.674,958.612,958.612,0.062,26.32,25.225,0.2161
2352,54.803,59431.0,obs/smo/vf=off/lk=1,959.223,959.147,959.147,0.076,27.0,24.546,0.2165
2353,54.823,59451.0,obs/smo/vf=off/lk=1,959.764,959.679,959.679,0.086,27.417,26.478,0.2167
2354,54.843,59471.0,obs/smo/vf=off/lk=1,960.315,960.226,960.226,0.089,27.496,28.868,0.2167
2355,54.863,59491.0,obs/smo/vf=off/lk=1,960.856,960.777,960.777,0.079,26.995,27.233,0.2168
2356,54.883,59511.0,obs/smo/vf=off/lk=1,961.387,961.315,961.315,0.072,26.408,24.972,0.217
2357,54.903,59531.0,obs/smo/vf=off/lk=1,961.919,961.847,961.847,0.073,26.88,24.789,0.2174
2358,54.923,59551.0,obs/smo/vf=off/lk=1,962.466,962.387,962.387,0.078,27.246,27.099,0.2176
2359,54.943,59571.0,obs/smo/vf=off/lk=1,963.018,962.936,962.936,0.082,27.546,28.711,0.2176
2360,54.963,59591.0,obs/smo/vf=off/lk=1,963.569,963.488,963.488,0.081,27.294,26.843,0.2176
2361,54.983,59611.0,obs/smo/vf=off/lk=1,964.104,964.025,964.025,0.079,26.716,24.919,0.218
2362,55.003,59631.0,obs/smo/vf=off/lk=1,964.632,964.556,964.556,0.076,26.703,25.242,0.2183
2363,55.023,59651.0,obs/smo/vf=off/lk=1,965.17,965.097,965.097,0.073,26.837,27.63,0.2185
2364,55.043,59671.0,obs/smo/vf=off/lk=1,965.713,965.64,965.64,0.074,27.356,29.113,0.2185
2365,55.063,59691.0,obs/smo/vf=off/lk=1,966.264,966.188,966.188,0.076,27.465,26.682,0.2185
2366,55.083,59711.0,obs/smo/vf=off/lk=1,966.805,966.726,966.726,0.08,27.111,24.862,0.2189
2367,55.103,59731.0,obs/smo/vf=off/lk=1,967.353,967.266,967.266,0.087,26.908,25.468,0.2193
2368,55.123,59751.0,obs/smo/vf=off/lk=1,967.882,967.807,967.807,0.075,26.734,28.006,0.2193
2369,55.143,59771.0,obs/smo/vf=off/lk=1,968.431,968.361,968.361,0.07,27.209,28.695,0.2193
2370,55.163,59791.0,obs/smo/vf=off/lk=1,968.98,968.908,968.908,0.073,27.515,25.932,0.2195
2371,55.183,59811.0,obs/smo/vf=off/lk=1,969.526,969.446,969.446,0.081,27.323,24.768,0.2198
2372,55.203,59831.0,obs/smo/vf=off/lk=1,970.073,969.978,969.978,0.095,27.463,25.987,0.2201
2373,55.223,59851.0,obs/smo/vf=off/lk=1,970.611,970.527,970.527,0.084,27.052,28.776,0.2201
2374,55.243,59871.0,obs/smo/vf=off/lk=1,971.146,971.077,971.077,0.069,26.794,28.533,0.2201
2375,55.263,59891.0,obs/smo/vf=off/lk=1,971.699,971.629,971.629,0.07,27.337,25.255,0.2204
2376,55.283,59911.0,obs/smo/vf=off/lk=1,972.248,972.168,972.168,0.08,27.391,25.052,0.2207
2377,55.303,59931.0,obs/smo/vf=off/lk=1,972.788,972.699,972.699,0.089,27.315,26.897,0.221
2378,55.323,59951.0,obs/smo/vf=off/lk=1,973.34,973.251,973.251,0.089,27.41,28.914,0.2209
2379,55.343,59971.0,obs/smo/vf=off/lk=1,973.872,973.801,973.801,0.072,26.915,27.428,0.221
2380,55.363,59991.0,obs/smo/vf=off/lk=1,974.409,974.341,974.341,0.068,26.847,24.851,0.2213
2381,55.383,60011.0,obs/smo/vf=off/lk=1,974.958,974.881,974.881,0.077,27.291,25.353,0.2216
2382,55.403,60031.0,obs/smo/vf=off/lk=1,975.515,975.425,975.425,0.09,27.958,28.15,0.2217
2383,55.423,60051.0,obs/smo/vf=off/lk=1,976.077,975.988,975.988,0.088,27.766,28.782,0.2216
2384,55.443,60071.0,obs/smo/vf=off/lk=1,976.621,976.539,976.539,0.083,27.197,26.292,0.2218
2385,55.463,60091.0,obs/smo/vf=off/lk=1,977.15,977.075,977.075,0.076,26.739,24.753,0.2222
2386,55.483,60111.0,obs/smo/vf=off/lk=1,977.695,977.619,977.619,0.076,27.063,26.664,0.2224
2387,55.503,60131.0,obs/smo/vf=off/lk=1,978.255,978.176,978.176,0.079,27.948,29.351,0.2224
2388,55.523,60151.0,obs/smo/vf=off/lk=1,978.813,978.738,978.738,0.075,27.868,27.47,0.2223
2389,55.543,60171.0,obs/smo/vf=off/lk=1,979.37,979.291,979.291,0.08,27.969,25.299,0.2226
2390,55.563,60191.0,obs/smo/vf=off/lk=1,979.918,979.833,979.833,0.085,27.268,25.806,0.223
2391,55.583,60211.0,obs/smo/vf=off/lk=1,980.458,980.384,980.384,0.074,27.355,28.922,0.223
2392,55.603,60231.0,obs/smo/vf=off/lk=1,981.016,980.95,980.95,0.066,27.696,28.732,0.2229
2393,55.623,60251.0,obs/smo/vf=off/lk=1,981.571,981.5,981.5,0.071,27.867,25.538,0.2231
2394,55.643,60271.0,obs/smo/vf=off/lk=1,982.134,982.045,982.045,0.089,27.92,25.284,0.2235
2395,55.663,60291.0,obs/smo/vf=off/lk=1,982.691,982.593,982.593,0.098,27.886,28.064,0.2237
2396,55.683,60311.0,obs/smo/vf=off/lk=1,983.231,983.152,983.152,0.079,27.315,29.072,0.2236
2397,55.703,60331.0,obs/smo/vf=off/lk=1,983.776,983.71,983.71,0.065,27.088,26.755,0.2236
2398,55.723,60351.0,obs/smo/vf=off/lk=1,984.336,984.262,984.262,0.074,27.91,25.093,0.224
2399,55.743,60371.0,obs/smo/vf=off/lk=1,984.886,984.802,984.802,0.084,27.763,27.034,0.2242
2400,55.763,60391.0,obs/smo/vf=off/lk=1,985.452,985.361,985.361,0.091,28.189,29.59,0.2242
2401,55.783,60411.0,obs/smo/vf=off/lk=1,986.006,985.927,985.927,0.079,27.702,27.42,0.2242
2402,55.803,60431.0,obs/smo/vf=off/lk=1,986.548,986.474,986.474,0.074,26.956,25.24,0.2245
2403,55.823,60451.0,obs/smo/vf=off/lk=1,987.095,987.017,987.017,0.079,27.424,25.986,0.2249
2404,55.843,60471.0,obs/smo/vf=off/lk=1,987.654,987.574,987.574,0.08,28.092,29.267,0.2248
2405,55.863,60491.0,obs/smo/vf=off/lk=1,988.221,988.146,988.146,0.075,28.107,28.408,0.2247
2406,55.883,60511.0,obs/smo/vf=off/lk=1,988.783,988.698,988.698,0.085,27.878,25.408,0.225
2407,55.903,60531.0,obs/smo/vf=off/lk=1,989.329,989.245,989.245,0.084,27.324,25.536,0.2254
2408,55.923,60551.0,obs/smo/vf=off/lk=1,989.875,989.794,989.794,0.081,27.332,28.631,0.2255
2409,55.943,60571.0,obs/smo/vf=off/lk=1,990.424,990.357,990.357,0.067,27.917,28.869,0.2253
2410,55.963,60591.0,obs/smo/vf=off/lk=1,990.987,990.917,990.917,0.07,28.102,26.172,0.2255
2411,55.983,60611.0,obs/smo/vf=off/lk=1,991.55,991.463,991.463,0.087,28.062,25.199,0.2259
2412,56.003,60631.0,obs/smo/vf=off/lk=1,992.114,992.024,992.024,0.09,27.933,28.417,0.226
2413,56.023,60651.0,obs/smo/vf=off/lk=1,992.665,992.584,992.584,0.081,27.653,29.781,0.2259
2414,56.043,60671.0,obs/smo/vf=off/lk=1,993.211,993.143,993.143,0.068,27.391,26.388,0.226
2415,56.063,60691.0,obs/smo/vf=off/lk=1,993.753,993.682,993.682,0.071,27.013,25.123,0.2264
2416,56.083,60711.0,obs/smo/vf=off/lk=1,994.316,994.224,994.224,0.091,28.384,26.9,0.2267
2417,56.103,60731.0,obs/smo/vf=off/lk=1,994.882,994.79,994.79,0.092,27.906,29.691,0.2266
2418,56.123,60751.0,obs/smo/vf=off/lk=1,995.428,995.345,995.345,0.083,27.616,27.881,0.2267
2419,56.143,60771.0,obs/smo/vf=off/lk=1,995.971,995.892,995.892,0.079,26.989,25.048,0.227
2420,56.163,60791.0,obs/smo/vf=off/lk=1,996.515,996.439,996.439,0.076,27.227,26.219,0.2272
2421,56.183,60811.0,obs/smo/vf=off/lk=1,997.075,996.992,996.992,0.083,27.976,29.406,0.2273
2422,56.203,60831.0,obs/smo/vf=off/lk=1,997.641,997.565,997.565,0.076,28.116,28.596,0.2271
2423,56.223,60851.0,obs/smo/vf=off/lk=1,998.2,998.119,998.119,0.081,27.867,25.656,0.2274
2424,56.243,60871.0,obs/smo/vf=off/lk=1,998.749,998.663,998.663,0.086,27.516,25.612,0.2278
2425,56.263,60891.0,obs/smo/vf=off/lk=1,999.293,999.213,999.213,0.08,27.404,28.379,0.2279
2426,56.283,60911.0,obs/smo/vf=off/lk=1,999.85,999.782,999.782,0.068,27.889,29.431,0.2278
2427,56.303,60931.0,obs/smo/vf=off/lk=1,1000.416,1000.34,1000.34,0.076,28.194,25.909,0.2279
2428,56.323,60951.0,obs/smo/vf=off/lk=1,1000.978,1000.89,1000.89,0.088,27.9,25.545,0.2283
2429,56.343,60971.0,obs/smo/vf=off/lk=1,1001.541,1001.441,1001.441,0.1,28.266,28.384,0.2254
2430,56.363,60991.0,obs/smo/vf=off/lk=1,1002.088,1002.009,1002.009,0.079,27.501,29.28,0.2246
2431,56.383,61011.0,obs/smo/vf=off/lk=1,1002.634,1002.569,1002.569,0.065,27.364,26.521,0.2241
2432,56.403,61031.0,obs/smo/vf=off/lk=1,1003.19,1003.115,1003.115,0.075,27.815,25.11,0.2238
2433,56.423,61051.0,obs/smo/vf=off/lk=1,1003.751,1003.668,1003.668,0.083,28.198,27.565,0.2234
2434,56.443,61071.0,obs/smo/vf=off/lk=1,1004.319,1004.233,1004.233,0.086,28.12,29.823,0.2227
2435,56.463,61091.0,obs/smo/vf=off/lk=1,1004.874,1004.796,1004.796,0.078,27.806,26.806,0.2222
2436,56.483,61111.0,obs/smo/vf=off/lk=1,1005.414,1005.343,1005.343,0.071,27.13,25.186,0.2219
2437,56.503,61131.0,obs/smo/vf=off/lk=1,1005.963,1005.888,1005.888,0.075,27.399,26.702,0.2216
2438,56.523,61151.0,obs/smo/vf=off/lk=1,1006.522,1006.447,1006.447,0.075,28.081,29.297,0.2209
2439,56.543,61171.0,obs/smo/vf=off/lk=1,1007.08,1007.007,1007.007,0.073,27.969,28.005,0.2203
2440,56.563,61191.0,obs/smo/vf=off/lk=1,1007.643,1007.562,1007.562,0.081,27.823,25.188,0.22
2441,56.583,61211.0,obs/smo/vf=off/lk=1,1008.18,1008.098,1008.098,0.082,26.995,25.735,0.2197
2442,56.603,61231.0,obs/smo/vf=off/lk=1,1008.73,1008.654,1008.654,0.077,27.172,28.571,0.2192
2443,56.623,61251.0,obs/smo/vf=off/lk=1,1009.275,1009.209,1009.209,0.066,27.543,28.692,0.2185
2444,56.643,61271.0,obs/smo/vf=off/lk=1,1009.833,1009.764,1009.764,0.069,27.817,26.022,0.2181
2445,56.663,61291.0,obs/smo/vf=off/lk=1,1010.384,1010.301,1010.301,0.083,27.736,24.842,0.2179
2446,56.683,61311.0,obs/smo/vf=off/lk=1,1010.938,1010.853,1010.853,0.085,27.503,27.148,0.2174
2447,56.703,61331.0,obs/smo/vf=off/lk=1,1011.478,1011.398,1011.398,0.08,27.132,29.133,0.2169
2448,56.723,61351.0,obs/smo/vf=off/lk=1,1012.025,1011.962,1011.962,0.064,27.125,27.088,0.2162
2449,56.743,61371.0,obs/smo/vf=off/lk=1,1012.568,1012.503,1012.503,0.065,27.305,25.033,0.2159
2450,56.763,61391.0,obs/smo/vf=off/lk=1,1013.118,1013.036,1013.036,0.082,27.593,25.381,0.2157
2451,56.783,61411.0,obs/smo/vf=off/lk=1,1013.671,1013.581,1013.581,0.09,27.453,27.84,0.2152
2452,56.803,61431.0,obs/smo/vf=off/lk=1,1014.219,1014.135,1014.135,0.085,27.191,28.8,0.2146
2453,56.823,61451.0,obs/smo/vf=off/lk=1,1014.75,1014.679,1014.679,0.071,26.595,25.949,0.2141
2454,56.843,61471.0,obs/smo/vf=off/lk=1,1015.282,1015.218,1015.218,0.064,26.635,24.693,0.2139
2455,56.863,61491.0,obs/smo/vf=off/lk=1,1015.827,1015.75,1015.75,0.077,27.276,25.901,0.2136
2456,56.883,61511.0,obs/smo/vf=off/lk=1,1016.376,1016.295,1016.295,0.081,27.572,28.294,0.213
2457,56.903,61531.0,obs/smo/vf=off/lk=1,1016.919,1016.839,1016.839,0.079,27.34,28.284,0.2124
2458,56.923,61551.0,obs/smo/vf=off/lk=1,1017.459,1017.384,1017.384,0.075,27.092,25.619,0.212
2459,56.943,61571.0,obs/smo/vf=off/lk=1,1017.983,1017.917,1017.917,0.067,26.266,24.759,0.2117
2460,56.963,61591.0,obs/smo/vf=off/lk=1,1018.52,1018.448,1018.448,0.072,26.822,25.874,0.2115
2461,56.983,61611.0,obs/smo/vf=off/lk=1,1019.066,1018.992,1018.992,0.074,27.117,28.231,0.2109
2462,57.003,61631.0,obs/smo/vf=off/lk=1,1019.622,1019.55,1019.55,0.072,27.593,28.039,0.2102
2463,57.023,61651.0,obs/smo/vf=off/lk=1,1020.168,1020.089,1020.089,0.079,27.192,25.166,0.2099
2464,57.043,61671.0,obs/smo/vf=off/lk=1,1020.688,1020.613,1020.613,0.075,26.53,24.706,0.2097
2465,57.063,61691.0,obs/smo/vf=off/lk=1,1021.219,1021.145,1021.145,0.073,26.186,25.884,0.2094
2466,57.083,61711.0,obs/smo/vf=off/lk=1,1021.751,1021.684,1021.684,0.067,26.653,28.087,0.2088
2467,57.103,61731.0,obs/smo/vf=off/lk=1,1022.288,1022.223,1022.223,0.065,27.148,28.245,0.2083
2468,57.123,61751.0,obs/smo/vf=off/lk=1,1022.84,1022.769,1022.769,0.071,27.052,25.455,0.2079
2469,57.143,61771.0,obs/smo/vf=off/lk=1,1023.365,1023.289,1023.289,0.075,26.649,24.533,0.2076
2470,57.163,61791.0,obs/smo/vf=off/lk=1,1023.9,1023.82,1023.82,0.08,26.387,25.08,0.2074
2471,57.183,61811.0,obs/smo/vf=off/lk=1,1024.418,1024.35,1024.35,0.068,26.341,27.054,0.2069
2472,57.203,61831.0,obs/smo/vf=off/lk=1,1024.954,1024.891,1024.891,0.063,26.676,28.251,0.2063
2473,57.223,61851.0,obs/smo/vf=off/lk=1,1025.494,1025.428,1025.428,0.065,26.927,26.149,0.2058
2474,57.243,61871.0,obs/smo/vf=off/lk=1,1026.028,1025.957,1025.957,0.071,26.687,24.506,0.2056
2475,57.263,61891.0,obs/smo/vf=off/lk=1,1026.56,1026.476,1026.476,0.083,26.663,24.458,0.2054
2476,57.283,61911.0,obs/smo/vf=off/lk=1,1027.081,1027.003,1027.003,0.079,25.875,26.007,0.205
2477,57.303,61931.0,obs/smo/vf=off/lk=1,1027.608,1027.535,1027.535,0.073,26.179,27.891,0.2045
2478,57.323,61951.0,obs/smo/vf=off/lk=1,1028.126,1028.063,1028.063,0.063,26.217,27.245,0.204
2479,57.343,61971.0,obs/smo/vf=off/lk=1,1028.658,1028.594,1028.594,0.064,26.625,25.509,0.2035
2480,57.363,61991.0,obs/smo/vf=off/lk=1,1029.185,1029.114,1029.114,0.071,26.61,23.877,0.2033
2481,57.383,62011.0,obs/smo/vf=off/lk=1,1029.711,1029.634,1029.634,0.077,26.182,24.561,0.2031
2482,57.403,62031.0,obs/smo/vf=off/lk=1,1030.238,1030.158,1030.158,0.08,26.027,26.078,0.2028
2483,57.423,62051.0,obs/smo/vf=off/lk=1,1030.751,1030.684,1030.684,0.067,25.935,27.44,0.2022
2484,57.443,62071.0,obs/smo/vf=off/lk=1,1031.281,1031.221,1031.221,0.061,26.269,27.115,0.2017
2485,57.463,62091.0,obs/smo/vf=off/lk=1,1031.809,1031.744,1031.744,0.066,26.498,24.822,0.2013
2486,57.483,62111.0,obs/smo/vf=off/lk=1,1032.332,1032.261,1032.261,0.072,26.215,24.231,0.2011
2487,57.503,62131.0,obs/smo/vf=off/lk=1,1032.855,1032.771,1032.771,0.084,26.197,24.052,0.2009
2488,57.523,62151.0,obs/smo/vf=off/lk=1,1033.372,1033.294,1033.294,0.079,25.577,25.685,0.2005
2489,57.543,62171.0,obs/smo/vf=off/lk=1,1033.885,1033.817,1033.817,0.068,25.719,27.51,0.2
2490,57.563,62191.0,obs/smo/vf=off/lk=1,1034.409,1034.35,1034.35,0.059,26.291,26.96,0.1995
2491,57.583,62211.0,obs/smo/vf=off/lk=1,1034.935,1034.874,1034.874,0.062,26.196,25.274,0.1991
2492,57.603,62231.0,obs/smo/vf=off/lk=1,1035.457,1035.386,1035.386,0.071,26.197,23.762,0.1989
2493,57.623,62251.0,obs/smo/vf=off/lk=1,1035.972,1035.898,1035.898,0.074,25.684,24.056,0.1987
2494,57.643,62271.0,obs/smo/vf=off/lk=1,1036.482,1036.405,1036.405,0.077,25.677,24.376,0.1985
2495,57.663,62291.0,obs/smo/vf=off/lk=1,1036.988,1036.92,1036.92,0.068,25.266,26.858,0.198
2496,57.683,62311.0,obs/smo/vf=off/lk=1,1037.503,1037.44,1037.44,0.063,25.864,27.433,0.1975
2497,57.703,62331.0,obs/smo/vf=off/lk=1,1038.025,1037.962,1037.962,0.063,25.971,26.06,0.1971
2498,57.723,62351.0,obs/smo/vf=off/lk=1,1038.542,1038.476,1038.476,0.066,25.856,24.715,0.1968
2499,57.743,62371.0,obs/smo/vf=off/lk=1,1039.056,1038.98,1038.98,0.076,25.731,23.465,0.1966
2500,57.763,62391.0,obs/smo/vf=off/lk=1,1039.56,1039.488,1039.488,0.073,25.162,23.917,0.1963
2501,57.783,62411.0,obs/smo/vf=off/lk=1,1040.059,1039.99,1039.99,0.069,25.057,24.466,0.1961
2502,57.803,62431.0,obs/smo/vf=off/lk=1,1040.57,1040.504,1040.504,0.066,25.504,26.111,0.1957
2503,57.823,62451.0,obs/smo/vf=off/lk=1,1041.087,1041.018,1041.018,0.069,25.853,27.174,0.1953
2504,57.843,62471.0,obs/smo/vf=off/lk=1,1041.607,1041.538,1041.538,0.069,25.664,26.207,0.1948
2505,57.863,62491.0,obs/smo/vf=off/lk=1,1042.121,1042.051,1042.051,0.07,25.612,24.814,0.1944
2506,57.883,62511.0,obs/smo/vf=off/lk=1,1042.627,1042.555,1042.555,0.071,25.497,23.612,0.1942
2507,57.903,62531.0,obs/smo/vf=off/lk=1,1043.121,1043.056,1043.056,0.064,24.784,23.152,0.194
2508,57.923,62551.0,obs/smo/vf=off/lk=1,1043.625,1043.559,1043.559,0.066,25.187,23.807,0.1938
2509,57.943,62571.0,obs/smo/vf=off/lk=1,1044.139,1044.068,1044.068,0.071,25.436,25.272,0.1934
2510,57.963,62591.0,obs/smo/vf=off/lk=1,1044.652,1044.571,1044.571,0.081,25.617,26.368,0.1931
2511,57.983,62611.0,obs/smo/vf=off/lk=1,1045.159,1045.082,1045.082,0.078,25.573,26.736,0.1926
2512,58.003,62631.0,obs/smo/vf=off/lk=1,1045.672,1045.597,1045.597,0.075,25.724,25.897,0.1921
2513,58.023,62651.0,obs/smo/vf=off/lk=1,1046.169,1046.103,1046.103,0.066,24.83,24.126,0.1919
2514,58.043,62671.0,obs/smo/vf=off/lk=1,1046.666,1046.608,1046.608,0.058,24.913,23.514,0.1917
2515,58.063,62691.0,obs/smo/vf=off/lk=1,1047.172,1047.105,1047.105,0.067,25.303,23.328,0.1915
2516,58.083,62711.0,obs/smo/vf=off/lk=1,1047.68,1047.608,1047.608,0.071,25.43,23.786,0.1912
2517,58.103,62731.0,obs/smo/vf=off/lk=1,1048.189,1048.11,1048.11,0.08,25.663,25.306,0.1909
2518,58.123,62751.0,obs/smo/vf=off/lk=1,1048.697,1048.62,1048.62,0.076,25.306,26.025,0.1904
2519,58.143,62771.0,obs/smo/vf=off/lk=1,1049.205,1049.134,1049.134,0.071,24.908,26.527,0.19
2520,58.163,62791.0,obs/smo/vf=off/lk=1,1049.697,1049.638,1049.638,0.059,24.687,25.344,0.1897
2521,58.183,62811.0,obs/smo/vf=off/lk=1,1050.191,1050.134,1050.134,0.057,25.193,24.492,0.1894
2522,58.203,62831.0,obs/smo/vf=off/lk=1,1050.706,1050.64,1050.64,0.067,25.317,23.154,0.1892
2523,58.223,62851.0,obs/smo/vf=off/lk=1,1051.209,1051.138,1051.138,0.071,25.227,23.045,0.189
2524,58.243,62871.0,obs/smo/vf=off/lk=1,1051.711,1051.63,1051.63,0.081,25.08,23.357,0.1888
2525,58.263,62891.0,obs/smo/vf=off/lk=1,1052.205,1052.132,1052.132,0.073,24.735,24.391,0.1884
2526,58.283,62911.0,obs/smo/vf=off/lk=1,1052.699,1052.632,1052.632,0.066,24.555,25.657,0.1881
2527,58.303,62931.0,obs/smo/vf=off/lk=1,1053.198,1053.136,1053.136,0.061,25.166,26.221,0.1877
2528,58.323,62951.0,obs/smo/vf=off/lk=1,1053.698,1053.638,1053.638,0.06,25.243,26.289,0.1873
2529,58.343,62971.0,obs/smo/vf=off/lk=1,1054.204,1054.139,1054.139,0.065,25.293,25.671,0.19
2530,58.363,62991.0,obs/smo/vf=off/lk=1,1054.71,1054.639,1054.639,0.071,25.036,23.88,0.1904
2531,58.383,63011.0,obs/smo/vf=off/lk=1,1055.204,1055.131,1055.131,0.073,24.768,22.914,0.1908
2532,58.403,63031.0,obs/smo/vf=off/lk=1,1055.69,1055.625,1055.625,0.065,24.379,22.876,0.1912
2533,58.423,63051.0,obs/smo/vf=off/lk=1,1056.187,1056.12,1056.12,0.067,24.937,23.304,0.1916
2534,58.443,63071.0,obs/smo/vf=off/lk=1,1056.693,1056.622,1056.622,0.072,25.122,24.584,0.1919
2535,58.463,63091.0,obs/smo/vf=off/lk=1,1057.203,1057.123,1057.123,0.08,25.625,25.965,0.1921
2536,58.483,63111.0,obs/smo/vf=off/lk=1,1057.71,1057.628,1057.628,0.082,25.323,26.395,0.1923
2537,58.503,63131.0,obs/smo/vf=off/lk=1,1058.22,1058.141,1058.141,0.078,25.121,25.99,0.1925
2538,58.523,63151.0,obs/smo/vf=off/lk=1,1058.712,1058.646,1058.646,0.066,24.702,24.568,0.1928
2539,58.543,63171.0,obs/smo/vf=off/lk=1,1059.206,1059.148,1059.148,0.058,24.728,23.473,0.1931
2540,58.563,63191.0,obs/smo/vf=off/lk=1,1059.709,1059.643,1059.643,0.066,25.3,22.902,0.1936
2541,58.583,63211.0,obs/smo/vf=off/lk=1,1060.217,1060.144,1060.144,0.074,25.185,23.299,0.1939
2542,58.603,63231.0,obs/smo/vf=off/lk=1,1060.723,1060.642,1060.642,0.081,25.537,24.37,0.1943
2543,58.623,63251.0,obs/smo/vf=off/lk=1,1061.228,1061.143,1061.143,0.085,25.285,25.545,0.1945
2544,58.643,63271.0,obs/smo/vf=off/lk=1,1061.733,1061.655,1061.655,0.078,25.049,26.723,0.1947
2545,58.663,63291.0,obs/smo/vf=off/lk=1,1062.23,1062.166,1062.166,0.064,25.001,26.369,0.1948
2546,58.683,63311.0,obs/smo/vf=off/lk=1,1062.736,1062.675,1062.675,0.06,25.266,25.307,0.1951
2547,58.703,63331.0,obs/smo/vf=off/lk=1,1063.244,1063.176,1063.176,0.067,25.565,23.624,0.1955
2548,58.723,63351.0,obs/smo/vf=off/lk=1,1063.756,1063.681,1063.681,0.075,25.284,23.238,0.1958
2549,58.743,63371.0,obs/smo/vf=off/lk=1,1064.262,1064.178,1064.178,0.084,25.419,23.29,0.1963
2550,58.763,63391.0,obs/smo/vf=off/lk=1,1064.764,1064.685,1064.685,0.078,25.118,24.436,0.1966
2551,58.783,63411.0,obs/smo/vf=off/lk=1,1065.264,1065.19,1065.19,0.074,24.872,26.042,0.1968
2552,58.803,63431.0,obs/smo/vf=off/lk=1,1065.77,1065.705,1065.705,0.065,25.438,26.796,0.1969
2553,58.823,63451.0,obs/smo/vf=off/lk=1,1066.284,1066.216,1066.216,0.068,25.809,26.647,0.1971
2554,58.843,63471.0,obs/smo/vf=off/lk=1,1066.802,1066.735,1066.735,0.067,25.742,24.52,0.1974
2555,58.863,63491.0,obs/smo/vf=off/lk=1,1067.306,1067.234,1067.234,0.071,25.335,23.762,0.1977
2556,58.883,63511.0,obs/smo/vf=off/lk=1,1067.81,1067.736,1067.736,0.074,25.408,23.158,0.1982
2557,58.903,63531.0,obs/smo/vf=off/lk=1,1068.315,1068.247,1068.247,0.068,24.965,24.126,0.1985
2558,58.923,63551.0,obs/smo/vf=off/lk=1,1068.844,1068.771,1068.771,0.073,26.417,26.319,0.1986
2559,58.943,63571.0,obs/smo/vf=off/lk=1,1069.363,1069.292,1069.292,0.07,26.06,27.287,0.1987
2560,58.963,63591.0,obs/smo/vf=off/lk=1,1069.892,1069.82,1069.82,0.072,26.206,26.649,0.1988
2561,58.983,63611.0,obs/smo/vf=off/lk=1,1070.412,1070.335,1070.335,0.077,26.005,24.66,0.1992
2562,59.003,63631.0,obs/smo/vf=off/lk=1,1070.92,1070.848,1070.848,0.071,25.395,23.839,0.1995
2563,59.023,63651.0,obs/smo/vf=off/lk=1,1071.424,1071.353,1071.353,0.071,25.365,23.574,0.1999
2564,59.043,63671.0,obs/smo/vf=off/lk=1,1071.938,1071.87,1071.87,0.069,25.49,25.209,0.2002
2565,59.063,63691.0,obs/smo/vf=off/lk=1,1072.461,1072.386,1072.386,0.075,26.243,27.039,0.2004
2566,59.083,63711.0,obs/smo/vf=off/lk=1,1072.983,1072.908,1072.908,0.075,26.119,27.366,0.2005
2567,59.103,63731.0,obs/smo/vf=off/lk=1,1073.501,1073.427,1073.427,0.074,26.117,26.286,0.2007
2568,59.123,63751.0,obs/smo/vf=off/lk=1,1074.018,1073.943,1073.943,0.075,25.693,24.278,0.201
2569,59.143,63771.0,obs/smo/vf=off/lk=1,1074.521,1074.455,1074.455,0.066,25.345,24.252,0.2013
2570,59.163,63791.0,obs/smo/vf=off/lk=1,1075.031,1074.963,1074.963,0.068,25.504,24.103,0.2018
2571,59.183,63811.0,obs/smo/vf=off/lk=1,1075.557,1075.481,1075.481,0.076,26.045,25.631,0.202
2572,59.203,63831.0,obs/smo/vf=off/lk=1,1076.083,1076.002,1076.002,0.081,26.489,27.548,0.2021
2573,59.223,63851.0,obs/smo/vf=off/lk=1,1076.614,1076.533,1076.533,0.081,26.185,26.932,0.2022
2574,59.243,63871.0,obs/smo/vf=off/lk=1,1077.126,1077.051,1077.051,0.075,25.764,25.444,0.2024
2575,59.263,63891.0,obs/smo/vf=off/lk=1,1077.632,1077.563,1077.563,0.069,25.429,23.807,0.2028
2576,59.283,63911.0,obs/smo/vf=off/lk=1,1078.145,1078.077,1078.077,0.068,25.347,23.658,0.2032
2577,59.303,63931.0,obs/smo/vf=off/lk=1,1078.665,1078.587,1078.587,0.077,26.142,24.881,0.2035
2578,59.323,63951.0,obs/smo/vf=off/lk=1,1079.192,1079.112,1079.112,0.08,26.527,26.91,0.2036
2579,59.343,63971.0,obs/smo/vf=off/lk=1,1079.714,1079.633,1079.633,0.08,26.348,27.813,0.2037
2580,59.363,63991.0,obs/smo/vf=off/lk=1,1080.24,1080.163,1080.163,0.077,26.026,26.004,0.2039
2581,59.383,64011.0,obs/smo/vf=off/lk=1,1080.752,1080.684,1080.684,0.068,25.584,24.439,0.2042
2582,59.403,64031.0,obs/smo/vf=off/lk=1,1081.263,1081.196,1081.196,0.068,25.712,23.575,0.2046
2583,59.423,64051.0,obs/smo/vf=off/lk=1,1081.789,1081.716,1081.716,0.073,26.115,24.662,0.2049
2584,59.443,64071.0,obs/smo/vf=off/lk=1,1082.322,1082.236,1082.236,0.086,26.761,26.768,0.2051
2585,59.463,64091.0,obs/smo/vf=off/lk=1,1082.849,1082.765,1082.765,0.085,26.392,27.685,0.2052
2586,59.483,64111.0,obs/smo/vf=off/lk=1,1083.379,1083.298,1083.298,0.08,26.082,26.561,0.2053
2587,59.503,64131.0,obs/smo/vf=off/lk=1,1083.888,1083.819,1083.819,0.068,25.746,24.604,0.2056
2588,59.523,64151.0,obs/smo/vf=off/lk=1,1084.396,1084.329,1084.329,0.066,25.505,23.904,0.206
2589,59.543,64171.0,obs/smo/vf=off/lk=1,1084.923,1084.848,1084.848,0.075,26.302,24.381,0.2064
2590,59.563,64191.0,obs/smo/vf=off/lk=1,1085.445,1085.365,1085.365,0.079,26.394,26.409,0.2066
2591,59.583,64211.0,obs/smo/vf=off/lk=1,1085.979,1085.895,1085.895,0.084,26.617,27.78,0.2067
2592,59.603,64231.0,obs/smo/vf=off/lk=1,1086.508,1086.43,1086.43,0.078,26.195,26.708,0.2067
2593,59.623,64251.0,obs/smo/vf=off/lk=1,1087.023,1086.955,1086.955,0.068,25.6,24.98,0.207
2594,59.643,64271.0,obs/smo/vf=off/lk=1,1087.539,1087.471,1087.471,0.067,25.967,23.811,0.2074
2595,59.663,64291.0,obs/smo/vf=off/lk=1,1088.069,1087.994,1087.994,0.076,26.349,24.677,0.2077
2596,59.683,64311.0,obs/smo/vf=off/lk=1,1088.603,1088.516,1088.516,0.087,26.705,26.798,0.208
2597,59.703,64331.0,obs/smo/vf=off/lk=1,1089.134,1089.047,1089.047,0.087,26.673,27.834,0.208
2598,59.723,64351.0,obs/smo/vf=off/lk=1,1089.657,1089.577,1089.577,0.08,26.25,26.92,0.2081
2599,59.743,64371.0,obs/smo/vf=off/lk=1,1090.179,1090.107,1090.107,0.072,25.787,24.495,0.2084
2600,59.763,64391.0,obs/smo/vf=off/lk=1,1090.686,1090.622,1090.622,0.065,25.794,24.133,0.2088
2601,59.783,64411.0,obs/smo/vf=off/lk=1,1091.225,1091.147,1091.147,0.078,26.521,25.162,0.2091
2602,59.803,64431.0,obs/smo/vf=off/lk=1,1091.75,1091.67,1091.67,0.08,26.788,27.245,0.2092
2603,59.823,64451.0,obs/smo/vf=off/lk=1,1092.291,1092.209,1092.209,0.082,26.753,28.346,0.2093
2604,59.843,64471.0,obs/smo/vf=off/lk=1,1092.823,1092.747,1092.747,0.077,26.574,25.95,0.2094
2605,59.863,64491.0,obs/smo/vf=off/lk=1,1093.342,1093.273,1093.273,0.069,25.929,24.465,0.2097
2606,59.883,64511.0,obs/smo/vf=off/lk=1,1093.865,1093.793,1093.793,0.072,26.063,24.16,0.2102
2607,59.903,64531.0,obs/smo/vf=off/lk=1,1094.4,1094.325,1094.325,0.075,26.79,26.271,0.2103
2608,59.923,64551.0,obs/smo/vf=off/lk=1,1094.943,1094.86,1094.86,0.083,27.059,28.2,0.2104
2609,59.943,64571.0,obs/smo/vf=off/lk=1,1095.476,1095.391,1095.391,0.084,26.841,27.313,0.2105
2610,59.963,64591.0,obs/smo/vf=off/lk=1,1096.002,1095.926,1095.926,0.076,26.448,25.315,0.2107
2611,59.983,64611.0,obs/smo/vf=off/lk=1,1096.529,1096.456,1096.456,0.073,26.111,24.127,0.2111
2612,60.003,64631.0,obs/smo/vf=off/lk=1,1097.048,1096.978,1096.978,0.07,26.193,25.262,0.2114
2613,60.023,64651.0,obs/smo/vf=off/lk=1,1097.591,1097.511,1097.511,0.08,26.955,27.725,0.2115
2614,60.043,64671.0,obs/smo/vf=off/lk=1,1098.137,1098.061,1098.061,0.076,27.049,28.052,0.2115
2615,60.063,64691.0,obs/smo/vf=off/lk=1,1098.674,1098.598,1098.598,0.076,26.794,25.994,0.2117
2616,60.083,64711.0,obs/smo/vf=off/lk=1,1099.206,1099.125,1099.125,0.081,26.612,24.07,0.2121
2617,60.103,64731.0,obs/smo/vf=off/lk=1,1099.725,1099.651,1099.651,0.074,26.026,24.946,0.2124
2618,60.123,64751.0,obs/smo/vf=off/lk=1,1100.249,1100.174,1100.174,0.075,26.523,26.821,0.2126
2619,60.143,64771.0,obs/smo/vf=off/lk=1,1100.795,1100.723,1100.723,0.073,27.125,28.303,0.2126
2620,60.163,64791.0,obs/smo/vf=off/lk=1,1101.337,1101.263,1101.263,0.074,26.933,26.873,0.2127
2621,60.183,64811.0,obs/smo/vf=off/lk=1,1101.874,1101.793,1101.793,0.081,27.074,24.579,0.213
2622,60.203,64831.0,obs/smo/vf=off/lk=1,1102.403,1102.321,1102.321,0.082,26.177,24.643,0.2134
2623,60.223,64851.0,obs/smo/vf=off/lk=1,1102.926,1102.847,1102.847,0.079,26.29,26.287,0.2137
2624,60.243,64871.0,obs/smo/vf=off/lk=1,1103.458,1103.388,1103.388,0.071,26.768,28.29,0.2137
2625,60.263,64891.0,obs/smo/vf=off/lk=1,1103.997,1103.927,1103.927,0.07,26.962,27.708,0.2137
2626,60.283,64911.0,obs/smo/vf=off/lk=1,1104.535,1104.462,1104.462,0.073,27.139,24.977,0.214
2627,60.303,64931.0,obs/smo/vf=off/lk=1,1105.072,1104.992,1104.992,0.08,26.67,24.407,0.2143
2628,60.323,64951.0,obs/smo/vf=off/lk=1,1105.601,1105.519,1105.519,0.082,26.727,25.543,0.2147
2629,60.343,64971.0,obs/smo/vf=off/lk=1,1106.141,1106.067,1106.067,0.075,26.481,28.491,0.2116
2630,60.363,64991.0,obs/smo/vf=off/lk=1,1106.667,1106.604,1106.604,0.063,26.736,27.951,0.211
2631,60.383,65011.0,obs/smo/vf=off/lk=1,1107.21,1107.14,1107.14,0.071,26.998,25.357,0.2106
2632,60.403,65031.0,obs/smo/vf=off/lk=1,1107.749,1107.67,1107.67,0.079,26.833,24.397,0.2104
2633,60.423,65051.0,obs/smo/vf=off/lk=1,1108.295,1108.204,1108.204,0.091,27.034,25.479,0.2101
2634,60.443,65071.0,obs/smo/vf=off/lk=1,1108.815,1108.732,1108.732,0.083,26.353,27.308,0.2096
2635,60.463,65091.0,obs/smo/vf=off/lk=1,1109.346,1109.276,1109.276,0.069,26.319,28.172,0.209
2636,60.483,65111.0,obs/smo/vf=off/lk=1,1109.875,1109.813,1109.813,0.062,26.584,25.937,0.2086
2637,60.503,65131.0,obs/smo/vf=off/lk=1,1110.412,1110.343,1110.343,0.069,26.831,24.509,0.2083
2638,60.523,65151.0,obs/smo/vf=off/lk=1,1110.947,1110.866,1110.866,0.081,26.944,24.576,0.2081
2639,60.543,65171.0,obs/smo/vf=off/lk=1,1111.481,1111.395,1111.395,0.086,26.561,26.988,0.2077
2640,60.563,65191.0,obs/smo/vf=off/lk=1,1112.009,1111.933,1111.933,0.075,26.428,28.342,0.2071
2641,60.583,65211.0,obs/smo/vf=off/lk=1,1112.533,1112.472,1112.472,0.062,25.997,26.892,0.2066
2642,60.603,65231.0,obs/smo/vf=off/lk=1,1113.063,1113.001,1113.001,0.062,26.53,24.779,0.2063
2643,60.623,65251.0,obs/smo/vf=off/lk=1,1113.593,1113.519,1113.519,0.074,26.739,24.079,0.2061
2644,60.643,65271.0,obs/smo/vf=off/lk=1,1114.133,1114.047,1114.047,0.086,26.651,25.3,0.2057
2645,60.663,65291.0,obs/smo/vf=off/lk=1,1114.663,1114.575,1114.575,0.087,26.711,27.662,0.2053
2646,60.683,65311.0,obs/smo/vf=off/lk=1,1115.181,1115.107,1115.107,0.074,25.943,27.693,0.2047
2647,60.703,65331.0,obs/smo/vf=off/lk=1,1115.701,1115.639,1115.639,0.062,25.882,26.174,0.2043
2648,60.723,65351.0,obs/smo/vf=off/lk=1,1116.226,1116.161,1116.161,0.065,26.386,24.245,0.204
2649,60.743,65371.0,obs/smo/vf=off/lk=1,1116.755,1116.683,1116.683,0.071,26.491,24.305,0.2038
2650,60.763,65391.0,obs/smo/vf=off/lk=1,1117.289,1117.202,1117.202,0.086,26.55,25.62,0.2035
2651,60.783,65411.0,obs/smo/vf=off/lk=1,1117.818,1117.736,1117.736,0.082,26.441,27.411,0.2029
2652,60.803,65431.0,obs/smo/vf=off/lk=1,1118.335,1118.264,1118.264,0.071,25.868,27.56,0.2024
2653,60.823,65451.0,obs/smo/vf=off/lk=1,1118.85,1118.791,1118.791,0.06,25.957,25.47,0.202
2654,60.843,65471.0,obs/smo/vf=off/lk=1,1119.373,1119.313,1119.313,0.061,26.193,24.282,0.2018
2655,60.863,65491.0,obs/smo/vf=off/lk=1,1119.903,1119.828,1119.828,0.075,26.506,24.084,0.2016
2656,60.883,65511.0,obs/smo/vf=off/lk=1,1120.437,1120.352,1120.352,0.085,26.39,25.556,0.2012
2657,60.903,65531.0,obs/smo/vf=off/lk=1,1120.963,1120.876,1120.876,0.086,26.358,27.57,0.2008
2658,60.923,65551.0,obs/smo/vf=off/lk=1,1121.483,1121.412,1121.412,0.071,25.722,26.972,0.2002
2659,60.943,65571.0,obs/smo/vf=off/lk=1,1121.987,1121.928,1121.928,0.059,25.761,25.679,0.1998
2660,60.963,65591.0,obs/smo/vf=off/lk=1,1122.517,1122.453,1122.453,0.064,26.023,23.857,0.1996
2661,60.983,65611.0,obs/smo/vf=off/lk=1,1123.035,1122.963,1122.963,0.072,26.167,24.116,0.1993
2662,61.003,65631.0,obs/smo/vf=off/lk=1,1123.569,1123.485,1123.485,0.084,26.336,25.081,0.199
2663,61.023,65651.0,obs/smo/vf=off/lk=1,1124.083,1124.003,1124.003,0.079,26.238,26.663,0.1986
2664,61.043,65671.0,obs/smo/vf=off/lk=1,1124.604,1124.534,1124.534,0.071,25.545,27.452,0.198
2665,61.063,65691.0,obs/smo/vf=off/lk=1,1125.114,1125.054,1125.054,0.059,25.68,25.537,0.1976
2666,61.083,65711.0,obs/smo/vf=off/lk=1,1125.624,1125.566,1125.566,0.059,25.818,24.442,0.1973
2667,61.103,65731.0,obs/smo/vf=off/lk=1,1126.154,1126.083,1126.083,0.071,26.223,23.666,0.1971
2668,61.123,65751.0,obs/smo/vf=off/lk=1,1126.664,1126.587,1126.587,0.078,25.934,24.283,0.1969
2669,61.143,65771.0,obs/smo/vf=off/lk=1,1127.191,1127.103,1127.103,0.088,25.765,25.661,0.1966
2670,61.163,65791.0,obs/smo/vf=off/lk=1,1127.697,1127.622,1127.622,0.075,25.397,27.502,0.1961
2671,61.183,65811.0,obs/smo/vf=off/lk=1,1128.202,1128.138,1128.138,0.064,25.38,26.988,0.1956
2672,61.203,65831.0,obs/smo/vf=off/lk=1,1128.715,1128.656,1128.656,0.059,25.751,25.256,0.1952
2673,61.223,65851.0,obs/smo/vf=off/lk=1,1129.231,1129.169,1129.169,0.062,25.928,23.931,0.1949
2674,61.243,65871.0,obs/smo/vf=off/lk=1,1129.757,1129.682,1129.682,0.075,25.831,23.429,0.1948
2675,61.263,65891.0,obs/smo/vf=off/lk=1,1130.266,1130.19,1130.19,0.076,25.556,24.119,0.1945
2676,61.283,65911.0,obs/smo/vf=off/lk=1,1130.768,1130.691,1130.691,0.077,25.389,25.416,0.1942
2677,61.303,65931.0,obs/smo/vf=off/lk=1,1131.274,1131.209,1131.209,0.065,25.223,26.511,0.1937
2678,61.323,65951.0,obs/smo/vf=off/lk=1,1131.792,1131.732,1131.732,0.06,25.522,26.704,0.1932
2679,61.343,65971.0,obs/smo/vf=off/lk=1,1132.305,1132.244,1132.244,0.061,25.892,24.947,0.1929
2680,61.363,65991.0,obs/smo/vf=off/lk=1,1132.813,1132.745,1132.745,0.067,25.494,24.132,0.1926
2681,61.383,66011.0,obs/smo/vf=off/lk=1,1133.328,1133.252,1133.252,0.076,25.621,23.272,0.1925
2682,61.403,66031.0,obs/smo/vf=off/lk=1,1133.82,1133.749,1133.749,0.071,24.765,23.644,0.1922
2683,61.423,66051.0,obs/smo/vf=off/lk=1,1134.322,1134.255,1134.255,0.067,24.964,24.593,0.192
2684,61.443,66071.0,obs/smo/vf=off/lk=1,1134.825,1134.762,1134.762,0.063,25.116,26.149,0.1915
2685,61.463,66091.0,obs/smo/vf=off/lk=1,1135.334,1135.267,1135.267,0.068,25.78,26.881,0.1911
2686,61.483,66111.0,obs/smo/vf=off/lk=1,1135.851,1135.784,1135.784,0.068,25.643,26.095,0.1907
2687,61.503,66131.0,obs/smo/vf=off/lk=1,1136.361,1136.292,1136.292,0.068,25.298,24.832,0.1903
2688,61.523,66151.0,obs/smo/vf=off/lk=1,1136.862,1136.792,1136.792,0.07,25.269,23.456,0.1901
2689,61.543,66171.0,obs/smo/vf=off/lk=1,1137.353,1137.29,1137.29,0.063,24.439,23.179,0.1899
2690,61.563,66191.0,obs/smo/vf=off/lk=1,1137.853,1137.786,1137.786,0.067,24.981,23.308,0.1897
2691,61.583,66211.0,obs/smo/vf=off/lk=1,1138.359,1138.291,1138.291,0.068,25.3,24.218,0.1894
2692,61.603,66231.0,obs/smo/vf=off/lk=1,1138.875,1138.797,1138.797,0.078,25.71,25.961,0.189
2693,61.623,66251.0,obs/smo/vf=off/lk=1,1139.383,1139.303,1139.303,0.08,25.506,26.28,0.1886
2694,61.643,66271.0,obs/smo/vf=off/lk=1,1139.883,1139.806,1139.806,0.077,25.049,25.977,0.1882
2695,61.663,66291.0,obs/smo/vf=off/lk=1,1140.375,1140.313,1140.313,0.062,24.8,24.847,0.1879
2696,61.683,66311.0,obs/smo/vf=off/lk=1,1140.868,1140.814,1140.814,0.053,24.525,23.89,0.1876
2697,61.703,66331.0,obs/smo/vf=off/lk=1,1141.368,1141.308,1141.308,0.059,25.149,23.053,0.1874
2698,61.723,66351.0,obs/smo/vf=off/lk=1,1141.875,1141.808,1141.808,0.068,25.093,23.258,0.1872
2699,61.743,66371.0,obs/smo/vf=off/lk=1,1142.377,1142.3,1142.3,0.077,25.213,23.506,0.187
2700,61.763,66391.0,obs/smo/vf=off/lk=1,1142.879,1142.804,1142.804,0.075,24.918,24.804,0.1866
2701,61.783,66411.0,obs/smo/vf=off/lk=1,1143.37,1143.296,1143.296,0.074,24.857,25.697,0.1863
2702,61.803,66431.0,obs/smo/vf=off/lk=1,1143.865,1143.802,1143.802,0.063,24.506,25.889,0.1859
2703,61.823,66451.0,obs/smo/vf=off/lk=1,1144.357,1144.301,1144.301,0.056,24.911,25.874,0.1855
2704,61.843,66471.0,obs/smo/vf=off/lk=1,1144.871,1144.81,1144.81,0.062,25.141,24.392,0.1852
2705,61.863,66491.0,obs/smo/vf=off/lk=1,1145.362,1145.3,1145.3,0.062,25.001,23.719,0.1849
2706,61.883,66511.0,obs/smo/vf=off/lk=1,1145.859,1145.789,1145.789,0.07,24.965,22.934,0.1848
2707,61.903,66531.0,obs/smo/vf=off/lk=1,1146.35,1146.281,1146.281,0.069,24.24,22.765,0.1846
2708,61.923,66551.0,obs/smo/vf=off/lk=1,1146.833,1146.767,1146.767,0.066,24.317,23.11,0.1844
2709,61.943,66571.0,obs/smo/vf=off/lk=1,1147.326,1147.262,1147.262,0.063,24.396,23.679,0.1841
2710,61.963,66591.0,obs/smo/vf=off/lk=1,1147.824,1147.755,1147.755,0.069,25.199,24.931,0.1838
2711,61.983,66611.0,obs/smo/vf=off/lk=1,1148.327,1148.254,1148.254,0.073,24.951,25.702,0.1834
2712,62.003,66631.0,obs/smo/vf=off/lk=1,1148.827,1148.753,1148.753,0.075,24.815,26.048,0.183
2713,62.023,66651.0,obs/smo/vf=off/lk=1,1149.315,1149.245,1149.245,0.07,24.616,25.323,0.1827
2714,62.043,66671.0,obs/smo/vf=off/lk=1,1149.8,1149.739,1149.739,0.061,24.182,24.569,0.1824
2715,62.063,66691.0,obs/smo/vf=off/lk=1,1150.282,1150.226,1150.226,0.056,24.231,23.566,0.1822
2716,62.083,66711.0,obs/smo/vf=off/lk=1,1150.771,1150.716,1150.716,0.055,24.48,22.878,0.182
2717,62.103,66731.0,obs/smo/vf=off/lk=1,1151.265,1151.198,1151.198,0.067,24.687,22.453,0.1818
2718,62.123,66751.0,obs/smo/vf=off/lk=1,1151.757,1151.685,1151.685,0.072,24.465,22.648,0.1816
2719,62.143,66771.0,obs/smo/vf=off/lk=1,1152.24,1152.165,1152.165,0.076,24.468,22.684,0.1814
2720,62.163,66791.0,obs/smo/vf=off/lk=1,1152.724,1152.653,1152.653,0.071,24.017,23.47,0.1812
2721,62.183,66811.0,obs/smo/vf=off/lk=1,1153.199,1153.136,1153.136,0.063,23.828,24.358,0.1809
2722,62.203,66831.0,obs/smo/vf=off/lk=1,1153.686,1153.625,1153.625,0.06,24.315,25.134,0.1806
2723,62.223,66851.0,obs/smo/vf=off/lk=1,1154.184,1154.118,1154.118,0.066,24.657,25.685,0.1802
2724,62.243,66871.0,obs/smo/vf=off/lk=1,1154.677,1154.612,1154.612,0.064,24.602,25.509,0.1798
2725,62.263,66891.0,obs/smo/vf=off/lk=1,1155.169,1155.1,1155.1,0.069,24.469,24.788,0.1796
2726,62.283,66911.0,obs/smo/vf=off/lk=1,1155.654,1155.585,1155.585,0.068,24.262,23.707,0.1793
2727,62.303,66931.0,obs/smo/vf=off/lk=1,1156.128,1156.069,1156.069,0.059,23.759,23.257,0.1791
2728,62.323,66951.0,obs/smo/vf=off/lk=1,1156.606,1156.549,1156.549,0.057,23.913,22.488,0.1789
2729,62.343,66971.0,obs/smo/vf=off/lk=1,1157.082,1157.025,1157.025,0.057,24.11,22.582,0.1818
2730,62.363,66991.0,obs/smo/vf=off/lk=1,1157.574,1157.504,1157.504,0.07,24.738,22.252,0.1823
2731,62.383,67011.0,obs/smo/vf=off/lk=1,1158.065,1157.989,1157.989,0.076,24.248,22.737,0.1826
2732,62.403,67031.0,obs/smo/vf=off/lk=1,1158.55,1158.468,1158.468,0.082,24.34,22.937,0.183
2733,62.423,67051.0,obs/smo/vf=off/lk=1,1159.03,1158.956,1158.956,0.074,24.046,23.884,0.1833
2734,62.443,67071.0,obs/smo/vf=off/lk=1,1159.507,1159.442,1159.442,0.065,24.013,24.874,0.1837
2735,62.463,67091.0,obs/smo/vf=off/lk=1,1160.001,1159.938,1159.938,0.063,24.22,25.668,0.1839
2736,62.483,67111.0,obs/smo/vf=off/lk=1,1160.486,1160.423,1160.423,0.062,24.669,25.943,0.1842
2737,62.503,67131.0,obs/smo/vf=off/lk=1,1160.986,1160.918,1160.918,0.068,24.798,25.166,0.1844
2738,62.523,67151.0,obs/smo/vf=off/lk=1,1161.48,1161.411,1161.411,0.068,24.816,24.54,0.1847
2739,62.543,67171.0,obs/smo/vf=off/lk=1,1161.971,1161.899,1161.899,0.072,24.444,23.172,0.1851
2740,62.563,67191.0,obs/smo/vf=off/lk=1,1162.445,1162.384,1162.384,0.061,23.882,22.837,0.1855
2741,62.583,67211.0,obs/smo/vf=off/lk=1,1162.929,1162.866,1162.866,0.063,24.12,22.56,0.186
2742,62.603,67231.0,obs/smo/vf=off/lk=1,1163.419,1163.354,1163.354,0.065,24.48,22.592,0.1864
2743,62.623,67251.0,obs/smo/vf=off/lk=1,1163.914,1163.839,1163.839,0.075,24.847,22.913,0.1868
2744,62.643,67271.0,obs/smo/vf=off/lk=1,1164.414,1164.331,1164.331,0.083,24.774,24.102,0.1871
2745,62.663,67291.0,obs/smo/vf=off/lk=1,1164.907,1164.823,1164.823,0.084,24.86,25.115,0.1874
2746,62.683,67311.0,obs/smo/vf=off/lk=1,1165.399,1165.324,1165.324,0.075,24.45,25.921,0.1875
2747,62.703,67331.0,obs/smo/vf=off/lk=1,1165.89,1165.826,1165.826,0.064,24.312,26.143,0.1878
2748,62.723,67351.0,obs/smo/vf=off/lk=1,1166.385,1166.325,1166.325,0.06,24.735,24.922,0.188
2749,62.743,67371.0,obs/smo/vf=off/lk=1,1166.875,1166.814,1166.814,0.06,24.948,24.109,0.1884
2750,62.763,67391.0,obs/smo/vf=off/lk=1,1167.379,1167.312,1167.312,0.067,24.92,22.925,0.1888
2751,62.783,67411.0,obs/smo/vf=off/lk=1,1167.869,1167.798,1167.798,0.071,24.615,22.777,0.1892
2752,62.803,67431.0,obs/smo/vf=off/lk=1,1168.358,1168.285,1168.285,0.073,24.685,22.656,0.1896
2753,62.823,67451.0,obs/smo/vf=off/lk=1,1168.85,1168.784,1168.784,0.066,24.265,23.565,0.1899
2754,62.843,67471.0,obs/smo/vf=off/lk=1,1169.341,1169.273,1169.273,0.068,24.777,24.622,0.1903
2755,62.863,67491.0,obs/smo/vf=off/lk=1,1169.849,1169.776,1169.776,0.073,25.307,25.931,0.1905
2756,62.883,67511.0,obs/smo/vf=off/lk=1,1170.355,1170.278,1170.278,0.077,25.22,26.573,0.1907
2757,62.903,67531.0,obs/smo/vf=off/lk=1,1170.861,1170.783,1170.783,0.078,25.274,25.815,0.1909
2758,62.923,67551.0,obs/smo/vf=off/lk=1,1171.357,1171.283,1171.283,0.074,24.933,24.865,0.1912
2759,62.943,67571.0,obs/smo/vf=off/lk=1,1171.843,1171.777,1171.777,0.066,24.458,23.501,0.1916
2760,62.963,67591.0,obs/smo/vf=off/lk=1,1172.336,1172.273,1172.273,0.062,24.342,23.117,0.192
2761,62.983,67611.0,obs/smo/vf=off/lk=1,1172.83,1172.764,1172.764,0.066,25.054,22.876,0.1924
2762,63.003,67631.0,obs/smo/vf=off/lk=1,1173.34,1173.265,1173.265,0.076,25.086,23.333,0.1927
2763,63.023,67651.0,obs/smo/vf=off/lk=1,1173.845,1173.76,1173.76,0.085,25.344,24.667,0.1931
2764,63.043,67671.0,obs/smo/vf=off/lk=1,1174.351,1174.267,1174.267,0.084,25.207,25.722,0.1933
2765,63.063,67691.0,obs/smo/vf=off/lk=1,1174.844,1174.769,1174.769,0.075,24.775,26.759,0.1934
2766,63.083,67711.0,obs/smo/vf=off/lk=1,1175.339,1175.277,1175.277,0.062,24.952,25.934,0.1936
2767,63.103,67731.0,obs/smo/vf=off/lk=1,1175.844,1175.781,1175.781,0.062,24.973,24.856,0.1939
2768,63.123,67751.0,obs/smo/vf=off/lk=1,1176.352,1176.282,1176.282,0.07,25.487,23.415,0.1943
2769,63.143,67771.0,obs/smo/vf=off/lk=1,1176.858,1176.785,1176.785,0.073,25.286,23.216,0.1946
2770,63.163,67791.0,obs/smo/vf=off/lk=1,1177.366,1177.281,1177.281,0.085,25.426,23.083,0.1951
2771,63.183,67811.0,obs/smo/vf=off/lk=1,1177.866,1177.787,1177.787,0.078,24.931,24.301,0.1954
2772,63.203,67831.0,obs/smo/vf=off/lk=1,1178.363,1178.291,1178.291,0.071,24.925,25.882,0.1956
2773,63.223,67851.0,obs/smo/vf=off/lk=1,1178.866,1178.803,1178.803,0.063,25.356,26.752,0.1957
2774,63.243,67871.0,obs/smo/vf=off/lk=1,1179.378,1179.313,1179.313,0.065,25.647,26.405,0.1959
2775,63.263,67891.0,obs/smo/vf=off/lk=1,1179.898,1179.831,1179.831,0.067,25.645,24.552,0.1962
2776,63.283,67911.0,obs/smo/vf=off/lk=1,1180.4,1180.329,1180.329,0.071,25.241,23.761,0.1965
2777,63.303,67931.0,obs/smo/vf=off/lk=1,1180.903,1180.83,1180.83,0.073,25.344,23.303,0.197
2778,63.323,67951.0,obs/smo/vf=off/lk=1,1181.408,1181.339,1181.339,0.069,24.866,23.952,0.1973
2779,63.343,67971.0,obs/smo/vf=off/lk=1,1181.908,1181.838,1181.838,0.07,25.372,25.059,0.1977
2780,63.363,67991.0,obs/smo/vf=off/lk=1,1182.425,1182.351,1182.351,0.073,25.708,26.698,0.1978
2781,63.383,68011.0,obs/smo/vf=off/lk=1,1182.949,1182.872,1182.872,0.077,25.942,27.298,0.1979
2782,63.403,68031.0,obs/smo/vf=off/lk=1,1183.466,1183.387,1183.387,0.079,25.823,25.551,0.1981
2783,63.423,68051.0,obs/smo/vf=off/lk=1,1183.972,1183.9,1183.9,0.073,25.199,24.223,0.1984
2784,63.443,68071.0,obs/smo/vf=off/lk=1,1184.474,1184.402,1184.402,0.072,25.208,23.3,0.1989
2785,63.463,68091.0,obs/smo/vf=off/lk=1,1184.976,1184.911,1184.911,0.065,25.181,23.774,0.1992
2786,63.483,68111.0,obs/smo/vf=off/lk=1,1185.493,1185.416,1185.416,0.076,26.011,25.024,0.1995
2787,63.503,68131.0,obs/smo/vf=off/lk=1,1186.014,1185.933,1185.933,0.081,25.849,26.518,0.1997
2788,63.523,68151.0,obs/smo/vf=off/lk=1,1186.526,1186.446,1186.446,0.08,25.939,27.262,0.1998
2789,63.543,68171.0,obs/smo/vf=off/lk=1,1187.048,1186.969,1186.969,0.079,25.856,25.936,0.2
2790,63.563,68191.0,obs/smo/vf=off/lk=1,1187.55,1187.483,1187.483,0.067,25.004,24.104,0.2003
2791,63.583,68211.0,obs/smo/vf=off/lk=1,1188.057,1187.992,1187.992,0.066,25.596,23.32,0.2007
2792,63.603,68231.0,obs/smo/vf=off/lk=1,1188.573,1188.503,1188.503,0.07,25.655,23.894,0.2011
2793,63.623,68251.0,obs/smo/vf=off/lk=1,1189.093,1189.011,1189.011,0.082,26.21,25.308,0.2014
2794,63.643,68271.0,obs/smo/vf=off/lk=1,1189.617,1189.531,1189.531,0.087,26.022,26.862,0.2015
2795,63.663,68291.0,obs/smo/vf=off/lk=1,1190.139,1190.057,1190.057,0.082,25.869,27.399,0.2016
2796,63.683,68311.0,obs/smo/vf=off/lk=1,1190.648,1190.579,1190.579,0.07,25.459,25.509,0.2018
2797,63.703,68331.0,obs/smo/vf=off/lk=1,1191.147,1191.087,1191.087,0.06,25.42,24.333,0.2021
2798,63.723,68351.0,obs/smo/vf=off/lk=1,1191.675,1191.604,1191.604,0.071,25.897,23.49,0.2025
2799,63.743,68371.0,obs/smo/vf=off/lk=1,1192.188,1192.11,1192.11,0.078,26.009,24.195,0.2028
2800,63.763,68391.0,obs/smo/vf=off/lk=1,1192.724,1192.634,1192.634,0.09,26.402,26.368,0.2031
2801,63.783,68411.0,obs/smo/vf=off/lk=1,1193.241,1193.161,1193.161,0.08,26.078,27.27,0.2032
2802,63.803,68431.0,obs/smo/vf=off/lk=1,1193.756,1193.685,1193.685,0.071,25.665,26.903,0.2033
2803,63.823,68451.0,obs/smo/vf=off/lk=1,1194.269,1194.206,1194.206,0.063,25.627,24.892,0.2035
2804,63.843,68471.0,obs/smo/vf=off/lk=1,1194.787,1194.723,1194.723,0.064,26.027,23.916,0.2039
2805,63.863,68491.0,obs/smo/vf=off/lk=1,1195.312,1195.233,1195.233,0.078,26.362,24.051,0.2043
2806,63.883,68511.0,obs/smo/vf=off/lk=1,1195.839,1195.752,1195.752,0.087,26.066,25.677,0.2046
2807,63.903,68531.0,obs/smo/vf=off/lk=1,1196.359,1196.27,1196.27,0.089,26.559,27.484,0.2047
2808,63.923,68551.0,obs/smo/vf=off/lk=1,1196.878,1196.806,1196.806,0.072,25.606,27.119,0.2047
2809,63.943,68571.0,obs/smo/vf=off/lk=1,1197.395,1197.331,1197.331,0.063,25.612,25.543,0.205
2810,63.963,68591.0,obs/smo/vf=off/lk=1,1197.916,1197.848,1197.848,0.068,26.201,24.005,0.2053
2811,63.983,68611.0,obs/smo/vf=off/lk=1,1198.443,1198.367,1198.367,0.075,26.183,24.106,0.2057
2812,64.003,68631.0,obs/smo/vf=off/lk=1,1198.967,1198.882,1198.882,0.085,26.541,25.456,0.206
2813,64.023,68651.0,obs/smo/vf=off/lk=1,1199.499,1199.412,1199.412,0.087,26.265,27.638,0.2061
2814,64.043,68671.0,obs/smo/vf=off/lk=1,1200.01,1199.938,1199.938,0.072,25.825,27.583,0.2062
2815,64.063,68691.0,obs/smo/vf=off/lk=1,1200.529,1200.464,1200.464,0.065,25.864,25.687,0.2064
2816,64.083,68711.0,obs/smo/vf=off/lk=1,1201.052,1200.986,1200.986,0.065,26.063,24.146,0.2067
2817,64.103,68731.0,obs/smo/vf=off/lk=1,1201.581,1201.501,1201.501,0.08,26.565,23.825,0.2071
2818,64.123,68751.0,obs/smo/vf=off/lk=1,1202.112,1202.026,1202.026,0.086,26.644,25.386,0.2074
2819,64.143,68771.0,obs/smo/vf=off/lk=1,1202.642,1202.553,1202.553,0.09,26.427,27.697,0.2075
2820,64.163,68791.0,obs/smo/vf=off/lk=1,1203.159,1203.084,1203.084,0.075,25.908,27.499,0.2075
2821,64.183,68811.0,obs/smo/vf=off/lk=1,1203.678,1203.614,1203.614,0.064,25.86,25.751,0.2077
2822,64.203,68831.0,obs/smo/vf=off/lk=1,1204.203,1204.134,1204.134,0.068,26.404,24.008,0.2081
2823,64.223,68851.0,obs/smo/vf=off/lk=1,1204.724,1204.651,1204.651,0.074,26.114,24.336,0.2085
2824,64.243,68871.0,obs/smo/vf=off/lk=1,1205.256,1205.169,1205.169,0.087,26.721,25.809,0.2088
2825,64.263,68891.0,obs/smo/vf=off/lk=1,1205.789,1205.704,1205.704,0.085,26.452,27.798,0.2088
2826,64.283,68911.0,obs/smo/vf=off/lk=1,1206.31,1206.236,1206.236,0.074,25.996,27.642,0.2089
2827,64.303,68931.0,obs/smo/vf=off/lk=1,1206.838,1206.774,1206.774,0.064,26.206,25.124,0.2091
2828,64.323,68951.0,obs/smo/vf=off/lk=1,1207.358,1207.291,1207.291,0.067,26.205,24.183,0.2094
2829,64.343,68971.0,obs/smo/vf=off/lk=1,1207.901,1207.818,1207.818,0.083,26.828,24.918,0.2068
2830,64.363,68991.0,obs/smo/vf=off/lk=1,1208.43,1208.343,1208.343,0.088,26.729,26.64,0.2063
2831,64.383,69011.0,obs/smo/vf=off/lk=1,1208.963,1208.877,1208.877,0.086,26.518,28.221,0.2058
2832,64.403,69031.0,obs/smo/vf=off/lk=1,1209.483,1209.414,1209.414,0.068,25.94,26.674,0.2052
2833,64.423,69051.0,obs/smo/vf=off/lk=1,1210.001,1209.942,1209.942,0.059,25.965,24.698,0.2049
2834,64.443,69071.0,obs/smo/vf=off/lk=1,1210.526,1210.458,1210.458,0.067,26.445,24.081,0.2047
2835,64.463,69091.0,obs/smo/vf=off/lk=1,1211.056,1210.979,1210.979,0.078,26.24,25.071,0.2044
2836,64.483,69111.0,obs/smo/vf=off/lk=1,1211.587,1211.502,1211.502,0.085,26.667,26.983,0.204
2837,64.503,69131.0,obs/smo/vf=off/lk=1,1212.112,1212.033,1212.033,0.079,26.302,27.478,0.2035
2838,64.523,69151.0,obs/smo/vf=off/lk=1,1212.627,1212.561,1212.561,0.066,25.715,26.421,0.203
2839,64.543,69171.0,obs/smo/vf=off/lk=1,1213.141,1213.08,1213.08,0.061,25.927,24.36,0.2027
2840,64.563,69191.0,obs/smo/vf=off/lk=1,1213.669,1213.602,1213.602,0.067,26.117,23.962,0.2025
2841,64.583,69211.0,obs/smo/vf=off/lk=1,1214.196,1214.116,1214.116,0.08,26.481,24.911,0.2022
2842,64.603,69231.0,obs/smo/vf=off/lk=1,1214.726,1214.641,1214.641,0.085,26.418,26.93,0.2018
2843,64.623,69251.0,obs/smo/vf=off/lk=1,1215.252,1215.17,1215.17,0.082,26.217,27.623,0.2013
2844,64.643,69271.0,obs/smo/vf=off/lk=1,1215.758,1215.69,1215.69,0.068,25.604,26.319,0.2008
2845,64.663,69291.0,obs/smo/vf=off/lk=1,1216.272,1216.212,1216.212,0.06,25.661,24.766,0.2005
2846,64.683,69311.0,obs/smo/vf=off/lk=1,1216.792,1216.726,1216.726,0.066,26.113,23.766,0.2003
2847,64.703,69331.0,obs/smo/vf=off/lk=1,1217.318,1217.244,1217.244,0.075,26.081,24.392,0.2
2848,64.723,69351.0,obs/smo/vf=off/lk=1,1217.843,1217.759,1217.759,0.084,26.339,25.939,0.1997
2849,64.743,69371.0,obs/smo/vf=off/lk=1,1218.364,1218.287,1218.287,0.077,26.219,27.122,0.1991
2850,64.763,69391.0,obs/smo/vf=off/lk=1,1218.88,1218.81,1218.81,0.069,25.632,27.016,0.1986
2851,64.783,69411.0,obs/smo/vf=off/lk=1,1219.394,1219.336,1219.336,0.058,25.506,24.808,0.1983
2852,64.803,69431.0,obs/smo/vf=off/lk=1,1219.904,1219.844,1219.844,0.061,25.884,23.933,0.198
2853,64.823,69451.0,obs/smo/vf=off/lk=1,1220.435,1220.36,1220.36,0.075,26.072,24.126,0.1978
2854,64.843,69471.0,obs/smo/vf=off/lk=1,1220.951,1220.867,1220.867,0.084,26.071,25.001,0.1975
2855,64.863,69491.0,obs/smo/vf=off/lk=1,1221.468,1221.381,1221.381,0.086,26.015,26.805,0.1972
2856,64.883,69511.0,obs/smo/vf=off/lk=1,1221.98,1221.909,1221.909,0.071,25.354,26.878,0.1966
2857,64.903,69531.0,obs/smo/vf=off/lk=1,1222.486,1222.426,1222.426,0.06,25.322,26.237,0.1962
2858,64.923,69551.0,obs/smo/vf=off/lk=1,1222.998,1222.939,1222.939,0.06,25.686,24.442,0.1959
2859,64.943,69571.0,obs/smo/vf=off/lk=1,1223.515,1223.45,1223.45,0.066,25.646,23.629,0.1957
2860,64.963,69591.0,obs/smo/vf=off/lk=1,1224.031,1223.953,1223.953,0.078,25.887,23.578,0.1955
2861,64.983,69611.0,obs/smo/vf=off/lk=1,1224.54,1224.463,1224.463,0.077,25.642,24.81,0.1951
2862,65.003,69631.0,obs/smo/vf=off/lk=1,1225.056,1224.978,1224.978,0.077,25.516,26.279,0.1948
2863,65.023,69651.0,obs/smo/vf=off/lk=1,1225.557,1225.493,1225.493,0.064,25.259,26.853,0.1942
2864,65.043,69671.0,obs/smo/vf=off/lk=1,1226.077,1226.018,1226.018,0.059,25.621,26.034,0.1938
2865,65.063,69691.0,obs/smo/vf=off/lk=1,1226.591,1226.527,1226.527,0.064,25.901,24.329,0.1935
2866,65.083,69711.0,obs/smo/vf=off/lk=1,1227.097,1227.028,1227.028,0.069,25.478,23.569,0.1933
2867,65.103,69731.0,obs/smo/vf=off/lk=1,1227.613,1227.536,1227.536,0.077,25.677,23.348,0.1931
2868,65.123,69751.0,obs/smo/vf=off/lk=1,1228.104,1228.032,1228.032,0.071,24.839,24.121,0.1929
2869,65.143,69771.0,obs/smo/vf=off/lk=1,1228.613,1228.545,1228.545,0.068,25.039,25.708,0.1925
2870,65.163,69791.0,obs/smo/vf=off/lk=1,1229.116,1229.056,1229.056,0.06,25.282,26.646,0.192
2871,65.183,69811.0,obs/smo/vf=off/lk=1,1229.627,1229.566,1229.566,0.061,25.616,26.693,0.1916
2872,65.203,69831.0,obs/smo/vf=off/lk=1,1230.141,1230.076,1230.076,0.064,25.571,25.065,0.1912
2873,65.223,69851.0,obs/smo/vf=off/lk=1,1230.65,1230.584,1230.584,0.066,25.486,23.969,0.191
2874,65.243,69871.0,obs/smo/vf=off/lk=1,1231.153,1231.081,1231.081,0.072,25.031,23.229,0.1908
2875,65.263,69891.0,obs/smo/vf=off/lk=1,1231.642,1231.58,1231.58,0.062,24.645,23.509,0.1906
2876,65.283,69911.0,obs/smo/vf=off/lk=1,1232.149,1232.08,1232.08,0.068,25.047,24.25,0.1903
2877,65.303,69931.0,obs/smo/vf=off/lk=1,1232.647,1232.579,1232.579,0.068,25.478,25.36,0.19
2878,65.323,69951.0,obs/smo/vf=off/lk=1,1233.164,1233.087,1233.087,0.077,25.501,26.593,0.1896
2879,65.343,69971.0,obs/smo/vf=off/lk=1,1233.678,1233.601,1233.601,0.077,25.499,26.294,0.1891
2880,65.363,69991.0,obs/smo/vf=off/lk=1,1234.181,1234.107,1234.107,0.074,25.117,25.18,0.1888
2881,65.383,70011.0,obs/smo/vf=off/lk=1,1234.671,1234.607,1234.607,0.063,24.661,23.77,0.1885
2882,65.403,70031.0,obs/smo/vf=off/lk=1,1235.155,1235.099,1235.099,0.056,24.392,23.22,0.1883
2883,65.423,70051.0,obs/smo/vf=off/lk=1,1235.663,1235.599,1235.599,0.064,25.213,22.892,0.1881
2884,65.443,70071.0,obs/smo/vf=off/lk=1,1236.16,1236.091,1236.091,0.069,25.155,23.582,0.1879
2885,65.463,70091.0,obs/smo/vf=off/lk=1,1236.675,1236.595,1236.595,0.08,25.324,24.502,0.1876
2886,65.483,70111.0,obs/smo/vf=off/lk=1,1237.168,1237.092,1237.092,0.076,25.165,25.439,0.1872
2887,65.503,70131.0,obs/smo/vf=off/lk=1,1237.668,1237.599,1237.599,0.069,24.747,26.395,0.1868
2888,65.523,70151.0,obs/smo/vf=off/lk=1,1238.162,1238.103,1238.103,0.059,24.594,25.761,0.1864
2889,65.543,70171.0,obs/smo/vf=off/lk=1,1238.659,1238.603,1238.603,0.056,24.996,24.869,0.1861
2890,65.563,70191.0,obs/smo/vf=off/lk=1,1239.159,1239.097,1239.097,0.062,25.152,23.528,0.1858
2891,65.583,70211.0,obs/smo/vf=off/lk=1,1239.662,1239.595,1239.595,0.067,24.926,22.949,0.1856
2892,65.603,70231.0,obs/smo/vf=off/lk=1,1240.159,1240.084,1240.084,0.075,24.866,22.612,0.1855
2893,65.623,70251.0,obs/smo/vf=off/lk=1,1240.647,1240.579,1240.579,0.068,24.402,23.44,0.1852
2894,65.643,70271.0,obs/smo/vf=off/lk=1,1241.133,1241.069,1241.069,0.064,24.438,24.083,0.185
2895,65.663,70291.0,obs/smo/vf=off/lk=1,1241.627,1241.567,1241.567,0.06,24.633,25.314,0.1846
2896,65.683,70311.0,obs/smo/vf=off/lk=1,1242.135,1242.067,1242.067,0.068,25.151,26.216,0.1842
2897,65.703,70331.0,obs/smo/vf=off/lk=1,1242.632,1242.565,1242.565,0.067,25.095,26.015,0.1838
2898,65.723,70351.0,obs/smo/vf=off/lk=1,1243.14,1243.071,1243.071,0.068,25.11,25.284,0.1835
2899,65.743,70371.0,obs/smo/vf=off/lk=1,1243.632,1243.565,1243.565,0.067,24.5,23.8,0.1832
2900,65.763,70391.0,obs/smo/vf=off/lk=1,1244.114,1244.055,1244.055,0.059,24.236,23.247,0.183
2901,65.783,70411.0,obs/smo/vf=off/lk=1,1244.6,1244.542,1244.542,0.058,24.198,22.57,0.1828
2902,65.803,70431.0,obs/smo/vf=off/lk=1,1245.086,1245.025,1245.025,0.061,24.594,22.65,0.1826
2903,65.823,70451.0,obs/smo/vf=off/lk=1,1245.588,1245.517,1245.517,0.071,24.948,23.129,0.1824
2904,65.843,70471.0,obs/smo/vf=off/lk=1,1246.077,1246.003,1246.003,0.074,24.742,23.74,0.1821
2905,65.863,70491.0,obs/smo/vf=off/lk=1,1246.57,1246.491,1246.491,0.079,24.769,24.722,0.1819
2906,65.883,70511.0,obs/smo/vf=off/lk=1,1247.051,1246.98,1246.98,0.071,24.004,25.335,0.1815
2907,65.903,70531.0,obs/smo/vf=off/lk=1,1247.537,1247.477,1247.477,0.061,24.066,25.774,0.1812
2908,65.923,70551.0,obs/smo/vf=off/lk=1,1248.03,1247.975,1247.975,0.054,24.585,25.254,0.1808
2909,65.943,70571.0,obs/smo/vf=off/lk=1,1248.525,1248.47,1248.47,0.055,24.722,24.654,0.1805
2910,65.963,70591.0,obs/smo/vf=off/lk=1,1249.019,1248.958,1248.958,0.061,24.611,23.415,0.1802
2911,65.983,70611.0,obs/smo/vf=off/lk=1,1249.501,1249.438,1249.438,0.063,24.519,22.979,0.18
2912,66.003,70631.0,obs/smo/vf=off/lk=1,1249.992,1249.926,1249.926,0.066,23.973,22.401,0.1799
2913,66.023,70651.0,obs/smo/vf=off/lk=1,1250.46,1250.399,1250.399,0.06,23.798,22.524,0.1797
2914,66.043,70671.0,obs/smo/vf=off/lk=1,1250.941,1250.88,1250.88,0.062,24.169,22.38,0.1796
2915,66.063,70691.0,obs/smo/vf=off/lk=1,1251.432,1251.367,1251.367,0.066,24.247,23.11,0.1793
2916,66.083,70711.0,obs/smo/vf=off/lk=1,1251.923,1251.849,1251.849,0.074,24.603,23.648,0.1791
2917,66.103,70731.0,obs/smo/vf=off/lk=1,1252.414,1252.338,1252.338,0.076,24.509,24.356,0.1787
2918,66.123,70751.0,obs/smo/vf=off/lk=1,1252.903,1252.823,1252.823,0.08,24.397,25.212,0.1784
2919,66.143,70771.0,obs/smo/vf=off/lk=1,1253.384,1253.318,1253.318,0.065,24.342,25.252,0.178
2920,66.163,70791.0,obs/smo/vf=off/lk=1,1253.868,1253.811,1253.811,0.057,23.898,25.203,0.1777
2921,66.183,70811.0,obs/smo/vf=off/lk=1,1254.344,1254.292,1254.292,0.052,24.194,24.493,0.1774
2922,66.203,70831.0,obs/smo/vf=off/lk=1,1254.836,1254.781,1254.781,0.055,24.344,23.698,0.1771
2923,66.223,70851.0,obs/smo/vf=off/lk=1,1255.324,1255.265,1255.265,0.059,24.515,22.806,0.1769
2924,66.243,70871.0,obs/smo/vf=off/lk=1,1255.809,1255.749,1255.749,0.06,24.247,22.617,0.1767
2925,66.263,70891.0,obs/smo/vf=off/lk=1,1256.29,1256.225,1256.225,0.066,24.091,22.101,0.1766
2926,66.283,70911.0,obs/smo/vf=off/lk=1,1256.761,1256.702,1256.702,0.06,23.415,22.388,0.1764
2927,66.303,70931.0,obs/smo/vf=off/lk=1,1257.24,1257.178,1257.178,0.062,23.886,22.386,0.1763
2928,66.323,70951.0,obs/smo/vf=off/lk=1,1257.723,1257.661,1257.661,0.062,24.143,22.95,0.176
2929,66.343,70971.0,obs/smo/vf=off/lk=1,1258.211,1258.139,1258.139,0.072,24.362,23.895,0.1789
2930,66.363,70991.0,obs/smo/vf=off/lk=1,1258.7,1258.623,1258.623,0.078,24.535,24.271,0.1792
2931,66.383,71011.0,obs/smo/vf=off/lk=1,1259.187,1259.106,1259.106,0.08,24.314,25.009,0.1795
2932,66.403,71031.0,obs/smo/vf=off/lk=1,1259.659,1259.589,1259.589,0.07,23.837,25.377,0.1797
2933,66.423,71051.0,obs/smo/vf=off/lk=1,1260.139,1260.077,1260.077,0.062,23.639,25.369,0.1801
2934,66.443,71071.0,obs/smo/vf=off/lk=1,1260.619,1260.563,1260.563,0.056,24.044,24.425,0.1804
2935,66.463,71091.0,obs/smo/vf=off/lk=1,1261.107,1261.048,1261.048,0.059,24.346,24.03,0.1807
2936,66.483,71111.0,obs/smo/vf=off/lk=1,1261.592,1261.528,1261.528,0.064,24.378,23.066,0.1811
2937,66.503,71131.0,obs/smo/vf=off/lk=1,1262.077,1262.011,1262.011,0.066,24.25,22.542,0.1815
2938,66.523,71151.0,obs/smo/vf=off/lk=1,1262.56,1262.489,1262.489,0.071,24.032,22.164,0.182
2939,66.543,71171.0,obs/smo/vf=off/lk=1,1263.031,1262.969,1262.969,0.062,23.714,22.211,0.1824
2940,66.563,71191.0,obs/smo/vf=off/lk=1,1263.511,1263.448,1263.448,0.063,23.964,22.266,0.1828
2941,66.583,71211.0,obs/smo/vf=off/lk=1,1263.991,1263.925,1263.925,0.066,24.275,22.902,0.1832
2942,66.603,71231.0,obs/smo/vf=off/lk=1,1264.491,1264.413,1264.413,0.078,24.553,23.546,0.1835
2943,66.623,71251.0,obs/smo/vf=off/lk=1,1264.985,1264.903,1264.903,0.082,24.79,24.549,0.1838
2944,66.643,71271.0,obs/smo/vf=off/lk=1,1265.465,1265.383,1265.383,0.082,24.372,25.322,0.1841
2945,66.663,71291.0,obs/smo/vf=off/lk=1,1265.953,1265.88,1265.88,0.074,23.974,25.561,0.1844
2946,66.683,71311.0,obs/smo/vf=off/lk=1,1266.432,1266.37,1266.37,0.062,24.025,25.507,0.1846
2947,66.703,71331.0,obs/smo/vf=off/lk=1,1266.918,1266.86,1266.86,0.057,24.473,24.55,0.1849
2948,66.723,71351.0,obs/smo/vf=off/lk=1,1267.413,1267.354,1267.354,0.059,24.567,23.808,0.1852
2949,66.743,71371.0,obs/smo/vf=off/lk=1,1267.904,1267.839,1267.839,0.065,24.799,22.771,0.1857
2950,66.763,71391.0,obs/smo/vf=off/lk=1,1268.395,1268.327,1268.327,0.068,24.346,22.519,0.1861
2951,66.783,71411.0,obs/smo/vf=off/lk=1,1268.88,1268.808,1268.808,0.072,24.239,22.421,0.1865
2952,66.803,71431.0,obs/smo/vf=off/lk=1,1269.361,1269.293,1269.293,0.068,23.881,22.925,0.1869
2953,66.823,71451.0,obs/smo/vf=off/lk=1,1269.849,1269.781,1269.781,0.069,24.508,23.801,0.1873
2954,66.843,71471.0,obs/smo/vf=off/lk=1,1270.339,1270.266,1270.266,0.073,24.616,24.554,0.1876
2955,66.863,71491.0,obs/smo/vf=off/lk=1,1270.84,1270.76,1270.76,0.08,25.121,25.595,0.1878
2956,66.883,71511.0,obs/smo/vf=off/lk=1,1271.339,1271.256,1271.256,0.083,24.968,26.137,0.1881
2957,66.903,71531.0,obs/smo/vf=off/lk=1,1271.833,1271.755,1271.755,0.078,24.542,25.673,0.1883
2958,66.923,71551.0,obs/smo/vf=off/lk=1,1272.318,1272.25,1272.25,0.067,24.121,24.675,0.1886
2959,66.943,71571.0,obs/smo/vf=off/lk=1,1272.793,1272.736,1272.736,0.057,24.229,24.073,0.1889
2960,66.963,71591.0,obs/smo/vf=off/lk=1,1273.293,1273.232,1273.232,0.061,24.742,22.819,0.1894
2961,66.983,71611.0,obs/smo/vf=off/lk=1,1273.784,1273.717,1273.717,0.067,24.77,22.722,0.1897
2962,67.003,71631.0,obs/smo/vf=off/lk=1,1274.289,1274.211,1274.211,0.077,24.743,22.565,0.1902
2963,67.023,71651.0,obs/smo/vf=off/lk=1,1274.784,1274.704,1274.704,0.08,24.75,23.505,0.1905
2964,67.043,71671.0,obs/smo/vf=off/lk=1,1275.276,1275.198,1275.198,0.079,24.617,24.6,0.1908
2965,67.063,71691.0,obs/smo/vf=off/lk=1,1275.761,1275.693,1275.693,0.069,24.458,25.689,0.1911
2966,67.083,71711.0,obs/smo/vf=off/lk=1,1276.26,1276.195,1276.195,0.065,24.853,26.501,0.1913
2967,67.103,71731.0,obs/smo/vf=off/lk=1,1276.766,1276.702,1276.702,0.064,25.254,25.708,0.1914
2968,67.123,71751.0,obs/smo/vf=off/lk=1,1277.272,1277.203,1277.203,0.069,25.299,24.848,0.1917
2969,67.143,71771.0,obs/smo/vf=off/lk=1,1277.772,1277.699,1277.699,0.073,25.308,23.57,0.1921
2970,67.163,71791.0,obs/smo/vf=off/lk=1,1278.271,1278.198,1278.198,0.073,24.647,23.127,0.1925
2971,67.183,71811.0,obs/smo/vf=off/lk=1,1278.759,1278.689,1278.689,0.07,24.507,23.0,0.1929
2972,67.203,71831.0,obs/smo/vf=off/lk=1,1279.257,1279.188,1279.188,0.069,24.776,23.778,0.1933
2973,67.223,71851.0,obs/smo/vf=off/lk=1,1279.759,1279.687,1279.687,0.072,25.429,24.965,0.1936
2974,67.243,71871.0,obs/smo/vf=off/lk=1,1280.268,1280.19,1280.19,0.078,25.377,26.173,0.1937
2975,67.263,71891.0,obs/smo/vf=off/lk=1,1280.779,1280.701,1280.701,0.078,25.486,26.619,0.1939
2976,67.283,71911.0,obs/smo/vf=off/lk=1,1281.284,1281.211,1281.211,0.072,25.25,25.561,0.1941
2977,67.303,71931.0,obs/smo/vf=off/lk=1,1281.779,1281.714,1281.714,0.065,24.698,24.447,0.1945
2978,67.323,71951.0,obs/smo/vf=off/lk=1,1282.273,1282.212,1282.212,0.061,24.735,23.171,0.1949
2979,67.343,71971.0,obs/smo/vf=off/lk=1,1282.77,1282.707,1282.707,0.063,25.201,23.14,0.1952
2980,67.363,71991.0,obs/smo/vf=off/lk=1,1283.288,1283.21,1283.21,0.079,25.622,23.465,0.1957
2981,67.383,72011.0,obs/smo/vf=off/lk=1,1283.793,1283.709,1283.709,0.084,25.302,24.675,0.1959
2982,67.403,72031.0,obs/smo/vf=off/lk=1,1284.304,1284.214,1284.214,0.09,25.497,26.35,0.1962
2983,67.423,72051.0,obs/smo/vf=off/lk=1,1284.807,1284.733,1284.733,0.074,25.03,26.798,0.1963
2984,67.443,72071.0,obs/smo/vf=off/lk=1,1285.304,1285.239,1285.239,0.065,24.748,26.234,0.1965
2985,67.463,72091.0,obs/smo/vf=off/lk=1,1285.81,1285.748,1285.748,0.062,25.513,24.479,0.1968
2986,67.483,72111.0,obs/smo/vf=off/lk=1,1286.323,1286.255,1286.255,0.067,25.402,23.546,0.1971
2987,67.503,72131.0,obs/smo/vf=off/lk=1,1286.832,1286.754,1286.754,0.078,25.496,23.063,0.1976
2988,67.523,72151.0,obs/smo/vf=off/lk=1,1287.337,1287.258,1287.258,0.079,25.385,23.829,0.1979
2989,67.543,72171.0,obs/smo/vf=off/lk=1,1287.843,1287.762,1287.762,0.081,25.175,25.081,0.1982
2990,67.563,72191.0,obs/smo/vf=off/lk=1,1288.338,1288.27,1288.27,0.069,25.122,26.461,0.1984
2991,67.583,72211.0,obs/smo/vf=off/lk=1,1288.855,1288.789,1288.789,0.066,25.61,26.986,0.1985
2992,67.603,72231.0,obs/smo/vf=off/lk=1,1289.371,1289.306,1289.306,0.065,25.957,25.54,0.1986
2993,67.623,72251.0,obs/smo/vf=off/lk=1,1289.886,1289.816,1289.816,0.07,25.717,24.134,0.199
2994,67.643,72271.0,obs/smo/vf=off/lk=1,1290.398,1290.32,1290.32,0.079,25.711,23.373,0.1994
2995,67.663,72291.0,obs/smo/vf=off/lk=1,1290.905,1290.828,1290.828,0.077,25.027,23.914,0.1998
2996,67.683,72311.0,obs/smo/vf=off/lk=1,1291.405,1291.332,1291.332,0.073,25.152,25.001,0.2001
2997,67.703,72331.0,obs/smo/vf=off/lk=1,1291.912,1291.845,1291.845,0.068,25.358,26.452,0.2003
2998,67.723,72351.0,obs/smo/vf=off/lk=1,1292.434,1292.366,1292.366,0.068,25.98,27.446,0.2004
2999,67.743,72371.0,obs/smo/vf=off/lk=1,1292.948,1292.88,1292.88,0.068,26.054,26.193,0.2005
3000,67.763,72391.0,obs/smo/vf=off/lk=1,1293.466,1293.394,1293.394,0.073,25.621,24.72,0.2008
3001,67.783,72411.0,obs/smo/vf=off/lk=1,1293.976,1293.9,1293.9,0.076,25.638,23.407,0.2013
3002,67.803,72431.0,obs/smo/vf=off/lk=1,1294.479,1294.409,1294.409,0.07,25.014,23.85,0.2016
3003,67.823,72451.0,obs/smo/vf=off/lk=1,1294.991,1294.92,1294.92,0.071,25.659,25.016,0.202
3004,67.843,72471.0,obs/smo/vf=off/lk=1,1295.514,1295.44,1295.44,0.075,25.989,26.744,0.2021
3005,67.863,72491.0,obs/smo/vf=off/lk=1,1296.034,1295.957,1295.957,0.077,26.476,27.651,0.2022
3006,67.883,72511.0,obs/smo/vf=off/lk=1,1296.559,1296.481,1296.481,0.078,26.115,26.003,0.2024
3007,67.903,72531.0,obs/smo/vf=off/lk=1,1297.074,1296.998,1296.998,0.077,25.486,24.445,0.2027
3008,67.923,72551.0,obs/smo/vf=off/lk=1,1297.578,1297.505,1297.505,0.072,25.256,23.49,0.2031
3009,67.943,72571.0,obs/smo/vf=off/lk=1,1298.087,1298.018,1298.018,0.068,25.487,24.112,0.2035
3010,67.963,72591.0,obs/smo/vf=off/lk=1,1298.608,1298.531,1298.531,0.078,26.155,26.126,0.2037
3011,67.983,72611.0,obs/smo/vf=off/lk=1,1299.128,1299.051,1299.051,0.078,26.167,27.148,0.2038
3012,68.003,72631.0,obs/smo/vf=off/lk=1,1299.661,1299.58,1299.58,0.08,26.157,27.372,0.2039
3013,68.023,72651.0,obs/smo/vf=off/lk=1,1300.176,1300.102,1300.102,0.074,25.902,25.142,0.2042
3014,68.043,72671.0,obs/smo/vf=off/lk=1,1300.684,1300.618,1300.618,0.066,25.439,24.048,0.2045
3015,68.063,72691.0,obs/smo/vf=off/lk=1,1301.199,1301.128,1301.128,0.071,25.554,23.597,0.205
3016,68.083,72711.0,obs/smo/vf=off/lk=1,1301.721,1301.647,1301.647,0.073,26.088,25.146,0.2052
3017,68.103,72731.0,obs/smo/vf=off/lk=1,1302.255,1302.17,1302.17,0.085,26.689,27.259,0.2054
3018,68.123,72751.0,obs/smo/vf=off/lk=1,1302.784,1302.7,1302.7,0.084,26.46,27.444,0.2054
3019,68.143,72771.0,obs/smo/vf=off/lk=1,1303.304,1303.224,1303.224,0.08,25.994,26.207,0.2056
3020,68.163,72791.0,obs/smo/vf=off/lk=1,1303.813,1303.743,1303.743,0.07,25.539,24.13,0.2059
3021,68.183,72811.0,obs/smo/vf=off/lk=1,1304.327,1304.262,1304.262,0.065,25.715,23.841,0.2063
3022,68.203,72831.0,obs/smo/vf=off/lk=1,1304.853,1304.778,1304.778,0.075,26.488,25.023,0.2066
3023,68.223,72851.0,obs/smo/vf=off/lk=1,1305.385,1305.307,1305.307,0.079,26.552,27.084,0.2067
3024,68.243,72871.0,obs/smo/vf=off/lk=1,1305.915,1305.832,1305.832,0.083,26.556,27.922,0.2068
3025,68.263,72891.0,obs/smo/vf=off/lk=1,1306.439,1306.364,1306.364,0.075,26.16,26.075,0.207
3026,68.283,72911.0,obs/smo/vf=off/lk=1,1306.955,1306.887,1306.887,0.068,25.753,24.409,0.2073
3027,68.303,72931.0,obs/smo/vf=off/lk=1,1307.472,1307.402,1307.402,0.07,25.776,23.809,0.2077
3028,68.323,72951.0,obs/smo/vf=off/lk=1,1308.001,1307.926,1307.926,0.075,26.405,24.92,0.208
3029,68.343,72971.0,obs/smo/vf=off/lk=1,1308.539,1308.457,1308.457,0.082,26.929,27.706,0.205
3030,68.363,72991.0,obs/smo/vf=off/lk=1,1309.07,1308.989,1308.989,0.081,26.626,27.491,0.2044
3031,68.383,73011.0,obs/smo/vf=off/lk=1,1309.593,1309.518,1309.518,0.076,26.083,26.032,0.204
3032,68.403,73031.0,obs/smo/vf=off/lk=1,1310.104,1310.038,1310.038,0.066,25.679,24.137,0.2038
3033,68.423,73051.0,obs/smo/vf=off/lk=1,1310.624,1310.56,1310.56,0.064,25.868,24.44,0.2035
3034,68.443,73071.0,obs/smo/vf=off/lk=1,1311.15,1311.076,1311.076,0.074,26.428,25.584,0.2032
3035,68.463,73091.0,obs/smo/vf=off/lk=1,1311.684,1311.606,1311.606,0.078,26.521,27.271,0.2027
3036,68.483,73111.0,obs/smo/vf=off/lk=1,1312.209,1312.133,1312.133,0.076,26.58,27.909,0.2022
3037,68.503,73131.0,obs/smo/vf=off/lk=1,1312.738,1312.665,1312.665,0.073,26.195,25.583,0.2018
3038,68.523,73151.0,obs/smo/vf=off/lk=1,1313.249,1313.184,1313.184,0.065,25.62,24.294,0.2015
3039,68.543,73171.0,obs/smo/vf=off/lk=1,1313.766,1313.7,1313.7,0.066,25.814,23.965,0.2013
3040,68.563,73191.0,obs/smo/vf=off/lk=1,1314.293,1314.221,1314.221,0.072,26.079,25.435,0.201
3041,68.583,73211.0,obs/smo/vf=off/lk=1,1314.818,1314.737,1314.737,0.081,26.812,27.13,0.2005
3042,68.603,73231.0,obs/smo/vf=off/lk=1,1315.35,1315.272,1315.272,0.078,26.332,27.374,0.2
3043,68.623,73251.0,obs/smo/vf=off/lk=1,1315.87,1315.798,1315.798,0.072,26.044,25.949,0.1995
3044,68.643,73271.0,obs/smo/vf=off/lk=1,1316.38,1316.313,1316.313,0.067,25.386,24.096,0.1993
3045,68.663,73291.0,obs/smo/vf=off/lk=1,1316.89,1316.828,1316.828,0.062,25.458,23.743,0.1991
3046,68.683,73311.0,obs/smo/vf=off/lk=1,1317.412,1317.34,1317.34,0.072,26.173,24.557,0.1988
3047,68.703,73331.0,obs/smo/vf=off/lk=1,1317.941,1317.864,1317.864,0.077,26.213,26.562,0.1983
3048,68.723,73351.0,obs/smo/vf=off/lk=1,1318.463,1318.382,1318.382,0.08,26.334,27.397,0.1979
3049,68.743,73371.0,obs/smo/vf=off/lk=1,1318.983,1318.911,1318.911,0.071,25.98,26.141,0.1974
3050,68.763,73391.0,obs/smo/vf=off/lk=1,1319.494,1319.429,1319.429,0.064,25.327,24.58,0.1971
3051,68.783,73411.0,obs/smo/vf=off/lk=1,1320.001,1319.94,1319.94,0.061,25.56,23.912,0.1969
3052,68.803,73431.0,obs/smo/vf=off/lk=1,1320.509,1320.444,1320.444,0.065,25.753,23.933,0.1966
3053,68.823,73451.0,obs/smo/vf=off/lk=1,1321.04,1320.962,1320.962,0.078,26.057,25.357,0.1963
3054,68.843,73471.0,obs/smo/vf=off/lk=1,1321.561,1321.481,1321.481,0.08,26.239,26.812,0.1959
3055,68.863,73491.0,obs/smo/vf=off/lk=1,1322.075,1321.995,1321.995,0.08,25.667,27.319,0.1954
3056,68.883,73511.0,obs/smo/vf=off/lk=1,1322.58,1322.514,1322.514,0.066,25.313,25.617,0.195
3057,68.903,73531.0,obs/smo/vf=off/lk=1,1323.083,1323.029,1323.029,0.054,25.108,24.344,0.1947
3058,68.923,73551.0,obs/smo/vf=off/lk=1,1323.595,1323.534,1323.534,0.061,25.727,23.204,0.1945
3059,68.943,73571.0,obs/smo/vf=off/lk=1,1324.106,1324.037,1324.037,0.069,25.739,23.745,0.1943
3060,68.963,73591.0,obs/smo/vf=off/lk=1,1324.628,1324.548,1324.548,0.079,25.831,24.878,0.194
3061,68.983,73611.0,obs/smo/vf=off/lk=1,1325.14,1325.062,1325.062,0.078,25.904,26.205,0.1935
3062,69.003,73631.0,obs/smo/vf=off/lk=1,1325.654,1325.583,1325.583,0.071,25.16,26.922,0.1931
3063,69.023,73651.0,obs/smo/vf=off/lk=1,1326.156,1326.099,1326.099,0.056,25.235,25.716,0.1927
3064,69.043,73671.0,obs/smo/vf=off/lk=1,1326.657,1326.6,1326.6,0.057,25.394,24.538,0.1924
3065,69.063,73691.0,obs/smo/vf=off/lk=1,1327.179,1327.111,1327.111,0.067,25.72,23.235,0.1922
3066,69.083,73711.0,obs/smo/vf=off/lk=1,1327.682,1327.609,1327.609,0.073,25.508,23.476,0.1919
3067,69.103,73731.0,obs/smo/vf=off/lk=1,1328.191,1328.109,1328.109,0.082,25.465,23.842,0.1917
3068,69.123,73751.0,obs/smo/vf=off/lk=1,1328.694,1328.62,1328.62,0.074,24.851,25.323,0.1913
3069,69.143,73771.0,obs/smo/vf=off/lk=1,1329.196,1329.131,1329.131,0.065,25.131,26.289,0.1909
3070,69.163,73791.0,obs/smo/vf=off/lk=1,1329.701,1329.641,1329.641,0.06,25.298,26.323,0.1905
3071,69.183,73811.0,obs/smo/vf=off/lk=1,1330.211,1330.152,1330.152,0.06,25.489,25.248,0.1901
3072,69.203,73831.0,obs/smo/vf=off/lk=1,1330.721,1330.656,1330.656,0.064,25.529,23.852,0.1898
3073,69.223,73851.0,obs/smo/vf=off/lk=1,1331.225,1331.159,1331.159,0.066,25.282,23.307,0.1896
3074,69.243,73871.0,obs/smo/vf=off/lk=1,1331.727,1331.656,1331.656,0.071,25.074,23.343,0.1894
3075,69.263,73891.0,obs/smo/vf=off/lk=1,1332.216,1332.153,1332.153,0.063,24.514,23.974,0.1892
3076,69.283,73911.0,obs/smo/vf=off/lk=1,1332.723,1332.656,1332.656,0.066,24.909,25.359,0.1889
3077,69.303,73931.0,obs/smo/vf=off/lk=1,1333.229,1333.164,1333.164,0.065,25.579,26.218,0.1884
3078,69.323,73951.0,obs/smo/vf=off/lk=1,1333.738,1333.667,1333.667,0.071,25.405,26.567,0.188
3079,69.343,73971.0,obs/smo/vf=off/lk=1,1334.247,1334.174,1334.174,0.073,25.401,25.39,0.1876
3080,69.363,73991.0,obs/smo/vf=off/lk=1,1334.744,1334.676,1334.676,0.068,24.857,24.333,0.1874
3081,69.383,74011.0,obs/smo/vf=off/lk=1,1335.231,1335.169,1335.169,0.062,24.437,23.194,0.1872
3082,69.403,74031.0,obs/smo/vf=off/lk=1,1335.724,1335.666,1335.666,0.059,24.532,22.9,0.187
3083,69.423,74051.0,obs/smo/vf=off/lk=1,1336.222,1336.155,1336.155,0.066,24.967,23.043,0.1868
3084,69.443,74071.0,obs/smo/vf=off/lk=1,1336.719,1336.648,1336.648,0.071,25.085,23.761,0.1865
3085,69.463,74091.0,obs/smo/vf=off/lk=1,1337.226,1337.146,1337.146,0.08,25.266,25.161,0.1862
3086,69.483,74111.0,obs/smo/vf=off/lk=1,1337.726,1337.651,1337.651,0.075,25.127,26.097,0.1857
3087,69.503,74131.0,obs/smo/vf=off/lk=1,1338.219,1338.152,1338.152,0.066,24.657,26.315,0.1854
3088,69.523,74151.0,obs/smo/vf=off/lk=1,1338.711,1338.654,1338.654,0.057,24.574,25.405,0.185
3089,69.543,74171.0,obs/smo/vf=off/lk=1,1339.211,1339.156,1339.156,0.055,24.956,24.359,0.1847
3090,69.563,74191.0,obs/smo/vf=off/lk=1,1339.71,1339.649,1339.649,0.061,25.09,23.021,0.1845
3091,69.583,74211.0,obs/smo/vf=off/lk=1,1340.213,1340.145,1340.145,0.068,24.781,22.901,0.1843
3092,69.603,74231.0,obs/smo/vf=off/lk=1,1340.708,1340.633,1340.633,0.075,25.103,22.72,0.1841
3093,69.623,74251.0,obs/smo/vf=off/lk=1,1341.198,1341.128,1341.128,0.07,24.06,23.552,0.1838
3094,69.643,74271.0,obs/smo/vf=off/lk=1,1341.681,1341.617,1341.617,0.064,24.368,24.443,0.1836
3095,69.663,74291.0,obs/smo/vf=off/lk=1,1342.173,1342.113,1342.113,0.061,24.511,25.333,0.1832
3096,69.683,74311.0,obs/smo/vf=off/lk=1,1342.677,1342.611,1342.611,0.065,25.047,26.12,0.1828
3097,69.703,74331.0,obs/smo/vf=off/lk=1,1343.177,1343.112,1343.112,0.064,24.965,25.662,0.1825
3098,69.723,74351.0,obs/smo/vf=off/lk=1,1343.674,1343.605,1343.605,0.069,24.854,24.924,0.1822
3099,69.743,74371.0,obs/smo/vf=off/lk=1,1344.161,1344.095,1344.095,0.066,24.525,23.667,0.1819
3100,69.763,74391.0,obs/smo/vf=off/lk=1,1344.642,1344.583,1344.583,0.058,23.985,23.082,0.1817
3101,69.783,74411.0,obs/smo/vf=off/lk=1,1345.123,1345.066,1345.066,0.058,23.937,22.522,0.1816
3102,69.803,74431.0,obs/smo/vf=off/lk=1,1345.605,1345.545,1345.545,0.06,24.334,22.473,0.1814
3103,69.823,74451.0,obs/smo/vf=off/lk=1,1346.105,1346.034,1346.034,0.071,24.695,22.594,0.1812
3104,69.843,74471.0,obs/smo/vf=off/lk=1,1346.59,1346.514,1346.514,0.076,24.476,23.24,0.1809
3105,69.863,74491.0,obs/smo/vf=off/lk=1,1347.076,1346.997,1346.997,0.079,24.439,24.476,0.1807
3106,69.883,74511.0,obs/smo/vf=off/lk=1,1347.558,1347.487,1347.487,0.071,24.201,24.479,0.1803
3107,69.903,74531.0,obs/smo/vf=off/lk=1,1348.038,1347.975,1347.975,0.062,23.748,25.409,0.18
3108,69.923,74551.0,obs/smo/vf=off/lk=1,1348.523,1348.465,1348.465,0.057,24.372,25.653,0.1797
3109,69.943,74571.0,obs/smo/vf=off/lk=1,1349.023,1348.964,1348.964,0.058,24.61,25.231,0.1793
3110,69.963,74591.0,obs/smo/vf=off/lk=1,1349.51,1349.452,1349.452,0.059,24.576,24.217,0.1791
3111,69.983,74611.0,obs/smo/vf=off/lk=1,1349.994,1349.93,1349.93,0.063,24.433,23.645,0.1788
3112,70.003,74631.0,obs/smo/vf=off/lk=1,1350.478,1350.413,1350.413,0.066,24.091,22.799,0.1786
3113,70.023,74651.0,obs/smo/vf=off/lk=1,1350.954,1350.895,1350.895,0.059,23.777,22.497,0.1784
3114,70.043,74671.0,obs/smo/vf=off/lk=1,1351.429,1351.373,1351.373,0.056,23.932,22.138,0.1783
3115,70.063,74691.0,obs/smo/vf=off/lk=1,1351.916,1351.857,1351.857,0.059,24.228,22.368,0.1781
3116,70.083,74711.0,obs/smo/vf=off/lk=1,1352.404,1352.332,1352.332,0.071,24.421,22.63,0.1779
3117,70.103,74731.0,obs/smo/vf=off/lk=1,1352.893,1352.817,1352.817,0.075,24.157,23.001,0.1776
3118,70.123,74751.0,obs/smo/vf=off/lk=1,1353.375,1353.296,1353.296,0.079,24.267,23.821,0.1774
3119,70.143,74771.0,obs/smo/vf=off/lk=1,1353.85,1353.781,1353.781,0.069,23.745,24.371,0.1771
3120,70.163,74791.0,obs/smo/vf=off/lk=1,1354.319,1354.259,1354.259,0.061,23.725,25.018,0.1768
3121,70.183,74811.0,obs/smo/vf=off/lk=1,1354.806,1354.752,1354.752,0.054,24.162,25.069,0.1764
3122,70.203,74831.0,obs/smo/vf=off/lk=1,1355.294,1355.235,1355.235,0.058,24.189,25.188,0.1761
3123,70.223,74851.0,obs/smo/vf=off/lk=1,1355.783,1355.722,1355.722,0.061,24.458,24.158,0.1758
3124,70.243,74871.0,obs/smo/vf=off/lk=1,1356.266,1356.203,1356.203,0.063,24.176,23.684,0.1756
3125,70.263,74891.0,obs/smo/vf=off/lk=1,1356.746,1356.68,1356.68,0.067,23.902,22.88,0.1755
3126,70.283,74911.0,obs/smo/vf=off/lk=1,1357.206,1357.148,1357.148,0.058,23.28,22.55,0.1752
3127,70.303,74931.0,obs/smo/vf=off/lk=1,1357.683,1357.628,1357.628,0.055,23.722,21.976,0.1751
3128,70.323,74951.0,obs/smo/vf=off/lk=1,1358.154,1358.099,1358.099,0.055,23.765,22.096,0.1749
3129,70.343,74971.0,obs/smo/vf=off/lk=1,1358.641,1358.573,1358.573,0.067,24.013,22.041,0.1686
3130,70.363,74991.0,obs/smo/vf=off/lk=1,1359.104,1359.043,1359.043,0.061,23.503,22.079,0.1671
3131,70.383,75011.0,obs/smo/vf=off/lk=1,1359.581,1359.515,1359.515,0.066,23.416,22.228,0.1657
3132,70.403,75031.0,obs/smo/vf=off/lk=1,1360.035,1359.979,1359.979,0.056,23.064,22.08,0.1643
3133,70.423,75051.0,obs/smo/vf=off/lk=1,1360.495,1360.44,1360.44,0.055,22.903,22.455,0.163
3134,70.443,75071.0,obs/smo/vf=off/lk=1,1360.957,1360.908,1360.908,0.049,23.006,22.783,0.1615
3135,70.463,75091.0,obs/smo/vf=off/lk=1,1361.426,1361.37,1361.37,0.057,23.422,22.946,0.1602
3136,70.483,75111.0,obs/smo/vf=off/lk=1,1361.894,1361.839,1361.839,0.056,23.432,23.088,0.1587
3137,70.503,75131.0,obs/smo/vf=off/lk=1,1362.351,1362.288,1362.288,0.063,23.057,22.985,0.1574
3138,70.523,75151.0,obs/smo/vf=off/lk=1,1362.812,1362.752,1362.752,0.06,22.818,22.385,0.1559
3139,70.543,75171.0,obs/smo/vf=off/lk=1,1363.263,1363.212,1363.212,0.05,22.851,23.041,0.1545
3140,70.563,75191.0,obs/smo/vf=off/lk=1,1363.717,1363.672,1363.672,0.044,22.47,22.859,0.1531
3141,70.583,75211.0,obs/smo/vf=off/lk=1,1364.171,1364.128,1364.128,0.043,22.498,23.327,0.1517
3142,70.603,75231.0,obs/smo/vf=off/lk=1,1364.625,1364.578,1364.578,0.046,22.691,23.155,0.1503
3143,70.623,75251.0,obs/smo/vf=off/lk=1,1365.077,1365.024,1365.024,0.053,22.952,23.044,0.149
3144,70.643,75271.0,obs/smo/vf=off/lk=1,1365.534,1365.479,1365.479,0.055,22.537,22.781,0.1476
3145,70.663,75291.0,obs/smo/vf=off/lk=1,1365.972,1365.915,1365.915,0.057,22.102,22.549,0.1464
3146,70.683,75311.0,obs/smo/vf=off/lk=1,1366.401,1366.357,1366.357,0.044,21.587,22.065,0.145
3147,70.703,75331.0,obs/smo/vf=off/lk=1,1366.834,1366.797,1366.797,0.037,21.622,21.968,0.1438
3148,70.723,75351.0,obs/smo/vf=off/lk=1,1367.271,1367.239,1367.239,0.032,21.84,21.985,0.1424
3149,70.743,75371.0,obs/smo/vf=off/lk=1,1367.713,1367.67,1367.67,0.043,22.055,21.716,0.1412
3150,70.763,75391.0,obs/smo/vf=off/lk=1,1368.15,1368.108,1368.108,0.042,21.577,21.196,0.1398
3151,70.783,75411.0,obs/smo/vf=off/lk=1,1368.579,1368.535,1368.535,0.044,21.588,20.894,0.1386
3152,70.803,75431.0,obs/smo/vf=off/lk=1,1369.0,1368.961,1368.961,0.039,21.063,20.26,0.1373
3153,70.823,75451.0,obs/smo/vf=off/lk=1,1369.418,1369.381,1369.381,0.037,20.839,20.213,0.1361
3154,70.843,75471.0,obs/smo/vf=off/lk=1,1369.825,1369.793,1369.793,0.032,20.632,19.993,0.1348
3155,70.863,75491.0,obs/smo/vf=off/lk=1,1370.238,1370.208,1370.208,0.03,20.631,19.437,0.1335
3156,70.883,75511.0,obs/smo/vf=off/lk=1,1370.655,1370.625,1370.625,0.03,20.679,19.824,0.1322
3157,70.903,75531.0,obs/smo/vf=off/lk=1,1371.064,1371.03,1371.03,0.034,20.442,19.799,0.131
3158,70.923,75551.0,obs/smo/vf=off/lk=1,1371.474,1371.436,1371.436,0.038,20.437,20.569,0.1298
3159,70.943,75571.0,obs/smo/vf=off/lk=1,1371.882,1371.84,1371.84,0.042,20.446,20.404,0.1286
3160,70.963,75591.0,obs/smo/vf=off/lk=1,1372.282,1372.241,1372.241,0.041,19.973,20.437,0.1275
3161,70.983,75611.0,obs/smo/vf=off/lk=1,1372.671,1372.641,1372.641,0.03,19.484,19.824,0.1263
3162,71.003,75631.0,obs/smo/vf=off/lk=1,1373.06,1373.035,1373.035,0.025,19.51,19.432,0.1252
3163,71.023,75651.0,obs/smo/vf=off/lk=1,1373.456,1373.433,1373.433,0.023,19.567,18.911,0.124
3164,71.043,75671.0,obs/smo/vf=off/lk=1,1373.849,1373.82,1373.82,0.029,19.783,18.501,0.1228
3165,71.063,75691.0,obs/smo/vf=off/lk=1,1374.234,1374.208,1374.208,0.025,19.442,18.742,0.1215
3166,71.083,75711.0,obs/smo/vf=off/lk=1,1374.628,1374.597,1374.597,0.031,19.35,19.062,0.1204
3167,71.103,75731.0,obs/smo/vf=off/lk=1,1375.014,1374.976,1374.976,0.039,19.286,19.433,0.1193
3168,71.123,75751.0,obs/smo/vf=off/lk=1,1375.381,1375.351,1375.351,0.03,18.632,18.931,0.1182
3169,71.143,75771.0,obs/smo/vf=off/lk=1,1375.749,1375.728,1375.728,0.021,18.118,18.489,0.1171
3170,71.163,75791.0,obs/smo/vf=off/lk=1,1376.114,1376.096,1376.096,0.018,18.693,18.063,0.116
3171,71.183,75811.0,obs/smo/vf=off/lk=1,1376.49,1376.47,1376.47,0.02,18.544,17.621,0.1149
3172,71.203,75831.0,obs/smo/vf=off/lk=1,1376.855,1376.835,1376.835,0.021,18.391,18.415,0.1137
3173,71.223,75851.0,obs/smo/vf=off/lk=1,1377.223,1377.2,1377.2,0.024,18.388,18.5,0.1127
3174,71.243,75871.0,obs/smo/vf=off/lk=1,1377.59,1377.562,1377.562,0.028,18.21,18.002,0.1117
3175,71.263,75891.0,obs/smo/vf=off/lk=1,1377.943,1377.922,1377.922,0.02,17.805,17.518,0.1106
3176,71.283,75911.0,obs/smo/vf=off/lk=1,1378.303,1378.282,1378.282,0.021,17.819,17.169,0.1095
3177,71.303,75931.0,obs/smo/vf=off/lk=1,1378.661,1378.635,1378.635,0.026,17.966,17.589,0.1084
3178,71.323,75951.0,obs/smo/vf=off/lk=1,1379.001,1378.985,1378.985,0.016,17.064,17.635,0.1074
3179,71.343,75971.0,obs/smo/vf=off/lk=1,1379.337,1379.33,1379.33,0.007,16.645,17.25,0.1065
3180,71.363,75991.0,obs/smo/vf=off/lk=1,1379.685,1379.676,1379.676,0.01,17.531,16.649,0.1054
3181,71.383,76011.0,obs/smo/vf=off/lk=1,1380.04,1380.021,1380.021,0.018,17.508,16.608,0.1043
3182,71.403,76031.0,obs/smo/vf=off/lk=1,1380.377,1380.356,1380.356,0.021,17.1,17.55,0.1033
3183,71.423,76051.0,obs/smo/vf=off/lk=1,1380.716,1380.702,1380.702,0.014,16.892,16.932,0.1023
3184,71.443,76071.0,obs/smo/vf=off/lk=1,1381.046,1381.038,1381.038,0.008,16.489,16.283,0.1013
3185,71.463,76091.0,obs/smo/vf=off/lk=1,1381.384,1381.373,1381.373,0.01,16.913,16.513,0.1003
3186,71.483,76111.0,obs/smo/vf=off/lk=1,1381.718,1381.708,1381.708,0.01,16.49,16.504,0.0993
3187,71.503,76131.0,obs/smo/vf=off/lk=1,1382.023,1382.034,1382.034,-0.01,15.439,16.345,0.0983
3188,71.523,76151.0,obs/smo/vf=off/lk=1,1382.356,1382.362,1382.362,-0.006,16.421,16.094,0.0974
3189,71.543,76171.0,obs/smo/vf=off/lk=1,1382.681,1382.683,1382.683,-0.002,16.425,15.755,0.0964
3190,71.563,76191.0,obs/smo/vf=off/lk=1,1382.997,1383.003,1383.003,-0.006,15.986,16.068,0.0955
3191,71.583,76211.0,obs/smo/vf=off/lk=1,1383.322,1383.324,1383.324,-0.002,16.1,15.787,0.0945
3192,71.603,76231.0,obs/smo/vf=off/lk=1,1383.646,1383.642,1383.642,0.004,16.176,15.264,0.0936
3193,71.623,76251.0,obs/smo/vf=off/lk=1,1383.962,1383.95,1383.95,0.012,15.989,15.953,0.0926
3194,71.643,76271.0,obs/smo/vf=off/lk=1,1384.264,1384.27,1384.27,-0.006,14.882,15.547,0.0916
3195,71.663,76291.0,obs/smo/vf=off/lk=1,1384.567,1384.58,1384.58,-0.014,15.154,15.292,0.0908
3196,71.683,76311.0,obs/smo/vf=off/lk=1,1384.872,1384.888,1384.888,-0.016,15.432,15.303,0.0898
3197,71.703,76331.0,obs/smo/vf=off/lk=1,1385.148,1385.205,1385.205,-0.057,13.702,15.668,0.0888
3198,71.723,76351.0,obs/smo/vf=off/lk=1,1385.444,1385.507,1385.507,-0.063,14.783,15.561,0.088
3199,71.743,76371.0,obs/smo/vf=off/lk=1,1385.714,1385.818,1385.818,-0.104,13.625,14.759,0.087
3200,71.763,76391.0,obs/smo/vf=off/lk=1,1385.964,1386.149,1386.149,-0.185,12.227,17.112,0.0856
3201,71.783,76411.0,enc/smo/vf=off/lk=1,1386.008,1386.008,1385.59,0.418,1.989,17.459,0.0845
3202,71.803,76431.0,enc/smo/vf=off/lk=1,1386.016,1386.016,1385.905,0.111,11.076,16.274,0.0876
3203,71.823,76451.0,enc/smo/vf=off/lk=1,1386.297,1386.297,1386.238,0.059,12.937,15.979,0.0847
3204,71.843,76471.0,enc/smo/vf=off/lk=1,1386.567,1386.567,1386.556,0.01,13.016,16.238,0.0836
3205,71.863,76491.0,enc/smo/vf=off/lk=1,1386.843,1386.843,1386.879,-0.036,12.86,15.434,0.0828
3206,71.883,76511.0,enc/smo/vf=off/lk=1,1387.125,1387.125,1387.199,-0.074,14.857,15.404,0.0818
3207,71.903,76531.0,enc/smo/vf=off/lk=1,1387.374,1387.374,1387.504,-0.131,13.257,15.548,0.0813
3208,71.923,76551.0,enc/smo/vf=off/lk=1,1387.65,1387.65,1387.81,-0.16,13.223,14.313,0.0805
3209,71.943,76571.0,enc/smo/vf=off/lk=1,1387.885,1387.885,1388.1,-0.215,13.047,14.323,0.0799
3210,71.963,76591.0,enc/smo/vf=off/lk=1,1388.147,1388.147,1388.387,-0.24,11.089,14.145,0.0792
3211,71.983,76611.0,enc/smo/vf=off/lk=1,1388.386,1388.386,1388.667,-0.28,16.795,13.699,0.0784
3212,72.003,76631.0,enc/smo/vf=off/lk=1,1388.627,1388.627,1388.921,-0.294,11.307,13.31,0.0779
3213,72.023,76651.0,enc/smo/vf=off/lk=1,1388.871,1388.871,1389.171,-0.3,15.282,12.124,0.0769
3214,72.043,76671.0,enc/smo/vf=off/lk=1,1389.109,1389.109,1389.408,-0.3,13.127,12.227,0.0764
3215,72.063,76691.0,enc/smo/vf=off/lk=1,1389.36,1389.36,1389.643,-0.283,15.057,11.027,0.0754
3216,72.083,76711.0,enc/smo/vf=off/lk=1,1389.599,1389.599,1389.868,-0.268,13.159,11.201,0.0749
3217,72.103,76731.0,enc/smo/vf=off/lk=1,1389.845,1389.845,1390.078,-0.233,11.049,10.52,0.074
3218,72.123,76751.0,enc/smo/vf=off/lk=1,1390.08,1390.08,1390.289,-0.21,11.391,10.942,0.0734
3219,72.143,76771.0,enc/smo/vf=off/lk=1,1390.323,1390.323,1390.499,-0.176,9.423,10.219,0.0727
3220,72.163,76791.0,enc/smo/vf=off/lk=1,1390.546,1390.546,1390.705,-0.159,13.095,10.641,0.072
3221,72.183,76811.0,enc/smo/vf=off/lk=1,1390.781,1390.781,1390.904,-0.123,9.319,10.067,0.0713
3222,72.203,76831.0,enc/smo/vf=off/lk=1,1390.972,1390.972,1391.111,-0.139,11.293,10.782,0.071
3223,72.223,76851.0,enc/smo/vf=off/lk=1,1391.213,1391.213,1391.311,-0.098,11.036,10.081,0.07
3224,72.243,76871.0,enc/smo/vf=off/lk=1,1391.397,1391.397,1391.52,-0.123,9.354,10.622,0.07
3225,72.263,76891.0,enc/smo/vf=off/lk=1,1391.634,1391.634,1391.721,-0.088,11.116,9.744,0.0687
3226,72.283,76911.0,enc/smo/vf=off/lk=1,1391.821,1391.821,1391.921,-0.1,11.102,10.02,0.0686
3227,72.303,76931.0,enc/smo/vf=off/lk=1,1392.045,1392.045,1392.134,-0.09,11.089,10.098,0.0674
3228,72.323,76951.0,enc/smo/vf=off/lk=1,1392.244,1392.244,1392.338,-0.094,11.129,10.119,0.0673
3229,72.343,76971.0,enc/smo/vf=off/lk=1,1392.454,1392.454,1392.537,-0.083,9.446,9.944,0.0663
3230,72.363,76991.0,enc/smo/vf=off/lk=1,1392.669,1392.669,1392.737,-0.068,9.411,9.865,0.0658
3231,72.383,77011.0,enc/smo/vf=off/lk=1,1392.884,1392.884,1392.94,-0.057,11.197,11.218,0.065
3232,72.403,77031.0,enc/smo/vf=off/lk=1,1393.083,1393.083,1393.136,-0.053,9.251,9.667,0.0646
3233,72.423,77051.0,enc/smo/vf=off/lk=1,1393.293,1393.293,1393.34,-0.047,11.224,10.461,0.0639
3234,72.443,77071.0,enc/smo/vf=off/lk=1,1393.484,1393.484,1393.539,-0.056,7.492,9.961,0.0637
3235,72.463,77091.0,enc/smo/vf=off/lk=1,1393.669,1393.669,1393.736,-0.067,9.308,10.11,0.0629
3236,72.483,77111.0,enc/smo/vf=off/lk=1,1393.881,1393.881,1393.939,-0.058,9.365,10.125,0.0621
3237,72.503,77131.0,enc/smo/vf=off/lk=1,1394.02,1394.02,1394.14,-0.119,7.465,9.994,0.0624
3238,72.523,77151.0,enc/smo/vf=off/lk=1,1394.223,1394.223,1394.344,-0.122,11.036,9.843,0.0611
3239,72.543,77171.0,enc/smo/vf=off/lk=1,1394.404,1394.404,1394.541,-0.137,7.411,9.548,0.061
3240,72.563,77191.0,enc/smo/vf=off/lk=1,1394.551,1394.551,1394.744,-0.192,9.308,10.372,0.0608
3241,72.583,77211.0,enc/smo/vf=off/lk=1,1394.758,1394.758,1394.931,-0.173,7.411,9.158,0.0595
3242,72.603,77231.0,enc/smo/vf=off/lk=1,1394.912,1394.912,1395.123,-0.211,7.474,9.615,0.0595
3243,72.623,77251.0,enc/smo/vf=off/lk=1,1395.074,1395.074,1395.304,-0.23,11.197,8.859,0.059
3244,72.643,77271.0,enc/smo/vf=off/lk=1,1395.271,1395.271,1395.479,-0.208,5.511,8.699,0.0582
3245,72.663,77291.0,enc/smo/vf=off/lk=1,1395.426,1395.426,1395.653,-0.228,9.492,8.795,0.0579
3246,72.683,77311.0,enc/smo/vf=off/lk=1,1395.614,1395.614,1395.829,-0.215,11.238,8.339,0.057
3247,72.703,77331.0,enc/smo/vf=off/lk=1,1395.785,1395.785,1395.988,-0.203,5.64,8.22,0.0568
3248,72.723,77351.0,enc/smo/vf=off/lk=1,1395.956,1395.956,1396.158,-0.202,7.501,8.11,0.0561
3249,72.743,77371.0,enc/smo/vf=off/lk=1,1396.131,1396.131,1396.313,-0.182,9.219,7.627,0.0557
3250,72.763,77391.0,enc/smo/vf=off/lk=1,1396.295,1396.295,1396.469,-0.173,7.375,8.099,0.0552
3251,72.783,77411.0,enc/smo/vf=off/lk=1,1396.47,1396.47,1396.632,-0.162,9.319,7.928,0.0545
3252,72.803,77431.0,enc/smo/vf=off/lk=1,1396.616,1396.616,1396.792,-0.176,5.551,7.812,0.0547
3253,72.823,77451.0,enc/smo/vf=off/lk=1,1396.76,1396.76,1396.947,-0.187,7.483,7.88,0.054
3254,72.843,77471.0,enc/smo/vf=off/lk=1,1396.935,1396.935,1397.097,-0.162,9.263,7.57,0.0531
3255,72.863,77491.0,enc/smo/vf=off/lk=1,1397.076,1397.076,1397.247,-0.171,3.714,8.039,0.0533
3256,72.883,77511.0,enc/smo/vf=off/lk=1,1397.174,1397.174,1397.398,-0.224,7.411,7.856,0.0533
3257,72.903,77531.0,enc/smo/vf=off/lk=1,1397.348,1397.348,1397.548,-0.2,9.308,7.304,0.0519
3258,72.923,77551.0,enc/smo/vf=off/lk=1,1397.501,1397.501,1397.687,-0.186,5.605,7.229,0.0517
3259,72.943,77571.0,enc/smo/vf=off/lk=1,1397.604,1397.604,1397.835,-0.232,5.531,7.442,0.052
3260,72.963,77591.0,enc/smo/vf=off/lk=1,1397.727,1397.727,1397.982,-0.255,7.411,6.903,0.0514
3261,72.983,77611.0,enc/smo/vf=off/lk=1,1397.907,1397.907,1398.116,-0.209,7.474,6.381,0.0503
3262,73.003,77631.0,enc/smo/vf=off/lk=1,1398.021,1398.021,1398.25,-0.229,5.598,6.756,0.0505
3263,73.023,77651.0,enc/smo/vf=off/lk=1,1398.138,1398.138,1398.385,-0.247,5.518,7.068,0.0502
3264,73.043,77671.0,enc/smo/vf=off/lk=1,1398.303,1398.303,1398.517,-0.214,11.197,6.298,0.049
3265,73.063,77691.0,enc/smo/vf=off/lk=1,1398.432,1398.432,1398.635,-0.203,5.592,6.301,0.0492
3266,73.083,77711.0,enc/smo/vf=off/lk=1,1398.556,1398.556,1398.763,-0.207,7.42,6.366,0.0488
3267,73.103,77731.0,enc/smo/vf=off/lk=1,1398.708,1398.708,1398.887,-0.179,7.428,6.081,0.048
3268,73.123,77751.0,enc/smo/vf=off/lk=1,1398.863,1398.863,1399.008,-0.145,7.393,5.683,0.0475
3269,73.143,77771.0,enc/smo/vf=off/lk=1,1398.986,1398.986,1399.135,-0.15,7.501,6.394,0.0475
3270,73.163,77791.0,enc/smo/vf=off/lk=1,1399.133,1399.133,1399.261,-0.128,7.483,6.467,0.0467
3271,73.183,77811.0,enc/smo/vf=off/lk=1,1399.27,1399.27,1399.39,-0.12,5.558,6.267,0.0466
3272,73.203,77831.0,enc/smo/vf=off/lk=1,1399.397,1399.397,1399.513,-0.116,5.752,6.209,0.0461
3273,73.223,77851.0,enc/smo/vf=off/lk=1,1399.526,1399.526,1399.642,-0.117,7.51,5.853,0.0458
3274,73.243,77871.0,enc/smo/vf=off/lk=1,1399.681,1399.681,1399.77,-0.089,3.755,6.15,0.0451
3275,73.263,77891.0,enc/smo/vf=off/lk=1,1399.748,1399.748,1399.898,-0.149,1.859,6.226,0.0459
3276,73.283,77911.0,enc/smo/vf=off/lk=1,1399.834,1399.834,1400.026,-0.191,7.438,6.254,0.0453
3277,73.303,77931.0,enc/smo/vf=off/lk=1,1399.978,1399.978,1400.155,-0.176,7.428,6.303,0.0444
3278,73.323,77951.0,enc/smo/vf=off/lk=1,1400.124,1400.124,1400.281,-0.157,7.402,6.133,0.0437
3279,73.343,77971.0,enc/smo/vf=off/lk=1,1400.202,1400.202,1400.406,-0.204,3.705,6.146,0.0444
3280,73.363,77991.0,enc/smo/vf=off/lk=1,1400.247,1400.247,1400.529,-0.282,1.857,6.138,0.0447
3281,73.383,78011.0,enc/smo/vf=off/lk=1,1400.322,1400.322,1400.646,-0.324,3.692,5.781,0.044
3282,73.403,78031.0,enc/smo/vf=off/lk=1,1400.468,1400.468,1400.761,-0.293,9.399,5.797,0.0427
3283,73.423,78051.0,enc/smo/vf=off/lk=1,1400.601,1400.601,1400.865,-0.264,3.737,5.824,0.0425
3284,73.443,78071.0,enc/smo/vf=off/lk=1,1400.67,1400.67,1400.97,-0.3,3.687,5.228,0.043
3285,73.463,78091.0,enc/smo/vf=off/lk=1,1400.739,1400.739,1401.078,-0.339,1.848,5.398,0.0429
3286,73.483,78111.0,enc/smo/vf=off/lk=1,1400.814,1400.814,1401.177,-0.363,5.545,4.766,0.0426
3287,73.503,78131.0,enc/smo/vf=off/lk=1,1400.957,1400.957,1401.278,-0.321,9.286,5.259,0.0412
3288,73.523,78151.0,enc/smo/vf=off/lk=1,1401.064,1401.064,1401.367,-0.302,3.732,4.338,0.0415
3289,73.543,78171.0,enc/smo/vf=off/lk=1,1401.137,1401.137,1401.447,-0.31,3.797,4.272,0.0416
3290,73.563,78191.0,enc/smo/vf=off/lk=1,1401.222,1401.222,1401.531,-0.308,5.703,4.152,0.0412
3291,73.583,78211.0,enc/smo/vf=off/lk=1,1401.308,1401.308,1401.612,-0.304,5.605,3.939,0.0409
3292,73.603,78231.0,enc/smo/vf=off/lk=1,1401.457,1401.457,1401.69,-0.233,7.411,3.795,0.0396
3293,73.623,78251.0,enc/smo/vf=off/lk=1,1401.538,1401.538,1401.761,-0.222,1.88,3.657,0.0403
3294,73.643,78271.0,enc/smo/vf=off/lk=1,1401.594,1401.594,1401.839,-0.246,5.558,3.861,0.0404
3295,73.663,78291.0,enc/smo/vf=off/lk=1,1401.69,1401.69,1401.913,-0.222,5.731,4.055,0.0397
3296,73.683,78311.0,enc/smo/vf=off/lk=1,1401.804,1401.804,1401.991,-0.188,5.674,3.988,0.0391
3297,73.703,78331.0,enc/smo/vf=off/lk=1,1401.936,1401.936,1402.066,-0.13,5.688,3.607,0.0384
3298,73.723,78351.0,enc/smo/vf=off/lk=1,1402.031,1402.031,1402.143,-0.112,3.788,4.013,0.0386
3299,73.743,78371.0,enc/smo/vf=off/lk=1,1402.098,1402.098,1402.228,-0.129,3.751,4.286,0.0387
3300,73.763,78391.0,enc/smo/vf=off/lk=1,1402.201,1402.201,1402.31,-0.109,5.612,4.019,0.0379
3301,73.783,78411.0,enc/smo/vf=off/lk=1,1402.333,1402.333,1402.394,-0.061,5.598,4.289,0.0373
3302,73.803,78431.0,enc/smo/vf=off/lk=1,1402.408,1402.408,1402.476,-0.068,3.751,4.216,0.0376
3303,73.823,78451.0,enc/smo/vf=off/lk=1,1402.496,1402.496,1402.56,-0.064,5.592,4.047,0.0372
3304,73.843,78471.0,enc/smo/vf=off/lk=1,1402.589,1402.589,1402.646,-0.057,3.746,4.674,0.0369
3305,73.863,78491.0,enc/smo/vf=off/lk=1,1402.678,1402.678,1402.745,-0.067,7.393,4.734,0.0366
3306,73.883,78511.0,enc/smo/vf=off/lk=1,1402.807,1402.807,1402.836,-0.029,3.741,5.067,0.0358
3307,73.903,78531.0,enc/smo/vf=off/lk=1,1402.845,1402.845,1402.937,-0.091,0.0,5.02,0.0368
3308,73.923,78551.0,enc/smo/vf=off/lk=1,1402.853,1402.853,1403.036,-0.183,0.0,4.593,0.0372
3309,73.943,78571.0,enc/smo/vf=off/lk=1,1402.865,1402.865,1403.123,-0.258,0.0,4.647,0.0371
3310,73.963,78591.0,enc/smo/vf=off/lk=1,1402.888,1402.888,1403.203,-0.315,1.91,4.031,0.037
3311,73.983,78611.0,enc/smo/vf=off/lk=1,1402.928,1402.928,1403.279,-0.351,1.873,3.845,0.0365
3312,74.003,78631.0,enc/smo/vf=off/lk=1,1403.014,1403.014,1403.353,-0.339,5.592,3.643,0.0356
3313,74.023,78651.0,enc/smo/vf=off/lk=1,1403.123,1403.123,1403.428,-0.305,5.738,3.887,0.0352
3314,74.043,78671.0,enc/smo/vf=off/lk=1,1403.237,1403.237,1403.495,-0.258,5.531,3.638,0.0346
3315,74.063,78691.0,enc/smo/vf=off/lk=1,1403.307,1403.307,1403.561,-0.254,1.878,3.117,0.0351
3316,74.083,78711.0,enc/smo/vf=off/lk=1,1403.323,1403.323,1403.625,-0.303,1.857,2.664,0.0356
3317,74.103,78731.0,enc/smo/vf=off/lk=1,1403.33,1403.33,1403.685,-0.355,0.0,2.717,0.0358
3318,74.123,78751.0,enc/smo/vf=off/lk=1,1403.336,1403.336,1403.737,-0.401,0.0,2.668,0.0358
3319,74.143,78771.0,enc/smo/vf=off/lk=1,1403.339,1403.339,1403.786,-0.447,0.0,2.273,0.0358
3320,74.163,78791.0,enc/smo/vf=off/lk=1,1403.341,1403.341,1402.936,0.405,0.0,2.288,0.0358
3321,74.183,78811.0,enc/smo/vf=off/lk=1,1403.342,1403.342,1402.981,0.361,0.0,1.973,0.0358
3322,74.203,78831.0,enc/smo/vf=off/lk=1,1403.344,1403.344,1403.023,0.321,0.0,2.05,0.0358
3323,74.223,78851.0,enc/smo/vf=off/lk=1,1403.344,1403.344,1403.063,0.281,0.0,1.767,0.0358
3324,74.243,78871.0,enc/smo/vf=off/lk=1,1403.344,1403.344,1403.106,0.238,0.0,1.609,0.0358
3325,74.263,78891.0,enc/smo/vf=off/lk=0,1403.344,1403.344,1403.152,0.192,0.0,2.233,0.0358
3326,74.283,78911.0,enc/smo/vf=off/lk=1,1403.344,1403.344,1403.194,0.15,0.0,2.368,0.0358
3327,74.303,78931.0,enc/smo/vf=off/lk=1,1403.344,1403.344,1403.241,0.103,0.0,2.627,0.0358
3328,74.323,78951.0,enc/smo/vf=off/lk=1,1403.344,1403.344,1403.295,0.049,0.0,2.674,0.0358
3329,74.343,78971.0,enc/smo/vf=off/lk=1,1403.344,1403.344,1403.361,-0.017,0.0,3.087,0.0358
3330,74.363,78991.0,enc/smo/vf=off/lk=1,1403.344,1403.344,1403.423,-0.079,0.0,3.28,0.0358
3331,74.383,79011.0,enc/smo/vf=off/lk=1,1403.344,1403.344,1403.487,-0.143,1.844,3.197,0.0359
3332,74.403,79031.0,enc/smo/vf=off/lk=1,1403.344,1403.344,1403.547,-0.203,0.0,3.075,0.0358
3333,74.423,79051.0,enc/smo/vf=off/lk=1,1403.344,1403.344,1403.603,-0.259,0.0,2.745,0.0358
3334,74.443,79071.0,enc/smo/vf=off/lk=1,1403.344,1403.344,1403.66,-0.316,0.0,2.58,0.0358
3335,74.463,79091.0,enc/smo/vf=off/lk=1,1403.344,1403.344,1403.71,-0.366,0.0,2.209,0.0358
3336,74.483,79111.0,enc/smo/vf=off/lk=0,1403.344,1403.344,1403.757,-0.413,0.0,2.29,0.0358
3337,74.503,79131.0,enc/smo/vf=off/lk=1,1403.344,1403.344,1402.901,0.443,0.0,1.843,0.0358
3338,74.523,79151.0,enc/smo/vf=off/lk=1,1403.344,1403.344,1402.938,0.406,0.0,1.829,0.0358
3339,74.543,79171.0,enc/smo/vf=off/lk=1,1403.344,1403.344,1402.973,0.371,0.0,1.525,0.0358
3340,74.563,79191.0,enc/smo/vf=off/lk=1,1403.344,1403.344,1403.008,0.336,0.0,2.141,0.0358
3341,74.583,79211.0,enc/smo/vf=off/lk=1,1403.342,1403.342,1403.038,0.304,0.0,1.668,0.0359
3342,74.633,79261.0,enc/smo/vf=off/lk=0,1403.344,1403.344,1403.11,0.234,0.0,1.516,0.0358
3343,74.683,79311.0,enc/smo/vf=off/lk=1,1403.344,1403.344,1403.192,0.152,0.0,1.855,0.0358
3344,74.733,79361.0,enc/smo/vf=off/lk=1,1403.344,1403.344,1403.293,0.051,0.0,2.16,0.0358
3345,74.783,79411.0,enc/smo/vf=off/lk=1,1403.344,1403.344,1403.42,-0.076,0.0,2.598,0.0358
3346,74.833,79461.0,enc/smo/vf=off/lk=1,1403.344,1403.344,1403.548,-0.204,0.0,2.523,0.0358
3347,74.883,79511.0,enc/smo/vf=off/lk=1,1403.344,1403.344,1403.661,-0.317,0.0,1.932,0.0358
3348,74.933,79561.0,enc/smo/vf=off/lk=1,1403.344,1403.344,1403.74,-0.396,0.0,1.541,0.0358
3349,74.983,79611.0,enc/smo/vf=off/lk=1,1403.344,1403.344,1402.9,0.444,0.0,0.871,0.0358
3350,75.033,79661.0,enc/smo/vf=off/lk=1,1403.344,1403.344,1402.937,0.407,0.0,0.284,0.0358
3351,75.083,79711.0,enc/smo/vf=off/lk=1,1403.344,1403.344,1402.953,0.39,0.0,0.182,0.0358
3352,75.133,79761.0,enc/smo/vf=off/lk=1,1403.344,1403.344,1402.951,0.393,0.0,-0.256,0.0358
3353,75.183,79811.0,enc/smo/vf=off/lk=1,1403.344,1403.344,1402.926,0.418,0.0,-0.685,0.0358
3354,75.233,79861.0,enc/smo/vf=off/lk=1,1403.344,1403.344,1403.776,-0.432,0.0,-1.115,0.0358
3355,75.283,79911.0,enc/smo/vf=off/lk=1,1403.344,1403.344,1403.706,-0.362,0.0,-1.585,0.0358
3356,75.333,79961.0,enc/smo/vf=off/lk=1,1403.344,1403.344,1403.623,-0.279,0.0,-1.465,0.0358
3357,75.383,80011.0,enc/smo/vf=off/lk=1,1403.344,1403.344,1403.549,-0.205,0.0,-1.375,0.0358
3358,75.433,80061.0,enc/smo/vf=off/lk=1,1403.344,1403.344,1403.487,-0.143,0.0,-1.0,0.0358
3359,75.483,80111.0,enc/smo/vf=off/lk=1,1403.344,1403.344,1403.449,-0.105,0.0,-0.568,0.0358
3360,75.533,80161.0,enc/smo/vf=off/lk=1,1403.344,1403.344,1403.43,-0.086,0.0,-0.254,0.0358
3361,75.583,80211.0,enc/smo/vf=off/lk=1,1403.344,1403.344,1403.431,-0.087,0.0,0.195,0.0358
3362,75.633,80261.0,enc/smo/vf=off/lk=1,1403.344,1403.344,1403.451,-0.107,0.0,0.504,0.0358
3363,75.683,80311.0,enc/smo/vf=off/lk=1,1403.344,1403.344,1403.487,-0.143,0.0,0.741,0.0358
3364,75.733,80361.0,enc/smo/vf=off/lk=1,1403.344,1403.344,1403.53,-0.186,0.0,0.887,0.0358
3365,75.783,80411.0,enc/smo/vf=off/lk=1,1403.344,1403.344,1403.571,-0.227,0.0,0.753,0.0358
3366,75.833,80461.0,enc/smo/vf=off/lk=1,1403.344,1403.344,1403.608,-0.264,0.0,0.548,0.0358
3367,75.883,80511.0,enc/smo/vf=off/lk=1,1403.344,1403.344,1403.63,-0.287,0.0,0.305,0.0358
3368,75.933,80561.0,enc/smo/vf=off/lk=1,1403.344,1403.344,1403.642,-0.298,0.0,0.307,0.0358
3369,75.983,80611.0,enc/smo/vf=off/lk=1,1403.344,1403.344,1403.646,-0.301,0.0,0.011,0.0358
3370,76.033,80661.0,enc/smo/vf=off/lk=1,1403.344,1403.344,1403.638,-0.294,0.0,-0.141,0.0358
3371,76.083,80711.0,enc/smo/vf=off/lk=1,1403.344,1403.344,1403.625,-0.281,0.0,-0.309,0.0358
3372,76.133,80761.0,enc/smo/vf=off/lk=1,1403.344,1403.344,1403.61,-0.266,0.0,-0.321,0.0358
3373,76.183,80811.0,enc/smo/vf=off/lk=1,1403.344,1403.344,1403.588,-0.244,0.0,-0.592,0.0358
3374,76.233,80861.0,enc/smo/vf=off/lk=1,1403.344,1403.344,1403.567,-0.223,0.0,-0.269,0.0358
3375,76.283,80911.0,enc/smo/vf=off/lk=1,1403.344,1403.344,1403.554,-0.21,0.0,-0.144,0.0358
3376,76.333,80961.0,enc/smo/vf=off/lk=1,1403.344,1403.344,1403.546,-0.202,0.0,-0.457,0.0358
3377,76.383,81011.0,enc/smo/vf=off/lk=1,1403.344,1403.344,1403.539,-0.195,0.0,0.522,0.0358
3378,76.433,81061.0,enc/smo/vf=off/lk=1,1403.344,1403.344,1403.539,-0.195,0.0,0.225,0.0358
3379,76.483,81111.0,enc/smo/vf=off/lk=1,1403.344,1403.344,1403.549,-0.205,0.0,-0.078,0.0358
3380,76.533,81161.0,enc/smo/vf=off/lk=1,1403.344,1403.344,1403.557,-0.213,0.0,0.15,0.0358
3381,76.583,81211.0,enc/smo/vf=off/lk=1,1403.344,1403.344,1403.564,-0.22,0.0,0.153,0.0358
3382,76.633,81261.0,enc/smo/vf=off/lk=1,1403.344,1403.344,1403.586,-0.242,0.0,0.237,0.0358
3383,76.683,81311.0,enc/smo/vf=off/lk=1,1403.344,1403.344,1403.599,-0.255,0.0,0.189,0.0358
3384,76.733,81361.0,enc/smo/vf=off/lk=1,1403.344,1403.344,1403.606,-0.262,0.0,-0.118,0.0358
3385,76.783,81411.0,enc/smo/vf=off/lk=1,1403.344,1403.344,1403.609,-0.265,0.0,-0.036,0.0358
3386,76.833,81461.0,enc/smo/vf=off/lk=1,1403.344,1403.344,1403.608,-0.264,0.0,0.634,0.0358
3387,76.883,81511.0,enc/smo/vf=off/lk=1,1403.344,1403.344,1403.597,-0.253,0.0,-0.151,0.0358
3388,76.933,81561.0,enc/smo/vf=off/lk=1,1403.344,1403.344,1403.584,-0.24,0.0,-0.219,0.0358
3389,76.983,81611.0,enc/smo/vf=off/lk=1,1403.344,1403.344,1403.56,-0.216,0.0,-0.411,0.0358
3390,77.033,81661.0,enc/smo/vf=off/lk=1,1403.344,1403.344,1403.546,-0.202,0.0,-0.226,0.0358
3391,77.083,81711.0,enc/smo/vf=off/lk=1,1403.344,1403.344,1403.539,-0.195,0.0,-0.09,0.0358
3392,77.133,81761.0,enc/smo/vf=off/lk=1,1403.344,1403.344,1403.54,-0.196,0.0,0.165,0.0358
3393,77.183,81811.0,enc/smo/vf=off/lk=1,1403.344,1403.344,1403.518,-0.174,0.0,-0.03,0.0358
3394,77.233,81861.0,enc/smo/vf=off/lk=1,1403.344,1403.344,1403.525,-0.181,0.0,0.214,0.0358
3395,77.283,81911.0,enc/smo/vf=off/lk=1,1403.344,1403.344,1403.539,-0.195,0.0,0.288,0.0358
3396,77.333,81961.0,enc/smo/vf=off/lk=1,1403.344,1403.344,1403.554,-0.21,0.0,0.954,0.0358
3397,77.383,82011.0,enc/smo/vf=off/lk=1,1403.344,1403.344,1403.563,-0.219,0.0,0.301,0.0358
3398,77.433,82061.0,enc/smo/vf=off/lk=1,1403.344,1403.344,1403.573,-0.229,0.0,0.186,0.0358
3399,77.483,82111.0,enc/smo/vf=off/lk=1,1403.344,1403.344,1403.582,-0.238,0.0,0.284,0.0358
3400,77.533,82161.0,enc/smo/vf=off/lk=1,1403.344,1403.344,1403.584,-0.24,0.0,0.129,0.0358
3401,77.583,82211.0,enc/smo/vf=off/lk=1,1403.344,1403.344,1403.588,-0.244,0.0,0.508,0.0358
3402,77.633,82261.0,enc/smo/vf=off/lk=1,1403.344,1403.344,1403.587,-0.243,0.0,-0.148,0.0358
3403,77.683,82311.0,enc/smo/vf=off/lk=1,1403.344,1403.344,1403.59,-0.246,0.0,-0.106,0.0358
3404,77.733,82361.0,enc/smo/vf=off/lk=1,1403.344,1403.344,1403.593,-0.249,0.0,-0.313,0.0358
3405,77.783,82411.0,enc/smo/vf=off/lk=1,1403.344,1403.344,1403.597,-0.253,0.0,0.228,0.0358
3406,77.833,82461.0,enc/smo/vf=off/lk=1,1403.344,1403.344,1403.595,-0.251,0.0,0.083,0.0358
3407,77.883,82511.0,enc/smo/vf=off/lk=1,1403.344,1403.344,1403.592,-0.248,0.0,0.15,0.0358
3408,77.933,82561.0,enc/smo/vf=off/lk=1,1403.344,1403.344,1403.585,-0.241,0.0,-0.033,0.0358
3409,77.983,82611.0,enc/smo/vf=off/lk=1,1403.344,1403.344,1403.576,-0.232,0.0,-0.235,0.0358
3410,78.033,82661.0,enc/smo/vf=off/lk=1,1403.344,1403.344,1403.567,-0.223,0.0,-0.142,0.0358
3411,78.083,82711.0,enc/smo/vf=off/lk=1,1403.344,1403.344,1403.563,-0.219,0.0,-0.156,0.0358
3412,78.133,82761.0,enc/smo/vf=off/lk=1,1403.344,1403.344,1403.561,-0.217,0.0,0.06,0.0358
3413,78.183,82811.0,enc/smo/vf=off/lk=1,1403.344,1403.344,1403.562,-0.218,0.0,0.154,0.0358
3414,78.233,82861.0,enc/smo/vf=off/lk=1,1403.344,1403.344,1403.564,-0.22,0.0,0.346,0.0358
3415,78.283,82911.0,enc/smo/vf=off/lk=1,1403.344,1403.344,1403.567,-0.223,0.0,-0.016,0.0358
3416,78.333,82961.0,enc/smo/vf=off/lk=1,1403.344,1403.344,1403.569,-0.225,0.0,0.004,0.0358
3417,78.383,83011.0,enc/smo/vf=off/lk=1,1403.344,1403.344,1403.573,-0.229,0.0,0.15,0.0358
3418,78.433,83061.0,enc/smo/vf=off/lk=1,1403.344,1403.344,1403.577,-0.233,0.0,0.019,0.0358
3419,78.483,83111.0,enc/smo/vf=off/lk=1,1403.344,1403.344,1403.592,-0.248,0.0,0.068,0.0358
3420,78.533,83161.0,enc/smo/vf=off/lk=1,1403.344,1403.344,1403.596,-0.252,0.0,-0.101,0.0358
3421,78.583,83211.0,enc/smo/vf=off/lk=1,1403.344,1403.344,1403.603,-0.259,0.0,0.211,0.0358
3422,78.633,83261.0,enc/smo/vf=off/lk=1,1403.344,1403.344,1403.599,-0.255,0.0,-0.087,0.0358
3423,78.683,83311.0,enc/smo/vf=off/lk=1,1403.344,1403.344,1403.596,-0.252,0.0,0.01,0.0358
3424,78.733,83361.0,enc/smo/vf=off/lk=1,1403.344,1403.344,1403.595,-0.251,0.0,0.116,0.0358
3425,78.783,83411.0,enc/smo/vf=off/lk=1,1403.344,1403.344,1403.587,-0.243,0.0,-0.01,0.0358
3426,78.833,83461.0,enc/smo/vf=off/lk=1,1403.344,1403.344,1403.577,-0.233,0.0,0.013,0.0358
3427,78.883,83511.0,enc/smo/vf=off/lk=1,1403.344,1403.344,1403.565,-0.221,0.0,-0.199,0.0358
3428,78.933,83561.0,enc/smo/vf=off/lk=1,1403.344,1403.344,1403.56,-0.216,0.0,-0.054,0.0358
3429,78.983,83611.0,enc/smo/vf=off/lk=1,1403.344,1403.344,1403.557,-0.213,0.0,-0.298,0.0358
3430,79.033,83661.0,enc/smo/vf=off/lk=1,1403.344,1403.344,1403.561,-0.217,0.0,-0.067,0.0358
3431,79.083,83711.0,enc/smo/vf=off/lk=1,1403.344,1403.344,1403.564,-0.22,0.0,-0.053,0.0358
3432,79.133,83761.0,enc/smo/vf=off/lk=1,1403.344,1403.344,1403.567,-0.223,0.0,-0.269,0.0358
3433,79.183,83811.0,enc/smo/vf=off/lk=1,1403.344,1403.344,1403.571,-0.227,0.0,0.095,0.0358
3434,79.233,83861.0,enc/smo/vf=off/lk=1,1403.344,1403.344,1403.575,-0.231,0.0,0.088,0.0358
3435,79.283,83911.0,enc/smo/vf=off/lk=1,1403.344,1403.344,1403.579,-0.235,0.0,0.035,0.0358
3436,79.333,83961.0,enc/smo/vf=off/lk=1,1403.344,1403.344,1403.578,-0.234,0.0,-0.195,0.0358
3437,79.383,84011.0,enc/smo/vf=off/lk=1,1403.344,1403.344,1403.577,-0.233,0.0,-0.421,0.0358
3438,79.433,84061.0,enc/smo/vf=off/lk=1,1403.344,1403.344,1403.579,-0.235,0.0,-0.029,0.0358
3439,79.483,84111.0,enc/smo/vf=off/lk=1,1403.344,1403.344,1403.58,-0.236,0.0,-0.254,0.0358
3440,79.533,84161.0,enc/smo/vf=off/lk=1,1403.344,1403.344,1403.584,-0.24,0.0,-0.008,0.0358
3441,79.583,84211.0,enc/smo/vf=off/lk=1,1403.344,1403.344,1403.584,-0.24,0.0,-0.231,0.0358
3442,79.633,84261.0,enc/smo/vf=off/lk=1,1403.344,1403.344,1403.598,-0.254,0.0,0.018,0.0358
3443,79.683,84311.0,enc/smo/vf=off/lk=1,1403.344,1403.344,1403.601,-0.257,0.0,-0.027,0.0358
3444,79.733,84361.0,enc/smo/vf=off/lk=1,1403.344,1403.344,1403.605,-0.261,0.0,-0.176,0.0358
3445,79.783,84411.0,enc/smo/vf=off/lk=1,1403.344,1403.344,1403.614,-0.27,0.0,-0.174,0.0358
3446,79.833,84461.0,enc/smo/vf=off/lk=1,1403.344,1403.344,1403.615,-0.271,0.0,0.062,0.0358
3447,79.883,84511.0,enc/smo/vf=off/lk=1,1403.344,1403.344,1403.61,-0.266,0.0,-0.25,0.0358
3448,79.933,84561.0,enc/smo/vf=off/lk=1,1403.344,1403.344,1403.606,-0.262,0.0,-0.298,0.0358
3449,79.983,84611.0,enc/smo/vf=off/lk=1,1403.344,1403.344,1403.593,-0.249,0.0,-0.38,0.0358
3450,80.033,84661.0,enc/smo/vf=off/lk=1,1403.344,1403.344,1403.58,-0.236,0.0,-0.318,0.0358
3451,80.083,84711.0,enc/smo/vf=off/lk=1,1403.344,1403.344,1403.568,-0.224,0.0,-0.235,0.0358
3452,80.133,84761.0,enc/smo/vf=off/lk=1,1403.344,1403.344,1403.559,-0.215,0.0,-0.202,0.0358
3453,80.183,84811.0,enc/smo/vf=off/lk=1,1403.344,1403.344,1403.554,-0.21,0.0,-0.164,0.0358
3454,80.233,84861.0,enc/smo/vf=off/lk=1,1403.344,1403.344,1403.549,-0.205,0.0,0.055,0.0358
3455,80.283,84911.0,enc/smo/vf=off/lk=1,1403.344,1403.344,1403.549,-0.205,0.0,-0.026,0.0358
3456,80.333,84961.0,enc/smo/vf=off/lk=1,1403.344,1403.344,1403.551,-0.207,0.0,-0.003,0.0358
3457,80.383,85011.0,enc/smo/vf=off/lk=1,1403.344,1403.344,1403.555,-0.211,0.0,0.07,0.0358
3458,80.433,85061.0,enc/smo/vf=off/lk=1,1403.344,1403.344,1403.562,-0.218,0.0,0.033,0.0358
3459,80.483,85111.0,enc/smo/vf=off/lk=1,1403.344,1403.344,1403.57,-0.226,0.0,0.392,0.0358
3460,80.533,85161.0,enc/smo/vf=off/lk=1,1403.344,1403.344,1403.575,-0.231,0.0,0.124,0.0358
3461,80.583,85211.0,enc/smo/vf=off/lk=1,1403.344,1403.344,1403.575,-0.231,0.0,-0.309,0.0358
3462,80.633,85261.0,enc/smo/vf=off/lk=1,1403.344,1403.344,1403.58,-0.236,0.0,0.014,0.0358
3463,80.683,85311.0,enc/smo/vf=off/lk=1,1403.344,1403.344,1403.579,-0.235,0.0,0.077,0.0358
3464,80.733,85361.0,enc/smo/vf=off/lk=1,1403.344,1403.344,1403.578,-0.234,0.0,-0.184,0.0358
3465,80.783,85411.0,enc/smo/vf=off/lk=1,1403.344,1403.344,1403.579,-0.235,0.0,0.02,0.0358
3466,80.833,85461.0,enc/smo/vf=off/lk=1,1403.344,1403.344,1403.579,-0.235,0.0,-0.045,0.0358
3467,80.883,85511.0,enc/smo/vf=off/lk=1,1403.344,1403.344,1403.577,-0.233,0.0,-0.079,0.0358
3468,80.933,85561.0,enc/smo/vf=off/lk=1,1403.344,1403.344,1403.576,-0.232,0.0,0.088,0.0358
3469,80.983,85611.0,enc/smo/vf=off/lk=1,1403.344,1403.344,1403.574,-0.23,0.0,-0.017,0.0358
3470,81.033,85661.0,enc/smo/vf=off/lk=1,1403.344,1403.344,1403.576,-0.232,0.0,-0.051,0.0358
3471,81.083,85711.0,enc/smo/vf=off/lk=1,1403.344,1403.344,1403.579,-0.235,0.0,0.155,0.0358
3472,81.133,85761.0,enc/smo/vf=off/lk=1,1403.344,1403.344,1403.583,-0.239,0.0,0.125,0.0358
3473,81.183,85811.0,enc/smo/vf=off/lk=1,1403.344,1403.344,1403.576,-0.232,0.0,-0.05,0.0358
3474,81.233,85861.0,enc/smo/vf=off/lk=1,1403.344,1403.344,1403.577,-0.233,0.0,-0.729,0.0358
3475,81.283,85911.0,enc/smo/vf=off/lk=1,1403.344,1403.344,1403.578,-0.234,0.0,0.049,0.0358
3476,81.333,85961.0,enc/smo/vf=off/lk=1,1403.344,1403.344,1403.578,-0.234,0.0,-0.121,0.0358
3477,81.383,86011.0,enc/smo/vf=off/lk=1,1403.344,1403.344,1403.573,-0.229,0.0,0.081,0.0358
3478,81.433,86061.0,enc/smo/vf=off/lk=1,1403.344,1403.344,1403.561,-0.217,0.0,-0.751,0.0358
3479,81.483,86111.0,enc/smo/vf=off/lk=1,1403.344,1403.344,1403.563,-0.219,0.0,0.212,0.0358
3480,81.533,86161.0,enc/smo/vf=off/lk=1,1403.344,1403.344,1403.562,-0.218,0.0,-0.126,0.0358
3481,81.583,86211.0,enc/smo/vf=off/lk=1,1403.344,1403.344,1403.559,-0.215,0.0,-0.272,0.0358
3482,81.633,86261.0,enc/smo/vf=off/lk=1,1403.344,1403.344,1403.562,-0.218,0.0,0.191,0.0358
3483,81.683,86311.0,enc/smo/vf=off/lk=1,1403.344,1403.344,1403.563,-0.219,0.0,0.215,0.0358
3484,81.733,86361.0,enc/smo/vf=off/lk=1,1403.344,1403.344,1403.566,-0.222,0.0,0.203,0.0358
3485,81.783,86411.0,enc/smo/vf=off/lk=1,1403.344,1403.344,1403.568,-0.224,0.0,-0.018,0.0358
3486,81.833,86461.0,enc/smo/vf=off/lk=1,1403.344,1403.344,1403.572,-0.228,0.0,-0.591,0.0358
3487,81.883,86511.0,enc/smo/vf=off/lk=1,1403.344,1403.344,1403.58,-0.236,0.0,0.022,0.0358
3488,81.933,86561.0,enc/smo/vf=off/lk=1,1403.344,1403.344,1403.584,-0.24,0.0,0.071,0.0358
3489,81.983,86611.0,enc/smo/vf=off/lk=1,1403.344,1403.344,1403.584,-0.24,0.0,-0.074,0.0358
3490,82.033,86661.0,enc/smo/vf=off/lk=1,1403.344,1403.344,1403.582,-0.238,0.0,-0.093,0.0358
3491,82.083,86711.0,enc/smo/vf=off/lk=1,1403.344,1403.344,1403.581,-0.237,0.0,-0.013,0.0358
3492,82.133,86761.0,enc/smo/vf=off/lk=1,1403.344,1403.344,1403.579,-0.235,0.0,-0.112,0.0358
3493,82.183,86811.0,enc/smo/vf=off/lk=1,1403.344,1403.344,1403.584,-0.24,0.0,-0.181,0.0358
3494,82.233,86861.0,enc/smo/vf=off/lk=1,1403.344,1403.344,1403.585,-0.241,0.0,-0.04,0.0358
3495,82.283,86911.0,enc/smo/vf=off/lk=1,1403.344,1403.344,1403.586,-0.242,0.0,0.085,0.0358
3496,82.333,86961.0,enc/smo/vf=off/lk=1,1403.344,1403.344,1403.575,-0.231,0.0,-0.008,0.0358
3497,82.383,87011.0,enc/smo/vf=off/lk=1,1403.344,1403.344,1403.566,-0.222,0.0,-0.378,0.0358
3498,82.433,87061.0,enc/smo/vf=off/lk=1,1403.344,1403.344,1403.572,-0.228,0.0,0.095,0.0358
3499,82.483,87111.0,enc/smo/vf=off/lk=1,1403.344,1403.344,1403.572,-0.228,0.0,0.286,0.0358
3500,82.533,87161.0,enc/smo/vf=off/lk=1,1403.344,1403.344,1403.576,-0.232,0.0,0.062,0.0358
3501,82.583,87211.0,enc/smo/vf=off/lk=1,1403.344,1403.344,1403.572,-0.228,0.0,0.018,0.0358
3502,82.633,87261.0,enc/smo/vf=off/lk=1,1403.344,1403.344,1403.568,-0.224,0.0,-0.06,0.0358
3503,82.683,87311.0,enc/smo/vf=off/lk=1,1403.344,1403.344,1403.566,-0.222,0.0,0.009,0.0358
3504,82.733,87361.0,enc/smo/vf=off/lk=1,1403.344,1403.344,1403.565,-0.221,0.0,0.208,0.0358
3505,82.783,87411.0,enc/smo/vf=off/lk=1,1403.344,1403.344,1403.566,-0.222,0.0,0.381,0.0358
3506,82.833,87461.0,enc/smo/vf=off/lk=1,1403.344,1403.344,1403.565,-0.221,0.0,-0.165,0.0358
3507,82.883,87511.0,enc/smo/vf=off/lk=1,1403.344,1403.344,1403.571,-0.227,0.0,0.001,0.0358
3508,82.933,87561.0,enc/smo/vf=off/lk=1,1403.344,1403.344,1403.576,-0.232,0.0,0.185,0.0358
3509,82.983,87611.0,enc/smo/vf=off/lk=1,1403.344,1403.344,1403.582,-0.238,0.0,-0.026,0.0358
3510,83.033,87661.0,enc/smo/vf=off/lk=1,1403.344,1403.344,1403.586,-0.242,0.0,0.171,0.0358
3511,83.083,87711.0,enc/smo/vf=off/lk=1,1403.344,1403.344,1403.584,-0.24,0.0,0.179,0.0358
3512,83.133,87761.0,enc/smo/vf=off/lk=1,1403.344,1403.344,1403.59,-0.246,0.0,0.131,0.0358
3513,83.183,87811.0,enc/smo/vf=off/lk=1,1403.344,1403.344,1403.591,-0.247,0.0,0.025,0.0358
3514,83.233,87861.0,enc/smo/vf=off/lk=1,1403.344,1403.344,1403.589,-0.245,0.0,0.062,0.0358
3515,83.283,87911.0,enc/smo/vf=off/lk=1,1403.344,1403.344,1403.585,-0.241,0.0,-0.414,0.0358
3516,83.333,87961.0,enc/smo/vf=off/lk=1,1403.344,1403.344,1403.585,-0.241,0.0,-0.086,0.0358
3517,83.383,88011.0,enc/smo/vf=off/lk=1,1403.344,1403.344,1403.579,-0.235,0.0,-0.122,0.0358
3518,83.433,88061.0,enc/smo/vf=off/lk=1,1403.344,1403.344,1403.576,-0.232,0.0,0.169,0.0358
3519,83.483,88111.0,enc/smo/vf=off/lk=1,1403.344,1403.344,1403.574,-0.23,0.0,0.101,0.0358
3520,83.533,88161.0,enc/smo/vf=off/lk=1,1403.344,1403.344,1403.573,-0.229,0.0,-0.002,0.0358
3521,83.583,88211.0,enc/smo/vf=off/lk=1,1403.344,1403.344,1403.573,-0.229,0.0,0.313,0.0358
3522,83.633,88261.0,enc/smo/vf=off/lk=1,1403.344,1403.344,1403.574,-0.23,0.0,0.045,0.0358
3523,83.683,88311.0,enc/smo/vf=off/lk=1,1403.344,1403.344,1403.572,-0.228,0.0,1.149,0.0358
3524,83.733,88361.0,enc/smo/vf=off/lk=1,1403.344,1403.344,1403.569,-0.225,0.0,-0.088,0.0358
3525,83.783,88411.0,enc/smo/vf=off/lk=1,1403.344,1403.344,1403.569,-0.225,0.0,-0.137,0.0358
3526,83.833,88461.0,enc/smo/vf=off/lk=1,1403.344,1403.344,1403.576,-0.232,0.0,0.07,0.0358
3527,83.883,88511.0,enc/smo/vf=off/lk=1,1403.344,1403.344,1403.578,-0.234,0.0,0.125,0.0358
3528,83.933,88561.0,enc/smo/vf=off/lk=1,1403.344,1403.344,1403.579,-0.235,0.0,0.127,0.0358
3529,83.983,88611.0,enc/smo/vf=off/lk=1,1403.344,1403.344,1403.559,-0.215,0.0,0.201,0.0358
3530,84.033,88661.0,enc/smo/vf=off/lk=1,1403.344,1403.344,1403.551,-0.207,0.0,-0.187,0.0358
3531,84.083,88711.0,enc/smo/vf=off/lk=1,1403.344,1403.344,1403.553,-0.209,0.0,-0.079,0.0358
3532,84.133,88761.0,enc/smo/vf=off/lk=1,1403.344,1403.344,1403.559,-0.215,0.0,0.571,0.0358
3533,84.183,88811.0,enc/smo/vf=off/lk=1,1403.344,1403.344,1403.565,-0.221,0.0,0.375,0.0358
3534,84.233,88861.0,enc/smo/vf=off/lk=1,1403.344,1403.344,1403.57,-0.226,0.0,0.288,0.0358
3535,84.283,88911.0,enc/smo/vf=off/lk=1,1403.344,1403.344,1403.58,-0.236,0.0,0.19,0.0358
3536,84.333,88961.0,enc/smo/vf=off/lk=1,1403.344,1403.344,1403.588,-0.244,0.0,-0.098,0.0358
3537,84.383,89011.0,enc/smo/vf=off/lk=1,1403.344,1403.344,1403.592,-0.248,0.0,0.589,0.0358
3538,84.433,89061.0,enc/smo/vf=off/lk=1,1403.344,1403.344,1403.586,-0.242,0.0,-0.238,0.0358
3539,84.483,89111.0,enc/smo/vf=off/lk=1,1403.344,1403.344,1403.584,-0.24,0.0,-0.019,0.0358
3540,84.533,89161.0,enc/smo/vf=off/lk=1,1403.344,1403.344,1403.581,-0.237,0.0,-0.846,0.0358
3541,84.583,89211.0,enc/smo/vf=off/lk=1,1403.344,1403.344,1403.588,-0.244,0.0,0.014,0.0358
3542,84.633,89261.0,enc/smo/vf=off/lk=1,1403.344,1403.344,1403.583,-0.239,0.0,0.017,0.0358
3543,84.683,89311.0,enc/smo/vf=off/lk=1,1403.344,1403.344,1403.588,-0.244,0.0,0.183,0.0358
3544,84.733,89361.0,enc/smo/vf=off/lk=1,1403.344,1403.344,1403.586,-0.242,0.0,0.061,0.0358
3545,84.783,89411.0,enc/smo/vf=off/lk=1,1403.344,1403.344,1403.585,-0.241,0.0,-0.084,0.0358
3546,84.833,89461.0,enc/smo/vf=off/lk=1,1403.344,1403.344,1403.58,-0.236,0.0,-0.053,0.0358
3547,84.883,89511.0,enc/smo/vf=off/lk=1,1403.344,1403.344,1403.575,-0.231,0.0,-0.944,0.0358
3548,84.933,89561.0,enc/smo/vf=off/lk=1,1403.344,1403.344,1403.574,-0.23,0.0,-0.028,0.0358
3549,84.983,89611.0,enc/smo/vf=off/lk=1,1403.344,1403.344,1403.571,-0.227,0.0,-0.223,0.0358
3550,85.033,89661.0,enc/smo/vf=off/lk=1,1403.344,1403.344,1403.57,-0.226,0.0,0.004,0.0358
3551,85.083,89711.0,enc/smo/vf=off/lk=1,1403.344,1403.344,1403.576,-0.232,0.0,0.019,0.0358
3552,85.133,89761.0,enc/smo/vf=off/lk=1,1403.344,1403.344,1403.579,-0.235,0.0,0.091,0.0358
3553,85.183,89811.0,enc/smo/vf=off/lk=1,1403.344,1403.344,1403.577,-0.233,0.0,0.018,0.0358
3554,85.233,89861.0,enc/smo/vf=off/lk=1,1403.344,1403.344,1403.577,-0.233,0.0,0.086,0.0358
3555,85.283,89911.0,enc/smo/vf=off/lk=1,1403.344,1403.344,1403.58,-0.236,0.0,0.04,0.0358
3556,85.333,89961.0,enc/smo/vf=off/lk=1,1403.344,1403.344,1403.583,-0.239,0.0,0.103,0.0358
3557,85.383,90011.0,enc/smo/vf=off/lk=1,1403.344,1403.344,1403.591,-0.247,0.0,0.136,0.0358
3558,85.433,90061.0,enc/smo/vf=off/lk=1,1403.344,1403.344,1403.601,-0.257,0.0,-0.036,0.0358
3559,85.483,90111.0,enc/smo/vf=off/lk=1,1403.344,1403.344,1403.601,-0.257,0.0,0.259,0.0358
3560,85.533,90161.0,enc/smo/vf=off/lk=1,1403.344,1403.344,1403.6,-0.256,0.0,-0.016,0.0358
3561,85.583,90211.0,enc/smo/vf=off/lk=1,1403.344,1403.344,1403.59,-0.246,0.0,-0.016,0.0358
3562,85.633,90261.0,enc/smo/vf=off/lk=1,1403.344,1403.344,1403.578,-0.234,0.0,-0.133,0.0358
3563,85.683,90311.0,enc/smo/vf=off/lk=1,1403.344,1403.344,1403.561,-0.217,0.0,-0.726,0.0358
3564,85.733,90361.0,enc/smo/vf=off/lk=1,1403.344,1403.344,1403.553,-0.209,0.0,-0.347,0.0358
3565,85.783,90411.0,enc/smo/vf=off/lk=1,1403.344,1403.344,1403.544,-0.2,0.0,-0.035,0.0358
3566,85.833,90461.0,enc/smo/vf=off/lk=1,1403.344,1403.344,1403.539,-0.195,0.0,-0.097,0.0358
3567,85.883,90511.0,enc/smo/vf=off/lk=1,1403.344,1403.344,1403.545,-0.201,0.0,0.327,0.0358
3568,85.933,90561.0,enc/smo/vf=off/lk=1,1403.344,1403.344,1403.554,-0.21,0.0,0.269,0.0358
3569,85.983,90611.0,enc/smo/vf=off/lk=1,1403.344,1403.344,1403.571,-0.227,0.0,0.38,0.0358
3570,86.033,90661.0,enc/smo/vf=off/lk=1,1403.344,1403.344,1403.588,-0.244,0.0,-0.34,0.0358
3571,86.083,90711.0,enc/smo/vf=off/lk=1,1403.344,1403.344,1403.599,-0.255,0.0,0.227,0.0358
3572,86.133,90761.0,enc/smo/vf=off/lk=1,1403.344,1403.344,1403.593,-0.249,0.0,-0.435,0.0358
3573,86.183,90811.0,enc/smo/vf=off/lk=1,1403.344,1403.344,1403.589,-0.246,0.0,-0.072,0.0358
3574,86.233,90861.0,enc/smo/vf=off/lk=1,1403.344,1403.344,1403.587,-0.243,0.0,-0.087,0.0358
3575,86.283,90911.0,enc/smo/vf=off/lk=1,1403.344,1403.344,1403.578,-0.234,0.0,-0.952,0.0358
3576,86.333,90961.0,enc/smo/vf=off/lk=1,1403.344,1403.344,1403.58,-0.236,0.0,0.015,0.0358
3577,86.383,91011.0,enc/smo/vf=off/lk=1,1403.344,1403.344,1403.576,-0.232,0.0,0.169,0.0358
3578,86.433,91061.0,enc/smo/vf=off/lk=1,1403.344,1403.344,1403.572,-0.228,0.0,-0.044,0.0358
3579,86.483,91111.0,enc/smo/vf=off/lk=1,1403.344,1403.344,1403.572,-0.228,0.0,0.012,0.0358
3580,86.533,91161.0,enc/smo/vf=off/lk=1,1403.344,1403.344,1403.571,-0.227,0.0,-0.046,0.0358
3581,86.583,91211.0,enc/smo/vf=off/lk=1,1403.344,1403.344,1403.568,-0.224,0.0,0.086,0.0358
3582,86.633,91261.0,enc/smo/vf=off/lk=1,1403.344,1403.344,1403.567,-0.223,0.0,0.178,0.0358
3583,86.683,91311.0,enc/smo/vf=off/lk=1,1403.344,1403.344,1403.568,-0.224,0.0,-0.002,0.0358
3584,86.733,91361.0,enc/smo/vf=off/lk=1,1403.344,1403.344,1403.57,-0.226,0.0,-0.098,0.0358
3585,86.783,91411.0,enc/smo/vf=off/lk=1,1403.344,1403.344,1403.566,-0.222,0.0,-0.089,0.0358
3586,86.833,91461.0,enc/smo/vf=off/lk=1,1403.344,1403.344,1403.563,-0.219,0.0,0.164,0.0358
3587,86.883,91511.0,enc/smo/vf=off/lk=1,1403.344,1403.344,1403.565,-0.221,0.0,-0.156,0.0358
3588,86.933,91561.0,enc/smo/vf=off/lk=1,1403.344,1403.344,1403.566,-0.222,0.0,-0.237,0.0358
3589,86.983,91611.0,enc/smo/vf=off/lk=1,1403.344,1403.344,1403.573,-0.229,0.0,0.179,0.0358
3590,87.033,91661.0,enc/smo/vf=off/lk=1,1403.344,1403.344,1403.578,-0.234,0.0,-0.315,0.0358
3591,87.083,91711.0,enc/smo/vf=off/lk=1,1403.344,1403.344,1403.584,-0.241,0.0,0.124,0.0358
3592,87.133,91761.0,enc/smo/vf=off/lk=1,1403.344,1403.344,1403.587,-0.243,0.0,0.189,0.0358
3593,87.183,91811.0,enc/smo/vf=off/lk=1,1403.344,1403.344,1403.584,-0.24,0.0,-0.107,0.0358
3594,87.233,91861.0,enc/smo/vf=off/lk=1,1403.344,1403.344,1403.579,-0.235,0.0,-0.063,0.0358
3595,87.283,91911.0,enc/smo/vf=off/lk=1,1403.344,1403.344,1403.576,-0.232,0.0,-0.028,0.0358
3596,87.333,91961.0,enc/smo/vf=off/lk=1,1403.344,1403.344,1403.569,-0.225,0.0,-0.131,0.0358
3597,87.383,92011.0,enc/smo/vf=off/lk=1,1403.344,1403.344,1403.562,-0.218,0.0,-0.226,0.0358
3598,87.433,92061.0,enc/smo/vf=off/lk=1,1403.344,1403.344,1403.558,-0.214,0.0,-0.067,0.0358
3599,87.483,92111.0,enc/smo/vf=off/lk=1,1403.344,1403.344,1403.555,-0.211,0.0,0.014,0.0358
3600,87.533,92161.0,enc/smo/vf=off/lk=1,1403.344,1403.344,1403.558,-0.214,0.0,0.01,0.0358
3601,87.583,92211.0,enc/smo/vf=off/lk=1,1403.344,1403.344,1403.579,-0.235,0.0,0.138,0.0358
3602,87.633,92261.0,enc/smo/vf=off/lk=1,1403.344,1403.344,1403.59,-0.246,0.0,0.181,0.0358
3603,87.683,92311.0,enc/smo/vf=off/lk=1,1403.344,1403.344,1403.596,-0.252,0.0,-0.05,0.0358
3604,87.733,92361.0,enc/smo/vf=off/lk=1,1403.344,1403.344,1403.592,-0.248,0.0,-0.024,0.0358
3605,87.783,92411.0,enc/smo/vf=off/lk=1,1403.344,1403.344,1403.593,-0.249,0.0,-0.115,0.0358
3606,87.833,92461.0,enc/smo/vf=off/lk=1,1403.344,1403.344,1403.592,-0.248,0.0,-0.069,0.0358
3607,87.883,92511.0,enc/smo/vf=off/lk=1,1403.344,1403.344,1403.589,-0.245,0.0,-0.032,0.0358
3608,87.933,92561.0,enc/smo/vf=off/lk=1,1403.344,1403.344,1403.582,-0.238,0.0,0.278,0.0358
3609,87.983,92611.0,enc/smo/vf=off/lk=1,1403.344,1403.344,1403.574,-0.23,0.0,-0.376,0.0358
3610,88.033,92661.0,enc/smo/vf=off/lk=1,1403.344,1403.344,1403.569,-0.225,0.0,-0.03,0.0358
3611,88.083,92711.0,enc/smo/vf=off/lk=1,1403.344,1403.344,1403.565,-0.221,0.0,-0.041,0.0358
3612,88.133,92761.0,enc/smo/vf=off/lk=1,1403.344,1403.344,1403.558,-0.214,0.0,-0.653,0.0358
3613,88.183,92811.0,enc/smo/vf=off/lk=1,1403.344,1403.344,1403.56,-0.216,0.0,-0.072,0.0358
3614,88.233,92861.0,enc/smo/vf=off/lk=1,1403.344,1403.344,1403.56,-0.216,0.0,0.142,0.0358
3615,88.283,92911.0,enc/smo/vf=off/lk=1,1403.344,1403.344,1403.56,-0.216,0.0,-0.023,0.0358
3616,88.333,92961.0,enc/smo/vf=off/lk=1,1403.344,1403.344,1403.564,-0.22,0.0,0.156,0.0358
3617,88.383,93011.0,enc/smo/vf=off/lk=1,1403.344,1403.344,1403.567,-0.223,0.0,0.07,0.0358
3618,88.433,93061.0,enc/smo/vf=off/lk=1,1403.344,1403.344,1403.572,-0.228,0.0,0.238,0.0358
