sample,t_s,ms,meta,the,thc,tho,dth,we,wo,iq
0,0.0,646428.0,enc/off/vf=off/lk=0,6.122,6.122,0.0,0.0,0.0,0.0,0.0
1,0.05,646478.0,enc/off/vf=off/lk=0,6.122,6.122,0.0,0.0,0.0,0.0,0.0
2,0.1,646528.0,enc/off/vf=off/lk=0,6.122,6.122,0.0,0.0,0.0,0.0,0.0
3,0.15,646578.0,enc/off/vf=off/lk=0,6.122,6.122,0.0,0.0,0.0,0.0,0.0
4,0.2,646628.0,enc/off/vf=off/lk=0,6.122,6.122,0.0,0.0,0.0,0.0,0.0
5,0.25,646678.0,enc/off/vf=off/lk=0,6.122,6.122,0.0,0.0,0.0,0.0,0.0
6,0.3,646728.0,enc/off/vf=off/lk=0,6.122,6.122,0.0,0.0,0.0,0.0,0.0
7,0.35,646778.0,enc/off/vf=off/lk=0,6.122,6.122,0.0,0.0,0.0,0.0,0.0
8,0.4,646828.0,enc/off/vf=off/lk=0,6.122,6.122,0.0,0.0,0.0,0.0,0.0
9,0.45,646878.0,enc/off/vf=off/lk=0,6.122,6.122,0.0,0.0,0.0,0.0,0.0
10,0.5,646928.0,enc/off/vf=off/lk=0,6.122,6.122,0.0,0.0,0.0,0.0,0.0
11,0.55,646978.0,enc/off/vf=off/lk=0,6.122,6.122,0.0,0.0,0.0,0.0,0.0
12,0.6,647028.0,enc/off/vf=off/lk=0,6.122,6.122,0.0,0.0,0.0,0.0,0.0
13,0.65,647078.0,enc/off/vf=off/lk=0,6.122,6.122,0.0,0.0,0.0,0.0,0.0
14,0.7,647128.0,enc/off/vf=off/lk=0,6.122,6.122,0.0,0.0,0.0,0.0,0.0
15,0.75,647178.0,enc/off/vf=off/lk=0,6.122,6.122,0.0,0.0,0.0,0.0,0.0
16,0.8,647228.0,enc/off/vf=off/lk=0,6.122,6.122,0.0,0.0,0.0,0.0,0.0
17,0.85,647278.0,enc/off/vf=off/lk=0,6.122,6.122,0.0,0.0,0.0,0.0,0.0
18,0.9,647328.0,enc/off/vf=off/lk=0,6.122,6.122,0.0,0.0,0.0,0.0,0.0
19,0.95,647378.0,enc/off/vf=off/lk=0,6.122,6.122,0.0,0.0,0.0,0.0,0.0
20,1.0,647428.0,enc/off/vf=off/lk=0,6.122,6.122,0.0,0.0,0.0,0.0,0.0
21,1.05,647478.0,enc/off/vf=off/lk=0,6.122,6.122,0.0,0.0,0.0,0.0,0.0
22,1.1,647528.0,enc/off/vf=off/lk=0,6.122,6.122,0.0,0.0,0.0,0.0,0.0
23,1.15,647578.0,enc/off/vf=off/lk=0,6.122,6.122,0.0,0.0,0.0,0.0,0.0
24,1.2,647628.0,enc/off/vf=off/lk=0,6.122,6.122,0.0,0.0,-3.278,0.0,0.0
25,1.25,647678.0,enc/off/vf=off/lk=0,6.122,6.122,0.0,0.0,0.0,0.0,0.0
26,1.3,647728.0,enc/off/vf=off/lk=0,6.122,6.122,0.0,0.0,0.0,0.0,0.0
27,1.35,647778.0,enc/off/vf=off/lk=0,6.122,6.122,0.0,0.0,0.0,0.0,0.0
28,1.4,647828.0,enc/off/vf=off/lk=0,6.122,6.122,0.0,0.0,0.0,0.0,0.0
29,1.45,647878.0,enc/off/vf=off/lk=0,6.122,6.122,0.0,0.0,-3.209,0.0,0.0
30,1.5,647928.0,enc/off/vf=off/lk=0,6.122,6.122,0.0,0.0,0.0,0.0,0.0
31,1.55,647978.0,enc/off/vf=off/lk=0,6.122,6.122,0.0,0.0,0.0,0.0,0.0
32,1.6,648028.0,enc/off/vf=off/lk=0,6.122,6.122,0.0,0.0,0.0,0.0,0.0
33,1.65,648078.0,enc/off/vf=off/lk=0,6.122,6.122,0.0,0.0,0.0,0.0,0.0
34,1.7,648128.0,enc/off/vf=off/lk=0,6.122,6.122,0.0,0.0,0.0,0.0,0.0
35,1.75,648178.0,enc/off/vf=off/lk=0,6.122,6.122,0.0,0.0,0.0,0.0,0.0
36,1.8,648228.0,enc/off/vf=off/lk=0,6.122,6.122,0.0,0.0,0.0,0.0,0.0
37,1.85,648278.0,enc/off/vf=off/lk=0,6.122,6.122,0.0,0.0,0.0,0.0,0.0
38,1.9,648328.0,enc/off/vf=off/lk=0,6.122,6.122,0.0,0.0,0.0,0.0,0.0
39,1.95,648378.0,enc/off/vf=off/lk=0,6.122,6.122,0.0,0.0,0.0,0.0,0.0
40,2.0,648428.0,enc/off/vf=off/lk=0,6.122,6.122,0.0,0.0,0.0,0.0,0.0
41,2.05,648478.0,enc/off/vf=off/lk=0,6.122,6.122,0.0,0.0,0.0,0.0,0.0
42,2.1,648528.0,enc/off/vf=off/lk=0,6.122,6.122,0.0,0.0,0.0,0.0,0.0
43,2.15,648578.0,enc/off/vf=off/lk=0,6.122,6.122,0.0,0.0,0.0,0.0,0.0
44,2.2,648628.0,enc/off/vf=off/lk=0,6.122,6.122,0.0,0.0,0.0,0.0,0.0
45,2.25,648678.0,enc/off/vf=off/lk=0,6.122,6.122,0.0,0.0,0.0,0.0,0.0
46,2.3,648728.0,enc/off/vf=off/lk=0,6.122,6.122,0.0,0.0,0.0,0.0,0.0
47,2.35,648778.0,enc/off/vf=off/lk=0,6.121,6.121,0.0,0.0,0.0,0.0,0.0
48,2.4,648828.0,enc/off/vf=off/lk=0,6.122,6.122,0.0,0.0,0.0,0.0,0.0
49,2.45,648878.0,enc/off/vf=off/lk=0,6.122,6.122,0.0,0.0,0.0,0.0,0.0
50,2.5,648928.0,enc/off/vf=off/lk=0,6.122,6.122,0.0,0.0,0.0,0.0,0.0
51,2.55,648978.0,enc/off/vf=off/lk=0,6.122,6.122,0.0,0.0,0.0,0.0,0.0
52,2.6,649028.0,enc/off/vf=off/lk=0,6.122,6.122,0.0,0.0,0.0,0.0,0.0
53,2.65,649078.0,enc/off/vf=off/lk=0,6.122,6.122,0.0,0.0,0.0,0.0,0.0
54,2.7,649128.0,enc/off/vf=off/lk=0,6.122,6.122,0.0,0.0,0.0,0.0,0.0
55,2.75,649178.0,enc/off/vf=off/lk=0,6.122,6.122,0.0,0.0,0.0,0.0,0.0
56,2.8,649228.0,enc/off/vf=off/lk=0,6.122,6.122,0.0,0.0,0.0,0.0,0.0
57,2.85,649278.0,enc/off/vf=off/lk=0,6.122,6.122,0.0,0.0,0.0,0.0,0.0
58,2.9,649328.0,enc/off/vf=off/lk=0,6.122,6.122,0.0,0.0,0.0,0.0,0.0
59,2.95,649378.0,enc/off/vf=off/lk=0,6.122,6.122,0.0,0.0,0.0,0.0,0.0
60,3.0,649428.0,enc/off/vf=off/lk=0,6.122,6.122,0.0,0.0,0.0,0.0,0.0
61,3.05,649478.0,enc/off/vf=off/lk=0,6.122,6.122,0.0,0.0,0.0,0.0,0.0
62,3.1,649528.0,enc/off/vf=off/lk=0,6.122,6.122,0.0,0.0,0.0,0.0,0.0
63,3.15,649578.0,enc/off/vf=off/lk=0,6.122,6.122,0.0,0.0,0.0,0.0,0.0
64,3.2,649628.0,enc/off/vf=off/lk=0,6.122,6.122,0.0,0.0,0.0,0.0,0.0
65,3.25,649678.0,enc/off/vf=off/lk=0,6.122,6.122,0.0,0.0,0.0,0.0,0.0
66,3.3,649728.0,enc/off/vf=off/lk=0,6.122,6.122,0.0,0.0,0.0,0.0,0.0
67,3.35,649778.0,enc/off/vf=off/lk=0,6.122,6.122,0.0,0.0,0.0,0.0,0.0
68,3.4,649828.0,enc/off/vf=off/lk=0,6.122,6.122,0.0,0.0,0.0,0.0,0.0
69,3.45,649878.0,enc/off/vf=off/lk=0,6.122,6.122,0.0,0.0,0.0,0.0,0.0
70,3.5,649928.0,enc/off/vf=off/lk=0,6.122,6.122,0.0,0.0,0.0,0.0,0.0
71,3.55,649978.0,enc/off/vf=off/lk=0,6.122,6.122,0.0,0.0,0.0,0.0,0.0
72,3.6,650028.0,enc/off/vf=off/lk=0,6.122,6.122,0.0,0.0,0.0,0.0,0.0
73,3.65,650078.0,enc/off/vf=off/lk=0,6.122,6.122,0.0,0.0,0.0,0.0,0.0
74,3.7,650128.0,enc/off/vf=off/lk=0,6.122,6.122,0.0,0.0,0.0,0.0,0.0
75,3.75,650178.0,enc/off/vf=off/lk=0,6.122,6.122,0.0,0.0,0.0,0.0,0.0
76,3.8,650228.0,enc/off/vf=off/lk=0,6.122,6.122,0.0,0.0,0.0,0.0,0.0
77,3.85,650278.0,enc/off/vf=off/lk=0,6.122,6.122,0.0,0.0,0.0,0.0,0.0
78,3.9,650328.0,enc/off/vf=off/lk=0,6.122,6.122,0.0,0.0,0.0,0.0,0.0
79,3.95,650378.0,enc/off/vf=off/lk=0,6.122,6.122,0.0,0.0,0.0,0.0,0.0
80,4.0,650428.0,enc/off/vf=off/lk=0,6.122,6.122,0.0,0.0,0.0,0.0,0.0
81,4.05,650478.0,enc/off/vf=off/lk=0,6.122,6.122,0.0,0.0,0.0,0.0,0.0
82,4.1,650528.0,enc/off/vf=off/lk=0,6.122,6.122,0.0,0.0,0.0,0.0,0.0
83,4.15,650578.0,enc/off/vf=off/lk=0,6.122,6.122,0.0,0.0,0.0,0.0,0.0
84,4.2,650628.0,enc/off/vf=off/lk=0,6.122,6.122,0.0,0.0,0.0,0.0,0.0
85,4.25,650678.0,enc/off/vf=off/lk=0,6.122,6.122,0.0,0.0,0.0,0.0,0.0
86,4.3,650728.0,enc/off/vf=off/lk=0,6.122,6.122,0.0,0.0,0.0,0.0,0.0
87,4.35,650778.0,enc/off/vf=off/lk=0,6.122,6.122,0.0,0.0,0.0,0.0,0.0
88,4.4,650828.0,enc/off/vf=off/lk=0,6.122,6.122,0.0,0.0,0.0,0.0,0.0
89,4.45,650878.0,enc/off/vf=off/lk=0,6.122,6.122,0.0,0.0,0.0,0.0,0.0
90,4.5,650928.0,enc/off/vf=off/lk=0,6.122,6.122,0.0,0.0,0.0,0.0,0.0
91,4.55,650978.0,enc/off/vf=off/lk=0,6.122,6.122,0.0,0.0,0.0,0.0,0.0
92,4.6,651028.0,enc/off/vf=off/lk=0,6.122,6.122,0.0,0.0,0.0,0.0,0.0
93,4.65,651078.0,enc/off/vf=off/lk=0,6.122,6.122,0.0,0.0,0.0,0.0,0.0
94,4.7,651128.0,enc/off/vf=off/lk=0,6.122,6.122,0.0,0.0,0.0,0.0,0.0
95,4.75,651178.0,enc/off/vf=off/lk=0,6.122,6.122,0.0,0.0,0.0,0.0,0.0
96,4.8,651228.0,enc/off/vf=off/lk=0,6.122,6.122,0.0,0.0,0.0,0.0,0.0
97,4.85,651278.0,enc/off/vf=off/lk=0,6.122,6.122,0.0,0.0,0.0,0.0,0.0
98,4.9,651328.0,enc/off/vf=off/lk=0,6.122,6.122,0.0,0.0,0.0,0.0,0.0
99,4.95,651378.0,enc/off/vf=off/lk=0,6.122,6.122,0.0,0.0,0.0,0.0,0.0
100,5.0,651428.0,enc/off/vf=off/lk=0,6.122,6.122,0.0,0.0,0.0,0.0,0.0
101,5.05,651478.0,enc/off/vf=off/lk=0,6.122,6.122,0.0,0.0,0.0,0.0,0.0
102,5.1,651528.0,enc/off/vf=off/lk=0,6.122,6.122,0.0,0.0,0.0,0.0,0.0
103,5.15,651578.0,enc/off/vf=off/lk=0,6.122,6.122,0.0,0.0,0.0,0.0,0.0
104,5.2,651628.0,enc/off/vf=off/lk=0,6.122,6.122,0.0,0.0,0.0,0.0,0.0
105,5.25,651678.0,enc/off/vf=off/lk=0,6.122,6.122,0.0,0.0,0.0,0.0,0.0
106,5.3,651728.0,enc/off/vf=off/lk=0,6.122,6.122,0.0,0.0,0.0,0.0,0.0
107,5.35,651778.0,enc/off/vf=off/lk=0,6.122,6.122,0.0,0.0,0.0,0.0,0.0
108,5.4,651828.0,enc/off/vf=off/lk=0,6.122,6.122,0.0,0.0,0.0,0.0,0.0
109,5.45,651878.0,enc/off/vf=off/lk=0,6.122,6.122,0.0,0.0,0.0,0.0,0.0
110,5.5,651928.0,enc/off/vf=off/lk=0,6.122,6.122,0.0,0.0,0.0,0.0,0.0
111,5.55,651978.0,enc/off/vf=off/lk=0,6.122,6.122,0.0,0.0,0.0,0.0,0.0
112,5.6,652028.0,enc/off/vf=off/lk=0,6.122,6.122,0.0,0.0,0.0,0.0,0.0
113,5.65,652078.0,enc/off/vf=off/lk=0,6.122,6.122,0.0,0.0,0.0,0.0,0.0
114,5.7,652128.0,enc/off/vf=off/lk=0,6.122,6.122,0.0,0.0,0.0,0.0,0.0
115,5.75,652178.0,enc/off/vf=off/lk=0,6.122,6.122,0.0,0.0,0.0,0.0,0.0
116,5.8,652228.0,enc/off/vf=off/lk=0,6.122,6.122,0.0,0.0,0.0,0.0,0.0
117,5.85,652278.0,enc/off/vf=off/lk=0,6.122,6.122,0.0,0.0,0.0,0.0,0.0
118,5.9,652328.0,enc/off/vf=off/lk=0,6.122,6.122,0.0,0.0,0.0,0.0,0.0
119,5.95,652378.0,enc/off/vf=off/lk=0,6.122,6.122,0.0,0.0,0.0,0.0,0.0
120,6.0,652428.0,enc/off/vf=off/lk=0,6.122,6.122,0.0,0.0,0.0,0.0,0.0
121,6.05,652478.0,enc/off/vf=off/lk=0,6.122,6.122,0.0,0.0,0.0,0.0,0.0
122,6.1,652528.0,enc/off/vf=off/lk=0,6.122,6.122,0.0,0.0,0.0,0.0,0.0
123,6.15,652578.0,enc/off/vf=off/lk=0,6.122,6.122,0.0,0.0,0.0,0.0,0.0
124,6.2,652628.0,enc/off/vf=off/lk=0,6.122,6.122,0.0,0.0,0.0,0.0,0.0
125,6.25,652678.0,enc/off/vf=off/lk=0,6.122,6.122,0.0,0.0,0.0,0.0,0.0
126,6.3,652728.0,enc/off/vf=off/lk=0,6.122,6.122,0.0,0.0,0.0,0.0,0.0
127,6.35,652778.0,enc/off/vf=off/lk=0,6.122,6.122,0.0,0.0,0.0,0.0,0.0
128,6.4,652828.0,enc/off/vf=off/lk=0,6.122,6.122,0.0,0.0,0.0,0.0,0.0
129,6.45,652878.0,enc/off/vf=off/lk=0,6.122,6.122,0.0,0.0,0.0,0.0,0.0
130,6.5,652928.0,enc/off/vf=off/lk=0,6.121,6.121,0.0,0.0,3.278,0.0,0.0
131,6.55,652978.0,enc/off/vf=off/lk=0,6.122,6.122,0.0,0.0,0.0,0.0,0.0
132,6.6,653028.0,enc/off/vf=off/lk=0,6.122,6.122,0.0,0.0,0.0,0.0,0.0
133,6.65,653078.0,enc/off/vf=off/lk=0,6.122,6.122,0.0,0.0,0.0,0.0,0.0
134,6.7,653128.0,enc/off/vf=off/lk=0,6.122,6.122,0.0,0.0,0.0,0.0,0.0
135,6.75,653178.0,enc/off/vf=off/lk=0,6.122,6.122,0.0,0.0,0.0,0.0,0.0
136,6.8,653228.0,enc/off/vf=off/lk=0,6.122,6.122,0.0,0.0,0.0,0.0,0.0
137,6.85,653278.0,enc/off/vf=off/lk=0,6.122,6.122,0.0,0.0,0.0,0.0,0.0
138,6.9,653328.0,enc/off/vf=off/lk=0,6.122,6.122,0.0,0.0,0.0,0.0,0.0
139,6.95,653378.0,enc/off/vf=off/lk=0,6.122,6.122,0.0,0.0,0.0,0.0,0.0
140,7.0,653428.0,enc/off/vf=off/lk=0,6.122,6.122,0.0,0.0,-3.202,0.0,0.0
141,7.05,653478.0,enc/off/vf=off/lk=0,6.122,6.122,0.0,0.0,0.0,0.0,0.0
142,7.1,653528.0,enc/off/vf=off/lk=0,6.122,6.122,0.0,0.0,0.0,0.0,0.0
143,7.15,653578.0,enc/off/vf=off/lk=0,6.122,6.122,0.0,0.0,0.0,0.0,0.0
144,7.2,653628.0,enc/off/vf=off/lk=0,6.122,6.122,0.0,0.0,0.0,0.0,0.0
145,7.25,653678.0,enc/off/vf=off/lk=0,6.122,6.122,0.0,0.0,0.0,0.0,0.0
146,7.3,653728.0,enc/off/vf=off/lk=0,6.122,6.122,0.0,0.0,0.0,0.0,0.0
147,7.35,653778.0,enc/off/vf=off/lk=0,6.122,6.122,0.0,0.0,0.0,0.0,0.0
148,7.4,653828.0,enc/off/vf=off/lk=0,6.122,6.122,0.0,0.0,0.0,0.0,0.0
149,7.45,653878.0,enc/off/vf=off/lk=0,6.122,6.122,0.0,0.0,0.0,0.0,0.0
150,7.5,653928.0,enc/off/vf=off/lk=0,6.122,6.122,0.0,0.0,0.0,0.0,0.0
151,7.55,653978.0,enc/off/vf=off/lk=0,6.122,6.122,0.0,0.0,0.0,0.0,0.0
152,7.6,654028.0,enc/off/vf=off/lk=0,6.122,6.122,0.0,0.0,0.0,0.0,0.0
153,7.65,654078.0,enc/off/vf=off/lk=0,6.122,6.122,0.0,0.0,0.0,0.0,0.0
154,7.7,654128.0,enc/off/vf=off/lk=0,6.122,6.122,0.0,0.0,0.0,0.0,0.0
155,7.75,654178.0,enc/off/vf=off/lk=0,6.122,6.122,0.0,0.0,0.0,0.0,0.0
156,7.8,654228.0,enc/off/vf=off/lk=0,6.122,6.122,0.0,0.0,0.0,0.0,0.0
157,7.85,654278.0,enc/off/vf=off/lk=0,6.122,6.122,0.0,0.0,0.0,0.0,0.0
158,7.9,654328.0,enc/off/vf=off/lk=0,6.122,6.122,0.0,0.0,0.0,0.0,0.0
159,7.95,654378.0,enc/off/vf=off/lk=0,6.122,6.122,0.0,0.0,0.0,0.0,0.0
160,8.0,654428.0,enc/off/vf=off/lk=0,6.122,6.122,0.0,0.0,0.0,0.0,0.0
161,8.05,654478.0,enc/off/vf=off/lk=0,6.122,6.122,0.0,0.0,0.0,0.0,0.0
162,8.1,654528.0,enc/off/vf=off/lk=0,6.122,6.122,0.0,0.0,0.0,0.0,0.0
163,8.15,654578.0,enc/off/vf=off/lk=0,6.122,6.122,0.0,0.0,0.0,0.0,0.0
164,8.2,654628.0,enc/off/vf=off/lk=0,6.122,6.122,0.0,0.0,0.0,0.0,0.0
165,8.25,654678.0,enc/off/vf=off/lk=0,6.122,6.122,0.0,0.0,0.0,0.0,0.0
166,8.3,654728.0,enc/off/vf=off/lk=0,6.122,6.122,0.0,0.0,0.0,0.0,0.0
167,8.35,654778.0,enc/off/vf=off/lk=0,6.122,6.122,0.0,0.0,0.0,0.0,0.0
168,8.4,654828.0,enc/off/vf=off/lk=0,6.122,6.122,0.0,0.0,0.0,0.0,0.0
169,8.45,654878.0,enc/off/vf=off/lk=0,6.122,6.122,0.0,0.0,0.0,0.0,0.0
170,8.5,654928.0,enc/off/vf=off/lk=0,6.122,6.122,0.0,0.0,0.0,0.0,0.0
171,8.55,654978.0,enc/off/vf=off/lk=0,6.122,6.122,0.0,0.0,0.0,0.0,0.0
172,8.6,655028.0,enc/off/vf=off/lk=0,6.122,6.122,0.0,0.0,0.0,0.0,0.0
173,8.65,655078.0,enc/off/vf=off/lk=0,6.122,6.122,0.0,0.0,0.0,0.0,0.0
174,8.7,655128.0,enc/off/vf=off/lk=0,6.122,6.122,0.0,0.0,0.0,0.0,0.0
175,8.75,655178.0,enc/off/vf=off/lk=0,6.122,6.122,0.0,0.0,0.0,0.0,0.0
176,8.8,655228.0,enc/off/vf=off/lk=0,6.122,6.122,0.0,0.0,0.0,0.0,0.0
177,8.85,655278.0,enc/off/vf=off/lk=0,6.122,6.122,0.0,0.0,0.0,0.0,0.0
178,8.9,655328.0,enc/off/vf=off/lk=0,6.122,6.122,0.0,0.0,0.0,0.0,0.0
179,8.95,655378.0,enc/off/vf=off/lk=0,6.121,6.121,0.0,0.0,0.0,0.0,0.0
180,9.0,655428.0,enc/off/vf=off/lk=0,6.122,6.122,0.0,0.0,0.0,0.0,0.0
181,9.05,655478.0,enc/off/vf=off/lk=0,6.122,6.122,0.0,0.0,0.0,0.0,0.0
182,9.1,655528.0,enc/off/vf=off/lk=0,6.122,6.122,0.0,0.0,0.0,0.0,0.0
183,9.15,655578.0,enc/off/vf=off/lk=0,6.122,6.122,0.0,0.0,0.0,0.0,0.0
184,9.2,655628.0,enc/off/vf=off/lk=0,6.122,6.122,0.0,0.0,0.0,0.0,0.0
185,9.25,655678.0,enc/off/vf=off/lk=0,6.122,6.122,0.0,0.0,0.0,0.0,0.0
186,9.3,655728.0,enc/off/vf=off/lk=0,6.122,6.122,0.0,0.0,0.0,0.0,0.0
187,9.35,655778.0,enc/off/vf=off/lk=0,6.122,6.122,0.0,0.0,0.0,0.0,0.0
188,9.4,655828.0,enc/off/vf=off/lk=0,6.122,6.122,0.0,0.0,0.0,0.0,0.0
189,9.45,655878.0,enc/off/vf=off/lk=0,6.122,6.122,0.0,0.0,0.0,0.0,0.0
190,9.5,655928.0,enc/off/vf=off/lk=0,6.122,6.122,0.0,0.0,0.0,0.0,0.0
191,9.55,655978.0,enc/off/vf=off/lk=0,6.122,6.122,0.0,0.0,0.0,0.0,0.0
192,9.6,656028.0,enc/off/vf=off/lk=0,6.122,6.122,0.0,0.0,0.0,0.0,0.0
193,9.65,656078.0,enc/off/vf=off/lk=0,6.122,6.122,0.0,0.0,0.0,0.0,0.0
194,9.7,656128.0,enc/off/vf=off/lk=0,6.122,6.122,0.0,0.0,0.0,0.0,0.0
195,9.75,656178.0,enc/off/vf=off/lk=0,6.122,6.122,0.0,0.0,0.0,0.0,0.0
196,9.8,656228.0,enc/off/vf=off/lk=0,6.122,6.122,0.0,0.0,0.0,0.0,0.0
197,9.85,656278.0,enc/off/vf=off/lk=0,6.122,6.122,0.0,0.0,0.0,0.0,0.0
198,9.9,656328.0,enc/off/vf=off/lk=0,6.122,6.122,0.0,0.0,0.0,0.0,0.0
199,9.95,656378.0,enc/off/vf=off/lk=0,6.122,6.122,0.0,0.0,0.0,0.0,0.0
200,10.0,656428.0,enc/off/vf=off/lk=0,6.122,6.122,0.0,0.0,0.0,0.0,0.0
201,10.05,656478.0,enc/off/vf=off/lk=0,6.122,6.122,0.0,0.0,0.0,0.0,0.0
202,10.1,656528.0,enc/off/vf=off/lk=0,6.122,6.122,0.0,0.0,0.0,0.0,0.0
203,10.15,656578.0,enc/off/vf=off/lk=0,6.122,6.122,0.0,0.0,0.0,0.0,0.0
204,10.2,656628.0,enc/off/vf=off/lk=0,6.122,6.122,0.0,0.0,0.0,0.0,0.0
205,10.25,656678.0,enc/off/vf=off/lk=0,6.122,6.122,0.0,0.0,0.0,0.0,0.0
206,10.3,656728.0,enc/off/vf=off/lk=0,6.122,6.122,0.0,0.0,0.0,0.0,0.0
207,10.35,656778.0,enc/off/vf=off/lk=0,6.122,6.122,0.0,0.0,0.0,0.0,0.0
208,10.4,656828.0,enc/off/vf=off/lk=0,6.122,6.122,0.0,0.0,0.0,0.0,0.0
209,10.45,656878.0,enc/off/vf=off/lk=0,6.122,6.122,0.0,0.0,0.0,0.0,0.0
210,10.5,656928.0,enc/off/vf=off/lk=0,6.122,6.122,0.0,0.0,0.0,0.0,0.0
211,10.55,656978.0,enc/off/vf=off/lk=0,6.122,6.122,0.0,0.0,0.0,0.0,0.0
212,10.6,657028.0,enc/off/vf=off/lk=0,6.122,6.122,0.0,0.0,0.0,0.0,0.0
213,10.65,657078.0,enc/off/vf=off/lk=0,6.122,6.122,0.0,0.0,0.0,0.0,0.0
214,10.7,657128.0,enc/off/vf=off/lk=0,6.122,6.122,0.0,0.0,0.0,0.0,0.0
215,10.75,657178.0,enc/off/vf=off/lk=0,6.122,6.122,0.0,0.0,0.0,0.0,0.0
216,10.8,657228.0,enc/off/vf=off/lk=0,6.122,6.122,0.0,0.0,0.0,0.0,0.0
217,10.85,657278.0,enc/off/vf=off/lk=0,6.122,6.122,0.0,0.0,0.0,0.0,0.0
218,10.9,657328.0,enc/off/vf=off/lk=0,6.122,6.122,0.0,0.0,0.0,0.0,0.0
219,10.95,657378.0,enc/off/vf=off/lk=0,6.122,6.122,0.0,0.0,0.0,0.0,0.0
220,11.0,657428.0,enc/off/vf=off/lk=0,6.122,6.122,0.0,0.0,0.0,0.0,0.0
221,11.05,657478.0,enc/off/vf=off/lk=0,6.122,6.122,0.0,0.0,0.0,0.0,0.0
222,11.1,657528.0,enc/off/vf=off/lk=0,6.122,6.122,0.0,0.0,0.0,0.0,0.0
223,11.15,657578.0,enc/off/vf=off/lk=0,6.122,6.122,0.0,0.0,0.0,0.0,0.0
224,11.2,657628.0,enc/off/vf=off/lk=0,6.122,6.122,0.0,0.0,0.0,0.0,0.0
225,11.25,657678.0,enc/off/vf=off/lk=0,6.122,6.122,0.0,0.0,0.0,0.0,0.0
226,11.3,657728.0,enc/off/vf=off/lk=0,6.122,6.122,0.0,0.0,0.0,0.0,0.0
227,11.35,657778.0,enc/off/vf=off/lk=0,6.122,6.122,0.0,0.0,0.0,0.0,0.0
228,11.4,657828.0,enc/off/vf=off/lk=0,6.122,6.122,0.0,0.0,0.0,0.0,0.0
229,11.45,657878.0,enc/off/vf=off/lk=0,6.122,6.122,0.0,0.0,0.0,0.0,0.0
230,11.5,657928.0,enc/off/vf=off/lk=0,6.122,6.122,0.0,0.0,0.0,0.0,0.0
231,11.55,657978.0,enc/off/vf=off/lk=0,6.122,6.122,0.0,0.0,0.0,0.0,0.0
232,11.6,658028.0,enc/off/vf=off/lk=0,6.121,6.121,0.0,0.0,3.292,0.0,0.0
233,11.65,658078.0,enc/off/vf=off/lk=0,6.122,6.122,0.0,0.0,0.0,0.0,0.0
234,11.7,658128.0,enc/off/vf=off/lk=0,6.122,6.122,0.0,0.0,0.0,0.0,0.0
235,11.75,658178.0,enc/off/vf=off/lk=0,6.122,6.122,0.0,0.0,0.0,0.0,0.0
236,11.8,658228.0,enc/off/vf=off/lk=0,6.122,6.122,0.0,0.0,0.0,0.0,0.0
237,11.85,658278.0,enc/off/vf=off/lk=0,6.122,6.122,0.0,0.0,0.0,0.0,0.0
238,11.9,658328.0,enc/off/vf=off/lk=0,6.122,6.122,0.0,0.0,0.0,0.0,0.0
239,11.95,658378.0,enc/off/vf=off/lk=0,6.122,6.122,0.0,0.0,0.0,0.0,0.0
240,12.0,658428.0,enc/off/vf=off/lk=0,6.122,6.122,0.0,0.0,0.0,0.0,0.0
241,12.05,658478.0,enc/off/vf=off/lk=0,6.122,6.122,0.0,0.0,0.0,0.0,0.0
242,12.1,658528.0,enc/off/vf=off/lk=0,6.122,6.122,0.0,0.0,-3.278,0.0,0.0
243,12.15,658578.0,enc/off/vf=off/lk=0,6.122,6.122,0.0,0.0,0.0,0.0,0.0
244,12.2,658628.0,enc/off/vf=off/lk=0,6.122,6.122,0.0,0.0,0.0,0.0,0.0
245,12.25,658678.0,enc/off/vf=off/lk=0,6.122,6.122,0.0,0.0,0.0,0.0,0.0
246,12.3,658728.0,enc/off/vf=off/lk=0,6.122,6.122,0.0,0.0,0.0,0.0,0.0
247,12.35,658778.0,enc/off/vf=off/lk=0,6.122,6.122,0.0,0.0,0.0,0.0,0.0
248,12.4,658828.0,enc/off/vf=off/lk=0,6.122,6.122,0.0,0.0,0.0,0.0,0.0
249,12.45,658878.0,enc/off/vf=off/lk=0,6.122,6.122,0.0,0.0,0.0,0.0,0.0
250,12.5,658928.0,enc/off/vf=off/lk=0,6.121,6.122,0.0,0.0,0.0,0.0,0.0
251,12.55,658978.0,enc/off/vf=off/lk=0,6.122,6.122,0.0,0.0,0.0,0.0,0.0
252,12.6,659028.0,enc/off/vf=off/lk=0,6.122,6.122,0.0,0.0,0.0,0.0,0.0
253,12.65,659078.0,enc/off/vf=off/lk=0,6.122,6.122,0.0,0.0,0.0,0.0,0.0
254,12.7,659128.0,enc/off/vf=off/lk=0,6.122,6.122,0.0,0.0,0.0,0.0,0.0
255,12.75,659178.0,enc/off/vf=off/lk=0,6.122,6.122,0.0,0.0,0.0,0.0,0.0
256,12.8,659228.0,enc/off/vf=off/lk=0,6.122,6.122,0.0,0.0,0.0,0.0,0.0
257,12.85,659278.0,enc/off/vf=off/lk=0,6.122,6.122,0.0,0.0,0.0,0.0,0.0
258,12.9,659328.0,enc/off/vf=off/lk=0,6.122,6.122,0.0,0.0,0.0,0.0,0.0
259,12.95,659378.0,enc/off/vf=off/lk=0,6.122,6.122,0.0,0.0,0.0,0.0,0.0
260,13.0,659428.0,enc/off/vf=off/lk=0,6.122,6.122,0.0,0.0,0.0,0.0,0.0
261,13.05,659478.0,enc/off/vf=off/lk=0,6.122,6.122,0.0,0.0,0.0,0.0,0.0
262,13.1,659528.0,enc/off/vf=off/lk=0,6.122,6.122,0.0,0.0,0.0,0.0,0.0
263,13.15,659578.0,enc/off/vf=off/lk=0,6.122,6.122,0.0,0.0,0.0,0.0,0.0
264,13.2,659628.0,enc/off/vf=off/lk=0,6.122,6.122,0.0,0.0,0.0,0.0,0.0
265,13.25,659678.0,enc/off/vf=off/lk=0,6.122,6.122,0.0,0.0,0.0,0.0,0.0
266,13.3,659728.0,enc/off/vf=off/lk=0,6.122,6.122,0.0,0.0,0.0,0.0,0.0
267,13.35,659778.0,enc/off/vf=off/lk=0,6.122,6.122,0.0,0.0,0.0,0.0,0.0
268,13.4,659828.0,enc/off/vf=off/lk=0,6.122,6.122,0.0,0.0,0.0,0.0,0.0
269,13.45,659878.0,enc/off/vf=off/lk=0,6.122,6.122,0.0,0.0,-3.278,0.0,0.0
270,13.5,659928.0,enc/off/vf=off/lk=0,6.122,6.122,0.0,0.0,0.0,0.0,0.0
271,13.55,659978.0,enc/off/vf=off/lk=0,6.122,6.122,0.0,0.0,0.0,0.0,0.0
272,13.6,660028.0,enc/off/vf=off/lk=0,6.122,6.122,0.0,0.0,0.0,0.0,0.0
273,13.65,660078.0,enc/off/vf=off/lk=0,6.122,6.122,0.0,0.0,0.0,0.0,0.0
274,13.7,660128.0,enc/off/vf=off/lk=0,6.122,6.122,0.0,0.0,0.0,0.0,0.0
275,13.75,660178.0,enc/off/vf=off/lk=0,6.122,6.122,0.0,0.0,0.0,0.0,0.0
276,13.8,660228.0,enc/off/vf=off/lk=0,6.122,6.122,0.0,0.0,0.0,0.0,0.0
277,13.85,660278.0,enc/off/vf=off/lk=0,6.122,6.122,0.0,0.0,0.0,0.0,0.0
278,13.9,660328.0,enc/off/vf=off/lk=0,6.122,6.122,0.0,0.0,0.0,0.0,0.0
279,13.95,660378.0,enc/off/vf=off/lk=0,6.122,6.122,0.0,0.0,0.0,0.0,0.0
280,14.0,660428.0,enc/off/vf=off/lk=0,6.122,6.122,0.0,0.0,0.0,0.0,0.0
281,14.05,660478.0,enc/off/vf=off/lk=0,6.122,6.122,0.0,0.0,0.0,0.0,0.0
282,14.1,660528.0,enc/off/vf=off/lk=0,6.122,6.122,0.0,0.0,0.0,0.0,0.0
283,14.15,660578.0,enc/off/vf=off/lk=0,6.122,6.122,0.0,0.0,-3.278,0.0,0.0
284,14.2,660628.0,enc/off/vf=off/lk=0,6.122,6.122,0.0,0.0,0.0,0.0,0.0
285,14.25,660678.0,enc/off/vf=off/lk=0,6.122,6.122,0.0,0.0,0.0,0.0,0.0
286,14.3,660728.0,enc/off/vf=off/lk=0,6.122,6.122,0.0,0.0,0.0,0.0,0.0
287,14.35,660778.0,enc/off/vf=off/lk=0,6.122,6.122,0.0,0.0,0.0,0.0,0.0
288,14.4,660828.0,enc/off/vf=off/lk=0,6.122,6.122,0.0,0.0,0.0,0.0,0.0
289,14.45,660878.0,enc/off/vf=off/lk=0,6.122,6.122,0.0,0.0,0.0,0.0,0.0
290,14.5,660928.0,enc/off/vf=off/lk=0,6.122,6.122,0.0,0.0,0.0,0.0,0.0
291,14.55,660978.0,enc/off/vf=off/lk=0,6.122,6.122,0.0,0.0,0.0,0.0,0.0
292,14.6,661028.0,enc/off/vf=off/lk=0,6.122,6.122,0.0,0.0,0.0,0.0,0.0
293,14.65,661078.0,enc/off/vf=off/lk=0,6.122,6.122,0.0,0.0,0.0,0.0,0.0
294,14.701,661129.0,enc/off/vf=off/lk=0,6.122,6.122,0.0,0.0,0.0,0.0,0.0
295,14.751,661179.0,enc/off/vf=off/lk=0,6.122,6.122,0.0,0.0,0.0,0.0,0.0
296,14.801,661229.0,enc/off/vf=off/lk=0,6.122,6.122,0.0,0.0,0.0,0.0,0.0
297,14.851,661279.0,enc/off/vf=off/lk=0,6.122,6.122,0.0,0.0,0.0,0.0,0.0
298,14.901,661329.0,enc/off/vf=off/lk=0,6.122,6.122,0.0,0.0,0.0,0.0,0.0
299,14.951,661379.0,enc/off/vf=off/lk=0,6.116,6.114,0.0,0.0,3.278,0.0,0.0
300,15.001,661429.0,enc/off/vf=off/lk=0,6.114,6.114,0.0,0.0,0.0,0.0,0.0
301,15.051,661479.0,enc/off/vf=off/lk=0,6.113,6.113,0.0,0.0,0.0,0.0,0.0
302,15.101,661529.0,enc/off/vf=off/lk=0,6.113,6.113,0.0,0.0,0.0,0.0,0.0
303,15.151,661579.0,enc/off/vf=off/lk=0,6.114,6.114,0.0,0.0,0.0,0.0,0.0
304,15.201,661629.0,enc/off/vf=off/lk=0,6.114,6.114,0.0,0.0,0.0,0.0,0.0
305,15.221,661649.0,enc/off/vf=off/lk=0,6.114,6.114,0.0,0.0,0.0,0.0,0.0
306,15.241,661669.0,enc/off/vf=off/lk=0,6.113,6.113,0.0,0.0,0.0,0.0,0.0
307,15.261,661689.0,enc/off/vf=off/lk=0,6.114,6.114,0.0,0.0,0.0,0.0,0.0
308,15.281,661709.0,enc/off/vf=off/lk=0,6.114,6.114,0.0,0.0,0.0,0.0,0.0
309,15.301,661729.0,enc/off/vf=off/lk=0,6.114,6.114,0.0,0.0,0.0,0.0,0.0
310,15.321,661749.0,enc/off/vf=off/lk=0,6.114,6.114,0.0,0.0,0.0,0.0,0.0
311,15.341,661769.0,enc/off/vf=off/lk=0,6.114,6.114,0.0,0.0,0.0,0.0,0.0
312,15.361,661789.0,enc/off/vf=off/lk=0,6.114,6.114,0.0,0.0,0.0,0.0,0.0
313,15.381,661809.0,enc/off/vf=off/lk=0,6.114,6.114,0.0,0.0,0.0,0.0,0.0
314,15.401,661829.0,enc/off/vf=off/lk=0,6.114,6.114,0.0,0.0,0.0,0.0,0.0
315,15.421,661849.0,enc/off/vf=off/lk=0,6.114,6.114,0.0,0.0,0.0,0.0,0.0
316,15.441,661869.0,enc/off/vf=off/lk=0,6.114,6.114,0.0,0.0,0.0,0.0,0.0
317,15.461,661889.0,enc/off/vf=off/lk=0,6.114,6.114,0.0,0.0,0.0,0.0,0.0
318,15.481,661909.0,enc/off/vf=off/lk=0,6.114,6.114,0.0,0.0,0.0,0.0,0.0
319,15.501,661929.0,enc/off/vf=off/lk=0,6.114,6.114,0.0,0.0,0.0,0.0,0.0
320,15.521,661949.0,enc/off/vf=off/lk=0,6.114,6.114,0.0,0.0,0.0,0.0,0.0
321,15.541,661969.0,enc/off/vf=off/lk=0,6.113,6.113,0.0,0.0,0.0,0.0,0.0
322,15.561,661989.0,enc/off/vf=off/lk=0,6.113,6.113,0.0,0.0,0.0,0.0,0.0
323,15.581,662009.0,enc/off/vf=off/lk=0,6.114,6.114,0.0,0.0,0.0,0.0,0.0
324,15.601,662029.0,enc/off/vf=off/lk=0,6.114,6.114,0.0,0.0,0.0,0.0,0.0
325,15.621,662049.0,enc/off/vf=off/lk=0,6.114,6.114,0.0,0.0,0.0,0.0,0.0
326,15.641,662069.0,enc/off/vf=off/lk=0,6.114,6.114,0.0,0.0,0.0,0.0,0.0
327,15.661,662089.0,enc/off/vf=off/lk=0,6.114,6.114,0.0,0.0,0.0,0.0,0.0
328,15.681,662109.0,enc/off/vf=off/lk=0,6.113,6.113,0.0,0.0,0.0,0.0,0.0
329,15.701,662129.0,enc/off/vf=off/lk=0,6.113,6.113,0.0,0.0,0.0,0.0,0.0
330,15.721,662149.0,enc/off/vf=off/lk=0,6.114,6.114,0.0,0.0,0.0,0.0,0.0
331,15.741,662169.0,enc/off/vf=off/lk=0,6.114,6.114,0.0,0.0,-3.223,0.0,0.0
332,15.761,662189.0,enc/off/vf=off/lk=0,6.114,6.114,0.0,0.0,0.0,0.0,0.0
333,15.781,662209.0,enc/off/vf=off/lk=0,6.114,6.114,0.0,0.0,0.0,0.0,0.0
334,15.801,662229.0,enc/off/vf=off/lk=0,6.114,6.114,0.0,0.0,0.0,0.0,0.0
335,15.821,662249.0,enc/off/vf=off/lk=0,6.113,6.113,0.0,0.0,0.0,0.0,0.0
336,15.841,662269.0,enc/off/vf=off/lk=0,6.114,6.114,0.0,0.0,0.0,0.0,0.0
337,15.861,662289.0,enc/off/vf=off/lk=0,6.114,6.114,0.0,0.0,0.0,0.0,0.0
338,15.881,662309.0,enc/off/vf=off/lk=0,6.114,6.114,0.0,0.0,0.0,0.0,0.0
339,15.901,662329.0,enc/off/vf=off/lk=0,6.114,6.114,0.0,0.0,0.0,0.0,0.0
340,15.921,662349.0,enc/off/vf=off/lk=0,6.114,6.114,0.0,0.0,0.0,0.0,0.0
341,15.941,662369.0,enc/off/vf=off/lk=0,6.114,6.114,0.0,0.0,0.0,0.0,0.0
342,15.961,662389.0,enc/off/vf=off/lk=0,6.113,6.113,0.0,0.0,3.223,0.0,0.0
343,15.981,662409.0,enc/off/vf=off/lk=0,6.114,6.114,0.0,0.0,0.0,0.0,0.0
344,16.001,662429.0,enc/off/vf=off/lk=0,6.113,6.114,0.0,0.0,0.0,0.0,0.0
345,16.021,662449.0,enc/off/vf=off/lk=0,6.114,6.114,0.0,0.0,0.0,0.0,0.0
346,16.041,662469.0,enc/off/vf=off/lk=0,6.114,6.114,0.0,0.0,0.0,0.0,0.0
347,16.061,662489.0,enc/off/vf=off/lk=0,6.114,6.114,0.0,0.0,-3.257,0.0,0.0
348,16.081,662509.0,enc/off/vf=off/lk=0,6.113,6.113,0.0,0.0,0.0,0.0,0.0
349,16.101,662529.0,enc/off/vf=off/lk=0,6.114,6.114,0.0,0.0,0.0,0.0,0.0
350,16.121,662549.0,enc/off/vf=off/lk=0,6.114,6.114,0.0,0.0,0.0,0.0,0.0
351,16.141,662569.0,enc/off/vf=off/lk=0,6.114,6.114,0.0,0.0,0.0,0.0,0.0
352,16.161,662589.0,enc/off/vf=off/lk=0,6.114,6.114,0.0,0.0,0.0,0.0,0.0
353,16.181,662609.0,enc/off/vf=off/lk=0,6.114,6.114,0.0,0.0,0.0,0.0,0.0
354,16.201,662629.0,enc/off/vf=off/lk=0,6.114,6.114,0.0,0.0,0.0,0.0,0.0
355,16.221,662649.0,enc/off/vf=off/lk=0,6.114,6.114,0.0,0.0,0.0,0.0,0.0
356,16.241,662669.0,enc/off/vf=off/lk=0,6.114,6.114,0.0,0.0,0.0,0.0,0.0
357,16.261,662689.0,enc/off/vf=off/lk=0,6.114,6.114,0.0,0.0,0.0,0.0,0.0
358,16.281,662709.0,enc/off/vf=off/lk=0,6.114,6.114,0.0,0.0,0.0,0.0,0.0
359,16.301,662729.0,enc/off/vf=off/lk=0,6.114,6.114,0.0,0.0,0.0,0.0,0.0
360,16.321,662749.0,enc/off/vf=off/lk=0,6.113,6.113,0.0,0.0,3.285,0.0,0.0
361,16.341,662769.0,enc/off/vf=off/lk=0,6.114,6.114,0.0,0.0,0.0,0.0,0.0
362,16.361,662789.0,enc/off/vf=off/lk=0,6.114,6.114,0.0,0.0,0.0,0.0,0.0
363,16.381,662809.0,enc/off/vf=off/lk=0,6.114,6.114,0.0,0.0,0.0,0.0,0.0
364,16.401,662829.0,enc/off/vf=off/lk=0,6.113,6.113,0.0,0.0,0.0,0.0,0.0
365,16.421,662849.0,enc/off/vf=off/lk=0,6.113,6.114,0.0,0.0,-3.271,0.0,0.0
366,16.441,662869.0,enc/off/vf=off/lk=0,6.114,6.114,0.0,0.0,0.0,0.0,0.0
367,16.461,662889.0,enc/off/vf=off/lk=0,6.114,6.114,0.0,0.0,0.0,0.0,0.0
368,16.481,662909.0,enc/off/vf=off/lk=0,6.113,6.113,0.0,0.0,3.278,0.0,0.0
369,16.501,662929.0,enc/off/vf=off/lk=0,6.114,6.114,0.0,0.0,0.0,0.0,0.0
370,16.521,662949.0,enc/off/vf=off/lk=0,6.113,6.113,0.0,0.0,0.0,0.0,0.0
371,16.541,662969.0,enc/off/vf=off/lk=0,6.114,6.114,0.0,0.0,0.0,0.0,0.0
372,16.561,662989.0,enc/off/vf=off/lk=0,6.114,6.114,0.0,0.0,0.0,0.0,0.0
373,16.581,663009.0,enc/off/vf=off/lk=0,6.114,6.114,0.0,0.0,0.0,0.0,0.0
374,16.601,663029.0,enc/off/vf=off/lk=0,6.114,6.114,0.0,0.0,0.0,0.0,0.0
375,16.621,663049.0,enc/off/vf=off/lk=0,6.114,6.114,0.0,0.0,0.0,0.0,0.0
376,16.641,663069.0,enc/off/vf=off/lk=0,6.114,6.114,0.0,0.0,0.0,0.0,0.0
377,16.661,663089.0,enc/off/vf=off/lk=0,6.114,6.114,0.0,0.0,0.0,0.0,0.0
378,16.681,663109.0,enc/off/vf=off/lk=0,6.114,6.114,0.0,0.0,0.0,0.0,0.0
379,16.701,663129.0,enc/off/vf=off/lk=0,6.114,6.114,0.0,0.0,0.0,0.0,0.0
380,16.721,663149.0,enc/off/vf=off/lk=0,6.114,6.114,0.0,0.0,0.0,0.0,0.0
381,16.741,663169.0,enc/off/vf=off/lk=0,6.114,6.114,0.0,0.0,0.0,0.0,0.0
382,16.761,663189.0,enc/off/vf=off/lk=0,6.114,6.114,0.0,0.0,0.0,0.0,0.0
383,16.781,663209.0,enc/off/vf=off/lk=0,6.114,6.113,0.0,0.0,3.285,0.0,0.0
384,16.801,663229.0,enc/off/vf=off/lk=0,6.114,6.114,0.0,0.0,0.0,0.0,0.0
385,16.821,663249.0,enc/off/vf=off/lk=0,6.114,6.114,0.0,0.0,0.0,0.0,0.0
386,16.841,663269.0,enc/off/vf=off/lk=0,6.114,6.114,0.0,0.0,0.0,0.0,0.0
387,16.861,663289.0,enc/off/vf=off/lk=0,6.114,6.114,0.0,0.0,0.0,0.0,0.0
388,16.881,663309.0,enc/off/vf=off/lk=0,6.114,6.114,0.0,0.0,0.0,0.0,0.0
389,16.901,663329.0,enc/off/vf=off/lk=0,6.114,6.114,0.0,0.0,0.0,0.0,0.0
390,16.921,663349.0,enc/off/vf=off/lk=0,6.114,6.113,0.0,0.0,3.223,0.0,0.0
391,16.941,663369.0,enc/off/vf=off/lk=0,6.114,6.114,0.0,0.0,0.0,0.0,0.0
392,16.961,663389.0,enc/off/vf=off/lk=0,6.114,6.114,0.0,0.0,0.0,0.0,0.0
393,16.981,663409.0,enc/off/vf=off/lk=0,6.114,6.114,0.0,0.0,0.0,0.0,0.0
394,17.001,663429.0,enc/off/vf=off/lk=0,6.114,6.114,0.0,0.0,0.0,0.0,0.0
395,17.021,663449.0,enc/off/vf=off/lk=0,6.114,6.114,0.0,0.0,0.0,0.0,0.0
396,17.041,663469.0,enc/off/vf=off/lk=0,6.114,6.114,0.0,0.0,0.0,0.0,0.0
397,17.061,663489.0,enc/off/vf=off/lk=0,6.114,6.114,0.0,0.0,0.0,0.0,0.0
398,17.081,663509.0,enc/off/vf=off/lk=0,6.114,6.114,0.0,0.0,0.0,0.0,0.0
399,17.101,663529.0,enc/off/vf=off/lk=0,6.114,6.114,0.0,0.0,0.0,0.0,0.0
400,17.121,663549.0,enc/off/vf=off/lk=0,6.114,6.114,0.0,0.0,0.0,0.0,0.0
401,17.141,663569.0,enc/off/vf=off/lk=0,6.114,6.114,0.0,0.0,0.0,0.0,0.0
402,17.161,663589.0,enc/off/vf=off/lk=0,6.114,6.114,0.0,0.0,0.0,0.0,0.0
403,17.181,663609.0,enc/off/vf=off/lk=0,6.114,6.114,0.0,0.0,0.0,0.0,0.0
404,17.201,663629.0,enc/off/vf=off/lk=0,6.114,6.114,0.0,0.0,0.0,0.0,0.0
405,17.221,663649.0,enc/off/vf=off/lk=0,6.114,6.114,0.0,0.0,0.0,0.0,0.0
406,17.241,663669.0,enc/off/vf=off/lk=0,6.114,6.114,0.0,0.0,0.0,0.0,0.0
407,17.261,663689.0,enc/off/vf=off/lk=0,6.114,6.114,0.0,0.0,0.0,0.0,0.0
408,17.281,663709.0,enc/off/vf=off/lk=0,6.114,6.114,0.0,0.0,0.0,0.0,0.0
409,17.301,663729.0,enc/off/vf=off/lk=0,6.114,6.114,0.0,0.0,0.0,0.0,0.0
410,17.321,663749.0,enc/off/vf=off/lk=0,6.114,6.114,0.0,0.0,0.0,0.0,0.0
411,17.341,663769.0,enc/off/vf=off/lk=0,6.114,6.114,0.0,0.0,0.0,0.0,0.0
412,17.361,663789.0,enc/off/vf=off/lk=0,6.114,6.114,0.0,0.0,0.0,0.0,0.0
413,17.381,663809.0,enc/off/vf=off/lk=0,6.114,6.114,0.0,0.0,0.0,0.0,0.0
414,17.401,663829.0,enc/off/vf=off/lk=0,6.114,6.114,0.0,0.0,0.0,0.0,0.0
415,17.421,663849.0,enc/off/vf=off/lk=0,6.113,6.113,0.0,0.0,0.0,0.0,0.0
416,17.441,663869.0,enc/off/vf=off/lk=0,6.114,6.114,0.0,0.0,0.0,0.0,0.0
417,17.461,663889.0,enc/off/vf=off/lk=0,6.114,6.114,0.0,0.0,0.0,0.0,0.0
418,17.481,663909.0,enc/off/vf=off/lk=0,6.114,6.114,0.0,0.0,0.0,0.0,0.0
419,17.501,663929.0,enc/off/vf=off/lk=0,6.114,6.114,0.0,0.0,-3.32,0.0,0.0
420,17.521,663949.0,enc/off/vf=off/lk=0,6.114,6.114,0.0,0.0,0.0,0.0,0.0
421,17.541,663969.0,enc/off/vf=off/lk=0,6.114,6.114,0.0,0.0,0.0,0.0,0.0
422,17.561,663989.0,enc/off/vf=off/lk=0,6.114,6.114,0.0,0.0,0.0,0.0,0.0
423,17.581,664009.0,enc/off/vf=off/lk=0,6.114,6.114,0.0,0.0,0.0,0.0,0.0
424,17.601,664029.0,enc/off/vf=off/lk=0,6.114,6.114,0.0,0.0,0.0,0.0,0.0
425,17.621,664049.0,enc/off/vf=off/lk=0,6.114,6.113,0.0,0.0,3.285,0.0,0.0
426,17.641,664069.0,enc/off/vf=off/lk=0,6.114,6.114,0.0,0.0,0.0,0.0,0.0
427,17.661,664089.0,enc/off/vf=off/lk=0,6.114,6.114,0.0,0.0,0.0,0.0,0.0
428,17.681,664109.0,enc/off/vf=off/lk=0,6.114,6.114,0.0,0.0,0.0,0.0,0.0
429,17.701,664129.0,enc/off/vf=off/lk=0,6.114,6.114,0.0,0.0,0.0,0.0,0.0
430,17.721,664149.0,enc/off/vf=off/lk=0,6.114,6.114,0.0,0.0,0.0,0.0,0.0
431,17.741,664169.0,enc/off/vf=off/lk=0,6.114,6.114,0.0,0.0,0.0,0.0,0.0
432,17.761,664189.0,enc/off/vf=off/lk=0,6.114,6.114,0.0,0.0,0.0,0.0,0.0
433,17.781,664209.0,enc/off/vf=off/lk=0,6.114,6.114,0.0,0.0,0.0,0.0,0.0
434,17.801,664229.0,enc/off/vf=off/lk=0,6.114,6.114,0.0,0.0,0.0,0.0,0.0
435,17.821,664249.0,enc/off/vf=off/lk=0,6.114,6.114,0.0,0.0,0.0,0.0,0.0
436,17.841,664269.0,enc/off/vf=off/lk=0,6.114,6.114,0.0,0.0,0.0,0.0,0.0
437,17.861,664289.0,enc/off/vf=off/lk=0,6.114,6.114,0.0,0.0,0.0,0.0,0.0
438,17.881,664309.0,enc/off/vf=off/lk=0,6.114,6.114,0.0,0.0,0.0,0.0,0.0
439,17.901,664329.0,enc/off/vf=off/lk=0,6.114,6.114,0.0,0.0,0.0,0.0,0.0
440,17.921,664349.0,enc/off/vf=off/lk=0,6.113,6.114,0.0,0.0,-3.285,0.0,0.0
441,17.941,664369.0,enc/off/vf=off/lk=0,6.114,6.114,0.0,0.0,0.0,0.0,0.0
442,17.961,664389.0,enc/off/vf=off/lk=0,6.114,6.114,0.0,0.0,0.0,0.0,0.0
443,17.981,664409.0,enc/off/vf=off/lk=0,6.114,6.114,0.0,0.0,0.0,0.0,0.0
444,18.001,664429.0,enc/off/vf=off/lk=0,6.114,6.114,0.0,0.0,0.0,0.0,0.0
445,18.021,664449.0,enc/off/vf=off/lk=0,6.114,6.114,0.0,0.0,0.0,0.0,0.0
446,18.041,664469.0,enc/off/vf=off/lk=0,6.114,6.114,0.0,0.0,0.0,0.0,0.0
447,18.061,664489.0,enc/off/vf=off/lk=0,6.114,6.114,0.0,0.0,0.0,0.0,0.0
448,18.081,664509.0,enc/off/vf=off/lk=0,6.114,6.114,0.0,0.0,0.0,0.0,0.0
449,18.101,664529.0,enc/off/vf=off/lk=0,6.113,6.114,0.0,0.0,0.0,0.0,0.0
450,18.121,664549.0,enc/off/vf=off/lk=0,6.113,6.113,0.0,0.0,3.278,0.0,0.0
451,18.141,664569.0,enc/off/vf=off/lk=0,6.114,6.114,0.0,0.0,0.0,0.0,0.0
452,18.161,664589.0,enc/off/vf=off/lk=0,6.114,6.114,0.0,0.0,0.0,0.0,0.0
453,18.181,664609.0,enc/off/vf=off/lk=0,6.114,6.114,0.0,0.0,0.0,0.0,0.0
454,18.201,664629.0,enc/off/vf=off/lk=0,6.114,6.114,0.0,0.0,0.0,0.0,0.0
455,18.221,664649.0,enc/off/vf=off/lk=0,6.114,6.114,0.0,0.0,0.0,0.0,0.0
456,18.241,664669.0,enc/off/vf=off/lk=0,6.114,6.114,0.0,0.0,0.0,0.0,0.0
457,18.261,664689.0,enc/off/vf=off/lk=0,6.114,6.114,0.0,0.0,0.0,0.0,0.0
458,18.281,664709.0,enc/off/vf=off/lk=0,6.114,6.114,0.0,0.0,0.0,0.0,0.0
459,18.301,664729.0,enc/off/vf=off/lk=0,6.114,6.114,0.0,0.0,0.0,0.0,0.0
460,18.321,664749.0,enc/off/vf=off/lk=0,6.114,6.114,0.0,0.0,0.0,0.0,0.0
461,18.341,664769.0,enc/off/vf=off/lk=0,6.114,6.114,0.0,0.0,0.0,0.0,0.0
462,18.361,664789.0,enc/off/vf=off/lk=0,6.114,6.114,0.0,0.0,0.0,0.0,0.0
463,18.381,664809.0,enc/off/vf=off/lk=0,6.114,6.114,0.0,0.0,0.0,0.0,0.0
464,18.401,664829.0,enc/off/vf=off/lk=0,6.114,6.114,0.0,0.0,0.0,0.0,0.0
465,18.421,664849.0,enc/off/vf=off/lk=0,6.114,6.114,0.0,0.0,0.0,0.0,0.0
466,18.441,664869.0,enc/off/vf=off/lk=0,6.114,6.114,0.0,0.0,-3.257,0.0,0.0
467,18.461,664889.0,enc/off/vf=off/lk=0,6.114,6.114,0.0,0.0,0.0,0.0,0.0
468,18.481,664909.0,enc/off/vf=off/lk=0,6.114,6.114,0.0,0.0,0.0,0.0,0.0
469,18.501,664929.0,enc/off/vf=off/lk=0,6.114,6.114,0.0,0.0,0.0,0.0,0.0
470,18.521,664949.0,enc/off/vf=off/lk=0,6.114,6.114,0.0,0.0,0.0,0.0,0.0
471,18.541,664969.0,enc/off/vf=off/lk=0,6.114,6.114,0.0,0.0,0.0,0.0,0.0
472,18.561,664989.0,enc/off/vf=off/lk=0,6.114,6.114,0.0,0.0,0.0,0.0,0.0
473,18.581,665009.0,enc/off/vf=off/lk=0,6.114,6.114,0.0,0.0,0.0,0.0,0.0
474,18.601,665029.0,enc/off/vf=off/lk=0,6.114,6.114,0.0,0.0,0.0,0.0,0.0
475,18.621,665049.0,enc/off/vf=off/lk=0,6.114,6.114,0.0,0.0,0.0,0.0,0.0
476,18.641,665069.0,enc/off/vf=off/lk=0,6.114,6.114,0.0,0.0,0.0,0.0,0.0
477,18.661,665089.0,enc/off/vf=off/lk=0,6.114,6.114,0.0,0.0,0.0,0.0,0.0
478,18.681,665109.0,enc/off/vf=off/lk=0,6.114,6.114,0.0,0.0,0.0,0.0,0.0
479,18.701,665129.0,enc/off/vf=off/lk=0,6.114,6.114,0.0,0.0,0.0,0.0,0.0
480,18.721,665149.0,enc/off/vf=off/lk=0,6.114,6.114,0.0,0.0,0.0,0.0,0.0
481,18.741,665169.0,enc/off/vf=off/lk=0,6.114,6.114,0.0,0.0,0.0,0.0,0.0
482,18.761,665189.0,enc/off/vf=off/lk=0,6.114,6.114,0.0,0.0,0.0,0.0,0.0
483,18.781,665209.0,enc/off/vf=off/lk=0,6.114,6.114,0.0,0.0,0.0,0.0,0.0
484,18.801,665229.0,enc/off/vf=off/lk=0,6.114,6.114,0.0,0.0,0.0,0.0,0.0
485,18.821,665249.0,enc/off/vf=off/lk=0,6.114,6.114,0.0,0.0,0.0,0.0,0.0
486,18.841,665269.0,enc/off/vf=off/lk=0,6.114,6.114,0.0,0.0,0.0,0.0,0.0
487,18.861,665289.0,enc/off/vf=off/lk=0,6.114,6.114,0.0,0.0,0.0,0.0,0.0
488,18.881,665309.0,enc/off/vf=off/lk=0,6.114,6.114,0.0,0.0,0.0,0.0,0.0
489,18.901,665329.0,enc/off/vf=off/lk=0,6.114,6.114,0.0,0.0,0.0,0.0,0.0
490,18.921,665349.0,enc/off/vf=off/lk=0,6.114,6.114,0.0,0.0,0.0,0.0,0.0
491,18.941,665369.0,enc/off/vf=off/lk=0,6.114,6.114,0.0,0.0,0.0,0.0,0.0
492,18.961,665389.0,enc/off/vf=off/lk=0,6.114,6.114,0.0,0.0,0.0,0.0,0.0
493,18.981,665409.0,enc/off/vf=off/lk=0,6.114,6.114,0.0,0.0,0.0,0.0,0.0
494,19.001,665429.0,enc/off/vf=off/lk=0,6.114,6.114,0.0,0.0,0.0,0.0,0.0
495,19.021,665449.0,enc/off/vf=off/lk=0,6.113,6.113,0.0,0.0,3.216,0.0,0.0
496,19.041,665469.0,enc/off/vf=off/lk=0,6.114,6.114,0.0,0.0,0.0,0.0,0.0
497,19.061,665489.0,enc/off/vf=off/lk=0,6.114,6.114,0.0,0.0,0.0,0.0,0.0
498,19.081,665509.0,enc/off/vf=off/lk=0,6.114,6.114,0.0,0.0,0.0,0.0,0.0
499,19.101,665529.0,enc/off/vf=off/lk=0,6.114,6.114,0.0,0.0,0.0,0.0,0.0
500,19.121,665549.0,enc/off/vf=off/lk=0,6.114,6.114,0.0,0.0,0.0,0.0,0.0
501,19.141,665569.0,enc/off/vf=off/lk=0,6.114,6.114,0.0,0.0,0.0,0.0,0.0
502,19.161,665589.0,enc/off/vf=off/lk=0,6.114,6.114,0.0,0.0,0.0,0.0,0.0
503,19.181,665609.0,enc/off/vf=off/lk=0,6.114,6.114,0.0,0.0,0.0,0.0,0.0
504,19.201,665629.0,enc/off/vf=off/lk=0,6.114,6.114,0.0,0.0,0.0,0.0,0.0
505,19.221,665649.0,enc/off/vf=off/lk=0,6.114,6.114,0.0,0.0,0.0,0.0,0.0
506,19.241,665669.0,enc/off/vf=off/lk=0,6.114,6.114,0.0,0.0,0.0,0.0,0.0
507,19.261,665689.0,enc/off/vf=off/lk=0,6.114,6.114,0.0,0.0,0.0,0.0,0.0
508,19.281,665709.0,enc/off/vf=off/lk=0,6.114,6.114,0.0,0.0,0.0,0.0,0.0
509,19.301,665729.0,enc/off/vf=off/lk=0,6.114,6.114,0.0,0.0,-3.229,0.0,0.0
510,19.321,665749.0,enc/off/vf=off/lk=0,6.113,6.113,0.0,0.0,0.0,0.0,0.0
511,19.341,665769.0,enc/off/vf=off/lk=0,6.114,6.114,0.0,0.0,0.0,0.0,0.0
512,19.361,665789.0,enc/off/vf=off/lk=0,6.114,6.113,0.0,0.0,3.285,0.0,0.0
513,19.381,665809.0,enc/off/vf=off/lk=0,6.114,6.114,0.0,0.0,0.0,0.0,0.0
514,19.401,665829.0,enc/off/vf=off/lk=0,6.114,6.114,0.0,0.0,0.0,0.0,0.0
515,19.421,665849.0,enc/off/vf=off/lk=0,6.114,6.114,0.0,0.0,0.0,0.0,0.0
516,19.441,665869.0,enc/off/vf=off/lk=0,6.114,6.114,0.0,0.0,0.0,0.0,0.0
517,19.461,665889.0,enc/off/vf=off/lk=0,6.114,6.114,0.0,0.0,0.0,0.0,0.0
518,19.481,665909.0,enc/off/vf=off/lk=0,6.114,6.114,0.0,0.0,0.0,0.0,0.0
519,19.501,665929.0,enc/off/vf=off/lk=0,6.114,6.114,0.0,0.0,0.0,0.0,0.0
520,19.521,665949.0,enc/off/vf=off/lk=0,6.114,6.114,0.0,0.0,0.0,0.0,0.0
521,19.541,665969.0,enc/off/vf=off/lk=0,6.114,6.114,0.0,0.0,0.0,0.0,0.0
522,19.561,665989.0,enc/off/vf=off/lk=0,6.114,6.114,0.0,0.0,0.0,0.0,0.0
523,19.581,666009.0,enc/off/vf=off/lk=0,6.114,6.114,0.0,0.0,0.0,0.0,0.0
524,19.601,666029.0,enc/off/vf=off/lk=0,6.114,6.114,0.0,0.0,0.0,0.0,0.0
525,19.621,666049.0,enc/off/vf=off/lk=0,6.114,6.114,0.0,0.0,0.0,0.0,0.0
526,19.641,666069.0,enc/off/vf=off/lk=0,6.114,6.113,0.0,0.0,3.271,0.0,0.0
527,19.661,666089.0,enc/off/vf=off/lk=0,6.114,6.114,0.0,0.0,0.0,0.0,0.0
528,19.681,666109.0,enc/off/vf=off/lk=0,6.114,6.114,0.0,0.0,0.0,0.0,0.0
529,19.701,666129.0,enc/off/vf=off/lk=0,6.114,6.114,0.0,0.0,0.0,0.0,0.0
530,19.721,666149.0,enc/off/vf=off/lk=0,6.114,6.114,0.0,0.0,0.0,0.0,0.0
531,19.741,666169.0,enc/off/vf=off/lk=0,6.114,6.114,0.0,0.0,0.0,0.0,0.0
532,19.761,666189.0,enc/off/vf=off/lk=0,6.113,6.113,0.0,0.0,0.0,0.0,0.0
533,19.781,666209.0,enc/off/vf=off/lk=0,6.113,6.114,0.0,0.0,-3.271,0.0,0.0
534,19.801,666229.0,enc/off/vf=off/lk=0,6.114,6.114,0.0,0.0,0.0,0.0,0.0
535,19.821,666249.0,enc/off/vf=off/lk=0,6.114,6.114,0.0,0.0,0.0,0.0,0.0
536,19.841,666269.0,enc/off/vf=off/lk=0,6.114,6.114,0.0,0.0,0.0,0.0,0.0
537,19.861,666289.0,enc/off/vf=off/lk=0,6.114,6.114,0.0,0.0,0.0,0.0,0.0
538,19.881,666309.0,enc/off/vf=off/lk=0,6.114,6.114,0.0,0.0,-3.216,0.0,0.0
539,19.901,666329.0,enc/off/vf=off/lk=0,6.114,6.113,0.0,0.0,1.383,0.0,0.0
540,19.921,666349.0,enc/off/vf=off/lk=0,6.114,6.114,0.0,0.0,0.0,0.0,0.0
541,19.941,666369.0,enc/off/vf=off/lk=0,6.114,6.114,0.0,0.0,0.0,0.0,0.0
542,19.961,666389.0,enc/off/vf=off/lk=0,6.114,6.114,0.0,0.0,0.0,0.0,0.0
543,19.981,666409.0,enc/off/vf=off/lk=0,6.114,6.114,0.0,0.0,0.0,0.0,0.0
544,20.001,666429.0,enc/off/vf=off/lk=0,6.114,6.114,0.0,0.0,0.0,0.0,0.0
545,20.021,666449.0,enc/off/vf=off/lk=0,6.114,6.114,0.0,0.0,0.0,0.0,0.0
546,20.041,666469.0,enc/off/vf=off/lk=0,6.114,6.114,0.0,0.0,0.0,0.0,0.0
547,20.061,666489.0,enc/off/vf=off/lk=0,6.114,6.114,0.0,0.0,0.0,0.0,0.0
548,20.081,666509.0,enc/off/vf=off/lk=0,6.114,6.114,0.0,0.0,0.0,0.0,0.0
549,20.101,666529.0,enc/off/vf=off/lk=0,6.113,6.113,0.0,0.0,0.0,0.0,0.0
550,20.121,666549.0,enc/off/vf=off/lk=0,6.114,6.114,0.0,0.0,0.0,0.0,0.0
551,20.141,666569.0,enc/off/vf=off/lk=0,6.114,6.114,0.0,0.0,0.0,0.0,0.0
552,20.161,666589.0,enc/off/vf=off/lk=0,6.114,6.114,0.0,0.0,0.0,0.0,0.0
553,20.181,666609.0,enc/off/vf=off/lk=0,6.114,6.114,0.0,0.0,0.0,0.0,0.0
554,20.201,666629.0,enc/off/vf=off/lk=0,6.114,6.114,0.0,0.0,0.0,0.0,0.0
555,20.221,666649.0,enc/off/vf=off/lk=0,6.114,6.114,0.0,0.0,0.0,0.0,0.0
556,20.241,666669.0,enc/off/vf=off/lk=0,6.114,6.114,0.0,0.0,0.0,0.0,0.0
557,20.261,666689.0,enc/off/vf=off/lk=0,6.114,6.114,0.0,0.0,0.0,0.0,0.0
558,20.281,666709.0,enc/off/vf=off/lk=0,6.114,6.114,0.0,0.0,0.0,0.0,0.0
559,20.301,666729.0,enc/off/vf=off/lk=0,6.114,6.114,0.0,0.0,0.0,0.0,0.0
560,20.321,666749.0,enc/off/vf=off/lk=0,6.114,6.114,0.0,0.0,0.0,0.0,0.0
561,20.341,666769.0,enc/off/vf=off/lk=0,6.114,6.114,0.0,0.0,0.0,0.0,0.0
562,20.361,666789.0,enc/off/vf=off/lk=0,6.113,6.113,0.0,0.0,3.292,0.0,0.0
563,20.381,666809.0,enc/off/vf=off/lk=0,6.114,6.114,0.0,0.0,0.0,0.0,0.0
564,20.401,666829.0,enc/off/vf=off/lk=0,6.114,6.114,0.0,0.0,0.0,0.0,0.0
565,20.421,666849.0,enc/off/vf=off/lk=0,6.114,6.114,0.0,0.0,0.0,0.0,0.0
566,20.441,666869.0,enc/off/vf=off/lk=0,6.114,6.114,0.0,0.0,0.0,0.0,0.0
567,20.461,666889.0,enc/off/vf=off/lk=0,6.113,6.113,0.0,0.0,0.0,0.0,0.0
568,20.481,666909.0,enc/off/vf=off/lk=0,6.114,6.114,0.0,0.0,-3.271,0.0,0.0
569,20.501,666929.0,enc/off/vf=off/lk=0,6.114,6.114,0.0,0.0,0.0,0.0,0.0
570,20.521,666949.0,enc/off/vf=off/lk=0,6.114,6.114,0.0,0.0,0.0,0.0,0.0
571,20.541,666969.0,enc/off/vf=off/lk=0,6.114,6.114,0.0,0.0,0.0,0.0,0.0
572,20.561,666989.0,enc/off/vf=off/lk=0,6.114,6.114,0.0,0.0,0.0,0.0,0.0
573,20.581,667009.0,enc/off/vf=off/lk=0,6.114,6.114,0.0,0.0,0.0,0.0,0.0
574,20.601,667029.0,enc/off/vf=off/lk=0,6.114,6.114,0.0,0.0,0.0,0.0,0.0
575,20.621,667049.0,enc/off/vf=off/lk=0,6.114,6.114,0.0,0.0,0.0,0.0,0.0
576,20.641,667069.0,enc/off/vf=off/lk=0,6.114,6.114,0.0,0.0,0.0,0.0,0.0
577,20.661,667089.0,enc/off/vf=off/lk=0,6.114,6.114,0.0,0.0,0.0,0.0,0.0
578,20.681,667109.0,enc/off/vf=off/lk=0,6.114,6.114,0.0,0.0,0.0,0.0,0.0
579,20.701,667129.0,enc/off/vf=off/lk=0,6.114,6.114,0.0,0.0,0.0,0.0,0.0
580,20.721,667149.0,enc/off/vf=off/lk=0,6.114,6.114,0.0,0.0,0.0,0.0,0.0
581,20.741,667169.0,enc/off/vf=off/lk=0,6.114,6.114,0.0,0.0,0.0,0.0,0.0
582,20.761,667189.0,enc/off/vf=off/lk=0,6.114,6.114,0.0,0.0,0.0,0.0,0.0
583,20.781,667209.0,enc/off/vf=off/lk=0,6.114,6.114,0.0,0.0,0.0,0.0,0.0
584,20.801,667229.0,enc/off/vf=off/lk=0,6.114,6.114,0.0,0.0,0.0,0.0,0.0
585,20.821,667249.0,enc/off/vf=off/lk=0,6.114,6.114,0.0,0.0,0.0,0.0,0.0
586,20.841,667269.0,enc/off/vf=off/lk=0,6.114,6.114,0.0,0.0,0.0,0.0,0.0
587,20.861,667289.0,enc/off/vf=off/lk=0,6.114,6.114,0.0,0.0,0.0,0.0,0.0
588,20.881,667309.0,enc/off/vf=off/lk=0,6.114,6.114,0.0,0.0,0.0,0.0,0.0
589,20.901,667329.0,enc/off/vf=off/lk=0,6.114,6.114,0.0,0.0,0.0,0.0,0.0
590,20.921,667349.0,enc/off/vf=off/lk=0,6.114,6.114,0.0,0.0,0.0,0.0,0.0
591,20.941,667369.0,enc/off/vf=off/lk=0,6.114,6.114,0.0,0.0,0.0,0.0,0.0
592,20.961,667389.0,enc/off/vf=off/lk=0,6.114,6.114,0.0,0.0,0.0,0.0,0.0
593,20.981,667409.0,enc/off/vf=off/lk=0,6.114,6.114,0.0,0.0,0.0,0.0,0.0
594,21.001,667429.0,enc/off/vf=off/lk=0,6.114,6.114,0.0,0.0,0.0,0.0,0.0
595,21.021,667449.0,enc/off/vf=off/lk=0,6.114,6.114,0.0,0.0,0.0,0.0,0.0
596,21.041,667469.0,enc/off/vf=off/lk=0,6.114,6.114,0.0,0.0,0.0,0.0,0.0
597,21.061,667489.0,enc/off/vf=off/lk=0,6.114,6.114,0.0,0.0,0.0,0.0,0.0
598,21.081,667509.0,enc/off/vf=off/lk=0,6.114,6.113,0.0,0.0,3.278,0.0,0.0
599,21.101,667529.0,enc/off/vf=off/lk=0,6.114,6.114,0.0,0.0,0.0,0.0,0.0
600,21.121,667549.0,enc/off/vf=off/lk=0,6.114,6.114,0.0,0.0,0.0,0.0,0.0
601,21.141,667569.0,enc/off/vf=off/lk=0,6.114,6.114,0.0,0.0,0.0,0.0,0.0
602,21.161,667589.0,enc/off/vf=off/lk=0,6.114,6.114,0.0,0.0,0.0,0.0,0.0
603,21.181,667609.0,enc/off/vf=off/lk=0,6.114,6.114,0.0,0.0,0.0,0.0,0.0
604,21.201,667629.0,enc/off/vf=off/lk=0,6.113,6.114,0.0,0.0,0.0,0.0,0.0
605,21.221,667649.0,enc/off/vf=off/lk=0,6.114,6.114,0.0,0.0,0.0,0.0,0.0
606,21.241,667669.0,enc/off/vf=off/lk=0,6.114,6.114,0.0,0.0,0.0,0.0,0.0
607,21.261,667689.0,enc/off/vf=off/lk=0,6.114,6.114,0.0,0.0,0.0,0.0,0.0
608,21.281,667709.0,enc/off/vf=off/lk=0,6.114,6.114,0.0,0.0,0.0,0.0,0.0
609,21.301,667729.0,enc/off/vf=off/lk=0,6.114,6.114,0.0,0.0,0.0,0.0,0.0
610,21.321,667749.0,enc/off/vf=off/lk=0,6.114,6.114,0.0,0.0,0.0,0.0,0.0
611,21.341,667769.0,enc/off/vf=off/lk=0,6.114,6.114,0.0,0.0,0.0,0.0,0.0
612,21.361,667789.0,enc/off/vf=off/lk=0,6.114,6.114,0.0,0.0,0.0,0.0,0.0
613,21.381,667809.0,enc/off/vf=off/lk=0,6.114,6.114,0.0,0.0,0.0,0.0,0.0
614,21.401,667829.0,enc/off/vf=off/lk=0,6.114,6.114,0.0,0.0,0.0,0.0,0.0
615,21.421,667849.0,enc/off/vf=off/lk=0,6.114,6.114,0.0,0.0,0.0,0.0,0.0
616,21.441,667869.0,enc/off/vf=off/lk=0,6.114,6.114,0.0,0.0,0.0,0.0,0.0
617,21.461,667889.0,enc/off/vf=off/lk=0,6.114,6.114,0.0,0.0,0.0,0.0,0.0
618,21.481,667909.0,enc/off/vf=off/lk=0,6.114,6.114,0.0,0.0,0.0,0.0,0.0
619,21.501,667929.0,enc/off/vf=off/lk=0,6.114,6.114,0.0,0.0,0.0,0.0,0.0
620,21.521,667949.0,enc/off/vf=off/lk=0,6.113,6.113,0.0,0.0,0.0,0.0,0.0
621,21.541,667969.0,enc/off/vf=off/lk=0,6.114,6.114,0.0,0.0,0.0,0.0,0.0
622,21.561,667989.0,enc/off/vf=off/lk=0,6.114,6.114,0.0,0.0,0.0,0.0,0.0
623,21.581,668009.0,enc/off/vf=off/lk=0,6.114,6.114,0.0,0.0,0.0,0.0,0.0
624,21.601,668029.0,enc/off/vf=off/lk=0,6.114,6.114,0.0,0.0,0.0,0.0,0.0
625,21.621,668049.0,enc/off/vf=off/lk=0,6.114,6.114,0.0,0.0,0.0,0.0,0.0
626,21.641,668069.0,enc/off/vf=off/lk=0,6.114,6.114,0.0,0.0,0.0,0.0,0.0
627,21.661,668089.0,enc/off/vf=off/lk=0,6.114,6.114,0.0,0.0,0.0,0.0,0.0
628,21.681,668109.0,enc/off/vf=off/lk=0,6.114,6.114,0.0,0.0,0.0,0.0,0.0
629,21.701,668129.0,enc/off/vf=off/lk=0,6.114,6.114,0.0,0.0,0.0,0.0,0.0
630,21.721,668149.0,enc/off/vf=off/lk=0,6.114,6.114,0.0,0.0,0.0,0.0,0.0
631,21.741,668169.0,enc/off/vf=off/lk=0,6.114,6.114,0.0,0.0,0.0,0.0,0.0
632,21.761,668189.0,enc/off/vf=off/lk=0,6.114,6.114,0.0,0.0,0.0,0.0,0.0
633,21.781,668209.0,enc/off/vf=off/lk=0,6.114,6.114,0.0,0.0,-3.189,0.0,0.0
634,21.801,668229.0,enc/off/vf=off/lk=0,6.114,6.114,0.0,0.0,0.0,0.0,0.0
635,21.821,668249.0,enc/off/vf=off/lk=0,6.114,6.114,0.0,0.0,0.0,0.0,0.0
636,21.841,668269.0,enc/off/vf=off/lk=0,6.114,6.114,0.0,0.0,0.0,0.0,0.0
637,21.861,668289.0,enc/off/vf=off/lk=0,6.114,6.114,0.0,0.0,0.0,0.0,0.0
638,21.881,668309.0,enc/off/vf=off/lk=0,6.114,6.114,0.0,0.0,0.0,0.0,0.0
639,21.901,668329.0,enc/off/vf=off/lk=0,6.114,6.114,0.0,0.0,0.0,0.0,0.0
640,21.921,668349.0,enc/off/vf=off/lk=0,6.114,6.114,0.0,0.0,0.0,0.0,0.0
641,21.941,668369.0,enc/off/vf=off/lk=0,6.114,6.114,0.0,0.0,0.0,0.0,0.0
642,21.961,668389.0,enc/off/vf=off/lk=0,6.114,6.114,0.0,0.0,0.0,0.0,0.0
643,21.981,668409.0,enc/off/vf=off/lk=0,6.114,6.114,0.0,0.0,0.0,0.0,0.0
644,22.001,668429.0,enc/off/vf=off/lk=0,6.114,6.114,0.0,0.0,0.0,0.0,0.0
645,22.021,668449.0,enc/off/vf=off/lk=0,6.114,6.114,0.0,0.0,0.0,0.0,0.0
646,22.041,668469.0,enc/off/vf=off/lk=0,6.114,6.114,0.0,0.0,0.0,0.0,0.0
647,22.061,668489.0,enc/off/vf=off/lk=0,6.113,6.113,0.0,0.0,0.0,0.0,0.0
648,22.081,668509.0,enc/off/vf=off/lk=0,6.114,6.114,0.0,0.0,0.0,0.0,0.0
649,22.101,668529.0,enc/off/vf=off/lk=0,6.114,6.114,0.0,0.0,0.0,0.0,0.0
650,22.121,668549.0,enc/off/vf=off/lk=0,6.114,6.114,0.0,0.0,-3.313,0.0,0.0
651,22.141,668569.0,enc/off/vf=off/lk=0,6.114,6.114,0.0,0.0,0.0,0.0,0.0
652,22.161,668589.0,enc/off/vf=off/lk=0,6.114,6.114,0.0,0.0,-3.229,0.0,0.0
653,22.181,668609.0,enc/off/vf=off/lk=0,6.114,6.114,0.0,0.0,0.0,0.0,0.0
654,22.201,668629.0,enc/off/vf=off/lk=0,6.114,6.114,0.0,0.0,0.0,0.0,0.0
655,22.221,668649.0,enc/off/vf=off/lk=0,6.114,6.114,0.0,0.0,0.0,0.0,0.0
656,22.241,668669.0,enc/off/vf=off/lk=0,6.114,6.114,0.0,0.0,0.0,0.0,0.0
657,22.261,668689.0,enc/off/vf=off/lk=0,6.114,6.114,0.0,0.0,0.0,0.0,0.0
658,22.281,668709.0,enc/off/vf=off/lk=0,6.114,6.114,0.0,0.0,0.0,0.0,0.0
659,22.301,668729.0,enc/off/vf=off/lk=0,6.114,6.114,0.0,0.0,0.0,0.0,0.0
660,22.321,668749.0,enc/off/vf=off/lk=0,6.114,6.113,0.0,0.0,3.202,0.0,0.0
661,22.341,668769.0,enc/off/vf=off/lk=0,6.114,6.114,0.0,0.0,0.0,0.0,0.0
662,22.361,668789.0,enc/off/vf=off/lk=0,6.114,6.114,0.0,0.0,0.0,0.0,0.0
663,22.381,668809.0,enc/off/vf=off/lk=0,6.114,6.114,0.0,0.0,0.0,0.0,0.0
664,22.401,668829.0,enc/off/vf=off/lk=0,6.114,6.114,0.0,0.0,0.0,0.0,0.0
665,22.421,668849.0,enc/off/vf=off/lk=0,6.114,6.114,0.0,0.0,0.0,0.0,0.0
666,22.441,668869.0,enc/off/vf=off/lk=0,6.114,6.114,0.0,0.0,0.0,0.0,0.0
667,22.461,668889.0,enc/off/vf=off/lk=0,6.114,6.114,0.0,0.0,0.0,0.0,0.0
668,22.481,668909.0,enc/off/vf=off/lk=0,6.114,6.113,0.0,0.0,3.236,0.0,0.0
669,22.501,668929.0,enc/off/vf=off/lk=0,6.114,6.114,0.0,0.0,0.0,0.0,0.0
670,22.521,668949.0,enc/off/vf=off/lk=0,6.114,6.114,0.0,0.0,0.0,0.0,0.0
671,22.541,668969.0,enc/off/vf=off/lk=0,6.114,6.114,0.0,0.0,0.0,0.0,0.0
672,22.561,668989.0,enc/off/vf=off/lk=0,6.114,6.114,0.0,0.0,0.0,0.0,0.0
673,22.581,669009.0,enc/off/vf=off/lk=0,6.114,6.114,0.0,0.0,0.0,0.0,0.0
674,22.601,669029.0,enc/off/vf=off/lk=0,6.114,6.114,0.0,0.0,0.0,0.0,0.0
675,22.621,669049.0,enc/off/vf=off/lk=0,6.114,6.114,0.0,0.0,0.0,0.0,0.0
676,22.641,669069.0,enc/off/vf=off/lk=0,6.114,6.114,0.0,0.0,0.0,0.0,0.0
677,22.661,669089.0,enc/off/vf=off/lk=0,6.114,6.114,0.0,0.0,0.0,0.0,0.0
678,22.681,669109.0,enc/off/vf=off/lk=0,6.114,6.114,0.0,0.0,0.0,0.0,0.0
679,22.701,669129.0,enc/off/vf=off/lk=0,6.113,6.113,0.0,0.0,0.0,0.0,0.0
680,22.721,669149.0,enc/off/vf=off/lk=0,6.114,6.114,0.0,0.0,0.0,0.0,0.0
681,22.741,669169.0,enc/off/vf=off/lk=0,6.113,6.113,0.0,0.0,0.0,0.0,0.0
682,22.761,669189.0,enc/off/vf=off/lk=0,6.114,6.114,0.0,0.0,0.0,0.0,0.0
683,22.781,669209.0,enc/off/vf=off/lk=0,6.114,6.114,0.0,0.0,0.0,0.0,0.0
684,22.801,669229.0,enc/off/vf=off/lk=0,6.114,6.114,0.0,0.0,0.0,0.0,0.0
685,22.821,669249.0,enc/off/vf=off/lk=0,6.114,6.114,0.0,0.0,0.0,0.0,0.0
686,22.841,669269.0,enc/off/vf=off/lk=0,6.114,6.114,0.0,0.0,0.0,0.0,0.0
687,22.861,669289.0,enc/off/vf=off/lk=0,6.114,6.114,0.0,0.0,0.0,0.0,0.0
688,22.881,669309.0,enc/off/vf=off/lk=0,6.114,6.114,0.0,0.0,0.0,0.0,0.0
689,22.901,669329.0,enc/off/vf=off/lk=0,6.114,6.114,0.0,0.0,0.0,0.0,0.0
690,22.921,669349.0,enc/off/vf=off/lk=0,6.114,6.114,0.0,0.0,0.0,0.0,0.0
691,22.941,669369.0,enc/off/vf=off/lk=0,6.114,6.114,0.0,0.0,0.0,0.0,0.0
692,22.961,669389.0,enc/off/vf=off/lk=0,6.114,6.114,0.0,0.0,0.0,0.0,0.0
693,22.981,669409.0,enc/off/vf=off/lk=0,6.114,6.114,0.0,0.0,0.0,0.0,0.0
694,23.001,669429.0,enc/off/vf=off/lk=0,6.114,6.114,0.0,0.0,0.0,0.0,0.0
695,23.021,669449.0,enc/off/vf=off/lk=0,6.114,6.114,0.0,0.0,0.0,0.0,0.0
696,23.041,669469.0,enc/off/vf=off/lk=0,6.114,6.114,0.0,0.0,0.0,0.0,0.0
697,23.061,669489.0,enc/off/vf=off/lk=0,6.114,6.114,0.0,0.0,0.0,0.0,0.0
698,23.081,669509.0,enc/off/vf=off/lk=0,6.114,6.114,0.0,0.0,0.0,0.0,0.0
699,23.101,669529.0,enc/off/vf=off/lk=0,6.114,6.114,0.0,0.0,0.0,0.0,0.0
700,23.121,669549.0,enc/off/vf=off/lk=0,6.114,6.114,0.0,0.0,0.0,0.0,0.0
701,23.141,669569.0,enc/off/vf=off/lk=0,6.114,6.114,0.0,0.0,0.0,0.0,0.0
702,23.161,669589.0,enc/off/vf=off/lk=0,6.114,6.114,0.0,0.0,0.0,0.0,0.0
703,23.181,669609.0,enc/off/vf=off/lk=0,6.113,6.114,0.0,0.0,-3.285,0.0,0.0
704,23.201,669629.0,enc/off/vf=off/lk=0,6.114,6.114,0.0,0.0,0.0,0.0,0.0
705,23.221,669649.0,enc/off/vf=off/lk=0,6.114,6.114,0.0,0.0,0.0,0.0,0.0
706,23.241,669669.0,enc/off/vf=off/lk=0,6.114,6.114,0.0,0.0,0.0,0.0,0.0
707,23.261,669689.0,enc/off/vf=off/lk=0,6.114,6.114,0.0,0.0,0.0,0.0,0.0
708,23.281,669709.0,enc/off/vf=off/lk=0,6.114,6.114,0.0,0.0,0.0,0.0,0.0
709,23.301,669729.0,enc/off/vf=off/lk=0,6.114,6.114,0.0,0.0,0.0,0.0,0.0
710,23.321,669749.0,enc/off/vf=off/lk=0,6.113,6.113,0.0,0.0,0.0,0.0,0.0
711,23.341,669769.0,enc/off/vf=off/lk=0,6.114,6.114,0.0,0.0,0.0,0.0,0.0
712,23.361,669789.0,enc/off/vf=off/lk=0,6.114,6.114,0.0,0.0,0.0,0.0,0.0
713,23.381,669809.0,enc/off/vf=off/lk=0,6.114,6.114,0.0,0.0,0.0,0.0,0.0
714,23.401,669829.0,enc/off/vf=off/lk=0,6.114,6.114,0.0,0.0,0.0,0.0,0.0
715,23.421,669849.0,enc/off/vf=off/lk=0,6.114,6.114,0.0,0.0,0.0,0.0,0.0
716,23.441,669869.0,enc/off/vf=off/lk=0,6.114,6.114,0.0,0.0,0.0,0.0,0.0
717,23.461,669889.0,enc/off/vf=off/lk=0,6.113,6.114,0.0,0.0,-3.257,0.0,0.0
718,23.481,669909.0,enc/off/vf=off/lk=0,6.113,6.114,0.0,0.0,0.0,0.0,0.0
719,23.501,669929.0,enc/off/vf=off/lk=0,6.114,6.114,0.0,0.0,0.0,0.0,0.0
720,23.521,669949.0,enc/off/vf=off/lk=0,6.114,6.114,0.0,0.0,0.0,0.0,0.0
721,23.541,669969.0,enc/off/vf=off/lk=0,6.114,6.114,0.0,0.0,0.0,0.0,0.0
722,23.561,669989.0,enc/off/vf=off/lk=0,6.114,6.114,0.0,0.0,0.0,0.0,0.0
723,23.581,670009.0,enc/off/vf=off/lk=0,6.114,6.114,0.0,0.0,0.0,0.0,0.0
724,23.601,670029.0,enc/off/vf=off/lk=0,6.113,6.113,0.0,0.0,0.0,0.0,0.0
725,23.621,670049.0,enc/off/vf=off/lk=0,6.114,6.114,0.0,0.0,0.0,0.0,0.0
726,23.641,670069.0,enc/off/vf=off/lk=0,6.114,6.114,0.0,0.0,0.0,0.0,0.0
727,23.661,670089.0,enc/off/vf=off/lk=0,6.114,6.114,0.0,0.0,0.0,0.0,0.0
728,23.681,670109.0,enc/off/vf=off/lk=0,6.114,6.114,0.0,0.0,0.0,0.0,0.0
729,23.701,670129.0,enc/off/vf=off/lk=0,6.113,6.113,0.0,0.0,0.0,0.0,0.0
730,23.721,670149.0,enc/off/vf=off/lk=0,6.113,6.113,0.0,0.0,0.0,0.0,0.0
731,23.741,670169.0,enc/off/vf=off/lk=0,6.113,6.113,0.0,0.0,0.0,0.0,0.0
732,23.761,670189.0,enc/off/vf=off/lk=0,6.113,6.113,0.0,0.0,0.0,0.0,0.0
733,23.781,670209.0,enc/off/vf=off/lk=0,6.114,6.114,0.0,0.0,0.0,0.0,0.0
734,23.801,670229.0,enc/off/vf=off/lk=0,6.114,6.114,0.0,0.0,0.0,0.0,0.0
735,23.821,670249.0,enc/off/vf=off/lk=0,6.114,6.114,0.0,0.0,0.0,0.0,0.0
736,23.841,670269.0,enc/off/vf=off/lk=0,6.113,6.113,0.0,0.0,0.0,0.0,0.0
737,23.861,670289.0,enc/off/vf=off/lk=0,6.114,6.114,0.0,0.0,0.0,0.0,0.0
738,23.881,670309.0,enc/off/vf=off/lk=0,6.114,6.114,0.0,0.0,0.0,0.0,0.0
739,23.901,670329.0,enc/off/vf=off/lk=0,6.114,6.114,0.0,0.0,0.0,0.0,0.0
740,23.921,670349.0,enc/off/vf=off/lk=0,6.114,6.114,0.0,0.0,0.0,0.0,0.0
741,23.941,670369.0,enc/off/vf=off/lk=0,6.114,6.114,0.0,0.0,0.0,0.0,0.0
742,23.961,670389.0,enc/off/vf=off/lk=0,6.114,6.114,0.0,0.0,0.0,0.0,0.0
743,23.981,670409.0,enc/off/vf=off/lk=0,6.113,6.113,0.0,0.0,0.0,0.0,0.0
744,24.001,670429.0,enc/off/vf=off/lk=0,6.113,6.113,0.0,0.0,0.0,0.0,0.0
745,24.021,670449.0,enc/off/vf=off/lk=0,6.114,6.114,0.0,0.0,0.0,0.0,0.0
746,24.041,670469.0,enc/off/vf=off/lk=0,6.114,6.114,0.0,0.0,0.0,0.0,0.0
747,24.061,670489.0,enc/off/vf=off/lk=0,6.114,6.114,0.0,0.0,0.0,0.0,0.0
748,24.081,670509.0,enc/off/vf=off/lk=0,6.113,6.113,0.0,0.0,0.0,0.0,0.0
749,24.101,670529.0,enc/off/vf=off/lk=0,6.114,6.114,0.0,0.0,0.0,0.0,0.0
750,24.121,670549.0,enc/off/vf=off/lk=0,6.114,6.114,0.0,0.0,0.0,0.0,0.0
751,24.141,670569.0,enc/off/vf=off/lk=0,6.114,6.114,0.0,0.0,0.0,0.0,0.0
752,24.161,670589.0,enc/off/vf=off/lk=0,6.114,6.113,0.0,0.0,3.209,0.0,0.0
753,24.181,670609.0,enc/off/vf=off/lk=0,6.113,6.113,0.0,0.0,3.257,0.0,0.0
754,24.201,670629.0,enc/off/vf=off/lk=0,6.114,6.114,0.0,0.0,0.0,0.0,0.0
755,24.221,670649.0,enc/off/vf=off/lk=0,6.113,6.113,0.0,0.0,0.0,0.0,0.0
756,24.241,670669.0,enc/off/vf=off/lk=0,6.113,6.113,0.0,0.0,0.0,0.0,0.0
757,24.261,670689.0,enc/off/vf=off/lk=0,6.114,6.114,0.0,0.0,0.0,0.0,0.0
758,24.281,670709.0,enc/off/vf=off/lk=0,6.114,6.114,0.0,0.0,0.0,0.0,0.0
759,24.301,670729.0,enc/off/vf=off/lk=0,6.114,6.114,0.0,0.0,0.0,0.0,0.0
760,24.321,670749.0,enc/off/vf=off/lk=0,6.114,6.113,0.0,0.0,3.285,0.0,0.0
761,24.341,670769.0,enc/smo/vf=off/lk=0,6.113,6.113,-0.478,0.308,0.0,-0.098,0.0
762,24.361,670789.0,enc/smo/vf=off/lk=0,6.113,6.113,-0.479,0.309,0.0,-0.074,0.0
763,24.381,670809.0,enc/smo/vf=off/lk=0,6.113,6.113,-0.478,0.308,0.0,0.035,0.0
764,24.401,670829.0,enc/smo/vf=off/lk=0,6.113,6.113,-0.479,0.308,0.0,-0.016,0.0
765,24.421,670849.0,enc/smo/vf=off/lk=0,6.114,6.114,-0.48,0.312,0.0,-0.124,0.0
766,24.441,670869.0,enc/smo/vf=off/lk=0,6.114,6.114,-0.481,0.313,0.0,0.16,0.0
767,24.461,670889.0,enc/smo/vf=off/lk=0,6.114,6.114,-0.481,0.312,0.0,0.096,0.0
768,24.481,670909.0,enc/smo/vf=off/lk=0,6.113,6.113,-0.481,0.311,0.0,0.04,0.0
769,24.501,670929.0,enc/smo/vf=off/lk=0,6.114,6.114,-0.483,0.314,0.0,-0.016,0.0
770,24.521,670949.0,enc/smo/vf=off/lk=0,6.114,6.114,-0.483,0.314,0.0,0.041,0.0
771,24.541,670969.0,enc/smo/vf=off/lk=0,6.113,6.113,-0.484,0.313,0.0,0.085,0.0
772,24.561,670989.0,enc/smo/vf=off/lk=0,6.114,6.114,-0.485,0.316,-3.183,-0.085,0.0
773,24.581,671009.0,enc/smo/vf=off/lk=0,6.113,6.113,-0.485,0.315,0.0,-0.087,0.0
774,24.601,671029.0,enc/smo/vf=off/lk=0,6.114,6.114,-0.485,0.316,-3.183,0.165,0.0
775,24.621,671049.0,enc/smo/vf=off/lk=0,6.114,6.114,-0.486,0.317,0.0,0.026,0.0
776,24.641,671069.0,enc/smo/vf=off/lk=0,6.114,6.114,-0.486,0.318,0.0,-0.007,0.0
777,24.661,671089.0,enc/smo/vf=off/lk=0,6.114,6.114,-0.487,0.318,0.0,-0.06,0.0
778,24.681,671109.0,enc/smo/vf=off/lk=0,6.114,6.114,-0.488,0.32,0.0,0.097,0.0
779,24.701,671129.0,enc/smo/vf=off/lk=0,6.114,6.114,-0.49,0.321,0.0,0.009,0.0
780,24.721,671149.0,enc/smo/vf=off/lk=0,6.113,6.113,-0.491,0.321,0.0,-0.04,0.0
781,24.741,671169.0,enc/smo/vf=off/lk=0,6.113,6.114,-0.492,0.321,-3.189,-0.088,0.0
782,24.761,671189.0,enc/smo/vf=off/lk=0,6.114,6.114,-0.492,0.323,-3.278,-0.003,0.0
783,24.781,671209.0,enc/smo/vf=off/lk=0,6.114,6.114,-0.492,0.323,0.0,-0.029,0.0
784,24.801,671229.0,enc/smo/vf=off/lk=0,6.113,6.114,-0.493,0.323,-3.189,-0.12,0.0
785,24.821,671249.0,enc/smo/vf=off/lk=0,6.113,6.113,-0.493,0.323,0.0,-0.106,0.0
786,24.841,671269.0,enc/smo/vf=off/lk=0,6.113,6.113,-0.494,0.323,0.0,-0.021,0.0
787,24.861,671289.0,enc/smo/vf=off/lk=0,6.114,6.114,-0.494,0.325,-3.183,-0.101,0.0
788,24.881,671309.0,enc/smo/vf=off/lk=0,6.113,6.114,-0.494,0.324,0.0,0.094,0.0
789,24.901,671329.0,enc/smo/vf=off/lk=0,6.113,6.113,-0.494,0.324,0.0,-0.1,0.0
790,24.921,671349.0,enc/smo/vf=off/lk=0,6.113,6.114,-0.493,0.322,-3.189,-0.008,0.0
791,24.941,671369.0,enc/smo/vf=off/lk=0,6.113,6.114,-0.491,0.321,0.0,0.116,0.0
792,24.961,671389.0,enc/smo/vf=off/lk=0,6.114,6.114,-0.491,0.322,0.0,0.052,0.0
793,24.981,671409.0,enc/smo/vf=off/lk=0,6.113,6.113,-0.489,0.319,0.0,0.139,0.0
794,25.001,671429.0,enc/smo/vf=off/lk=0,6.113,6.113,-0.489,0.319,0.0,-0.059,0.0
795,25.021,671449.0,enc/smo/vf=off/lk=0,6.113,6.113,-0.488,0.318,0.0,0.076,0.0
796,25.041,671469.0,enc/smo/vf=off/lk=0,6.114,6.114,-0.487,0.318,0.0,-0.061,0.0
797,25.061,671489.0,enc/smo/vf=off/lk=0,6.114,6.114,-0.488,0.319,0.0,-0.134,0.0
798,25.081,671509.0,enc/smo/vf=off/lk=0,6.114,6.114,-0.486,0.317,0.0,0.099,0.0
799,25.101,671529.0,enc/smo/vf=off/lk=0,6.114,6.114,-0.484,0.316,0.0,0.053,0.0
800,25.121,671549.0,enc/smo/vf=off/lk=0,6.113,6.113,-0.483,0.313,0.0,0.063,0.0
801,25.141,671569.0,enc/smo/vf=off/lk=0,6.114,6.114,-0.482,0.313,0.0,0.004,0.0
802,25.161,671589.0,enc/smo/vf=off/lk=0,6.114,6.114,-0.479,0.311,0.0,0.305,0.0
803,25.181,671609.0,enc/smo/vf=off/lk=0,6.114,6.114,-0.478,0.309,0.0,0.132,0.0
804,25.201,671629.0,enc/smo/vf=off/lk=0,6.114,6.114,-0.477,0.308,0.0,-0.131,0.0
805,25.221,671649.0,enc/smo/vf=off/lk=0,6.114,6.114,-0.474,0.306,0.0,0.02,0.0
806,25.241,671669.0,enc/smo/vf=off/lk=0,6.114,6.114,-0.472,0.303,0.0,0.077,0.0
807,25.261,671689.0,enc/smo/vf=off/lk=0,6.114,6.113,-0.471,0.302,3.209,0.193,0.0
808,25.281,671709.0,enc/smo/vf=off/lk=0,6.113,6.113,-0.469,0.299,0.0,0.112,0.0
809,25.301,671729.0,enc/smo/vf=off/lk=0,6.113,6.113,-0.468,0.297,0.0,0.107,0.0
810,25.321,671749.0,enc/smo/vf=off/lk=0,6.113,6.114,-0.466,0.296,-3.216,0.282,0.0
811,25.341,671769.0,enc/smo/vf=off/lk=0,6.114,6.114,-0.466,0.297,0.0,0.137,0.0
812,25.361,671789.0,enc/smo/vf=off/lk=0,6.114,6.114,-0.464,0.295,0.0,0.115,0.0
813,25.381,671809.0,enc/smo/vf=off/lk=0,6.114,6.114,-0.461,0.293,0.0,0.061,0.0
814,25.401,671829.0,enc/smo/vf=off/lk=0,6.114,6.114,-0.46,0.292,0.0,0.215,0.0
815,25.421,671849.0,enc/smo/vf=off/lk=0,6.113,6.114,-0.46,0.289,0.0,-0.038,0.0
816,25.441,671869.0,enc/smo/vf=off/lk=0,6.114,6.114,-0.458,0.289,0.0,0.124,0.0
817,25.461,671889.0,enc/smo/vf=off/lk=0,6.114,6.114,-0.456,0.288,0.0,0.021,0.0
818,25.481,671909.0,enc/smo/vf=off/lk=0,6.114,6.114,-0.455,0.286,-3.299,-0.009,0.0
819,25.501,671929.0,enc/smo/vf=off/lk=0,6.114,6.114,-0.453,0.284,0.0,0.126,0.0
820,25.521,671949.0,enc/smo/vf=off/lk=0,6.113,6.113,-0.451,0.281,0.0,0.142,0.0
821,25.541,671969.0,enc/smo/vf=off/lk=0,6.114,6.114,-0.448,0.279,0.0,0.074,0.0
822,25.561,671989.0,enc/smo/vf=off/lk=0,6.114,6.114,-0.445,0.276,0.0,0.141,0.0
823,25.581,672009.0,enc/smo/vf=off/lk=0,6.113,6.113,-0.443,0.272,0.0,0.198,0.0
824,25.601,672029.0,enc/smo/vf=off/lk=0,6.113,6.113,-0.44,0.269,0.0,0.175,0.0
825,25.621,672049.0,enc/smo/vf=off/lk=0,6.114,6.113,-0.437,0.268,3.299,0.155,0.0
826,25.641,672069.0,enc/smo/vf=off/lk=0,6.113,6.114,-0.434,0.264,-3.299,0.157,0.0
827,25.661,672089.0,enc/smo/vf=off/lk=0,6.114,6.114,-0.432,0.263,0.0,0.146,0.0
828,25.681,672109.0,enc/smo/vf=off/lk=0,6.114,6.114,-0.429,0.26,0.0,0.18,0.0
829,25.701,672129.0,enc/smo/vf=off/lk=0,6.113,6.113,-0.427,0.257,0.0,0.051,0.0
830,25.721,672149.0,enc/smo/vf=off/lk=0,6.114,6.114,-0.423,0.255,0.0,0.106,0.0
831,25.741,672169.0,enc/smo/vf=off/lk=0,6.114,6.114,-0.42,0.251,-3.189,0.174,0.0
832,25.761,672189.0,enc/smo/vf=off/lk=0,6.114,6.114,-0.417,0.248,0.0,0.136,0.0
833,25.781,672209.0,enc/smo/vf=off/lk=0,6.114,6.114,-0.414,0.245,0.0,0.205,0.0
834,25.801,672229.0,enc/smo/vf=off/lk=0,6.114,6.114,-0.41,0.242,0.0,0.192,0.0
835,25.821,672249.0,enc/smo/vf=off/lk=0,6.113,6.113,-0.408,0.238,0.0,0.254,0.0
836,25.841,672269.0,enc/smo/vf=off/lk=0,6.114,6.114,-0.404,0.235,0.0,0.132,0.0
837,25.861,672289.0,enc/smo/vf=off/lk=0,6.114,6.114,-0.4,0.231,0.0,0.151,0.0
838,25.881,672309.0,enc/smo/vf=off/lk=0,6.113,6.113,-0.396,0.226,0.0,0.078,0.0
839,25.901,672329.0,enc/smo/vf=off/lk=0,6.114,6.114,-0.391,0.222,0.0,0.192,0.0
840,25.921,672349.0,enc/smo/vf=off/lk=0,6.114,6.114,-0.387,0.218,0.0,0.153,0.0
841,25.941,672369.0,enc/smo/vf=off/lk=0,6.113,6.113,-0.382,0.212,3.299,0.376,0.0
842,25.961,672389.0,enc/smo/vf=off/lk=0,6.113,6.114,-0.378,0.208,-3.299,0.178,0.0
843,25.981,672409.0,enc/smo/vf=off/lk=0,6.113,6.113,-0.374,0.203,0.0,0.158,0.0
844,26.001,672429.0,enc/smo/vf=off/lk=0,6.114,6.114,-0.37,0.201,0.0,0.193,0.0
845,26.021,672449.0,enc/smo/vf=off/lk=0,6.113,6.113,-0.365,0.195,0.0,0.312,0.0
846,26.041,672469.0,enc/smo/vf=off/lk=0,6.114,6.114,-0.36,0.192,0.0,0.211,0.0
847,26.061,672489.0,enc/smo/vf=off/lk=0,6.114,6.114,-0.356,0.187,-3.416,0.304,0.0
848,26.081,672509.0,enc/smo/vf=off/lk=0,6.114,6.113,-0.352,0.183,3.236,0.297,0.0
849,26.101,672529.0,enc/smo/vf=off/lk=0,6.113,6.114,-0.347,0.177,0.0,0.382,0.0
850,26.121,672549.0,enc/smo/vf=off/lk=0,6.113,6.113,-0.341,0.171,0.0,0.167,0.0
851,26.141,672569.0,enc/smo/vf=off/lk=0,6.114,6.114,-0.336,0.167,0.0,0.266,0.0
852,26.161,672589.0,enc/smo/vf=off/lk=0,6.113,6.113,-0.329,0.159,0.0,0.317,0.0
853,26.181,672609.0,enc/smo/vf=off/lk=0,6.114,6.114,-0.324,0.156,0.0,0.271,0.0
854,26.201,672629.0,enc/smo/vf=off/lk=0,6.113,6.113,-0.317,0.147,0.0,0.404,0.0
855,26.221,672649.0,enc/smo/vf=off/lk=0,6.114,6.114,-0.311,0.142,0.0,0.27,0.0
856,26.241,672669.0,enc/smo/vf=off/lk=0,6.113,6.113,-0.304,0.134,0.0,0.274,0.0
857,26.261,672689.0,enc/smo/vf=off/lk=0,6.114,6.114,-0.298,0.129,0.0,0.35,0.0
858,26.281,672709.0,enc/smo/vf=off/lk=0,6.113,6.113,-0.291,0.121,3.299,0.373,0.0
859,26.301,672729.0,enc/smo/vf=off/lk=0,6.114,6.113,-0.285,0.116,3.229,0.458,0.0
860,26.321,672749.0,enc/smo/vf=off/lk=0,6.114,6.114,-0.278,0.11,0.0,0.405,0.0
861,26.341,672769.0,enc/smo/vf=off/lk=0,6.114,6.114,-0.272,0.103,0.0,0.35,0.0
862,26.361,672789.0,enc/smo/vf=off/lk=0,6.113,6.113,-0.265,0.095,0.0,0.324,0.0
863,26.381,672809.0,enc/smo/vf=off/lk=0,6.114,6.114,-0.258,0.089,0.0,0.455,0.0
864,26.401,672829.0,enc/smo/vf=off/lk=0,6.114,6.114,-0.251,0.083,0.0,0.42,0.0
865,26.421,672849.0,enc/smo/vf=off/lk=0,6.113,6.113,-0.244,0.074,0.0,0.247,0.0
866,26.441,672869.0,enc/smo/vf=off/lk=0,6.114,6.114,-0.235,0.066,0.0,0.344,0.0
867,26.461,672889.0,enc/smo/vf=off/lk=0,6.114,6.114,-0.226,0.058,0.0,0.46,0.0
868,26.481,672909.0,enc/smo/vf=off/lk=0,6.114,6.113,-0.219,0.05,3.271,0.403,0.0
869,26.501,672929.0,enc/smo/vf=off/lk=0,6.114,6.114,-0.209,0.041,0.0,0.491,0.0
870,26.521,672949.0,enc/smo/vf=off/lk=0,6.113,6.114,-0.2,0.03,-3.25,0.509,0.0
871,26.541,672969.0,enc/smo/vf=off/lk=0,6.114,6.114,-0.191,0.022,0.0,0.395,0.0
872,26.561,672989.0,enc/smo/vf=off/lk=0,6.113,6.114,-0.182,0.012,-3.243,0.421,0.0
873,26.581,673009.0,enc/smo/vf=off/lk=0,6.113,6.113,-0.171,0.001,0.0,0.497,0.0
874,26.601,673029.0,enc/smo/vf=off/lk=0,6.114,6.114,-0.162,-0.006,0.0,0.596,0.0
875,26.621,673049.0,enc/smo/vf=off/lk=0,6.114,6.114,-0.152,-0.017,0.0,0.38,0.0
876,26.641,673069.0,enc/smo/vf=off/lk=0,6.113,6.114,-0.143,-0.028,-3.243,0.339,0.0
877,26.661,673089.0,enc/smo/vf=off/lk=0,6.113,6.113,-0.132,-0.038,0.0,0.484,0.0
878,26.681,673109.0,enc/smo/vf=off/lk=0,6.114,6.114,-0.122,-0.046,0.0,0.628,0.0
879,26.701,673129.0,enc/smo/vf=off/lk=0,6.113,6.113,-0.112,-0.059,0.0,0.419,0.0
880,26.721,673149.0,enc/smo/vf=off/lk=0,6.114,6.114,-0.102,-0.067,0.0,0.48,0.0
881,26.741,673169.0,enc/smo/vf=off/lk=0,6.114,6.114,-0.092,-0.077,0.0,0.527,0.0
882,26.761,673189.0,enc/smo/vf=off/lk=0,6.114,6.114,-0.082,-0.087,0.0,0.461,0.0
883,26.781,673209.0,enc/smo/vf=off/lk=0,6.113,6.114,-0.071,-0.099,-3.299,0.53,0.0
884,26.801,673229.0,enc/smo/vf=off/lk=0,6.114,6.114,-0.062,-0.107,0.0,0.699,0.0
885,26.821,673249.0,enc/smo/vf=off/lk=0,6.113,6.114,-0.051,-0.119,-3.25,0.576,0.0
886,26.841,673269.0,enc/smo/vf=off/lk=0,6.114,6.114,-0.041,-0.127,0.0,0.599,0.0
887,26.861,673289.0,enc/smo/vf=off/lk=0,6.114,6.114,-0.032,-0.137,0.0,0.422,0.0
888,26.881,673309.0,enc/smo/vf=off/lk=0,6.114,6.114,-0.92,0.752,-3.299,0.262,0.0
889,26.901,673329.0,enc/smo/vf=off/lk=0,6.113,6.113,-0.91,0.74,0.0,0.419,0.0
890,26.921,673349.0,enc/smo/vf=off/lk=0,6.114,6.114,-0.9,0.732,0.0,0.29,0.0
891,26.941,673369.0,enc/smo/vf=off/lk=0,6.114,6.114,-0.891,0.722,0.0,0.444,0.0
892,26.961,673389.0,enc/smo/vf=off/lk=0,6.114,6.114,-0.88,0.712,0.0,0.605,0.0
893,26.981,673409.0,enc/smo/vf=off/lk=0,6.113,6.114,-0.872,0.702,-3.229,0.469,0.0
894,27.001,673429.0,enc/smo/vf=off/lk=0,6.114,6.114,-0.862,0.693,0.0,0.468,0.0
895,27.021,673449.0,enc/smo/vf=off/lk=0,6.114,6.114,-0.853,0.684,0.0,0.404,0.0
896,27.041,673469.0,enc/smo/vf=off/lk=0,6.114,6.114,-0.844,0.675,0.0,0.436,0.0
897,27.061,673489.0,enc/smo/vf=off/lk=0,6.114,6.114,-0.835,0.667,0.0,0.455,0.0
898,27.081,673509.0,enc/smo/vf=off/lk=0,6.114,6.114,-0.827,0.658,0.0,0.413,0.0
899,27.101,673529.0,enc/smo/vf=off/lk=0,6.113,6.113,-0.82,0.649,3.292,0.442,0.0
900,27.121,673549.0,enc/smo/vf=off/lk=0,6.114,6.114,-0.812,0.643,0.0,0.302,0.0
901,27.141,673569.0,enc/smo/vf=off/lk=0,6.114,6.114,-0.804,0.636,0.0,0.373,0.0
902,27.161,673589.0,enc/smo/vf=off/lk=0,6.114,6.114,-0.797,0.628,0.0,0.378,0.0
903,27.181,673609.0,enc/smo/vf=off/lk=0,6.113,6.113,-0.79,0.62,0.0,0.307,0.0
904,27.201,673629.0,enc/smo/vf=off/lk=0,6.113,6.113,-0.784,0.614,0.0,0.419,0.0
905,27.221,673649.0,enc/smo/vf=off/lk=0,6.114,6.114,-0.777,0.609,0.0,0.271,0.0
906,27.241,673669.0,enc/smo/vf=off/lk=0,6.113,6.113,-0.771,0.601,0.0,0.201,0.0
907,27.261,673689.0,enc/smo/vf=off/lk=0,6.114,6.114,-0.765,0.597,0.0,0.25,0.0
908,27.281,673709.0,enc/smo/vf=off/lk=0,6.114,6.114,-0.761,0.593,0.0,0.356,0.0
909,27.301,673729.0,enc/smo/vf=off/lk=0,6.114,6.114,-0.757,0.588,0.0,0.264,0.0
910,27.321,673749.0,enc/smo/vf=off/lk=0,6.114,6.114,-0.751,0.583,0.0,0.285,0.0
911,27.341,673769.0,enc/smo/vf=off/lk=0,6.114,6.114,-0.748,0.579,0.0,0.203,0.0
912,27.361,673789.0,enc/smo/vf=off/lk=0,6.114,6.114,-0.743,0.575,0.0,0.228,0.0
913,27.381,673809.0,enc/smo/vf=off/lk=0,6.114,6.114,-0.738,0.569,0.0,0.222,0.0
914,27.401,673829.0,enc/smo/vf=off/lk=0,6.114,6.114,-0.733,0.564,0.0,0.16,0.0
915,27.421,673849.0,enc/smo/vf=off/lk=0,6.114,6.113,-0.729,0.56,0.0,0.317,0.0
916,27.441,673869.0,enc/smo/vf=off/lk=0,6.113,6.113,-0.725,0.555,0.0,0.255,0.0
917,27.461,673889.0,enc/smo/vf=off/lk=0,6.114,6.113,-0.721,0.552,3.364,0.284,0.0
918,27.481,673909.0,enc/smo/vf=off/lk=0,6.114,6.114,-0.717,0.549,0.0,0.114,0.0
919,27.501,673929.0,enc/smo/vf=off/lk=0,6.113,6.114,-0.713,0.543,-3.271,0.224,0.0
920,27.521,673949.0,enc/smo/vf=off/lk=0,6.114,6.114,-0.709,0.54,0.0,0.13,0.0
921,27.541,673969.0,enc/smo/vf=off/lk=0,6.114,6.113,-0.705,0.536,3.306,0.114,0.0
922,27.561,673989.0,enc/smo/vf=off/lk=0,6.113,6.113,-0.702,0.532,0.0,0.169,0.0
923,27.581,674009.0,enc/smo/vf=off/lk=0,6.113,6.114,-0.698,0.528,-3.299,0.149,0.0
924,27.601,674029.0,enc/smo/vf=off/lk=0,6.114,6.114,-0.695,0.527,-3.216,0.168,0.0
925,27.621,674049.0,enc/smo/vf=off/lk=0,6.114,6.114,-0.693,0.524,0.0,0.198,0.0
926,27.641,674069.0,enc/smo/vf=off/lk=0,6.114,6.114,-0.691,0.522,0.0,0.05,0.0
927,27.661,674089.0,enc/smo/vf=off/lk=0,6.114,6.114,-0.688,0.52,0.0,0.132,0.0
928,27.681,674109.0,enc/smo/vf=off/lk=0,6.113,6.113,-0.685,0.515,0.0,0.408,0.0
929,27.701,674129.0,enc/smo/vf=off/lk=0,6.114,6.114,-0.685,0.516,0.0,0.095,0.0
930,27.721,674149.0,enc/smo/vf=off/lk=0,6.114,6.114,-0.682,0.513,0.0,0.03,0.0
931,27.741,674169.0,enc/smo/vf=off/lk=0,6.114,6.114,-0.68,0.511,0.0,0.111,0.0
932,27.761,674189.0,enc/smo/vf=off/lk=0,6.114,6.114,-0.679,0.51,0.0,0.033,0.0
933,27.781,674209.0,enc/smo/vf=off/lk=0,6.114,6.114,-0.677,0.509,0.0,0.026,0.0
934,27.801,674229.0,enc/smo/vf=off/lk=0,6.113,6.114,-0.676,0.506,-3.25,-0.097,0.0
935,27.821,674249.0,enc/smo/vf=off/lk=0,6.114,6.114,-0.673,0.504,0.0,0.134,0.0
936,27.841,674269.0,enc/smo/vf=off/lk=0,6.114,6.114,-0.672,0.504,0.0,0.123,0.0
937,27.861,674289.0,enc/smo/vf=off/lk=0,6.114,6.114,-0.671,0.502,0.0,0.11,0.0
938,27.881,674309.0,enc/smo/vf=off/lk=0,6.113,6.113,-0.669,0.499,0.0,0.029,0.0
939,27.901,674329.0,enc/smo/vf=off/lk=0,6.114,6.114,-0.669,0.5,0.0,0.167,0.0
940,27.921,674349.0,enc/smo/vf=off/lk=0,6.114,6.113,-0.67,0.501,3.299,0.1,0.0
941,27.941,674369.0,enc/smo/vf=off/lk=0,6.114,6.114,-0.671,0.502,0.0,0.025,0.0
942,27.961,674389.0,enc/smo/vf=off/lk=0,6.113,6.113,-0.672,0.502,0.0,0.003,0.0
943,27.981,674409.0,enc/smo/vf=off/lk=0,6.114,6.114,-0.674,0.505,0.0,0.06,0.0
944,28.001,674429.0,enc/smo/vf=off/lk=0,6.114,6.114,-0.675,0.506,0.0,0.007,0.0
945,28.021,674449.0,enc/smo/vf=off/lk=0,6.114,6.114,-0.675,0.506,0.0,0.037,0.0
946,28.041,674469.0,enc/smo/vf=off/lk=0,6.114,6.114,-0.676,0.507,0.0,0.01,0.0
947,28.061,674489.0,enc/smo/vf=off/lk=0,6.114,6.114,-0.677,0.508,0.0,-0.004,0.0
948,28.081,674509.0,enc/smo/vf=off/lk=0,6.114,6.114,-0.678,0.51,0.0,-0.059,0.0
949,28.101,674529.0,enc/smo/vf=off/lk=0,6.114,6.113,-0.68,0.511,0.0,-0.057,0.0
950,28.121,674549.0,enc/smo/vf=off/lk=0,6.113,6.114,-0.682,0.511,-3.202,-0.148,0.0
951,28.141,674569.0,enc/smo/vf=off/lk=0,6.114,6.114,-0.682,0.514,0.0,-0.14,0.0
952,28.161,674589.0,enc/smo/vf=off/lk=0,6.114,6.114,-0.684,0.515,0.0,-0.038,0.0
953,28.181,674609.0,enc/smo/vf=off/lk=0,6.114,6.114,-0.686,0.517,0.0,-0.014,0.0
954,28.201,674629.0,enc/smo/vf=off/lk=0,6.114,6.114,-0.687,0.519,0.0,0.035,0.0
955,28.221,674649.0,enc/smo/vf=off/lk=0,6.113,6.113,-0.69,0.52,0.0,-0.142,0.0
956,28.241,674669.0,enc/smo/vf=off/lk=0,6.114,6.114,-0.691,0.523,0.0,-0.106,0.0
957,28.261,674689.0,enc/smo/vf=off/lk=0,6.114,6.114,-0.694,0.526,0.0,-0.062,0.0
958,28.281,674709.0,enc/smo/vf=off/lk=0,6.114,6.114,-0.696,0.528,0.0,-0.122,0.0
959,28.301,674729.0,enc/smo/vf=off/lk=0,6.113,6.113,-0.697,0.527,0.0,-0.053,0.0
960,28.321,674749.0,enc/smo/vf=off/lk=0,6.114,6.114,-0.699,0.53,0.0,-0.089,0.0
961,28.341,674769.0,enc/smo/vf=off/lk=0,6.114,6.114,-0.701,0.533,0.0,-0.12,0.0
962,28.361,674789.0,enc/smo/vf=off/lk=0,6.114,6.114,-0.703,0.534,0.0,-0.021,0.0
963,28.381,674809.0,enc/smo/vf=off/lk=0,6.113,6.114,-0.704,0.534,-3.292,-0.093,0.0
964,28.401,674829.0,enc/smo/vf=off/lk=0,6.114,6.113,-0.706,0.537,3.292,-0.04,0.0
965,28.421,674849.0,enc/smo/vf=off/lk=0,6.114,6.114,-0.708,0.539,0.0,-0.024,0.0
966,28.441,674869.0,enc/smo/vf=off/lk=0,6.113,6.113,-0.709,0.539,3.306,-0.088,0.0
967,28.461,674889.0,enc/smo/vf=off/lk=0,6.114,6.114,-0.711,0.542,0.0,-0.216,0.0
968,28.481,674909.0,enc/smo/vf=off/lk=0,6.114,6.114,-0.713,0.545,0.0,-0.211,0.0
969,28.501,674929.0,enc/smo/vf=off/lk=0,6.113,6.114,-0.716,0.546,-3.292,-0.121,0.0
970,28.521,674949.0,enc/smo/vf=off/lk=0,6.114,6.114,-0.719,0.55,0.0,-0.059,0.0
971,28.541,674969.0,enc/smo/vf=off/lk=0,6.114,6.114,-0.72,0.552,0.0,-0.056,0.0
972,28.561,674989.0,enc/smo/vf=off/lk=0,6.114,6.114,-0.723,0.554,-3.299,-0.155,0.0
973,28.581,675009.0,enc/smo/vf=off/lk=0,6.114,6.114,-0.725,0.556,0.0,-0.181,0.0
974,28.601,675029.0,enc/smo/vf=off/lk=0,6.114,6.114,-0.728,0.559,0.0,-0.257,0.0
975,28.621,675049.0,enc/smo/vf=off/lk=0,6.114,6.114,-0.73,0.561,0.0,-0.209,0.0
976,28.641,675069.0,enc/smo/vf=off/lk=0,6.114,6.114,-0.732,0.563,0.0,-0.049,0.0
977,28.661,675089.0,enc/smo/vf=off/lk=0,6.113,6.113,-0.735,0.565,0.0,-0.108,0.0
978,28.681,675109.0,enc/smo/vf=off/lk=0,6.114,6.114,-0.738,0.569,0.0,-0.148,0.0
979,28.701,675129.0,enc/smo/vf=off/lk=0,6.113,6.114,-0.74,0.57,-3.209,-0.22,0.0
980,28.721,675149.0,enc/smo/vf=off/lk=0,6.114,6.114,-0.741,0.573,0.0,-0.14,0.0
981,28.741,675169.0,enc/smo/vf=off/lk=0,6.113,6.114,-0.744,0.573,0.0,-0.087,0.0
982,28.761,675189.0,enc/smo/vf=off/lk=0,6.113,6.113,-0.746,0.576,0.0,-0.127,0.0
983,28.781,675209.0,enc/smo/vf=off/lk=0,6.114,6.114,-0.751,0.582,0.0,-0.259,0.0
984,28.801,675229.0,enc/smo/vf=off/lk=0,6.114,6.114,-0.755,0.586,0.0,-0.128,0.0
985,28.821,675249.0,enc/smo/vf=off/lk=0,6.113,6.114,-0.759,0.588,-3.216,-0.273,0.0
986,28.841,675269.0,enc/smo/vf=off/lk=0,6.114,6.114,-0.762,0.593,0.0,-0.241,0.0
987,28.861,675289.0,enc/smo/vf=off/lk=0,6.114,6.114,-0.765,0.596,0.0,-0.179,0.0
988,28.881,675309.0,enc/smo/vf=off/lk=0,6.113,6.113,-0.768,0.598,0.0,-0.174,0.0
989,28.901,675329.0,enc/smo/vf=off/lk=0,6.113,6.113,-0.772,0.602,3.292,-0.174,0.0
990,28.921,675349.0,enc/smo/vf=off/lk=0,6.114,6.113,-0.776,0.607,3.216,-0.231,0.0
991,28.941,675369.0,enc/smo/vf=off/lk=0,6.114,6.114,-0.781,0.612,0.0,-0.264,0.0
992,28.961,675389.0,enc/smo/vf=off/lk=0,6.114,6.114,-0.785,0.616,0.0,-0.205,0.0
993,28.981,675409.0,enc/smo/vf=off/lk=0,6.114,6.114,-0.788,0.619,0.0,-0.175,0.0
994,29.001,675429.0,enc/smo/vf=off/lk=0,6.114,6.114,-0.792,0.623,0.0,-0.158,0.0
995,29.021,675449.0,enc/smo/vf=off/lk=0,6.114,6.114,-0.797,0.628,0.0,-0.277,0.0
996,29.041,675469.0,enc/smo/vf=off/lk=0,6.113,6.113,-0.802,0.632,0.0,-0.252,0.0
997,29.061,675489.0,enc/smo/vf=off/lk=0,6.114,6.114,-0.807,0.638,0.0,-0.336,0.0
998,29.081,675509.0,enc/smo/vf=off/lk=0,6.114,6.114,-0.812,0.643,0.0,-0.211,0.0
999,29.101,675529.0,enc/smo/vf=off/lk=0,6.113,6.113,-0.817,0.647,0.0,-0.344,0.0
1000,29.121,675549.0,enc/smo/vf=off/lk=0,6.114,6.114,-0.822,0.653,0.0,-0.316,0.0
1001,29.141,675569.0,enc/smo/vf=off/lk=0,6.113,6.113,-0.827,0.656,0.0,-0.184,0.0
1002,29.161,675589.0,enc/smo/vf=off/lk=0,6.114,6.114,-0.831,0.662,0.0,-0.197,0.0
1003,29.181,675609.0,enc/smo/vf=off/lk=0,6.114,6.114,-0.837,0.668,-3.299,-0.195,0.0
1004,29.201,675629.0,enc/smo/vf=off/lk=0,6.114,6.114,-0.841,0.672,0.0,0.023,0.0
1005,29.221,675649.0,enc/smo/vf=off/lk=0,6.114,6.114,-0.846,0.677,0.0,-0.312,0.0
1006,29.241,675669.0,enc/smo/vf=off/lk=0,6.114,6.114,-0.851,0.682,0.0,-0.265,0.0
1007,29.261,675689.0,enc/smo/vf=off/lk=0,6.114,6.113,-0.856,0.688,3.25,-0.302,0.0
1008,29.281,675709.0,enc/smo/vf=off/lk=0,6.113,6.113,-0.861,0.69,0.0,-0.194,0.0
1009,29.301,675729.0,enc/smo/vf=off/lk=0,6.114,6.114,-0.866,0.698,0.0,-0.279,0.0
1010,29.321,675749.0,enc/smo/vf=off/lk=0,6.114,6.114,-0.871,0.702,0.0,-0.259,0.0
1011,29.341,675769.0,enc/smo/vf=off/lk=0,6.114,6.114,-0.876,0.707,0.0,-0.288,0.0
1012,29.361,675789.0,enc/smo/vf=off/lk=0,6.114,6.114,-0.88,0.711,0.0,-0.21,0.0
1013,29.381,675809.0,enc/smo/vf=off/lk=0,6.114,6.114,-0.884,0.715,0.0,-0.14,0.0
1014,29.401,675829.0,enc/smo/vf=off/lk=0,6.114,6.114,-0.887,0.718,0.0,-0.314,0.0
1015,29.421,675849.0,enc/smo/vf=off/lk=0,6.114,6.114,-0.889,0.721,0.0,-0.055,0.0
1016,29.441,675869.0,enc/smo/vf=off/lk=0,6.114,6.114,-0.894,0.725,0.0,-0.104,0.0
1017,29.461,675889.0,enc/smo/vf=off/lk=0,6.114,6.113,-0.896,0.728,3.306,-0.253,0.0
1018,29.481,675909.0,enc/smo/vf=off/lk=0,6.114,6.114,-0.899,0.73,0.0,-0.072,0.0
1019,29.501,675929.0,enc/smo/vf=off/lk=0,6.114,6.114,-0.9,0.731,0.0,0.022,0.0
1020,29.521,675949.0,enc/smo/vf=off/lk=0,6.114,6.114,-0.903,0.734,0.0,-0.211,0.0
1021,29.541,675969.0,enc/smo/vf=off/lk=0,6.114,6.114,-0.904,0.735,0.0,-0.072,0.0
1022,29.561,675989.0,enc/smo/vf=off/lk=0,6.113,6.113,-0.905,0.735,0.0,-0.055,0.0
1023,29.581,676009.0,enc/smo/vf=off/lk=0,6.114,6.114,-0.906,0.738,0.0,-0.047,0.0
1024,29.601,676029.0,enc/smo/vf=off/lk=0,6.114,6.114,-0.908,0.739,0.0,-0.076,0.0
1025,29.621,676049.0,enc/smo/vf=off/lk=0,6.114,6.114,-0.909,0.74,0.0,0.034,0.0
1026,29.641,676069.0,enc/smo/vf=off/lk=0,6.114,6.114,-0.91,0.741,0.0,-0.095,0.0
1027,29.661,676089.0,enc/smo/vf=off/lk=0,6.113,6.113,-0.909,0.739,3.25,0.043,0.0
1028,29.681,676109.0,enc/smo/vf=off/lk=0,6.114,6.114,-0.91,0.741,0.0,0.001,0.0
1029,29.701,676129.0,enc/smo/vf=off/lk=0,6.114,6.114,-0.911,0.743,0.0,-0.129,0.0
1030,29.721,676149.0,enc/smo/vf=off/lk=0,6.113,6.113,-0.912,0.742,0.0,-0.169,0.0
1031,29.741,676169.0,enc/smo/vf=off/lk=0,6.114,6.114,-0.913,0.744,0.0,0.085,0.0
1032,29.761,676189.0,enc/smo/vf=off/lk=0,6.114,6.114,-0.914,0.745,0.0,0.074,0.0
1033,29.781,676209.0,enc/smo/vf=off/lk=0,6.114,6.113,-0.915,0.746,3.299,0.058,0.0
1034,29.801,676229.0,enc/smo/vf=off/lk=0,6.113,6.113,-0.915,0.745,0.0,0.064,0.0
1035,29.821,676249.0,enc/smo/vf=off/lk=0,6.113,6.113,-0.915,0.745,0.0,0.047,0.0
1036,29.841,676269.0,enc/smo/vf=off/lk=0,6.114,6.114,-0.916,0.747,0.0,0.07,0.0
1037,29.861,676289.0,enc/smo/vf=off/lk=0,6.114,6.114,-0.916,0.747,0.0,-0.09,0.0
1038,29.881,676309.0,enc/smo/vf=off/lk=0,6.113,6.113,-0.916,0.745,0.0,-0.041,0.0
1039,29.901,676329.0,enc/smo/vf=off/lk=0,6.114,6.114,-0.915,0.746,0.0,0.155,0.0
1040,29.921,676349.0,enc/smo/vf=off/lk=0,6.114,6.114,-0.916,0.747,0.0,-0.086,0.0
1041,29.941,676369.0,enc/smo/vf=off/lk=0,6.114,6.114,-0.917,0.748,0.0,-0.049,0.0
1042,29.961,676389.0,enc/smo/vf=off/lk=0,6.113,6.113,-0.917,0.747,0.0,-0.054,0.0
1043,29.981,676409.0,enc/smo/vf=off/lk=0,6.114,6.114,-0.918,0.749,0.0,-0.082,0.0
1044,30.001,676429.0,enc/smo/vf=off/lk=0,6.114,6.114,-0.918,0.749,0.0,-0.15,0.0
1045,30.021,676449.0,enc/smo/vf=off/lk=0,6.114,6.114,-0.917,0.749,0.0,0.037,0.0
1046,30.041,676469.0,enc/smo/vf=off/lk=0,6.114,6.114,-0.918,0.749,0.0,0.051,0.0
1047,30.061,676489.0,enc/smo/vf=off/lk=0,6.114,6.114,-0.916,0.747,0.0,0.025,0.0
1048,30.081,676509.0,enc/smo/vf=off/lk=0,6.113,6.113,-0.914,0.744,0.0,0.031,0.0
1049,30.101,676529.0,enc/smo/vf=off/lk=0,6.114,6.114,-0.913,0.744,0.0,0.036,0.0
1050,30.121,676549.0,enc/smo/vf=off/lk=0,6.114,6.114,-0.912,0.743,0.0,0.051,0.0
1051,30.141,676569.0,enc/smo/vf=off/lk=0,6.113,6.114,-0.911,0.741,-3.292,-0.115,0.0
1052,30.161,676589.0,enc/smo/vf=off/lk=0,6.114,6.113,-0.91,0.741,0.0,0.085,0.0
1053,30.181,676609.0,enc/smo/vf=off/lk=0,6.113,6.113,-0.907,0.737,0.0,0.13,0.0
1054,30.201,676629.0,enc/smo/vf=off/lk=0,6.114,6.113,-0.906,0.737,3.15,0.106,0.0
1055,30.221,676649.0,enc/smo/vf=off/lk=0,6.113,6.113,-0.903,0.733,0.0,0.212,0.0
1056,30.241,676669.0,enc/smo/vf=off/lk=0,6.114,6.114,-0.902,0.734,0.0,0.02,0.0
1057,30.261,676689.0,enc/smo/vf=off/lk=0,6.114,6.114,-0.9,0.731,0.0,0.158,0.0
1058,30.281,676709.0,enc/smo/vf=off/lk=0,6.114,6.114,-0.898,0.73,-3.243,0.023,0.0
1059,30.301,676729.0,enc/smo/vf=off/lk=0,6.114,6.114,-0.895,0.726,0.0,0.079,0.0
1060,30.321,676749.0,enc/smo/vf=off/lk=0,6.113,6.113,-0.893,0.723,0.0,0.063,0.0
1061,30.341,676769.0,enc/smo/vf=off/lk=0,6.114,6.114,-0.892,0.723,0.0,0.084,0.0
1062,30.361,676789.0,enc/smo/vf=off/lk=0,6.114,6.114,-0.891,0.722,0.0,0.228,0.0
1063,30.381,676809.0,enc/smo/vf=off/lk=0,6.114,6.114,-0.889,0.721,0.0,0.206,0.0
1064,30.401,676829.0,enc/smo/vf=off/lk=0,6.114,6.114,-0.888,0.72,0.0,-0.106,0.0
1065,30.421,676849.0,enc/smo/vf=off/lk=0,6.113,6.114,-0.886,0.716,-3.285,0.037,0.0
1066,30.441,676869.0,enc/smo/vf=off/lk=0,6.113,6.113,-0.883,0.713,0.0,0.043,0.0
1067,30.461,676889.0,enc/smo/vf=off/lk=0,6.113,6.113,-0.882,0.711,0.0,0.236,0.0
1068,30.481,676909.0,enc/smo/vf=off/lk=0,6.114,6.114,-0.88,0.711,0.0,0.105,0.0
1069,30.501,676929.0,enc/smo/vf=off/lk=0,6.114,6.114,-0.879,0.71,0.0,-0.088,0.0
1070,30.521,676949.0,enc/smo/vf=off/lk=0,6.114,6.114,-0.876,0.707,0.0,0.235,0.0
1071,30.541,676969.0,enc/smo/vf=off/lk=0,6.114,6.114,-0.875,0.706,0.0,0.103,0.0
1072,30.561,676989.0,enc/smo/vf=off/lk=0,6.114,6.114,-0.873,0.705,0.0,-0.027,0.0
1073,30.581,677009.0,enc/smo/vf=off/lk=0,6.114,6.114,-0.872,0.703,0.0,0.167,0.0
1074,30.601,677029.0,enc/smo/vf=off/lk=0,6.114,6.114,-0.872,0.704,0.0,-0.063,0.0
1075,30.621,677049.0,enc/smo/vf=off/lk=0,6.114,6.114,-0.872,0.704,0.0,0.1,0.0
1076,30.641,677069.0,enc/smo/vf=off/lk=0,6.114,6.114,-0.872,0.703,0.0,-0.072,0.0
1077,30.661,677089.0,enc/smo/vf=off/lk=0,6.114,6.114,-0.871,0.702,0.0,0.111,0.0
1078,30.681,677109.0,enc/smo/vf=off/lk=0,6.114,6.114,-0.87,0.702,-3.299,0.049,0.0
1079,30.701,677129.0,enc/smo/vf=off/lk=0,6.114,6.114,-0.87,0.702,0.0,0.065,0.0
1080,30.721,677149.0,enc/smo/vf=off/lk=0,6.114,6.114,-0.87,0.702,0.0,0.047,0.0
1081,30.741,677169.0,enc/smo/vf=off/lk=0,6.113,6.114,-0.871,0.701,-3.229,0.039,0.0
1082,30.761,677189.0,enc/smo/vf=off/lk=0,6.113,6.114,-0.87,0.7,0.0,0.05,0.0
1083,30.781,677209.0,enc/smo/vf=off/lk=0,6.113,6.113,-0.869,0.699,0.0,0.001,0.0
1084,30.801,677229.0,enc/smo/vf=off/lk=0,6.114,6.114,-0.87,0.701,0.0,-0.058,0.0
1085,30.821,677249.0,enc/smo/vf=off/lk=0,6.114,6.114,-0.869,0.701,0.0,-0.027,0.0
1086,30.841,677269.0,enc/smo/vf=off/lk=0,6.114,6.114,-0.868,0.699,0.0,0.044,0.0
1087,30.861,677289.0,enc/smo/vf=off/lk=0,6.114,6.114,-0.868,0.699,0.0,0.093,0.0
1088,30.881,677309.0,enc/smo/vf=off/lk=0,6.114,6.114,-0.869,0.7,0.0,-0.044,0.0
1089,30.901,677329.0,enc/smo/vf=off/lk=0,6.114,6.114,-0.869,0.7,0.0,0.221,0.0
1090,30.921,677349.0,enc/smo/vf=off/lk=0,6.114,6.114,-0.872,0.703,0.0,-0.184,0.0
1091,30.941,677369.0,enc/smo/vf=off/lk=0,6.114,6.114,-0.873,0.704,0.0,-0.006,0.0
1092,30.961,677389.0,enc/smo/vf=off/lk=0,6.114,6.114,-0.873,0.704,0.0,0.012,0.0
1093,30.981,677409.0,enc/smo/vf=off/lk=0,6.113,6.113,-0.874,0.703,0.0,-0.154,0.0
1094,31.001,677429.0,enc/smo/vf=off/lk=0,6.114,6.114,-0.874,0.705,0.0,-0.011,0.0
1095,31.021,677449.0,enc/smo/vf=off/lk=0,6.113,6.113,-0.873,0.703,0.0,0.111,0.0
1096,31.041,677469.0,enc/smo/vf=off/lk=0,6.113,6.113,-0.872,0.702,0.0,0.055,0.0
1097,31.061,677489.0,enc/smo/vf=off/lk=0,6.114,6.114,-0.871,0.702,0.0,0.128,0.0
1098,31.081,677509.0,enc/smo/vf=off/lk=0,6.113,6.114,-0.872,0.702,0.0,-0.095,0.0
1099,31.101,677529.0,enc/smo/vf=off/lk=0,6.114,6.114,-0.873,0.704,0.0,-0.025,0.0
1100,31.121,677549.0,enc/smo/vf=off/lk=0,6.113,6.113,-0.874,0.704,0.0,-0.121,0.0
1101,31.141,677569.0,enc/smo/vf=off/lk=0,6.114,6.114,-0.876,0.707,0.0,-0.032,0.0
1102,31.161,677589.0,enc/smo/vf=off/lk=0,6.114,6.114,-0.877,0.709,0.0,-0.07,0.0
1103,31.181,677609.0,enc/smo/vf=off/lk=0,6.113,6.113,-0.878,0.708,3.264,-0.043,0.0
1104,31.201,677629.0,enc/smo/vf=off/lk=0,6.114,6.114,-0.879,0.71,0.0,-0.306,0.0
1105,31.221,677649.0,enc/smo/vf=off/lk=0,6.114,6.114,-0.879,0.71,0.0,0.049,0.0
1106,31.241,677669.0,enc/smo/vf=off/lk=0,6.114,6.114,-0.881,0.712,0.0,-0.052,0.0
1107,31.261,677689.0,enc/smo/vf=off/lk=0,6.113,6.113,-0.882,0.711,3.229,-0.007,0.0
1108,31.281,677709.0,enc/smo/vf=off/lk=0,6.113,6.113,-0.884,0.713,3.209,-0.11,0.0
1109,31.301,677729.0,enc/smo/vf=off/lk=0,6.114,6.113,-0.885,0.716,3.236,-0.059,0.0
1110,31.321,677749.0,enc/smo/vf=off/lk=0,6.113,6.113,-0.885,0.715,0.0,-0.048,0.0
1111,31.341,677769.0,enc/smo/vf=off/lk=0,6.114,6.114,-0.886,0.717,0.0,-0.067,0.0
1112,31.361,677789.0,enc/smo/vf=off/lk=0,6.113,6.114,-0.887,0.717,-3.25,-0.068,0.0
1113,31.381,677809.0,enc/smo/vf=off/lk=0,6.113,6.114,-0.887,0.717,0.0,-0.032,0.0
1114,31.401,677829.0,enc/smo/vf=off/lk=0,6.114,6.114,-0.887,0.719,0.0,-0.064,0.0
1115,31.421,677849.0,enc/smo/vf=off/lk=0,6.113,6.114,-0.889,0.718,0.0,-0.211,0.0
1116,31.441,677869.0,enc/smo/vf=off/lk=0,6.113,6.114,-0.889,0.719,-3.299,0.059,0.0
1117,31.461,677889.0,enc/smo/vf=off/lk=0,6.114,6.114,-0.889,0.72,-3.223,-0.001,0.0
1118,31.481,677909.0,enc/smo/vf=off/lk=0,6.114,6.114,-0.889,0.721,0.0,-0.0,0.0
1119,31.501,677929.0,enc/smo/vf=off/lk=0,6.114,6.114,-0.89,0.721,0.0,0.013,0.0
1120,31.521,677949.0,enc/smo/vf=off/lk=0,6.113,6.113,-0.89,0.72,0.0,0.232,0.0
1121,31.541,677969.0,enc/smo/vf=off/lk=0,6.114,6.114,-0.89,0.721,0.0,-0.009,0.0
1122,31.561,677989.0,enc/smo/vf=off/lk=0,6.113,6.113,-0.892,0.722,0.0,0.054,0.0
1123,31.581,678009.0,enc/smo/vf=off/lk=0,6.114,6.114,-0.894,0.725,0.0,-0.037,0.0
1124,31.601,678029.0,enc/smo/vf=off/lk=0,6.114,6.114,-0.895,0.726,0.0,-0.147,0.0
1125,31.621,678049.0,enc/smo/vf=off/lk=0,6.113,6.113,-0.897,0.727,0.0,-0.095,0.0
1126,31.641,678069.0,enc/smo/vf=off/lk=0,6.113,6.113,-0.898,0.728,0.0,-0.12,0.0
1127,31.661,678089.0,enc/smo/vf=off/lk=0,6.114,6.114,-0.901,0.732,0.0,-0.071,0.0
1128,31.681,678109.0,enc/smo/vf=off/lk=0,6.113,6.113,-0.903,0.733,0.0,-0.122,0.0
1129,31.701,678129.0,enc/smo/vf=off/lk=0,6.113,6.113,-0.906,0.736,0.0,-0.206,0.0
1130,31.721,678149.0,enc/smo/vf=off/lk=0,6.113,6.113,-0.908,0.738,0.0,-0.176,0.0
1131,31.741,678169.0,enc/smo/vf=off/lk=0,6.114,6.114,-0.911,0.742,0.0,0.039,0.0
1132,31.761,678189.0,enc/smo/vf=off/lk=0,6.114,6.114,-0.913,0.744,0.0,-0.243,0.0
1133,31.781,678209.0,enc/smo/vf=off/lk=0,6.114,6.114,-0.914,0.745,0.0,-0.091,0.0
1134,31.801,678229.0,enc/smo/vf=off/lk=0,6.114,6.114,-0.914,0.745,0.0,-0.131,0.0
1135,31.821,678249.0,enc/smo/vf=off/lk=0,6.114,6.114,-0.915,0.746,0.0,-0.041,0.0
1136,31.841,678269.0,enc/smo/vf=off/lk=0,6.114,6.114,-0.917,0.748,0.0,-0.229,0.0
1137,31.861,678289.0,enc/smo/vf=off/lk=0,6.114,6.114,-0.92,0.751,0.0,0.012,0.0
1138,31.881,678309.0,enc/smo/vf=off/lk=0,6.114,6.114,-0.921,0.753,0.0,-0.014,0.0
1139,31.901,678329.0,enc/smo/vf=off/lk=0,6.114,6.114,-0.923,0.754,0.0,-0.045,0.0
1140,31.921,678349.0,enc/smo/vf=off/lk=0,6.114,6.114,-0.924,0.755,0.0,-0.041,0.0
1141,31.941,678369.0,enc/smo/vf=off/lk=0,6.113,6.113,-0.926,0.756,0.0,-0.182,0.0
1142,31.961,678389.0,enc/smo/vf=off/lk=0,6.114,6.114,-0.031,-0.138,0.0,-0.004,0.0
1143,31.981,678409.0,enc/smo/vf=off/lk=0,6.113,6.113,-0.034,-0.136,0.0,-0.23,0.0
1144,32.001,678429.0,enc/smo/vf=off/lk=0,6.114,6.114,-0.035,-0.134,0.0,-0.153,0.0
1145,32.021,678449.0,enc/smo/vf=off/lk=0,6.114,6.114,-0.037,-0.132,0.0,-0.095,0.0
1146,32.041,678469.0,enc/smo/vf=off/lk=0,6.113,6.113,-0.039,-0.131,0.0,-0.03,0.0
1147,32.061,678489.0,enc/smo/vf=off/lk=0,6.114,6.114,-0.041,-0.128,0.0,0.183,0.0
1148,32.081,678509.0,enc/smo/vf=off/lk=0,6.113,6.113,-0.043,-0.127,0.0,-0.202,0.0
1149,32.101,678529.0,enc/smo/vf=off/lk=0,6.113,6.113,-0.045,-0.126,0.0,-0.091,0.0
1150,32.121,678549.0,enc/smo/vf=off/lk=0,6.114,6.114,-0.046,-0.123,0.0,-0.155,0.0
1151,32.141,678569.0,enc/smo/vf=off/lk=0,6.114,6.114,-0.047,-0.122,0.0,-0.192,0.0
1152,32.161,678589.0,enc/smo/vf=off/lk=0,6.114,6.114,-0.049,-0.119,0.0,-0.24,0.0
1153,32.181,678609.0,enc/smo/vf=off/lk=0,6.113,6.113,-0.049,-0.121,0.0,0.053,0.0
1154,32.201,678629.0,enc/smo/vf=off/lk=0,6.114,6.114,-0.05,-0.118,0.0,-0.31,0.0
1155,32.221,678649.0,enc/smo/vf=off/lk=0,6.114,6.114,-0.051,-0.118,0.0,-0.266,0.0
1156,32.241,678669.0,enc/smo/vf=off/lk=0,6.114,6.114,-0.051,-0.117,0.0,-0.122,0.0
1157,32.261,678689.0,enc/smo/vf=off/lk=0,6.114,6.114,-0.053,-0.116,0.0,-0.102,0.0
1158,32.281,678709.0,enc/smo/vf=off/lk=0,6.113,6.113,-0.055,-0.115,0.0,-0.022,0.0
1159,32.301,678729.0,enc/smo/vf=off/lk=0,6.114,6.114,-0.056,-0.113,0.0,-0.023,0.0
1160,32.321,678749.0,enc/smo/vf=off/lk=0,6.114,6.114,-0.057,-0.112,0.0,-0.024,0.0
1161,32.341,678769.0,enc/smo/vf=off/lk=0,6.114,6.114,-0.056,-0.112,-3.32,0.077,0.0
1162,32.361,678789.0,enc/smo/vf=off/lk=0,6.113,6.114,-0.059,-0.111,0.0,-0.027,0.0
1163,32.381,678809.0,enc/smo/vf=off/lk=0,6.113,6.113,-0.062,-0.108,0.0,-0.171,0.0
1164,32.401,678829.0,enc/smo/vf=off/lk=0,6.114,6.114,-0.063,-0.105,0.0,-0.166,0.0
1165,32.421,678849.0,enc/smo/vf=off/lk=0,6.114,6.114,-0.064,-0.105,0.0,-0.08,0.0
1166,32.441,678869.0,enc/smo/vf=off/lk=0,6.114,6.114,-0.066,-0.102,0.0,-0.02,0.0
1167,32.461,678889.0,enc/smo/vf=off/lk=0,6.113,6.113,-0.068,-0.103,0.0,-0.051,0.0
1168,32.481,678909.0,enc/smo/vf=off/lk=0,6.113,6.113,-0.069,-0.101,0.0,-0.208,0.0
1169,32.501,678929.0,enc/smo/vf=off/lk=0,6.114,6.114,-0.069,-0.099,0.0,-0.076,0.0
1170,32.521,678949.0,enc/smo/vf=off/lk=0,6.113,6.113,-0.071,-0.1,0.0,-0.148,0.0
1171,32.541,678969.0,enc/smo/vf=off/lk=0,6.114,6.114,-0.073,-0.095,0.0,-0.323,0.0
1172,32.561,678989.0,enc/smo/vf=off/lk=0,6.113,6.113,-0.074,-0.097,0.0,-0.037,0.0
1173,32.581,679009.0,enc/smo/vf=off/lk=0,6.113,6.114,-0.076,-0.095,-3.285,-0.102,0.0
1174,32.601,679029.0,enc/smo/vf=off/lk=0,6.114,6.114,-0.078,-0.091,0.0,-0.232,0.0
1175,32.621,679049.0,vf/smo/vf=on/lk=0,6.113,0.0,-0.479,0.309,0.0,-0.054,0.0
1176,32.641,679069.0,vf/smo/vf=on/lk=0,6.113,0.003,-0.48,0.31,0.076,-0.05,0.0
1177,32.661,679089.0,vf/smo/vf=on/lk=0,6.114,0.009,-0.482,0.313,0.0,-0.063,0.0
1178,32.681,679109.0,vf/smo/vf=on/lk=0,6.113,0.019,-0.482,0.312,-0.077,-0.123,0.0
1179,32.701,679129.0,vf/smo/vf=on/lk=0,6.113,0.031,-0.484,0.314,0.0,-0.115,0.0
1180,32.721,679149.0,vf/smo/vf=on/lk=0,6.114,0.047,-0.485,0.316,0.0,-0.107,0.0
1181,32.741,679169.0,vf/smo/vf=on/lk=0,6.113,0.066,-0.486,0.315,0.0,-0.044,0.0
1182,32.761,679189.0,vf/smo/vf=on/lk=0,6.113,0.088,-0.487,0.317,0.0,-0.045,0.0
1183,32.781,679209.0,vf/smo/vf=on/lk=0,6.113,0.113,-0.487,0.317,0.0,0.026,0.0
1184,32.801,679229.0,vf/smo/vf=on/lk=0,6.113,0.142,-0.487,0.317,0.0,0.037,0.0
1185,32.821,679249.0,vf/smo/vf=on/lk=0,6.113,0.173,-0.487,0.316,0.0,0.097,0.0
1186,32.841,679269.0,vf/smo/vf=on/lk=0,6.114,0.209,-0.487,0.318,0.0,-0.014,0.0
1187,32.861,679289.0,vf/smo/vf=on/lk=0,6.113,0.246,-0.486,0.316,0.0,-0.063,0.0
1188,32.881,679309.0,vf/smo/vf=on/lk=0,6.114,0.288,-0.485,0.317,0.077,0.084,0.0
1189,32.901,679329.0,vf/smo/vf=on/lk=0,6.113,0.332,-0.484,0.314,-0.077,0.092,0.0
1190,32.921,679349.0,vf/smo/vf=on/lk=0,6.113,0.38,-0.485,0.315,0.0,-0.049,0.0
1191,32.941,679369.0,vf/smo/vf=on/lk=0,6.113,0.431,-0.486,0.315,0.0,0.085,0.0
1192,32.961,679389.0,vf/smo/vf=on/lk=0,6.114,-0.413,-0.486,0.317,0.077,-0.006,0.0
1193,32.981,679409.0,vf/smo/vf=on/lk=0,6.113,-0.355,-0.485,0.315,-0.076,0.118,0.0
1194,33.001,679429.0,vf/smo/vf=on/lk=0,6.113,-0.295,-0.486,0.316,0.077,-0.077,0.0
1195,33.021,679449.0,vf/smo/vf=on/lk=0,6.114,-0.231,-0.487,0.318,0.0,0.026,0.0
1196,33.041,679469.0,vf/smo/vf=on/lk=0,6.114,-0.164,-0.486,0.317,0.0,-0.034,0.0
1197,33.061,679489.0,vf/smo/vf=on/lk=0,6.113,-0.094,-0.487,0.316,-0.077,-0.097,0.0
1198,33.081,679509.0,vf/smo/vf=on/lk=0,6.114,-0.021,-0.486,0.317,0.0,0.122,0.0
1199,33.101,679529.0,vf/smo/vf=on/lk=0,6.114,0.056,-0.485,0.317,0.074,0.043,0.0
1200,33.121,679549.0,vf/smo/vf=on/lk=0,6.113,0.136,-0.483,0.313,0.0,0.109,0.0
1201,33.141,679569.0,vf/smo/vf=on/lk=0,6.114,0.219,-0.483,0.314,-0.077,0.015,0.0
1202,33.161,679589.0,vf/smo/vf=on/lk=0,6.113,0.304,-0.484,0.314,0.0,-0.023,0.0
1203,33.181,679609.0,vf/smo/vf=on/lk=0,6.114,0.394,-0.485,0.316,0.076,-0.001,0.0
1204,33.201,679629.0,vf/smo/vf=on/lk=0,6.113,-0.411,-0.486,0.315,-0.077,-0.036,0.0
1205,33.221,679649.0,vf/smo/vf=on/lk=0,6.113,-0.314,-0.485,0.315,0.0,-0.033,0.0
1206,33.241,679669.0,vf/smo/vf=on/lk=0,6.113,-0.216,-0.485,0.315,0.0,0.001,0.0
1207,33.261,679689.0,vf/smo/vf=on/lk=0,6.114,-0.114,-0.485,0.317,0.077,0.053,0.0
1208,33.281,679709.0,vf/smo/vf=on/lk=0,6.114,-0.009,-0.487,0.318,0.0,-0.043,0.0
1209,33.301,679729.0,vf/smo/vf=on/lk=0,6.114,0.1,-0.487,0.318,0.0,-0.053,0.0
1210,33.321,679749.0,vf/smo/vf=on/lk=0,6.113,0.211,-0.489,0.318,-0.077,0.117,0.0
1211,33.341,679769.0,vf/smo/vf=on/lk=0,6.114,0.327,-0.491,0.322,0.076,-0.113,0.0
1212,33.361,679789.0,vf/smo/vf=on/lk=0,6.114,0.445,-0.493,0.325,0.0,-0.092,0.0
1213,33.381,679809.0,vf/smo/vf=on/lk=0,6.114,-0.332,-0.495,0.327,0.0,-0.115,0.0
1214,33.401,679829.0,vf/smo/vf=on/lk=0,6.114,-0.207,-0.498,0.329,0.0,-0.128,0.0
1215,33.421,679849.0,vf/smo/vf=on/lk=0,6.114,-0.08,-0.5,0.331,0.0,0.075,0.0
1216,33.441,679869.0,vf/smo/vf=on/lk=0,6.114,0.051,-0.502,0.334,-0.077,-0.154,0.0
1217,33.461,679889.0,vf/smo/vf=on/lk=0,6.113,0.186,-0.505,0.335,0.076,-0.074,0.0
1218,33.481,679909.0,vf/smo/vf=on/lk=0,6.114,0.323,-0.508,0.34,0.0,-0.177,0.0
1219,33.501,679929.0,vf/smo/vf=on/lk=0,6.113,-0.433,-0.51,0.34,-0.076,-0.059,0.0
1220,33.521,679949.0,vf/smo/vf=on/lk=0,6.114,-0.29,-0.512,0.343,0.077,-0.039,0.0
1221,33.541,679969.0,vf/smo/vf=on/lk=0,6.114,-0.144,-0.517,0.348,0.0,-0.185,0.0
1222,33.561,679989.0,vf/smo/vf=on/lk=0,6.113,0.008,-0.52,0.35,-0.076,-0.2,0.0
1223,33.581,680009.0,vf/smo/vf=on/lk=0,6.114,0.16,-0.525,0.356,0.077,-0.077,0.0
1224,33.601,680029.0,vf/smo/vf=on/lk=0,6.113,0.316,-0.527,0.357,0.0,-0.124,0.0
1225,33.621,680049.0,vf/smo/vf=on/lk=0,6.114,-0.423,-0.53,0.361,0.0,-0.106,0.0
1226,33.641,680069.0,vf/smo/vf=on/lk=0,6.114,-0.258,-0.533,0.364,0.0,-0.131,0.0
1227,33.661,680089.0,vf/smo/vf=on/lk=0,6.113,-0.093,-0.535,0.365,-0.077,-0.106,0.0
1228,33.681,680109.0,vf/smo/vf=on/lk=0,6.113,0.076,-0.538,0.367,0.0,-0.162,0.0
1229,33.701,680129.0,vf/smo/vf=on/lk=0,6.114,0.25,-0.542,0.373,0.076,-0.12,0.0
1230,33.721,680149.0,vf/smo/vf=on/lk=0,6.113,0.425,-0.544,0.374,0.0,-0.056,0.0
1231,33.741,680169.0,vf/smo/vf=on/lk=0,6.113,-0.295,-0.547,0.377,-0.077,-0.115,0.0
1232,33.761,680189.0,vf/smo/vf=on/lk=0,6.114,-0.111,-0.551,0.382,0.076,-0.174,0.0
1233,33.781,680209.0,vf/smo/vf=on/lk=0,6.114,0.074,-0.555,0.386,0.0,-0.179,0.0
1234,33.801,680229.0,vf/smo/vf=on/lk=0,6.113,0.262,-0.558,0.387,-0.077,-0.089,0.0
1235,33.821,680249.0,vf/smo/vf=on/lk=0,6.114,-0.442,-0.561,0.392,0.076,-0.165,0.0
1236,33.841,680269.0,vf/smo/vf=on/lk=0,6.114,-0.248,-0.564,0.395,0.0,-0.239,0.0
1237,33.861,680289.0,vf/smo/vf=on/lk=0,6.114,-0.051,-0.567,0.398,-0.077,-0.164,0.0
1238,33.881,680309.0,vf/smo/vf=on/lk=0,6.113,0.15,-0.57,0.399,0.0,-0.18,0.0
1239,33.901,680329.0,vf/smo/vf=on/lk=0,6.114,0.356,-0.572,0.404,0.076,-0.118,0.0
1240,33.921,680349.0,vf/smo/vf=on/lk=0,6.113,-0.334,-0.576,0.406,-0.077,-0.104,0.0
1241,33.941,680369.0,vf/smo/vf=on/lk=0,6.114,-0.124,-0.579,0.411,0.077,-0.216,0.0
1242,33.961,680389.0,vf/smo/vf=on/lk=0,6.113,0.089,-0.583,0.413,0.0,-0.164,0.0
1243,33.981,680409.0,vf/smo/vf=on/lk=0,6.113,0.308,-0.586,0.416,-0.076,-0.217,0.0
1244,34.001,680429.0,vf/smo/vf=on/lk=0,6.114,-0.37,-0.59,0.421,0.077,-0.157,0.0
1245,34.021,680449.0,vf/smo/vf=on/lk=0,6.113,-0.144,-0.594,0.423,-0.076,-0.107,0.0
1246,34.041,680469.0,vf/smo/vf=on/lk=0,6.113,0.082,-0.598,0.428,0.077,-0.142,0.0
1247,34.061,680489.0,vf/smo/vf=on/lk=0,6.113,0.311,-0.603,0.433,-0.077,-0.226,0.0
1248,34.081,680509.0,vf/smo/vf=on/lk=0,6.114,-0.354,-0.606,0.437,0.077,-0.206,0.0
1249,34.101,680529.0,vf/smo/vf=on/lk=0,6.114,-0.115,-0.61,0.441,0.0,-0.245,0.0
1250,34.121,680549.0,vf/smo/vf=on/lk=0,6.113,0.124,-0.615,0.444,-0.077,-0.227,0.0
1251,34.141,680569.0,vf/smo/vf=on/lk=0,6.113,0.366,-0.619,0.449,0.0,-0.223,0.0
1252,34.161,680589.0,vf/smo/vf=on/lk=0,6.114,-0.287,-0.624,0.455,0.077,-0.286,0.0
1253,34.181,680609.0,vf/smo/vf=on/lk=0,6.113,-0.035,-0.629,0.458,-0.076,-0.227,0.0
1254,34.201,680629.0,vf/smo/vf=on/lk=0,6.113,0.217,-0.632,0.462,0.077,-0.273,0.0
1255,34.221,680649.0,vf/smo/vf=on/lk=0,6.113,-0.425,-0.637,0.467,-0.077,-0.206,0.0
1256,34.241,680669.0,vf/smo/vf=on/lk=0,6.113,-0.167,-0.64,0.47,0.0,-0.211,0.0
1257,34.261,680689.0,vf/smo/vf=on/lk=0,6.114,0.094,-0.643,0.474,0.077,-0.205,0.0
1258,34.281,680709.0,vf/smo/vf=on/lk=0,6.114,0.362,-0.646,0.478,0.0,-0.173,0.0
1259,34.301,680729.0,vf/smo/vf=on/lk=0,6.114,-0.268,-0.651,0.482,0.0,-0.284,0.0
1260,34.321,680749.0,vf/smo/vf=on/lk=0,6.113,0.003,-0.656,0.485,-0.077,-0.231,0.0
1261,34.341,680769.0,vf/smo/vf=on/lk=0,6.114,0.28,-0.66,0.492,0.076,-0.236,0.0
1262,34.361,680789.0,vf/smo/vf=on/lk=0,6.114,-0.34,-0.666,0.497,0.0,-0.192,0.0
1263,34.381,680809.0,vf/smo/vf=on/lk=0,6.114,-0.06,-0.67,0.502,0.0,-0.235,0.0
1264,34.401,680829.0,vf/smo/vf=on/lk=0,6.113,0.227,-0.675,0.505,-0.076,-0.23,0.0
1265,34.421,680849.0,vf/smo/vf=on/lk=0,6.114,-0.384,-0.681,0.512,0.077,-0.286,0.0
1266,34.441,680869.0,vf/smo/vf=on/lk=0,6.113,-0.094,-0.685,0.514,-0.075,-0.254,0.0
1267,34.461,680889.0,vf/smo/vf=on/lk=0,6.114,0.2,-0.689,0.52,0.079,-0.231,0.0
1268,34.481,680909.0,vf/smo/vf=on/lk=0,6.114,-0.401,-0.693,0.525,0.0,-0.228,0.0
1269,34.501,680929.0,vf/smo/vf=on/lk=0,6.114,-0.097,-0.699,0.53,0.0,-0.165,0.0
1270,34.521,680949.0,vf/smo/vf=on/lk=0,6.113,0.205,-0.705,0.535,-0.077,-0.237,0.0
1271,34.541,680969.0,vf/smo/vf=on/lk=0,6.114,-0.386,-0.71,0.541,0.077,-0.212,0.0
1272,34.561,680989.0,vf/smo/vf=on/lk=0,6.114,-0.076,-0.715,0.546,0.0,-0.24,0.0
1273,34.581,681009.0,vf/smo/vf=on/lk=0,6.113,0.236,-0.719,0.549,-0.077,-0.249,0.0
1274,34.601,681029.0,vf/smo/vf=on/lk=0,6.114,-0.346,-0.724,0.555,0.077,-0.221,0.0
1275,34.621,681049.0,vf/smo/vf=on/lk=0,6.113,-0.023,-0.729,0.559,0.0,-0.264,0.0
1276,34.641,681069.0,vf/smo/vf=on/lk=0,6.114,0.298,-0.734,0.565,0.0,-0.234,0.0
1277,34.661,681089.0,vf/smo/vf=on/lk=0,6.114,-0.274,-0.738,0.57,0.0,-0.243,0.0
1278,34.681,681109.0,vf/smo/vf=on/lk=0,6.113,0.055,-0.743,0.573,-0.077,-0.321,0.0
1279,34.701,681129.0,vf/smo/vf=on/lk=0,6.113,0.391,-0.748,0.578,0.0,-0.269,0.0
1280,34.721,681149.0,vf/smo/vf=on/lk=0,6.113,-0.172,-0.752,0.582,0.0,-0.175,0.0
1281,34.741,681169.0,vf/smo/vf=on/lk=0,6.113,0.165,-0.756,0.586,0.0,-0.253,0.0
1282,34.761,681189.0,vf/smo/vf=on/lk=0,6.114,-0.391,-0.761,0.592,0.076,-0.391,0.0
1283,34.781,681209.0,vf/smo/vf=on/lk=0,6.114,-0.044,-0.766,0.597,0.0,-0.195,0.0
1284,34.801,681229.0,vf/smo/vf=on/lk=0,6.114,0.303,-0.771,0.602,0.0,-0.26,0.0
1285,34.821,681249.0,vf/smo/vf=on/lk=0,6.113,-0.239,-0.776,0.606,-0.076,-0.237,0.0
1286,34.841,681269.0,vf/smo/vf=on/lk=0,6.113,0.114,-0.781,0.611,0.077,-0.17,0.0
1287,34.861,681289.0,vf/smo/vf=on/lk=0,6.113,-0.426,-0.786,0.616,-0.077,-0.228,0.0
1288,34.881,681309.0,vf/smo/vf=on/lk=0,6.114,-0.066,-0.791,0.622,0.0,-0.246,0.0
1289,34.901,681329.0,vf/smo/vf=on/lk=0,6.113,0.299,-0.795,0.625,0.077,-0.26,0.0
1290,34.921,681349.0,vf/smo/vf=on/lk=0,6.114,-0.231,-0.801,0.632,0.0,-0.21,0.0
1291,34.941,681369.0,vf/smo/vf=on/lk=0,6.114,0.138,-0.806,0.637,0.0,-0.304,0.0
1292,34.961,681389.0,vf/smo/vf=on/lk=0,6.113,-0.382,-0.811,0.64,0.0,-0.303,0.0
1293,34.981,681409.0,vf/smo/vf=on/lk=0,6.114,-0.007,-0.816,0.647,0.0,-0.224,0.0
1294,35.001,681429.0,vf/smo/vf=on/lk=0,6.114,0.376,-0.821,0.653,0.0,-0.265,0.0
1295,35.021,681449.0,vf/smo/vf=on/lk=0,6.114,-0.142,-0.827,0.658,0.0,-0.281,0.0
1296,35.041,681469.0,vf/smo/vf=on/lk=0,6.113,0.248,-0.834,0.664,-0.076,-0.206,0.0
1297,35.061,681489.0,vf/smo/vf=on/lk=0,6.113,-0.257,-0.84,0.67,0.0,-0.258,0.0
1298,35.081,681509.0,vf/smo/vf=on/lk=0,6.114,0.131,-0.846,0.678,0.078,-0.3,0.0
1299,35.101,681529.0,vf/smo/vf=on/lk=0,6.114,-0.368,-0.853,0.684,0.0,-0.237,0.0
1300,35.121,681549.0,vf/smo/vf=on/lk=0,6.114,0.034,-0.859,0.69,0.0,-0.277,0.0
1301,35.141,681569.0,vf/smo/vf=on/lk=0,6.113,0.439,-0.865,0.695,-0.076,-0.393,0.0
1302,35.161,681589.0,vf/smo/vf=on/lk=0,6.114,-0.057,-0.872,0.703,0.078,-0.374,0.0
1303,35.181,681609.0,vf/smo/vf=on/lk=0,6.113,0.354,-0.88,0.71,-0.076,-0.29,0.0
1304,35.201,681629.0,vf/smo/vf=on/lk=0,6.114,-0.129,-0.887,0.718,0.076,-0.326,0.0
1305,35.221,681649.0,vf/smo/vf=on/lk=0,6.113,0.284,-0.893,0.723,-0.077,-0.309,0.0
1306,35.241,681669.0,vf/smo/vf=on/lk=0,6.113,-0.193,-0.901,0.73,0.076,-0.373,0.0
1307,35.261,681689.0,vf/smo/vf=on/lk=0,6.113,0.225,-0.908,0.738,-0.078,-0.269,0.0
1308,35.281,681709.0,vf/smo/vf=on/lk=0,6.113,-0.245,-0.916,0.745,0.0,-0.314,0.0
1309,35.301,681729.0,vf/smo/vf=on/lk=0,6.114,0.185,-0.923,0.755,0.0,-0.43,0.0
1310,35.321,681749.0,vf/smo/vf=on/lk=0,6.113,-0.28,-0.032,-0.139,0.0,-0.365,0.0
1311,35.341,681769.0,vf/smo/vf=on/lk=0,6.113,0.152,-0.037,-0.133,0.0,-0.295,0.0
1312,35.361,681789.0,vf/smo/vf=on/lk=0,6.114,-0.304,-0.045,-0.124,0.076,-0.357,0.0
1313,35.381,681809.0,vf/smo/vf=on/lk=0,6.113,0.135,-0.052,-0.118,0.0,-0.332,0.0
1314,35.401,681829.0,vf/smo/vf=on/lk=0,6.114,-0.32,-0.058,-0.111,0.0,-0.374,0.0
1315,35.421,681849.0,vf/smo/vf=on/lk=0,6.114,0.132,-0.065,-0.104,0.0,-0.282,0.0
1316,35.441,681869.0,vf/smo/vf=on/lk=0,6.114,-0.318,-0.071,-0.098,0.0,-0.284,0.0
1317,35.461,681889.0,vf/smo/vf=on/lk=0,6.114,0.134,-0.077,-0.092,0.0,-0.27,0.0
1318,35.481,681909.0,vf/smo/vf=on/lk=0,6.114,-0.302,-0.083,-0.086,0.0,-0.309,0.0
1319,35.501,681929.0,vf/smo/vf=on/lk=0,6.114,0.157,-0.089,-0.08,0.0,-0.318,0.0
1320,35.521,681949.0,vf/smo/vf=on/lk=0,6.114,-0.28,-0.095,-0.074,0.0,-0.289,0.0
1321,35.541,681969.0,vf/smo/vf=on/lk=0,6.113,0.192,-0.102,-0.069,-0.076,-0.38,0.0
1322,35.561,681989.0,vf/smo/vf=on/lk=0,6.114,-0.238,-0.108,-0.061,0.077,-0.297,0.0
1323,35.581,682009.0,vf/smo/vf=on/lk=0,6.113,0.234,-0.114,-0.056,0.0,-0.339,0.0
1324,35.601,682029.0,vf/smo/vf=on/lk=0,6.114,-0.183,-0.121,-0.047,0.0,-0.307,0.0
1325,35.621,682049.0,vf/smo/vf=on/lk=0,6.113,0.295,-0.129,-0.042,-0.077,-0.295,0.0
1326,35.641,682069.0,vf/smo/vf=on/lk=0,6.114,-0.122,-0.135,-0.034,0.077,-0.326,0.0
1327,35.661,682089.0,vf/smo/vf=on/lk=0,6.114,0.369,-0.142,-0.027,0.0,-0.408,0.0
1328,35.681,682109.0,vf/smo/vf=on/lk=0,6.114,-0.044,-0.147,-0.022,0.0,-0.23,0.0
1329,35.701,682129.0,vf/smo/vf=on/lk=0,6.114,-0.447,-0.152,-0.016,0.0,-0.265,0.0
1330,35.721,682149.0,vf/smo/vf=on/lk=0,6.114,0.051,-0.157,-0.012,0.0,-0.2,0.0
1331,35.741,682169.0,vf/smo/vf=on/lk=0,6.114,-0.354,-0.163,-0.005,0.0,-0.322,0.0
1332,35.761,682189.0,vf/smo/vf=on/lk=0,6.113,0.15,-0.17,0.0,-0.076,-0.26,0.0
1333,35.781,682209.0,vf/smo/vf=on/lk=0,6.114,-0.24,-0.177,0.008,0.076,-0.265,0.0
1334,35.801,682229.0,vf/smo/vf=on/lk=0,6.113,0.271,-0.184,0.014,0.0,-0.325,0.0
1335,35.821,682249.0,vf/smo/vf=on/lk=0,6.114,-0.12,-0.191,0.022,0.0,-0.387,0.0
1336,35.841,682269.0,vf/smo/vf=on/lk=0,6.113,0.397,-0.198,0.028,-0.076,-0.31,0.0
1337,35.861,682289.0,vf/smo/vf=on/lk=0,6.113,0.02,-0.205,0.034,0.0,-0.305,0.0
1338,35.881,682309.0,vf/smo/vf=on/lk=0,6.113,-0.362,-0.211,0.041,0.0,-0.297,0.0
1339,35.901,682329.0,vf/smo/vf=on/lk=0,6.114,0.165,-0.219,0.05,0.0,-0.414,0.0
1340,35.921,682349.0,vf/smo/vf=on/lk=0,6.114,-0.203,-0.225,0.056,0.076,-0.276,0.0
1341,35.941,682369.0,vf/smo/vf=on/lk=0,6.113,0.33,-0.23,0.059,-0.076,-0.336,0.0
1342,35.961,682389.0,vf/smo/vf=on/lk=0,6.113,-0.039,-0.235,0.065,0.0,-0.232,0.0
1343,35.981,682409.0,vf/smo/vf=on/lk=0,6.113,-0.398,-0.241,0.071,0.0,-0.26,0.0
1344,36.001,682429.0,vf/smo/vf=on/lk=0,6.113,0.144,-0.246,0.075,0.0,-0.287,0.0
1345,36.021,682449.0,vf/smo/vf=on/lk=0,6.114,-0.208,-0.251,0.082,0.076,-0.343,0.0
1346,36.041,682469.0,vf/smo/vf=on/lk=0,6.113,0.333,-0.256,0.086,-0.077,-0.326,0.0
1347,36.061,682489.0,vf/smo/vf=on/lk=0,6.114,-0.011,-0.263,0.094,0.076,-0.358,0.0
1348,36.081,682509.0,vf/smo/vf=on/lk=0,6.114,-0.353,-0.269,0.1,0.0,-0.309,0.0
1349,36.101,682529.0,vf/smo/vf=on/lk=0,6.113,0.205,-0.274,0.104,-0.076,-0.287,0.0
1350,36.121,682549.0,vf/smo/vf=on/lk=0,6.113,-0.138,-0.281,0.11,0.0,-0.236,0.0
1351,36.141,682569.0,vf/smo/vf=on/lk=0,6.114,0.423,-0.286,0.117,0.077,-0.304,0.0
1352,36.161,682589.0,vf/smo/vf=on/lk=0,6.114,0.095,-0.292,0.124,0.0,-0.249,0.0
1353,36.181,682609.0,vf/smo/vf=on/lk=0,6.113,-0.231,-0.299,0.129,0.0,-0.25,0.0
1354,36.201,682629.0,vf/smo/vf=on/lk=0,6.114,0.333,-0.304,0.135,-0.077,-0.337,0.0
1355,36.221,682649.0,vf/smo/vf=on/lk=0,6.113,0.017,-0.31,0.14,0.0,-0.287,0.0
1356,36.241,682669.0,vf/smo/vf=on/lk=0,6.113,-0.299,-0.316,0.145,0.076,-0.294,0.0
1357,36.261,682689.0,vf/smo/vf=on/lk=0,6.114,0.281,-0.322,0.153,0.0,-0.27,0.0
1358,36.281,682709.0,vf/smo/vf=on/lk=0,6.113,-0.028,-0.327,0.157,-0.076,-0.315,0.0
1359,36.301,682729.0,vf/smo/vf=on/lk=0,6.114,-0.343,-0.332,0.163,0.077,-0.238,0.0
1360,36.321,682749.0,vf/smo/vf=on/lk=0,6.113,0.251,-0.337,0.167,-0.076,-0.239,0.0
1361,36.341,682769.0,vf/smo/vf=on/lk=0,6.113,-0.048,-0.342,0.172,0.076,-0.257,0.0
1362,36.361,682789.0,vf/smo/vf=on/lk=0,6.114,-0.349,-0.347,0.178,0.0,-0.265,0.0
1363,36.381,682809.0,vf/smo/vf=on/lk=0,6.113,0.246,-0.352,0.182,-0.077,-0.313,0.0
1364,36.401,682829.0,vf/smo/vf=on/lk=0,6.113,-0.049,-0.357,0.187,0.0,-0.258,0.0
1365,36.421,682849.0,vf/smo/vf=on/lk=0,6.113,-0.344,-0.362,0.192,0.0,-0.304,0.0
1366,36.441,682869.0,vf/smo/vf=on/lk=0,6.114,0.253,-0.368,0.199,0.077,-0.262,0.0
1367,36.461,682889.0,vf/smo/vf=on/lk=0,6.113,-0.047,-0.374,0.204,-0.075,-0.324,0.0
1368,36.481,682909.0,vf/smo/vf=on/lk=0,6.113,-0.343,-0.38,0.21,0.0,-0.303,0.0
1369,36.501,682929.0,vf/smo/vf=on/lk=0,6.114,0.254,-0.384,0.216,0.077,-0.208,0.0
1370,36.521,682949.0,vf/smo/vf=on/lk=0,6.113,-0.037,-0.39,0.22,-0.076,-0.258,0.0
1371,36.541,682969.0,vf/smo/vf=on/lk=0,6.113,-0.337,-0.396,0.226,0.077,-0.264,0.0
1372,36.561,682989.0,vf/smo/vf=on/lk=0,6.113,0.261,-0.401,0.23,-0.077,-0.246,0.0
1373,36.581,683009.0,vf/smo/vf=on/lk=0,6.114,-0.035,-0.405,0.236,0.076,-0.227,0.0
1374,36.601,683029.0,vf/smo/vf=on/lk=0,6.113,-0.333,-0.411,0.241,-0.077,-0.237,0.0
1375,36.621,683049.0,vf/smo/vf=on/lk=0,6.113,0.265,-0.416,0.246,0.0,-0.233,0.0
1376,36.641,683069.0,vf/smo/vf=on/lk=0,6.114,-0.027,-0.421,0.252,0.076,-0.202,0.0
1377,36.661,683089.0,vf/smo/vf=on/lk=0,6.113,-0.326,-0.426,0.256,-0.077,-0.276,0.0
1378,36.681,683109.0,vf/smo/vf=on/lk=0,6.113,0.271,-0.431,0.26,0.0,-0.33,0.0
1379,36.701,683129.0,vf/smo/vf=on/lk=0,6.114,-0.024,-0.434,0.266,0.076,-0.201,0.0
1380,36.721,683149.0,vf/smo/vf=on/lk=0,6.113,-0.322,-0.438,0.268,-0.077,-0.269,0.0
1381,36.741,683169.0,vf/smo/vf=on/lk=0,6.114,0.275,-0.441,0.273,0.077,-0.224,0.0
1382,36.761,683189.0,vf/smo/vf=on/lk=0,6.113,-0.016,-0.446,0.276,-0.076,-0.237,0.0
1383,36.781,683209.0,vf/smo/vf=on/lk=0,6.114,-0.316,-0.451,0.282,0.077,-0.158,0.0
1384,36.801,683229.0,vf/smo/vf=on/lk=0,6.113,0.281,-0.456,0.286,-0.077,-0.171,0.0
1385,36.821,683249.0,vf/smo/vf=on/lk=0,6.113,-0.014,-0.46,0.29,0.076,-0.177,0.0
1386,36.841,683269.0,vf/smo/vf=on/lk=0,6.113,-0.313,-0.464,0.294,-0.077,-0.141,0.0
1387,36.861,683289.0,vf/smo/vf=on/lk=0,6.113,0.284,-0.469,0.299,0.0,-0.301,0.0
1388,36.881,683309.0,vf/smo/vf=on/lk=0,6.114,-0.008,-0.473,0.304,0.076,-0.221,0.0
1389,36.901,683329.0,vf/smo/vf=on/lk=0,6.113,-0.308,-0.476,0.306,-0.077,-0.245,0.0
1390,36.921,683349.0,vf/smo/vf=on/lk=0,6.114,0.289,-0.48,0.311,0.0,-0.159,0.0
1391,36.941,683369.0,vf/smo/vf=on/lk=0,6.113,-0.003,-0.485,0.315,0.0,-0.15,0.0
1392,36.961,683389.0,vf/smo/vf=on/lk=0,6.113,-0.304,-0.489,0.319,0.0,-0.252,0.0
1393,36.981,683409.0,vf/smo/vf=on/lk=0,6.113,0.293,-0.492,0.321,0.0,-0.166,0.0
1394,37.001,683429.0,vf/smo/vf=on/lk=0,6.113,0.0,-0.495,0.325,0.0,-0.206,0.0
1395,37.021,683449.0,vf/smo/vf=on/lk=0,6.113,-0.301,-0.499,0.329,0.0,-0.195,0.0
1396,37.041,683469.0,vf/smo/vf=on/lk=0,6.114,0.305,-0.503,0.335,0.076,-0.225,0.0
1397,37.061,683489.0,vf/smo/vf=on/lk=0,6.114,0.005,-0.507,0.338,0.0,-0.189,0.0
1398,37.081,683509.0,vf/smo/vf=on/lk=0,6.114,-0.296,-0.511,0.342,0.0,-0.19,0.0
1399,37.101,683529.0,vf/smo/vf=on/lk=0,6.114,0.309,-0.514,0.345,0.0,-0.194,0.0
1400,37.121,683549.0,vf/smo/vf=on/lk=0,6.113,0.008,-0.518,0.348,0.0,-0.191,0.0
1401,37.141,683569.0,vf/smo/vf=on/lk=0,6.114,-0.293,-0.521,0.352,0.0,-0.102,0.0
1402,37.161,683589.0,vf/smo/vf=on/lk=0,6.113,0.313,-0.525,0.355,-0.076,-0.151,0.0
1403,37.181,683609.0,vf/smo/vf=on/lk=0,6.114,0.013,-0.53,0.361,0.077,-0.227,0.0
1404,37.201,683629.0,vf/smo/vf=on/lk=0,6.114,-0.286,-0.534,0.365,-0.077,-0.147,0.0
1405,37.221,683649.0,vf/smo/vf=on/lk=0,6.113,0.313,-0.539,0.368,0.0,-0.243,0.0
1406,37.241,683669.0,vf/smo/vf=on/lk=0,6.114,0.023,-0.543,0.374,0.0,-0.084,0.0
1407,37.261,683689.0,vf/smo/vf=on/lk=0,6.114,-0.278,-0.548,0.379,0.077,-0.253,0.0
1408,37.281,683709.0,vf/smo/vf=on/lk=0,6.114,0.32,-0.551,0.383,0.0,-0.18,0.0
1409,37.301,683729.0,vf/smo/vf=on/lk=0,6.113,0.021,-0.555,0.385,-0.077,-0.23,0.0
1410,37.321,683749.0,vf/smo/vf=on/lk=0,6.113,-0.278,-0.561,0.391,0.0,-0.242,0.0
1411,37.341,683769.0,vf/smo/vf=on/lk=0,6.114,0.328,-0.567,0.398,0.076,-0.252,0.0
1412,37.361,683789.0,vf/smo/vf=on/lk=0,6.114,0.029,-0.571,0.403,0.0,-0.24,0.0
1413,37.381,683809.0,vf/smo/vf=on/lk=0,6.113,-0.271,-0.577,0.407,-0.077,-0.234,0.0
1414,37.401,683829.0,vf/smo/vf=on/lk=0,6.114,0.327,-0.583,0.415,0.077,-0.229,0.0
1415,37.421,683849.0,vf/smo/vf=on/lk=0,6.114,0.029,-0.589,0.421,0.0,-0.331,0.0
1416,37.441,683869.0,vf/smo/vf=on/lk=0,6.114,-0.264,-0.595,0.427,0.0,-0.267,0.0
1417,37.461,683889.0,vf/smo/vf=on/lk=0,6.114,0.333,-0.6,0.431,0.0,-0.255,0.0
1418,37.481,683909.0,vf/smo/vf=on/lk=0,6.113,0.033,-0.604,0.434,-0.077,-0.25,0.0
1419,37.501,683929.0,vf/smo/vf=on/lk=0,6.113,-0.258,-0.61,0.439,0.0,-0.233,0.0
1420,37.521,683949.0,vf/smo/vf=on/lk=0,6.114,0.34,-0.616,0.447,0.077,-0.32,0.0
1421,37.541,683969.0,vf/smo/vf=on/lk=0,6.114,0.041,-0.621,0.452,0.0,-0.254,0.0
1422,37.561,683989.0,vf/smo/vf=on/lk=0,6.114,-0.259,-0.626,0.457,0.0,-0.277,0.0
1423,37.581,684009.0,vf/smo/vf=on/lk=0,6.113,0.347,-0.632,0.462,0.0,-0.286,0.0
1424,37.601,684029.0,vf/smo/vf=on/lk=0,6.114,0.047,-0.637,0.469,0.0,-0.311,0.0
1425,37.621,684049.0,vf/smo/vf=on/lk=0,6.113,-0.253,-0.644,0.474,-0.077,-0.302,0.0
1426,37.641,684069.0,vf/smo/vf=on/lk=0,6.114,0.346,-0.649,0.48,0.077,-0.261,0.0
1427,37.661,684089.0,vf/smo/vf=on/lk=0,6.113,0.056,-0.656,0.486,-0.076,-0.28,0.0
1428,37.681,684109.0,vf/smo/vf=on/lk=0,6.114,-0.244,-0.663,0.494,0.077,-0.331,0.0
1429,37.701,684129.0,vf/smo/vf=on/lk=0,6.113,0.354,-0.669,0.499,-0.077,-0.254,0.0
1430,37.721,684149.0,vf/smo/vf=on/lk=0,6.114,0.055,-0.675,0.506,0.077,-0.367,0.0
1431,37.741,684169.0,vf/smo/vf=on/lk=0,6.114,-0.245,-0.681,0.512,0.0,-0.274,0.0
1432,37.761,684189.0,vf/smo/vf=on/lk=0,6.114,0.361,-0.687,0.518,0.0,-0.319,0.0
1433,37.781,684209.0,vf/smo/vf=on/lk=0,6.114,0.061,-0.691,0.522,0.0,-0.248,0.0
1434,37.801,684229.0,vf/smo/vf=on/lk=0,6.113,-0.239,-0.696,0.526,-0.077,-0.237,0.0
1435,37.821,684249.0,vf/smo/vf=on/lk=0,6.113,0.368,-0.701,0.53,0.0,-0.147,0.0
1436,37.841,684269.0,vf/smo/vf=on/lk=0,6.114,0.068,-0.706,0.537,0.077,-0.303,0.0
1437,37.861,684289.0,vf/smo/vf=on/lk=0,6.114,-0.231,-0.711,0.542,0.0,-0.225,0.0
1438,37.881,684309.0,vf/smo/vf=on/lk=0,6.114,0.365,-0.715,0.546,0.0,-0.178,0.0
1439,37.901,684329.0,vf/smo/vf=on/lk=0,6.113,0.074,-0.72,0.55,-0.076,-0.281,0.0
1440,37.921,684349.0,vf/smo/vf=on/lk=0,6.113,-0.225,-0.725,0.555,0.0,-0.163,0.0
1441,37.941,684369.0,vf/smo/vf=on/lk=0,6.113,0.377,-0.73,0.56,0.0,-0.211,0.0
1442,37.961,684389.0,vf/smo/vf=on/lk=0,6.113,0.078,-0.734,0.564,0.0,-0.222,0.0
1443,37.981,684409.0,vf/smo/vf=on/lk=0,6.113,-0.223,-0.738,0.568,0.0,-0.219,0.0
1444,38.001,684429.0,vf/smo/vf=on/lk=0,6.114,0.383,-0.743,0.574,0.076,-0.225,0.0
1445,38.021,684449.0,vf/smo/vf=on/lk=0,6.113,0.083,-0.749,0.578,-0.077,-0.334,0.0
1446,38.041,684469.0,vf/smo/vf=on/lk=0,6.113,-0.216,-0.755,0.584,0.0,-0.255,0.0
1447,38.061,684489.0,vf/smo/vf=on/lk=0,6.113,0.386,-0.761,0.591,0.076,-0.295,0.0
1448,38.081,684509.0,vf/smo/vf=on/lk=0,6.114,0.089,-0.766,0.597,0.0,-0.292,0.0
1449,38.101,684529.0,vf/smo/vf=on/lk=0,6.113,-0.212,-0.773,0.603,-0.077,-0.373,0.0
1450,38.121,684549.0,vf/smo/vf=on/lk=0,6.113,0.386,-0.78,0.609,0.0,-0.417,0.0
1451,38.141,684569.0,vf/smo/vf=on/lk=0,6.113,0.094,-0.785,0.615,0.0,-0.244,0.0
1452,38.161,684589.0,vf/smo/vf=on/lk=0,6.113,-0.207,-0.792,0.622,0.0,-0.256,0.0
1453,38.181,684609.0,vf/smo/vf=on/lk=0,6.113,0.391,-0.798,0.628,0.0,-0.242,0.0
1454,38.201,684629.0,vf/smo/vf=on/lk=0,6.113,0.095,-0.804,0.633,0.0,-0.375,0.0
1455,38.221,684649.0,vf/smo/vf=on/lk=0,6.114,-0.204,-0.809,0.64,0.0,-0.282,0.0
1456,38.241,684669.0,vf/smo/vf=on/lk=0,6.113,0.393,-0.815,0.645,0.0,-0.317,0.0
1457,38.261,684689.0,vf/smo/vf=on/lk=0,6.113,0.098,-0.821,0.651,0.0,-0.305,0.0
1458,38.281,684709.0,vf/smo/vf=on/lk=0,6.113,-0.197,-0.827,0.657,0.0,-0.262,0.0
1459,38.301,684729.0,vf/smo/vf=on/lk=0,6.114,0.401,-0.833,0.664,0.077,-0.322,0.0
1460,38.321,684749.0,vf/smo/vf=on/lk=0,6.114,0.109,-0.839,0.67,0.0,-0.357,0.0
1461,38.341,684769.0,vf/smo/vf=on/lk=0,6.114,-0.196,-0.845,0.676,0.0,-0.365,0.0
1462,38.361,684789.0,vf/smo/vf=on/lk=0,6.114,0.407,-0.851,0.682,-0.076,-0.337,0.0
1463,38.381,684809.0,vf/smo/vf=on/lk=0,6.113,0.113,-0.858,0.687,0.0,-0.344,0.0
1464,38.401,684829.0,vf/smo/vf=on/lk=0,6.113,-0.192,-0.864,0.693,0.0,-0.244,0.0
1465,38.421,684849.0,vf/smo/vf=on/lk=0,6.114,0.41,-0.87,0.701,0.076,-0.355,0.0
1466,38.441,684869.0,vf/smo/vf=on/lk=0,6.113,0.116,-0.877,0.707,-0.076,-0.277,0.0
1467,38.461,684889.0,vf/smo/vf=on/lk=0,6.113,-0.186,-0.883,0.713,0.0,-0.284,0.0
1468,38.481,684909.0,vf/smo/vf=on/lk=0,6.113,0.418,-0.889,0.719,0.0,-0.349,0.0
1469,38.501,684929.0,vf/smo/vf=on/lk=0,6.113,0.123,-0.897,0.726,0.076,-0.253,0.0
1470,38.521,684949.0,vf/smo/vf=on/lk=0,6.113,-0.182,-0.904,0.733,-0.078,-0.388,0.0
1471,38.541,684969.0,vf/smo/vf=on/lk=0,6.113,0.422,-0.911,0.741,0.0,-0.397,0.0
1472,38.561,684989.0,vf/smo/vf=on/lk=0,6.113,0.126,-0.919,0.748,0.076,-0.353,0.0
1473,38.581,685009.0,vf/smo/vf=on/lk=0,6.113,-0.178,-0.927,0.756,-0.077,-0.328,0.0
1474,38.601,685029.0,vf/smo/vf=on/lk=0,6.113,0.431,-0.036,-0.134,0.076,-0.367,0.0
1475,38.621,685049.0,vf/smo/vf=on/lk=0,6.114,0.131,-0.045,-0.124,0.0,-0.408,0.0
1476,38.641,685069.0,vf/smo/vf=on/lk=0,6.113,-0.171,-0.051,-0.119,-0.077,-0.36,0.0
1477,38.661,685089.0,vf/smo/vf=on/lk=0,6.114,0.436,-0.058,-0.111,0.076,-0.353,0.0
1478,38.681,685109.0,vf/smo/vf=on/lk=0,6.114,0.134,-0.065,-0.104,0.0,-0.343,0.0
1479,38.701,685129.0,vf/smo/vf=on/lk=0,6.114,-0.167,-0.072,-0.097,0.0,-0.281,0.0
1480,38.721,685149.0,vf/smo/vf=on/lk=0,6.113,0.431,-0.08,-0.091,-0.077,-0.339,0.0
1481,38.741,685169.0,vf/smo/vf=on/lk=0,6.114,0.142,-0.086,-0.082,0.076,-0.315,0.0
1482,38.761,685189.0,vf/smo/vf=on/lk=0,6.113,-0.159,-0.095,-0.076,-0.077,-0.385,0.0
1483,38.781,685209.0,vf/smo/vf=on/lk=0,6.113,0.438,-0.103,-0.067,0.077,-0.433,0.0
1484,38.801,685229.0,vf/smo/vf=on/lk=0,6.114,0.148,-0.111,-0.058,0.0,-0.317,0.0
1485,38.821,685249.0,vf/smo/vf=on/lk=0,6.114,-0.154,-0.12,-0.049,0.0,-0.391,0.0
1486,38.841,685269.0,vf/smo/vf=on/lk=0,6.114,0.443,-0.127,-0.042,0.0,-0.261,0.0
1487,38.861,685289.0,vf/smo/vf=on/lk=0,6.114,0.151,-0.135,-0.033,0.0,-0.406,0.0
1488,38.881,685309.0,vf/smo/vf=on/lk=0,6.114,-0.148,-0.144,-0.025,0.0,-0.416,0.0
1489,38.901,685329.0,vf/smo/vf=on/lk=0,6.114,-0.444,-0.151,-0.017,0.0,-0.413,0.0
1490,38.921,685349.0,vf/smo/vf=on/lk=0,6.113,0.149,-0.16,-0.01,-0.078,-0.488,0.0
1491,38.941,685369.0,vf/smo/vf=on/lk=0,6.114,-0.146,-0.168,-0.0,0.076,-0.432,0.0
1492,38.961,685389.0,vf/smo/vf=on/lk=0,6.114,-0.442,-0.177,0.009,-0.076,-0.483,0.0
1493,38.981,685409.0,vf/smo/vf=on/lk=0,6.113,0.161,-0.185,0.015,0.076,-0.37,0.0
1494,39.001,685429.0,vf/smo/vf=on/lk=0,6.114,-0.143,-0.193,0.024,0.0,-0.458,0.0
1495,39.021,685449.0,vf/smo/vf=on/lk=0,6.113,-0.438,-0.202,0.031,-0.076,-0.45,0.0
1496,39.041,685469.0,vf/smo/vf=on/lk=0,6.113,0.165,-0.209,0.038,0.0,-0.524,0.0
1497,39.061,685489.0,vf/smo/vf=on/lk=0,6.113,-0.131,-0.216,0.046,0.077,-0.38,0.0
1498,39.081,685509.0,vf/smo/vf=on/lk=0,6.113,-0.436,-0.224,0.054,-0.078,-0.389,0.0
1499,39.101,685529.0,vf/smo/vf=on/lk=0,6.113,0.167,-0.234,0.063,0.0,-0.433,0.0
1500,39.121,685549.0,vf/smo/vf=on/lk=0,6.113,-0.129,-0.243,0.073,0.0,-0.377,0.0
1501,39.141,685569.0,vf/smo/vf=on/lk=0,6.113,-0.425,-0.252,0.082,0.0,-0.431,0.0
1502,39.161,685589.0,vf/smo/vf=on/lk=0,6.114,0.176,-0.262,0.093,0.077,-0.512,0.0
1503,39.181,685609.0,vf/smo/vf=on/lk=0,6.113,-0.128,-0.271,0.101,-0.078,-0.491,0.0
1504,39.201,685629.0,vf/smo/vf=on/lk=0,6.114,-0.422,-0.281,0.112,0.076,-0.457,0.0
1505,39.221,685649.0,vf/smo/vf=on/lk=0,6.114,0.18,-0.289,0.121,0.0,-0.483,0.0
1506,39.241,685669.0,vf/smo/vf=on/lk=0,6.114,-0.124,-0.298,0.13,-0.078,-0.454,0.0
1507,39.261,685689.0,vf/smo/vf=on/lk=0,6.113,-0.418,-0.309,0.138,0.0,-0.502,0.0
1508,39.281,685709.0,vf/smo/vf=on/lk=0,6.114,0.184,-0.317,0.149,0.0,-0.478,0.0
1509,39.301,685729.0,vf/smo/vf=on/lk=0,6.113,-0.12,-0.327,0.157,0.078,-0.412,0.0
1510,39.321,685749.0,vf/smo/vf=on/lk=0,6.113,-0.415,-0.337,0.166,-0.076,-0.533,0.0
1511,39.341,685769.0,vf/smo/vf=on/lk=0,6.114,0.188,-0.347,0.178,0.0,-0.498,0.0
1512,39.361,685789.0,vf/smo/vf=on/lk=0,6.114,-0.108,-0.356,0.187,0.076,-0.473,0.0
1513,39.381,685809.0,vf/smo/vf=on/lk=0,6.114,-0.411,-0.365,0.197,0.0,-0.491,0.0
1514,39.401,685829.0,vf/smo/vf=on/lk=0,6.113,0.187,-0.374,0.203,-0.077,-0.458,0.0
1515,39.421,685849.0,vf/smo/vf=on/lk=0,6.113,-0.103,-0.383,0.212,0.076,-0.475,0.0
1516,39.441,685869.0,vf/smo/vf=on/lk=0,6.113,-0.402,-0.392,0.221,-0.077,-0.417,0.0
1517,39.461,685889.0,vf/smo/vf=on/lk=0,6.114,0.196,-0.4,0.231,0.077,-0.409,0.0
1518,39.481,685909.0,vf/smo/vf=on/lk=0,6.113,-0.103,-0.408,0.238,-0.077,-0.377,0.0
1519,39.501,685929.0,vf/smo/vf=on/lk=0,6.113,-0.402,-0.416,0.246,0.0,-0.29,0.0
1520,39.521,685949.0,vf/smo/vf=on/lk=0,6.114,0.204,-0.424,0.255,0.076,-0.476,0.0
1521,39.541,685969.0,vf/smo/vf=on/lk=0,6.113,-0.096,-0.432,0.262,-0.077,-0.379,0.0
1522,39.561,685989.0,vf/smo/vf=on/lk=0,6.114,-0.395,-0.442,0.273,0.077,-0.583,0.0
1523,39.581,686009.0,vf/smo/vf=on/lk=0,6.114,0.203,-0.451,0.282,0.0,-0.482,0.0
1524,39.601,686029.0,vf/smo/vf=on/lk=0,6.113,-0.089,-0.459,0.288,-0.076,-0.445,0.0
1525,39.621,686049.0,vf/smo/vf=on/lk=0,6.113,-0.389,-0.467,0.297,0.0,-0.412,0.0
1526,39.641,686069.0,vf/smo/vf=on/lk=0,6.114,0.208,-0.475,0.306,0.077,-0.351,0.0
1527,39.661,686089.0,vf/smo/vf=on/lk=0,6.114,-0.091,-0.484,0.315,0.0,-0.373,0.0
1528,39.681,686109.0,vf/smo/vf=on/lk=0,6.114,-0.383,-0.492,0.323,-0.076,-0.433,0.0
1529,39.701,686129.0,vf/smo/vf=on/lk=0,6.114,0.215,-0.501,0.332,0.0,-0.423,0.0
1530,39.721,686149.0,vf/smo/vf=on/lk=0,6.113,-0.086,-0.511,0.341,0.0,-0.443,0.0
1531,39.741,686169.0,vf/smo/vf=on/lk=0,6.113,-0.378,-0.52,0.35,0.0,-0.461,0.0
1532,39.761,686189.0,vf/smo/vf=on/lk=0,6.114,0.22,-0.531,0.362,0.077,-0.536,0.0
1533,39.781,686209.0,vf/smo/vf=on/lk=0,6.113,-0.08,-0.54,0.37,-0.077,-0.368,0.0
1534,39.801,686229.0,vf/smo/vf=on/lk=0,6.113,-0.379,-0.55,0.38,0.077,-0.472,0.0
1535,39.821,686249.0,vf/smo/vf=on/lk=0,6.113,0.228,-0.559,0.388,-0.076,-0.404,0.0
1536,39.841,686269.0,vf/smo/vf=on/lk=0,6.114,-0.076,-0.568,0.4,0.077,-0.509,0.0
1537,39.861,686289.0,vf/smo/vf=on/lk=0,6.114,-0.374,-0.578,0.409,0.0,-0.488,0.0
1538,39.881,686309.0,vf/smo/vf=on/lk=0,6.114,0.232,-0.588,0.419,0.0,-0.408,0.0
1539,39.901,686329.0,vf/smo/vf=on/lk=0,6.113,-0.064,-0.597,0.426,-0.076,-0.457,0.0
1540,39.921,686349.0,vf/smo/vf=on/lk=0,6.114,-0.363,-0.604,0.436,0.077,-0.462,0.0
1541,39.941,686369.0,vf/smo/vf=on/lk=0,6.113,0.238,-0.614,0.444,0.0,-0.369,0.0
1542,39.961,686389.0,vf/smo/vf=on/lk=0,6.113,-0.061,-0.623,0.453,-0.077,-0.461,0.0
1543,39.981,686409.0,vf/smo/vf=on/lk=0,6.113,-0.361,-0.632,0.462,0.0,-0.488,0.0
1544,40.001,686429.0,vf/smo/vf=on/lk=0,6.113,0.236,-0.64,0.47,0.0,-0.393,0.0
1545,40.021,686449.0,vf/smo/vf=on/lk=0,6.114,-0.055,-0.649,0.48,0.076,-0.505,0.0
1546,40.041,686469.0,vf/smo/vf=on/lk=0,6.114,-0.355,-0.659,0.49,0.0,-0.487,0.0
1547,40.061,686489.0,vf/smo/vf=on/lk=0,6.113,0.242,-0.668,0.497,-0.077,-0.403,0.0
1548,40.081,686509.0,vf/smo/vf=on/lk=0,6.113,-0.055,-0.676,0.506,0.0,-0.497,0.0
1549,40.101,686529.0,vf/smo/vf=on/lk=0,6.113,-0.354,-0.685,0.515,0.0,-0.428,0.0
1550,40.121,686549.0,vf/smo/vf=on/lk=0,6.114,0.251,-0.693,0.524,0.076,-0.393,0.0
1551,40.141,686569.0,vf/smo/vf=on/lk=0,6.114,-0.049,-0.702,0.533,0.0,-0.445,0.0
1552,40.161,686589.0,vf/smo/vf=on/lk=0,6.114,-0.349,-0.71,0.541,-0.077,-0.459,0.0
1553,40.181,686609.0,vf/smo/vf=on/lk=0,6.114,0.258,-0.718,0.55,0.076,-0.438,0.0
1554,40.201,686629.0,vf/smo/vf=on/lk=0,6.114,-0.049,-0.726,0.558,0.0,-0.482,0.0
1555,40.221,686649.0,vf/smo/vf=on/lk=0,6.114,-0.346,-0.735,0.567,0.0,-0.431,0.0
1556,40.241,686669.0,vf/smo/vf=on/lk=0,6.114,0.26,-0.745,0.576,0.0,-0.449,0.0
1557,40.261,686689.0,vf/smo/vf=on/lk=0,6.113,-0.04,-0.755,0.584,-0.077,-0.46,0.0
1558,40.281,686709.0,vf/smo/vf=on/lk=0,6.114,-0.339,-0.764,0.595,0.0,-0.47,0.0
1559,40.301,686729.0,vf/smo/vf=on/lk=0,6.113,0.268,-0.773,0.603,0.0,-0.496,0.0
1560,40.321,686749.0,vf/smo/vf=on/lk=0,6.113,-0.038,-0.782,0.611,0.078,-0.433,0.0
1561,40.341,686769.0,vf/smo/vf=on/lk=0,6.114,-0.336,-0.792,0.623,-0.077,-0.585,0.0
1562,40.361,686789.0,vf/smo/vf=on/lk=0,6.113,0.271,-0.802,0.631,0.0,-0.515,0.0
1563,40.381,686809.0,vf/smo/vf=on/lk=0,6.113,-0.03,-0.81,0.64,0.0,-0.46,0.0
1564,40.401,686829.0,vf/smo/vf=on/lk=0,6.113,-0.323,-0.819,0.649,0.0,-0.464,0.0
1565,40.421,686849.0,vf/smo/vf=on/lk=0,6.114,0.27,-0.829,0.66,0.078,-0.392,0.0
1566,40.441,686869.0,vf/smo/vf=on/lk=0,6.113,-0.024,-0.839,0.668,-0.076,-0.505,0.0
1567,40.461,686889.0,vf/smo/vf=on/lk=0,6.114,-0.324,-0.849,0.68,0.077,-0.457,0.0
1568,40.481,686909.0,vf/smo/vf=on/lk=0,6.114,0.281,-0.859,0.69,0.0,-0.443,0.0
1569,40.501,686929.0,vf/smo/vf=on/lk=0,6.114,-0.024,-0.869,0.7,0.0,-0.496,0.0
1570,40.521,686949.0,vf/smo/vf=on/lk=0,6.113,-0.319,-0.879,0.709,-0.076,-0.478,0.0
1571,40.541,686969.0,vf/smo/vf=on/lk=0,6.114,0.284,-0.888,0.719,0.076,-0.51,0.0
1572,40.561,686989.0,vf/smo/vf=on/lk=0,6.114,-0.011,-0.898,0.729,0.0,-0.467,0.0
1573,40.581,687009.0,vf/smo/vf=on/lk=0,6.114,-0.313,-0.907,0.738,-0.077,-0.501,0.0
1574,40.601,687029.0,vf/smo/vf=on/lk=0,6.113,0.291,-0.916,0.745,0.0,-0.463,0.0
1575,40.621,687049.0,vf/smo/vf=on/lk=0,6.113,-0.014,-0.925,0.755,0.0,-0.507,0.0
1576,40.641,687069.0,vf/smo/vf=on/lk=0,6.113,-0.305,-0.037,-0.134,0.076,-0.419,0.0
1577,40.661,687089.0,vf/smo/vf=on/lk=0,6.114,0.291,-0.046,-0.123,0.0,-0.444,0.0
1578,40.681,687109.0,vf/smo/vf=on/lk=0,6.113,-0.002,-0.055,-0.115,-0.076,-0.43,0.0
1579,40.701,687129.0,vf/smo/vf=on/lk=0,6.114,-0.302,-0.063,-0.105,0.077,-0.422,0.0
1580,40.721,687149.0,vf/smo/vf=on/lk=0,6.114,0.294,-0.071,-0.097,0.0,-0.564,0.0
1581,40.741,687169.0,vf/smo/vf=on/lk=0,6.114,0.002,-0.081,-0.088,0.0,-0.492,0.0
1582,40.761,687189.0,vf/smo/vf=on/lk=0,6.114,-0.299,-0.089,-0.08,0.0,-0.383,0.0
1583,40.781,687209.0,vf/smo/vf=on/lk=0,6.114,0.297,-0.097,-0.072,0.0,-0.349,0.0
1584,40.801,687229.0,vf/smo/vf=on/lk=0,6.113,0.005,-0.105,-0.065,-0.076,-0.453,0.0
1585,40.821,687249.0,vf/smo/vf=on/lk=0,6.114,-0.296,-0.112,-0.056,0.077,-0.414,0.0
1586,40.841,687269.0,vf/smo/vf=on/lk=0,6.114,0.311,-0.121,-0.048,-0.076,-0.351,0.0
1587,40.861,687289.0,vf/smo/vf=on/lk=0,6.113,0.01,-0.13,-0.04,0.0,-0.461,0.0
1588,40.881,687309.0,vf/smo/vf=on/lk=0,6.114,-0.292,-0.138,-0.03,0.077,-0.438,0.0
1589,40.901,687329.0,vf/smo/vf=on/lk=0,6.113,0.315,-0.146,-0.024,-0.076,-0.312,0.0
1590,40.921,687349.0,vf/smo/vf=on/lk=0,6.114,0.011,-0.153,-0.015,0.078,-0.349,0.0
1591,40.941,687369.0,vf/smo/vf=on/lk=0,6.113,-0.284,-0.162,-0.008,-0.076,-0.397,0.0
1592,40.961,687389.0,vf/smo/vf=on/lk=0,6.113,0.319,-0.169,-0.001,0.0,-0.297,0.0
1593,40.981,687409.0,vf/smo/vf=on/lk=0,6.113,0.023,-0.177,0.007,0.0,-0.397,0.0
1594,41.001,687429.0,vf/smo/vf=on/lk=0,6.113,-0.282,-0.186,0.016,0.0,-0.415,0.0
1595,41.021,687449.0,vf/smo/vf=on/lk=0,6.114,0.32,-0.195,0.026,0.076,-0.418,0.0
1596,41.041,687469.0,vf/smo/vf=on/lk=0,6.114,0.025,-0.202,0.034,0.0,-0.358,0.0
1597,41.061,687489.0,vf/smo/vf=on/lk=0,6.114,-0.271,-0.209,0.041,0.0,-0.386,0.0
1598,41.081,687509.0,vf/smo/vf=on/lk=0,6.114,0.33,-0.217,0.049,0.0,-0.428,0.0
1599,41.101,687529.0,vf/smo/vf=on/lk=0,6.114,0.025,-0.225,0.056,-0.078,-0.367,0.0
1600,41.121,687549.0,vf/smo/vf=on/lk=0,6.114,-0.27,-0.232,0.064,0.076,-0.379,0.0
1601,41.141,687569.0,vf/smo/vf=on/lk=0,6.114,0.332,-0.239,0.071,0.0,-0.345,0.0
1602,41.161,687589.0,vf/smo/vf=on/lk=0,6.113,0.036,-0.246,0.076,-0.077,-0.331,0.0
1603,41.181,687609.0,vf/smo/vf=on/lk=0,6.113,-0.26,-0.253,0.083,0.0,-0.323,0.0
1604,41.201,687629.0,vf/smo/vf=on/lk=0,6.114,0.333,-0.259,0.09,0.077,-0.327,0.0
1605,41.221,687649.0,vf/smo/vf=on/lk=0,6.113,0.039,-0.265,0.095,-0.076,-0.284,0.0
1606,41.241,687669.0,vf/smo/vf=on/lk=0,6.114,-0.256,-0.271,0.102,0.076,-0.338,0.0
1607,41.261,687689.0,vf/smo/vf=on/lk=0,6.113,0.338,-0.277,0.107,-0.077,-0.317,0.0
1608,41.281,687709.0,vf/smo/vf=on/lk=0,6.114,0.044,-0.283,0.114,0.076,-0.283,0.0
1609,41.301,687729.0,vf/smo/vf=on/lk=0,6.114,-0.251,-0.289,0.12,0.0,-0.253,0.0
1610,41.321,687749.0,vf/smo/vf=on/lk=0,6.113,0.342,-0.295,0.125,-0.078,-0.386,0.0
1611,41.341,687769.0,vf/smo/vf=on/lk=0,6.114,0.048,-0.3,0.132,0.076,-0.23,0.0
1612,41.361,687789.0,vf/smo/vf=on/lk=0,6.114,-0.247,-0.306,0.137,0.0,-0.257,0.0
1613,41.381,687809.0,vf/smo/vf=on/lk=0,6.114,0.347,-0.311,0.142,0.0,-0.254,0.0
1614,41.401,687829.0,vf/smo/vf=on/lk=0,6.114,0.052,-0.316,0.147,0.0,-0.253,0.0
1615,41.421,687849.0,vf/smo/vf=on/lk=0,6.113,-0.243,-0.321,0.151,0.0,-0.298,0.0
1616,41.441,687869.0,vf/smo/vf=on/lk=0,6.113,0.359,-0.326,0.156,0.0,-0.307,0.0
1617,41.461,687889.0,vf/smo/vf=on/lk=0,6.113,0.055,-0.331,0.161,-0.078,-0.283,0.0
1618,41.481,687909.0,vf/smo/vf=on/lk=0,6.113,-0.24,-0.336,0.165,0.0,-0.273,0.0
1619,41.501,687929.0,vf/smo/vf=on/lk=0,6.114,0.363,-0.34,0.171,0.076,-0.271,0.0
1620,41.521,687949.0,vf/smo/vf=on/lk=0,6.114,0.059,-0.344,0.176,0.0,-0.278,0.0
1621,41.541,687969.0,vf/smo/vf=on/lk=0,6.114,-0.235,-0.348,0.18,0.0,-0.214,0.0
1622,41.561,687989.0,vf/smo/vf=on/lk=0,6.114,0.367,-0.352,0.183,0.0,-0.179,0.0
1623,41.581,688009.0,vf/smo/vf=on/lk=0,6.113,0.063,-0.357,0.186,-0.078,-0.221,0.0
1624,41.601,688029.0,vf/smo/vf=on/lk=0,6.114,-0.233,-0.362,0.193,0.076,-0.278,0.0
1625,41.621,688049.0,vf/smo/vf=on/lk=0,6.114,0.37,-0.366,0.197,0.0,-0.212,0.0
1626,41.641,688069.0,vf/smo/vf=on/lk=0,6.114,0.071,-0.37,0.201,0.0,-0.206,0.0
1627,41.661,688089.0,vf/smo/vf=on/lk=0,6.113,-0.229,-0.374,0.204,-0.077,-0.188,0.0
1628,41.681,688109.0,vf/smo/vf=on/lk=0,6.113,0.378,-0.379,0.209,0.0,-0.317,0.0
1629,41.701,688129.0,vf/smo/vf=on/lk=0,6.114,0.073,-0.383,0.214,0.078,-0.243,0.0
1630,41.721,688149.0,vf/smo/vf=on/lk=0,6.114,-0.225,-0.387,0.219,0.0,-0.168,0.0
1631,41.741,688169.0,vf/smo/vf=on/lk=0,6.114,0.38,-0.392,0.223,-0.076,-0.254,0.0
1632,41.761,688189.0,vf/smo/vf=on/lk=0,6.114,0.08,-0.397,0.228,0.0,-0.299,0.0
1633,41.781,688209.0,vf/smo/vf=on/lk=0,6.113,-0.22,-0.401,0.231,0.0,-0.171,0.0
1634,41.801,688229.0,vf/smo/vf=on/lk=0,6.114,0.386,-0.405,0.236,0.076,-0.227,0.0
1635,41.821,688249.0,vf/smo/vf=on/lk=0,6.113,0.09,-0.409,0.239,-0.076,-0.229,0.0
1636,41.841,688269.0,vf/smo/vf=on/lk=0,6.114,-0.208,-0.411,0.243,0.077,-0.15,0.0
1637,41.861,688289.0,vf/smo/vf=on/lk=0,6.113,0.39,-0.415,0.245,-0.077,-0.181,0.0
1638,41.881,688309.0,vf/smo/vf=on/lk=0,6.114,0.09,-0.419,0.25,0.0,-0.105,0.0
1639,41.901,688329.0,vf/smo/vf=on/lk=0,6.113,-0.21,-0.422,0.252,0.0,-0.123,0.0
1640,41.921,688349.0,vf/smo/vf=on/lk=0,6.114,0.395,-0.426,0.258,0.076,-0.18,0.0
1641,41.941,688369.0,vf/smo/vf=on/lk=0,6.114,0.099,-0.43,0.261,-0.077,-0.23,0.0
1642,41.961,688389.0,vf/smo/vf=on/lk=0,6.113,-0.199,-0.433,0.263,0.0,-0.221,0.0
1643,41.981,688409.0,vf/smo/vf=on/lk=0,6.114,0.398,-0.437,0.268,0.077,-0.168,0.0
1644,42.001,688429.0,vf/smo/vf=on/lk=0,6.113,0.097,-0.44,0.269,-0.077,-0.088,0.0
1645,42.021,688449.0,vf/smo/vf=on/lk=0,6.114,-0.194,-0.443,0.275,0.076,-0.2,0.0
1646,42.041,688469.0,vf/smo/vf=on/lk=0,6.114,0.403,-0.446,0.277,0.0,-0.099,0.0
1647,42.061,688489.0,vf/smo/vf=on/lk=0,6.114,0.102,-0.448,0.28,0.0,-0.134,0.0
1648,42.081,688509.0,vf/smo/vf=on/lk=0,6.114,-0.193,-0.452,0.283,0.0,-0.168,0.0
1649,42.101,688529.0,vf/smo/vf=on/lk=0,6.114,0.406,-0.454,0.285,0.0,-0.205,0.0
1650,42.121,688549.0,vf/smo/vf=on/lk=0,6.114,0.114,-0.457,0.289,0.0,-0.156,0.0
1651,42.141,688569.0,vf/smo/vf=on/lk=0,6.114,-0.186,-0.459,0.291,0.0,-0.033,0.0
1652,42.161,688589.0,vf/smo/vf=on/lk=0,6.114,0.41,-0.462,0.293,0.0,-0.171,0.0
1653,42.181,688609.0,vf/smo/vf=on/lk=0,6.114,0.119,-0.464,0.295,0.0,-0.151,0.0
1654,42.201,688629.0,vf/smo/vf=on/lk=0,6.113,-0.18,-0.467,0.296,-0.077,-0.166,0.0
1655,42.221,688649.0,vf/smo/vf=on/lk=0,6.113,0.413,-0.47,0.299,0.0,-0.197,0.0
1656,42.241,688669.0,vf/smo/vf=on/lk=0,6.113,0.123,-0.472,0.302,0.0,-0.124,0.0
1657,42.261,688689.0,vf/smo/vf=on/lk=0,6.114,-0.178,-0.474,0.306,0.077,-0.121,0.0
1658,42.281,688709.0,vf/smo/vf=on/lk=0,6.114,0.42,-0.477,0.308,0.0,-0.135,0.0
1659,42.301,688729.0,vf/smo/vf=on/lk=0,6.113,0.127,-0.479,0.309,-0.076,-0.119,0.0
1660,42.321,688749.0,vf/smo/vf=on/lk=0,6.113,-0.169,-0.482,0.312,0.076,-0.184,0.0
1661,42.341,688769.0,vf/smo/vf=on/lk=0,6.113,0.43,-0.485,0.315,-0.077,-0.092,0.0
1662,42.361,688789.0,vf/smo/vf=on/lk=0,6.113,0.13,-0.487,0.317,0.0,-0.146,0.0
1663,42.381,688809.0,vf/smo/vf=on/lk=0,6.114,-0.17,-0.49,0.322,0.077,-0.132,0.0
1664,42.401,688829.0,vf/smo/vf=on/lk=0,6.113,0.428,-0.493,0.323,-0.077,-0.07,0.0
1665,42.421,688849.0,vf/smo/vf=on/lk=0,6.113,0.137,-0.496,0.326,0.0,-0.125,0.0
1666,42.441,688869.0,vf/smo/vf=on/lk=0,6.113,-0.161,-0.498,0.328,0.0,-0.127,0.0
1667,42.461,688889.0,vf/smo/vf=on/lk=0,6.114,0.438,-0.5,0.331,0.077,-0.076,0.0
1668,42.481,688909.0,vf/smo/vf=on/lk=0,6.113,0.138,-0.502,0.332,-0.077,-0.101,0.0
1669,42.501,688929.0,vf/smo/vf=on/lk=0,6.113,-0.162,-0.505,0.335,0.077,-0.09,0.0
1670,42.521,688949.0,vf/smo/vf=on/lk=0,6.113,0.444,-0.507,0.337,-0.076,-0.184,0.0
1671,42.541,688969.0,vf/smo/vf=on/lk=0,6.114,0.145,-0.51,0.341,0.077,0.006,0.0
1672,42.561,688989.0,vf/smo/vf=on/lk=0,6.114,-0.156,-0.513,0.344,0.0,-0.152,0.0
1673,42.581,689009.0,vf/smo/vf=on/lk=0,6.113,-0.448,-0.515,0.345,0.0,-0.154,0.0
1674,42.601,689029.0,vf/smo/vf=on/lk=0,6.113,0.149,-0.516,0.346,-0.077,-0.134,0.0
1675,42.621,689049.0,vf/smo/vf=on/lk=0,6.114,-0.15,-0.517,0.348,0.077,-0.048,0.0
1676,42.641,689069.0,vf/smo/vf=on/lk=0,6.113,0.447,-0.519,0.349,-0.077,-0.077,0.0
1677,42.661,689089.0,vf/smo/vf=on/lk=0,6.114,0.155,-0.521,0.352,0.076,-0.063,0.0
1678,42.681,689109.0,vf/smo/vf=on/lk=0,6.114,-0.145,-0.524,0.355,0.0,-0.093,0.0
1679,42.701,689129.0,vf/smo/vf=on/lk=0,6.113,-0.445,-0.526,0.356,-0.077,-0.089,0.0
1680,42.721,689149.0,vf/smo/vf=on/lk=0,6.113,0.161,-0.527,0.357,0.0,-0.072,0.0
1681,42.741,689169.0,vf/smo/vf=on/lk=0,6.113,-0.139,-0.528,0.358,0.0,-0.093,0.0
1682,42.761,689189.0,vf/smo/vf=on/lk=0,6.114,-0.44,-0.531,0.362,0.077,-0.033,0.0
1683,42.781,689209.0,vf/smo/vf=on/lk=0,6.113,0.159,-0.534,0.364,-0.077,-0.175,0.0
1684,42.801,689229.0,vf/smo/vf=on/lk=0,6.113,-0.133,-0.535,0.365,0.0,-0.079,0.0
1685,42.821,689249.0,vf/smo/vf=on/lk=0,6.114,-0.433,-0.537,0.368,0.077,-0.137,0.0
1686,42.841,689269.0,vf/smo/vf=on/lk=0,6.113,0.165,-0.538,0.368,-0.077,-0.084,0.0
1687,42.861,689289.0,vf/smo/vf=on/lk=0,6.114,-0.134,-0.54,0.372,0.077,0.051,0.0
1688,42.881,689309.0,vf/smo/vf=on/lk=0,6.113,-0.426,-0.543,0.373,0.0,-0.176,0.0
1689,42.901,689329.0,vf/smo/vf=on/lk=0,6.114,0.172,-0.546,0.377,0.0,-0.179,0.0
1690,42.921,689349.0,vf/smo/vf=on/lk=0,6.113,-0.129,-0.549,0.379,-0.077,-0.082,0.0
1691,42.941,689369.0,vf/smo/vf=on/lk=0,6.113,-0.42,-0.552,0.382,0.0,-0.114,0.0
1692,42.961,689389.0,vf/smo/vf=on/lk=0,6.114,0.177,-0.554,0.385,0.077,-0.264,0.0
1693,42.981,689409.0,vf/smo/vf=on/lk=0,6.113,-0.123,-0.556,0.385,-0.077,-0.042,0.0
1694,43.001,689429.0,vf/smo/vf=on/lk=0,6.113,-0.414,-0.558,0.388,0.076,-0.14,0.0
1695,43.021,689449.0,vf/smo/vf=on/lk=0,6.113,0.185,-0.561,0.39,-0.077,-0.07,0.0
1696,43.041,689469.0,vf/smo/vf=on/lk=0,6.113,-0.115,-0.562,0.392,0.0,-0.086,0.0
1697,43.061,689489.0,vf/smo/vf=on/lk=0,6.114,-0.415,-0.565,0.396,0.077,-0.181,0.0
1698,43.081,689509.0,vf/smo/vf=on/lk=0,6.114,0.183,-0.567,0.398,0.0,-0.068,0.0
1699,43.101,689529.0,vf/smo/vf=on/lk=0,6.113,-0.109,-0.568,0.398,-0.076,-0.078,0.0
1700,43.121,689549.0,vf/smo/vf=on/lk=0,6.114,-0.409,-0.571,0.402,0.077,-0.194,0.0
1701,43.141,689569.0,vf/smo/vf=on/lk=0,6.114,0.189,-0.572,0.403,0.0,-0.109,0.0
1702,43.161,689589.0,vf/smo/vf=on/lk=0,6.113,-0.103,-0.573,0.403,-0.076,-0.242,0.0
1703,43.181,689609.0,vf/smo/vf=on/lk=0,6.114,-0.402,-0.574,0.406,0.077,-0.099,0.0
1704,43.201,689629.0,vf/smo/vf=on/lk=0,6.113,0.197,-0.576,0.406,-0.077,-0.223,0.0
1705,43.221,689649.0,vf/smo/vf=on/lk=0,6.114,-0.101,-0.577,0.408,0.077,-0.034,0.0
1706,43.241,689669.0,vf/smo/vf=on/lk=0,6.113,-0.401,-0.579,0.408,-0.077,-0.105,0.0
1707,43.261,689689.0,vf/smo/vf=on/lk=0,6.113,0.198,-0.58,0.41,0.0,-0.075,0.0
1708,43.281,689709.0,vf/smo/vf=on/lk=0,6.114,-0.094,-0.581,0.413,0.076,-0.014,0.0
1709,43.301,689729.0,vf/smo/vf=on/lk=0,6.114,-0.393,-0.583,0.414,0.0,-0.069,0.0
1710,43.321,689749.0,vf/smo/vf=on/lk=0,6.114,0.204,-0.584,0.416,0.0,0.048,0.0
1711,43.341,689769.0,vf/smo/vf=on/lk=0,6.113,-0.096,-0.585,0.415,-0.077,-0.016,0.0
1712,43.361,689789.0,vf/smo/vf=on/lk=0,6.113,-0.387,-0.586,0.416,0.0,-0.022,0.0
1713,43.381,689809.0,vf/smo/vf=on/lk=0,6.114,0.211,-0.587,0.418,0.077,-0.017,0.0
1714,43.401,689829.0,vf/smo/vf=on/lk=0,6.113,-0.088,-0.589,0.418,0.0,-0.149,0.0
1715,43.421,689849.0,vf/smo/vf=on/lk=0,6.114,-0.383,-0.591,0.422,0.0,-0.202,0.0
1716,43.441,689869.0,vf/smo/vf=on/lk=0,6.114,0.215,-0.595,0.426,0.0,-0.161,0.0
1717,43.461,689889.0,vf/smo/vf=on/lk=0,6.113,-0.086,-0.596,0.426,-0.077,-0.168,0.0
1718,43.481,689909.0,vf/smo/vf=on/lk=0,6.113,-0.376,-0.598,0.427,0.0,-0.045,0.0
1719,43.501,689929.0,vf/smo/vf=on/lk=0,6.114,0.221,-0.599,0.43,0.077,-0.121,0.0
1720,43.521,689949.0,vf/smo/vf=on/lk=0,6.113,-0.078,-0.601,0.43,-0.077,-0.07,0.0
1721,43.541,689969.0,vf/smo/vf=on/lk=0,6.114,-0.378,-0.602,0.433,0.077,-0.053,0.0
1722,43.561,689989.0,vf/smo/vf=on/lk=0,6.114,0.221,-0.604,0.435,0.0,-0.029,0.0
1723,43.581,690009.0,vf/smo/vf=on/lk=0,6.114,-0.076,-0.605,0.437,0.0,-0.105,0.0
1724,43.601,690029.0,vf/smo/vf=on/lk=0,6.114,-0.365,-0.607,0.438,-0.076,0.051,0.0
1725,43.621,690049.0,vf/smo/vf=on/lk=0,6.113,0.232,-0.607,0.437,0.0,-0.114,0.0
1726,43.641,690069.0,vf/smo/vf=on/lk=0,6.114,-0.068,-0.609,0.44,0.077,-0.124,0.0
1727,43.661,690089.0,vf/smo/vf=on/lk=0,6.113,-0.367,-0.612,0.441,-0.077,-0.071,0.0
1728,43.681,690109.0,vf/smo/vf=on/lk=0,6.113,0.235,-0.615,0.445,0.0,-0.249,0.0
1729,43.701,690129.0,vf/smo/vf=on/lk=0,6.113,-0.063,-0.617,0.447,0.0,-0.147,0.0
1730,43.721,690149.0,vf/smo/vf=on/lk=0,6.113,-0.363,-0.619,0.449,0.0,-0.007,0.0
1731,43.741,690169.0,vf/smo/vf=on/lk=0,6.114,0.243,-0.62,0.451,0.076,-0.08,0.0
1732,43.761,690189.0,vf/smo/vf=on/lk=0,6.114,-0.057,-0.621,0.452,0.0,-0.122,0.0
1733,43.781,690209.0,vf/smo/vf=on/lk=0,6.114,-0.357,-0.622,0.453,0.0,-0.104,0.0
1734,43.801,690229.0,vf/smo/vf=on/lk=0,6.114,0.243,-0.624,0.455,0.0,-0.157,0.0
1735,43.821,690249.0,vf/smo/vf=on/lk=0,6.114,-0.056,-0.625,0.457,0.0,-0.062,0.0
1736,43.841,690269.0,vf/smo/vf=on/lk=0,6.113,-0.348,-0.628,0.458,-0.076,-0.117,0.0
1737,43.861,690289.0,vf/smo/vf=on/lk=0,6.113,0.25,-0.63,0.46,0.0,-0.145,0.0
1738,43.881,690309.0,vf/smo/vf=on/lk=0,6.113,-0.051,-0.634,0.464,0.0,-0.25,0.0
1739,43.901,690329.0,vf/smo/vf=on/lk=0,6.114,-0.342,-0.637,0.469,0.076,-0.219,0.0
1740,43.921,690349.0,vf/smo/vf=on/lk=0,6.114,0.251,-0.64,0.471,0.0,-0.168,0.0
1741,43.941,690369.0,vf/smo/vf=on/lk=0,6.113,-0.048,-0.642,0.472,-0.077,-0.274,0.0
1742,43.961,690389.0,vf/smo/vf=on/lk=0,6.114,-0.339,-0.644,0.475,0.076,-0.136,0.0
1743,43.981,690409.0,vf/smo/vf=on/lk=0,6.114,0.259,-0.645,0.476,0.0,-0.025,0.0
1744,44.001,690429.0,vf/smo/vf=on/lk=0,6.114,-0.042,-0.647,0.478,0.0,-0.149,0.0
1745,44.021,690449.0,vf/smo/vf=on/lk=0,6.113,-0.339,-0.648,0.478,-0.077,-0.137,0.0
1746,44.041,690469.0,vf/smo/vf=on/lk=0,6.113,0.26,-0.652,0.481,0.077,-0.156,0.0
1747,44.061,690489.0,vf/smo/vf=on/lk=0,6.113,-0.03,-0.654,0.484,-0.076,-0.089,0.0
1748,44.081,690509.0,vf/smo/vf=on/lk=0,6.113,-0.33,-0.657,0.487,0.077,-0.093,0.0
1749,44.101,690529.0,vf/smo/vf=on/lk=0,6.113,0.268,-0.658,0.488,-0.077,-0.058,0.0
1750,44.121,690549.0,vf/smo/vf=on/lk=0,6.113,-0.027,-0.66,0.49,0.076,-0.101,0.0
1751,44.141,690569.0,vf/smo/vf=on/lk=0,6.114,-0.326,-0.662,0.494,0.0,-0.144,0.0
1752,44.161,690589.0,vf/smo/vf=on/lk=0,6.113,0.271,-0.664,0.494,-0.077,-0.137,0.0
1753,44.181,690609.0,vf/smo/vf=on/lk=0,6.114,-0.028,-0.665,0.497,0.0,-0.118,0.0
1754,44.201,690629.0,vf/smo/vf=on/lk=0,6.114,-0.319,-0.669,0.5,0.076,-0.02,0.0
1755,44.221,690649.0,vf/smo/vf=on/lk=0,6.113,0.28,-0.672,0.502,-0.077,-0.16,0.0
1756,44.241,690669.0,vf/smo/vf=on/lk=0,6.114,-0.024,-0.675,0.507,0.077,-0.213,0.0
1757,44.261,690689.0,vf/smo/vf=on/lk=0,6.113,-0.321,-0.68,0.509,-0.077,-0.287,0.0
1758,44.281,690709.0,vf/smo/vf=on/lk=0,6.114,0.285,-0.684,0.516,0.076,-0.224,0.0
1759,44.301,690729.0,vf/smo/vf=on/lk=0,6.113,-0.015,-0.689,0.519,-0.077,-0.221,0.0
1760,44.321,690749.0,vf/smo/vf=on/lk=0,6.113,-0.315,-0.694,0.524,0.0,-0.243,0.0
1761,44.341,690769.0,vf/smo/vf=on/lk=0,6.113,0.291,-0.698,0.528,0.0,-0.231,0.0
1762,44.361,690789.0,vf/smo/vf=on/lk=0,6.113,-0.01,-0.703,0.533,0.0,-0.239,0.0
1763,44.381,690809.0,vf/smo/vf=on/lk=0,6.113,-0.311,-0.709,0.538,0.0,-0.247,0.0
1764,44.401,690829.0,vf/smo/vf=on/lk=0,6.114,0.295,-0.713,0.545,0.0,-0.189,0.0
1765,44.421,690849.0,vf/smo/vf=on/lk=0,6.114,-0.006,-0.719,0.55,0.077,-0.213,0.0
1766,44.441,690869.0,vf/smo/vf=on/lk=0,6.114,-0.306,-0.723,0.555,0.0,-0.261,0.0
1767,44.461,690889.0,vf/smo/vf=on/lk=0,6.114,0.3,-0.729,0.56,0.0,-0.29,0.0
1768,44.481,690909.0,vf/smo/vf=on/lk=0,6.113,-0.001,-0.734,0.563,-0.077,-0.226,0.0
1769,44.501,690929.0,vf/smo/vf=on/lk=0,6.114,-0.301,-0.739,0.571,0.077,-0.273,0.0
1770,44.521,690949.0,vf/smo/vf=on/lk=0,6.114,0.306,-0.745,0.576,0.0,-0.36,0.0
1771,44.541,690969.0,vf/smo/vf=on/lk=0,6.113,0.005,-0.75,0.58,0.0,-0.336,0.0
1772,44.561,690989.0,vf/smo/vf=on/lk=0,6.113,-0.295,-0.757,0.586,-0.077,-0.313,0.0
1773,44.581,691009.0,vf/smo/vf=on/lk=0,6.113,0.303,-0.764,0.593,0.077,-0.439,0.0
1774,44.601,691029.0,vf/smo/vf=on/lk=0,6.114,0.013,-0.773,0.604,0.0,-0.449,0.0
1775,44.621,691049.0,vf/smo/vf=on/lk=0,6.113,-0.288,-0.78,0.61,-0.077,-0.432,0.0
1776,44.641,691069.0,vf/smo/vf=on/lk=0,6.114,0.31,-0.789,0.62,0.077,-0.382,0.0
1777,44.661,691089.0,vf/smo/vf=on/lk=0,6.114,0.01,-0.797,0.628,-0.077,-0.41,0.0
1778,44.681,691109.0,vf/smo/vf=on/lk=0,6.114,-0.281,-0.804,0.635,0.076,-0.356,0.0
1779,44.701,691129.0,vf/smo/vf=on/lk=0,6.114,0.316,-0.812,0.643,0.0,-0.433,0.0
1780,44.721,691149.0,vf/smo/vf=on/lk=0,6.113,0.02,-0.82,0.65,-0.076,-0.344,0.0
1781,44.741,691169.0,vf/smo/vf=on/lk=0,6.113,-0.274,-0.829,0.659,0.0,-0.452,0.0
1782,44.761,691189.0,vf/smo/vf=on/lk=0,6.113,0.318,-0.839,0.668,0.0,-0.497,0.0
1783,44.781,691209.0,vf/smo/vf=on/lk=0,6.114,0.023,-0.847,0.678,0.076,-0.404,0.0
1784,44.801,691229.0,vf/smo/vf=on/lk=0,6.114,-0.272,-0.856,0.687,0.0,-0.42,0.0
1785,44.821,691249.0,vf/smo/vf=on/lk=0,6.113,0.322,-0.865,0.695,-0.078,-0.47,0.0
1786,44.841,691269.0,vf/smo/vf=on/lk=0,6.114,0.027,-0.873,0.705,0.076,-0.472,0.0
1787,44.861,691289.0,vf/smo/vf=on/lk=0,6.113,-0.268,-0.882,0.712,0.0,-0.396,0.0
1788,44.881,691309.0,vf/smo/vf=on/lk=0,6.114,0.334,-0.891,0.722,-0.076,-0.457,0.0
1789,44.901,691329.0,vf/smo/vf=on/lk=0,6.114,0.03,-0.9,0.731,0.078,-0.418,0.0
1790,44.921,691349.0,vf/smo/vf=on/lk=0,6.114,-0.265,-0.909,0.74,0.0,-0.533,0.0
1791,44.941,691369.0,vf/smo/vf=on/lk=0,6.114,0.338,-0.919,0.75,0.0,-0.498,0.0
1792,44.961,691389.0,vf/smo/vf=on/lk=0,6.113,0.042,-0.031,-0.14,-0.077,-0.531,0.0
1793,44.981,691409.0,vf/smo/vf=on/lk=0,6.114,-0.259,-0.039,-0.129,0.077,-0.456,0.0
1794,45.001,691429.0,vf/smo/vf=on/lk=0,6.114,0.337,-0.05,-0.119,0.0,-0.525,0.0
1795,45.021,691449.0,vf/smo/vf=on/lk=0,6.114,0.045,-0.058,-0.111,0.0,-0.5,0.0
1796,45.041,691469.0,vf/smo/vf=on/lk=0,6.114,-0.257,-0.068,-0.1,0.0,-0.521,0.0
1797,45.061,691489.0,vf/smo/vf=on/lk=0,6.113,0.35,-0.078,-0.092,-0.076,-0.469,0.0
1798,45.081,691509.0,vf/smo/vf=on/lk=0,6.114,0.049,-0.086,-0.083,0.077,-0.405,0.0
1799,45.101,691529.0,vf/smo/vf=on/lk=0,6.113,-0.252,-0.095,-0.076,-0.077,-0.38,0.0
1800,45.121,691549.0,vf/smo/vf=on/lk=0,6.114,0.354,-0.103,-0.066,0.076,-0.41,0.0
1801,45.141,691569.0,vf/smo/vf=on/lk=0,6.114,0.054,-0.111,-0.057,0.0,-0.451,0.0
1802,45.161,691589.0,vf/smo/vf=on/lk=0,6.114,-0.248,-0.12,-0.049,0.0,-0.422,0.0
1803,45.181,691609.0,vf/smo/vf=on/lk=0,6.114,0.358,-0.129,-0.04,0.0,-0.463,0.0
1804,45.201,691629.0,vf/smo/vf=on/lk=0,6.114,0.056,-0.138,-0.031,-0.077,-0.403,0.0
1805,45.221,691649.0,vf/smo/vf=on/lk=0,6.113,-0.244,-0.144,-0.027,0.0,-0.339,0.0
1806,45.241,691669.0,vf/smo/vf=on/lk=0,6.113,0.357,-0.152,-0.018,0.0,-0.293,0.0
1807,45.261,691689.0,vf/smo/vf=on/lk=0,6.114,0.063,-0.161,-0.008,0.0,-0.495,0.0
1808,45.281,691709.0,vf/smo/vf=on/lk=0,6.113,-0.233,-0.169,-0.001,0.0,-0.447,0.0
1809,45.301,691729.0,vf/smo/vf=on/lk=0,6.114,0.36,-0.177,0.008,0.078,-0.425,0.0
1810,45.321,691749.0,vf/smo/vf=on/lk=0,6.114,0.065,-0.185,0.016,0.0,-0.418,0.0
1811,45.341,691769.0,vf/smo/vf=on/lk=0,6.113,-0.23,-0.193,0.023,-0.076,-0.458,0.0
1812,45.361,691789.0,vf/smo/vf=on/lk=0,6.113,0.367,-0.201,0.031,0.0,-0.45,0.0
1813,45.381,691809.0,vf/smo/vf=on/lk=0,6.114,0.073,-0.208,0.039,0.076,-0.318,0.0
1814,45.401,691829.0,vf/smo/vf=on/lk=0,6.113,-0.222,-0.215,0.045,-0.076,-0.333,0.0
1815,45.421,691849.0,vf/smo/vf=on/lk=0,6.114,0.371,-0.222,0.053,0.078,-0.418,0.0
1816,45.441,691869.0,vf/smo/vf=on/lk=0,6.113,0.076,-0.229,0.058,-0.076,-0.388,0.0
1817,45.461,691889.0,vf/smo/vf=on/lk=0,6.114,-0.22,-0.235,0.067,0.076,-0.345,0.0
1818,45.481,691909.0,vf/smo/vf=on/lk=0,6.114,0.377,-0.242,0.073,0.0,-0.219,0.0
1819,45.501,691929.0,vf/smo/vf=on/lk=0,6.113,0.082,-0.248,0.078,-0.076,-0.308,0.0
1820,45.521,691949.0,vf/smo/vf=on/lk=0,6.114,-0.213,-0.255,0.086,0.076,-0.297,0.0
1821,45.541,691969.0,vf/smo/vf=on/lk=0,6.114,0.38,-0.261,0.092,0.0,-0.321,0.0
1822,45.561,691989.0,vf/smo/vf=on/lk=0,6.113,0.084,-0.267,0.097,-0.076,-0.282,0.0
1823,45.581,692009.0,vf/smo/vf=on/lk=0,6.113,-0.211,-0.273,0.103,0.076,-0.338,0.0
1824,45.601,692029.0,vf/smo/vf=on/lk=0,6.114,0.387,-0.279,0.11,0.0,-0.302,0.0
1825,45.621,692049.0,vf/smo/vf=on/lk=0,6.114,0.093,-0.285,0.116,0.0,-0.247,0.0
1826,45.641,692069.0,vf/smo/vf=on/lk=0,6.114,-0.203,-0.291,0.123,0.0,-0.404,0.0
1827,45.661,692089.0,vf/smo/vf=on/lk=0,6.114,0.389,-0.297,0.128,0.0,-0.284,0.0
1828,45.681,692109.0,vf/smo/vf=on/lk=0,6.113,0.093,-0.303,0.132,0.0,-0.317,0.0
1829,45.701,692129.0,vf/smo/vf=on/lk=0,6.113,-0.202,-0.308,0.137,-0.077,-0.171,0.0
1830,45.721,692149.0,vf/smo/vf=on/lk=0,6.113,0.4,-0.313,0.142,0.0,-0.258,0.0
1831,45.741,692169.0,vf/smo/vf=on/lk=0,6.114,0.1,-0.316,0.147,0.077,-0.184,0.0
1832,45.761,692189.0,vf/smo/vf=on/lk=0,6.113,-0.194,-0.32,0.15,-0.076,-0.137,0.0
1833,45.781,692209.0,vf/smo/vf=on/lk=0,6.114,0.4,-0.324,0.156,0.078,-0.226,0.0
1834,45.801,692229.0,vf/smo/vf=on/lk=0,6.114,0.106,-0.329,0.16,-0.076,-0.197,0.0
1835,45.821,692249.0,vf/smo/vf=on/lk=0,6.113,-0.19,-0.332,0.162,0.0,-0.166,0.0
1836,45.841,692269.0,vf/smo/vf=on/lk=0,6.113,0.403,-0.335,0.165,0.0,-0.196,0.0
1837,45.861,692289.0,vf/smo/vf=on/lk=0,6.113,0.11,-0.338,0.168,0.076,-0.103,0.0
1838,45.881,692309.0,vf/smo/vf=on/lk=0,6.114,-0.184,-0.341,0.172,0.0,-0.153,0.0
1839,45.901,692329.0,vf/smo/vf=on/lk=0,6.113,0.41,-0.345,0.175,-0.078,-0.137,0.0
1840,45.921,692349.0,vf/smo/vf=on/lk=0,6.113,0.115,-0.348,0.178,0.0,-0.125,0.0
1841,45.941,692369.0,vf/smo/vf=on/lk=0,6.113,-0.181,-0.351,0.181,0.077,-0.196,0.0
1842,45.961,692389.0,vf/smo/vf=on/lk=0,6.113,0.421,-0.354,0.184,-0.076,-0.146,0.0
1843,45.981,692409.0,vf/smo/vf=on/lk=0,6.114,0.121,-0.357,0.188,0.077,-0.174,0.0
1844,46.001,692429.0,vf/smo/vf=on/lk=0,6.113,-0.182,-0.359,0.189,0.0,-0.108,0.0
1845,46.021,692449.0,vf/smo/vf=on/lk=0,6.114,0.42,-0.362,0.193,0.0,-0.111,0.0
1846,46.041,692469.0,vf/smo/vf=on/lk=0,6.113,0.124,-0.364,0.194,-0.076,-0.152,0.0
1847,46.061,692489.0,vf/smo/vf=on/lk=0,6.114,-0.174,-0.367,0.198,0.0,-0.078,0.0
1848,46.081,692509.0,vf/smo/vf=on/lk=0,6.114,0.423,-0.369,0.2,0.077,-0.147,0.0
1849,46.101,692529.0,vf/smo/vf=on/lk=0,6.114,0.128,-0.37,0.201,0.0,-0.093,0.0
1850,46.121,692549.0,vf/smo/vf=on/lk=0,6.114,-0.172,-0.371,0.202,0.0,-0.106,0.0
1851,46.141,692569.0,vf/smo/vf=on/lk=0,6.114,0.434,-0.372,0.204,0.0,-0.119,0.0
1852,46.161,692589.0,vf/smo/vf=on/lk=0,6.114,0.134,-0.373,0.204,0.0,0.006,0.0
1853,46.181,692609.0,vf/smo/vf=on/lk=0,6.114,-0.167,-0.373,0.205,0.0,-0.061,0.0
1854,46.201,692629.0,vf/smo/vf=on/lk=0,6.113,0.439,-0.375,0.204,-0.076,-0.043,0.0
1855,46.221,692649.0,vf/smo/vf=on/lk=0,6.114,0.14,-0.374,0.205,0.0,-0.013,0.0
1856,46.241,692669.0,vf/smo/vf=on/lk=0,6.113,-0.16,-0.374,0.204,0.0,-0.026,0.0
1857,46.261,692689.0,vf/smo/vf=on/lk=0,6.113,0.438,-0.374,0.204,0.0,-0.027,0.0
1858,46.281,692709.0,vf/smo/vf=on/lk=0,6.114,0.145,-0.375,0.206,0.076,-0.021,0.0
1859,46.301,692729.0,vf/smo/vf=on/lk=0,6.113,-0.154,-0.374,0.204,-0.077,0.02,0.0
1860,46.321,692749.0,vf/smo/vf=on/lk=0,6.113,0.444,-0.374,0.204,0.0,-0.064,0.0
1861,46.341,692769.0,vf/smo/vf=on/lk=0,6.114,0.145,-0.375,0.206,0.077,0.06,0.0
1862,46.361,692789.0,vf/smo/vf=on/lk=0,6.113,-0.146,-0.375,0.205,-0.076,-0.005,0.0
1863,46.381,692809.0,vf/smo/vf=on/lk=0,6.114,-0.446,-0.375,0.207,0.077,0.015,0.0
1864,46.401,692829.0,vf/smo/vf=on/lk=0,6.113,0.153,-0.376,0.206,-0.077,-0.035,0.0
1865,46.421,692849.0,vf/smo/vf=on/lk=0,6.114,-0.146,-0.377,0.208,0.077,0.033,0.0
1866,46.441,692869.0,vf/smo/vf=on/lk=0,6.114,-0.445,-0.378,0.209,0.0,-0.03,0.0
1867,46.461,692889.0,vf/smo/vf=on/lk=0,6.114,0.161,-0.379,0.21,0.0,-0.057,0.0
1868,46.481,692909.0,vf/smo/vf=on/lk=0,6.114,-0.139,-0.379,0.21,0.0,0.02,0.0
1869,46.501,692929.0,vf/smo/vf=on/lk=0,6.113,-0.439,-0.38,0.21,-0.077,-0.021,0.0
1870,46.521,692949.0,vf/smo/vf=on/lk=0,6.113,0.159,-0.381,0.21,0.0,-0.035,0.0
1871,46.541,692969.0,vf/smo/vf=on/lk=0,6.114,-0.132,-0.382,0.214,0.0,-0.065,0.0
1872,46.561,692989.0,vf/smo/vf=on/lk=0,6.113,-0.432,-0.384,0.214,0.0,0.009,0.0
1873,46.581,693009.0,vf/smo/vf=on/lk=0,6.114,0.166,-0.386,0.217,0.077,-0.074,0.0
1874,46.601,693029.0,vf/smo/vf=on/lk=0,6.114,-0.133,-0.387,0.219,-0.077,-0.055,0.0
1875,46.621,693049.0,vf/smo/vf=on/lk=0,6.114,-0.424,-0.388,0.219,0.076,-0.031,0.0
1876,46.641,693069.0,vf/smo/vf=on/lk=0,6.114,0.174,-0.388,0.22,0.0,-0.023,0.0
1877,46.661,693089.0,vf/smo/vf=on/lk=0,6.113,-0.126,-0.39,0.22,-0.077,0.01,0.0
1878,46.681,693109.0,vf/smo/vf=on/lk=0,6.114,-0.426,-0.39,0.221,0.077,0.011,0.0
1879,46.701,693129.0,vf/smo/vf=on/lk=0,6.113,0.182,-0.391,0.221,-0.076,0.027,0.0
1880,46.721,693149.0,vf/smo/vf=on/lk=0,6.113,-0.118,-0.392,0.222,0.0,-0.064,0.0
1881,46.741,693169.0,vf/smo/vf=on/lk=0,6.114,-0.418,-0.393,0.224,0.077,-0.038,0.0
1882,46.761,693189.0,vf/smo/vf=on/lk=0,6.114,0.181,-0.394,0.225,0.0,-0.022,0.0
1883,46.781,693209.0,vf/smo/vf=on/lk=0,6.113,-0.119,-0.395,0.225,-0.077,-0.031,0.0
1884,46.801,693229.0,vf/smo/vf=on/lk=0,6.113,-0.411,-0.396,0.226,0.0,-0.076,0.0
1885,46.821,693249.0,vf/smo/vf=on/lk=0,6.114,0.187,-0.397,0.228,0.077,-0.036,0.0
1886,46.841,693269.0,vf/smo/vf=on/lk=0,6.114,-0.112,-0.397,0.229,0.0,-0.074,0.0
1887,46.861,693289.0,vf/smo/vf=on/lk=0,6.114,-0.412,-0.398,0.229,0.0,-0.021,0.0
1888,46.881,693309.0,vf/smo/vf=on/lk=0,6.114,0.195,-0.399,0.231,0.0,0.01,0.0
1889,46.901,693329.0,vf/smo/vf=on/lk=0,6.114,-0.105,-0.401,0.232,0.0,0.072,0.0
1890,46.921,693349.0,vf/smo/vf=on/lk=0,6.113,-0.406,-0.402,0.231,-0.077,-0.008,0.0
1891,46.941,693369.0,vf/smo/vf=on/lk=0,6.113,0.193,-0.402,0.232,0.0,-0.083,0.0
1892,46.961,693389.0,vf/smo/vf=on/lk=0,6.113,-0.099,-0.404,0.234,0.0,-0.1,0.0
1893,46.981,693409.0,vf/smo/vf=on/lk=0,6.113,-0.399,-0.405,0.235,0.0,-0.102,0.0
1894,47.001,693429.0,vf/smo/vf=on/lk=0,6.113,0.198,-0.406,0.236,0.0,-0.051,0.0
1895,47.021,693449.0,vf/smo/vf=on/lk=0,6.114,-0.093,-0.407,0.239,0.076,0.001,0.0
1896,47.041,693469.0,vf/smo/vf=on/lk=0,6.114,-0.393,-0.409,0.24,0.0,-0.035,0.0
1897,47.061,693489.0,vf/smo/vf=on/lk=0,6.114,0.205,-0.409,0.24,0.0,-0.031,0.0
1898,47.081,693509.0,vf/smo/vf=on/lk=0,6.114,-0.095,-0.409,0.24,0.0,-0.042,0.0
1899,47.101,693529.0,vf/smo/vf=on/lk=0,6.113,-0.388,-0.41,0.24,-0.076,0.012,0.0
1900,47.121,693549.0,vf/smo/vf=on/lk=0,6.113,0.21,-0.411,0.24,0.077,-0.009,0.0
1901,47.141,693569.0,vf/smo/vf=on/lk=0,6.113,-0.089,-0.411,0.24,0.0,-0.1,0.0
1902,47.161,693589.0,vf/smo/vf=on/lk=0,6.113,-0.38,-0.41,0.24,-0.076,0.017,0.0
1903,47.181,693609.0,vf/smo/vf=on/lk=0,6.113,0.219,-0.41,0.239,0.0,-0.004,0.0
1904,47.201,693629.0,vf/smo/vf=on/lk=0,6.114,-0.081,-0.41,0.241,0.077,-0.004,0.0
1905,47.221,693649.0,vf/smo/vf=on/lk=0,6.113,-0.379,-0.41,0.24,-0.077,0.005,0.0
1906,47.241,693669.0,vf/smo/vf=on/lk=0,6.113,0.222,-0.409,0.239,0.0,0.004,0.0
1907,47.261,693689.0,vf/smo/vf=on/lk=0,6.114,-0.076,-0.409,0.24,0.0,-0.005,0.0
1908,47.281,693709.0,vf/smo/vf=on/lk=0,6.113,-0.377,-0.408,0.238,0.0,0.049,0.0
1909,47.301,693729.0,vf/smo/vf=on/lk=0,6.113,0.229,-0.407,0.237,0.0,0.033,0.0
1910,47.321,693749.0,vf/smo/vf=on/lk=0,6.114,-0.072,-0.406,0.237,0.077,0.074,0.0
1911,47.341,693769.0,vf/smo/vf=on/lk=0,6.114,-0.372,-0.405,0.236,0.0,0.047,0.0
1912,47.361,693789.0,vf/smo/vf=on/lk=0,6.113,0.229,-0.403,0.232,-0.077,0.108,0.0
1913,47.381,693809.0,vf/smo/vf=on/lk=0,6.113,-0.069,-0.401,0.231,0.0,0.1,0.0
1914,47.401,693829.0,vf/smo/vf=on/lk=0,6.114,-0.36,-0.398,0.23,0.076,0.096,0.0
1915,47.421,693849.0,vf/smo/vf=on/lk=0,6.114,0.238,-0.396,0.228,0.0,0.019,0.0
1916,47.441,693869.0,vf/smo/vf=on/lk=0,6.113,-0.063,-0.394,0.224,-0.077,0.098,0.0
1917,47.461,693889.0,vf/smo/vf=on/lk=0,6.113,-0.362,-0.392,0.222,0.0,0.138,0.0
1918,47.481,693909.0,vf/smo/vf=on/lk=0,6.114,0.243,-0.39,0.222,0.076,0.104,0.0
1919,47.501,693929.0,vf/smo/vf=on/lk=0,6.113,-0.062,-0.389,0.218,-0.078,0.099,0.0
1920,47.521,693949.0,vf/smo/vf=on/lk=0,6.113,-0.359,-0.386,0.216,0.0,0.08,0.0
1921,47.541,693969.0,vf/smo/vf=on/lk=0,6.114,0.246,-0.383,0.215,0.076,0.151,0.0
1922,47.561,693989.0,vf/smo/vf=on/lk=0,6.114,-0.054,-0.381,0.213,0.0,0.07,0.0
1923,47.581,694009.0,vf/smo/vf=on/lk=0,6.113,-0.354,-0.378,0.208,-0.077,0.15,0.0
1924,47.601,694029.0,vf/smo/vf=on/lk=0,6.114,0.252,-0.374,0.205,0.0,0.181,0.0
1925,47.621,694049.0,vf/smo/vf=on/lk=0,6.113,-0.048,-0.37,0.2,0.077,0.186,0.0
1926,47.641,694069.0,vf/smo/vf=on/lk=0,6.114,-0.345,-0.366,0.197,-0.076,0.272,0.0
1927,47.661,694089.0,vf/smo/vf=on/lk=0,6.114,0.25,-0.361,0.192,0.077,0.234,0.0
1928,47.681,694109.0,vf/smo/vf=on/lk=0,6.114,-0.045,-0.355,0.187,0.0,0.301,0.0
1929,47.701,694129.0,vf/smo/vf=on/lk=0,6.114,-0.34,-0.35,0.182,0.0,0.256,0.0
1930,47.721,694149.0,vf/smo/vf=on/lk=0,6.114,0.262,-0.344,0.175,0.0,0.348,0.0
1931,47.741,694169.0,vf/smo/vf=on/lk=0,6.114,-0.034,-0.338,0.169,0.0,0.298,0.0
1932,47.761,694189.0,vf/smo/vf=on/lk=0,6.114,-0.339,-0.333,0.164,0.0,0.334,0.0
1933,47.781,694209.0,vf/smo/vf=on/lk=0,6.114,0.266,-0.327,0.158,0.0,0.316,0.0
1934,47.801,694229.0,vf/smo/vf=on/lk=0,6.114,-0.037,-0.321,0.153,0.0,0.337,0.0
1935,47.821,694249.0,vf/smo/vf=on/lk=0,6.114,-0.333,-0.316,0.147,0.0,0.276,0.0
1936,47.841,694269.0,vf/smo/vf=on/lk=0,6.113,0.269,-0.309,0.139,-0.076,0.314,0.0
1937,47.861,694289.0,vf/smo/vf=on/lk=0,6.113,-0.026,-0.303,0.132,0.0,0.35,0.0
1938,47.881,694309.0,vf/smo/vf=on/lk=0,6.113,-0.331,-0.296,0.126,0.0,0.361,0.0
1939,47.901,694329.0,vf/smo/vf=on/lk=0,6.113,0.273,-0.289,0.119,0.0,0.314,0.0
1940,47.921,694349.0,vf/smo/vf=on/lk=0,6.113,-0.021,-0.282,0.111,0.076,0.406,0.0
1941,47.941,694369.0,vf/smo/vf=on/lk=0,6.114,-0.317,-0.274,0.106,0.0,0.326,0.0
1942,47.961,694389.0,vf/smo/vf=on/lk=0,6.114,0.275,-0.267,0.098,0.0,0.326,0.0
1943,47.981,694409.0,vf/smo/vf=on/lk=0,6.113,-0.02,-0.26,0.09,0.0,0.355,0.0
1944,48.001,694429.0,vf/smo/vf=on/lk=0,6.114,-0.316,-0.253,0.085,0.0,0.32,0.0
1945,48.021,694449.0,vf/smo/vf=on/lk=0,6.114,0.281,-0.246,0.077,0.0,0.355,0.0
1946,48.041,694469.0,vf/smo/vf=on/lk=0,6.113,-0.014,-0.237,0.067,0.0,0.439,0.0
1947,48.061,694489.0,vf/smo/vf=on/lk=0,6.113,-0.309,-0.228,0.057,-0.076,0.554,0.0
1948,48.081,694509.0,vf/smo/vf=on/lk=0,6.113,0.284,-0.219,0.048,0.0,0.5,0.0
1949,48.101,694529.0,vf/smo/vf=on/lk=0,6.113,-0.012,-0.21,0.04,0.0,0.388,0.0
1950,48.121,694549.0,vf/smo/vf=on/lk=0,6.114,-0.308,-0.201,0.033,0.076,0.47,0.0
1951,48.141,694569.0,vf/smo/vf=on/lk=0,6.113,0.295,-0.192,0.022,-0.076,0.445,0.0
1952,48.161,694589.0,vf/smo/vf=on/lk=0,6.114,-0.009,-0.183,0.014,0.0,0.485,0.0
1953,48.181,694609.0,vf/smo/vf=on/lk=0,6.114,-0.305,-0.173,0.004,0.076,0.425,0.0
1954,48.201,694629.0,vf/smo/vf=on/lk=0,6.114,0.299,-0.163,-0.006,0.0,0.468,0.0
1955,48.221,694649.0,vf/smo/vf=on/lk=0,6.113,0.004,-0.153,-0.017,-0.076,0.538,0.0
1956,48.241,694669.0,vf/smo/vf=on/lk=0,6.114,-0.3,-0.144,-0.024,0.077,0.467,0.0
1957,48.261,694689.0,vf/smo/vf=on/lk=0,6.114,0.301,-0.134,-0.035,0.0,0.438,0.0
1958,48.281,694709.0,vf/smo/vf=on/lk=0,6.114,0.0,-0.123,-0.045,0.0,0.464,0.0
1959,48.301,694729.0,vf/smo/vf=on/lk=0,6.113,-0.291,-0.115,-0.055,-0.076,0.422,0.0
1960,48.321,694749.0,vf/smo/vf=on/lk=0,6.114,0.306,-0.106,-0.063,0.077,0.513,0.0
1961,48.341,694769.0,vf/smo/vf=on/lk=0,6.113,0.006,-0.097,-0.073,-0.077,0.466,0.0
1962,48.361,694789.0,vf/smo/vf=on/lk=0,6.114,-0.285,-0.087,-0.082,0.076,0.574,0.0
1963,48.381,694809.0,vf/smo/vf=on/lk=0,6.113,0.313,-0.076,-0.095,-0.077,0.568,0.0
1964,48.401,694829.0,vf/smo/vf=on/lk=0,6.114,0.012,-0.066,-0.103,0.077,0.487,0.0
1965,48.421,694849.0,vf/smo/vf=on/lk=0,6.114,-0.279,-0.054,-0.115,0.0,0.631,0.0
1966,48.441,694869.0,vf/smo/vf=on/lk=0,6.113,0.317,-0.044,-0.126,0.0,0.535,0.0
1967,48.461,694889.0,vf/smo/vf=on/lk=0,6.114,0.016,-0.034,-0.135,0.0,0.429,0.0
1968,48.481,694909.0,vf/smo/vf=on/lk=0,6.113,-0.282,-0.921,0.751,-0.077,0.512,0.0
1969,48.501,694929.0,vf/smo/vf=on/lk=0,6.114,0.322,-0.911,0.742,0.076,0.501,0.0
1970,48.521,694949.0,vf/smo/vf=on/lk=0,6.114,0.027,-0.9,0.731,0.0,0.533,0.0
1971,48.541,694969.0,vf/smo/vf=on/lk=0,6.113,-0.277,-0.891,0.721,-0.078,0.562,0.0
1972,48.561,694989.0,vf/smo/vf=on/lk=0,6.114,0.326,-0.879,0.711,0.076,0.545,0.0
1973,48.581,695009.0,vf/smo/vf=on/lk=0,6.113,0.033,-0.87,0.699,-0.076,0.532,0.0
1974,48.601,695029.0,vf/smo/vf=on/lk=0,6.114,-0.271,-0.859,0.69,0.077,0.428,0.0
1975,48.621,695049.0,vf/smo/vf=on/lk=0,6.114,0.333,-0.849,0.681,0.0,0.434,0.0
1976,48.641,695069.0,vf/smo/vf=on/lk=0,6.114,0.029,-0.84,0.672,0.0,0.427,0.0
1977,48.661,695089.0,vf/smo/vf=on/lk=0,6.114,-0.266,-0.831,0.662,0.0,0.502,0.0
1978,48.681,695109.0,vf/smo/vf=on/lk=0,6.114,0.337,-0.821,0.652,0.0,0.442,0.0
1979,48.701,695129.0,vf/smo/vf=on/lk=0,6.114,0.042,-0.812,0.643,0.0,0.486,0.0
1980,48.721,695149.0,vf/smo/vf=on/lk=0,6.113,-0.258,-0.803,0.632,0.0,0.456,0.0
1981,48.741,695169.0,vf/smo/vf=on/lk=0,6.114,0.339,-0.793,0.625,0.0,0.498,0.0
1982,48.761,695189.0,vf/smo/vf=on/lk=0,6.114,0.039,-0.784,0.615,0.0,0.436,0.0
1983,48.781,695209.0,vf/smo/vf=on/lk=0,6.114,-0.252,-0.775,0.606,0.0,0.482,0.0
1984,48.801,695229.0,vf/smo/vf=on/lk=0,6.114,0.346,-0.765,0.597,0.0,0.467,0.0
1985,48.821,695249.0,vf/smo/vf=on/lk=0,6.113,0.045,-0.756,0.586,-0.077,0.471,0.0
1986,48.841,695269.0,vf/smo/vf=on/lk=0,6.113,-0.254,-0.747,0.577,0.0,0.421,0.0
1987,48.861,695289.0,vf/smo/vf=on/lk=0,6.113,0.352,-0.738,0.568,0.0,0.447,0.0
1988,48.881,695309.0,vf/smo/vf=on/lk=0,6.114,0.051,-0.728,0.56,0.0,0.517,0.0
1989,48.901,695329.0,vf/smo/vf=on/lk=0,6.114,-0.249,-0.72,0.551,0.077,0.462,0.0
1990,48.921,695349.0,vf/smo/vf=on/lk=0,6.113,0.357,-0.711,0.541,-0.076,0.357,0.0
1991,48.941,695369.0,vf/smo/vf=on/lk=0,6.113,0.058,-0.703,0.532,0.077,0.416,0.0
1992,48.961,695389.0,vf/smo/vf=on/lk=0,6.113,-0.241,-0.694,0.524,0.0,0.411,0.0
1993,48.981,695409.0,vf/smo/vf=on/lk=0,6.114,0.356,-0.686,0.517,0.0,0.4,0.0
1994,49.001,695429.0,vf/smo/vf=on/lk=0,6.113,0.064,-0.677,0.507,-0.076,0.435,0.0
1995,49.021,695449.0,vf/smo/vf=on/lk=0,6.114,-0.235,-0.669,0.5,0.077,0.372,0.0
1996,49.041,695469.0,vf/smo/vf=on/lk=0,6.114,0.363,-0.661,0.492,0.0,0.4,0.0
1997,49.061,695489.0,vf/smo/vf=on/lk=0,6.114,0.063,-0.652,0.483,0.0,0.51,0.0
1998,49.081,695509.0,vf/smo/vf=on/lk=0,6.114,-0.228,-0.644,0.475,0.0,0.341,0.0
1999,49.101,695529.0,vf/smo/vf=on/lk=0,6.114,0.37,-0.635,0.466,0.0,0.495,0.0
2000,49.121,695549.0,vf/smo/vf=on/lk=0,6.114,0.069,-0.626,0.458,0.0,0.447,0.0
2001,49.141,695569.0,vf/smo/vf=on/lk=0,6.113,-0.225,-0.618,0.447,-0.076,0.406,0.0
2002,49.161,695589.0,vf/smo/vf=on/lk=0,6.114,0.374,-0.608,0.439,0.077,0.48,0.0
2003,49.181,695609.0,vf/smo/vf=on/lk=0,6.114,0.074,-0.6,0.431,0.0,0.4,0.0
2004,49.201,695629.0,vf/smo/vf=on/lk=0,6.114,-0.228,-0.592,0.423,0.0,0.264,0.0
2005,49.221,695649.0,vf/smo/vf=on/lk=0,6.114,0.382,-0.582,0.413,0.0,0.48,0.0
2006,49.241,695669.0,vf/smo/vf=on/lk=0,6.114,0.081,-0.572,0.404,0.0,0.454,0.0
2007,49.261,695689.0,vf/smo/vf=on/lk=0,6.114,-0.218,-0.563,0.394,0.0,0.494,0.0
2008,49.281,695709.0,vf/smo/vf=on/lk=0,6.114,0.385,-0.552,0.383,0.0,0.601,0.0
2009,49.301,695729.0,vf/smo/vf=on/lk=0,6.114,0.086,-0.542,0.373,0.0,0.587,0.0
2010,49.321,695749.0,vf/smo/vf=on/lk=0,6.114,-0.215,-0.532,0.364,0.0,0.499,0.0
2011,49.341,695769.0,vf/smo/vf=on/lk=0,6.114,0.391,-0.523,0.354,0.0,0.498,0.0
2012,49.361,695789.0,vf/smo/vf=on/lk=0,6.114,0.089,-0.513,0.344,0.0,0.389,0.0
2013,49.381,695809.0,vf/smo/vf=on/lk=0,6.114,-0.21,-0.503,0.334,0.0,0.546,0.0
2014,49.401,695829.0,vf/smo/vf=on/lk=0,6.113,0.395,-0.494,0.324,-0.076,0.481,0.0
2015,49.421,695849.0,vf/smo/vf=on/lk=0,6.113,0.098,-0.485,0.314,0.0,0.38,0.0
2016,49.441,695869.0,vf/smo/vf=on/lk=0,6.114,-0.202,-0.476,0.307,0.0,0.421,0.0
2017,49.461,695889.0,vf/smo/vf=on/lk=0,6.113,0.395,-0.468,0.297,0.0,0.444,0.0
2018,49.481,695909.0,vf/smo/vf=on/lk=0,6.114,0.103,-0.459,0.29,0.076,0.472,0.0
2019,49.501,695929.0,vf/smo/vf=on/lk=0,6.113,-0.197,-0.451,0.281,-0.077,0.42,0.0
2020,49.521,695949.0,vf/smo/vf=on/lk=0,6.114,0.4,-0.443,0.274,0.0,0.407,0.0
2021,49.541,695969.0,vf/smo/vf=on/lk=0,6.113,0.108,-0.435,0.264,0.0,0.34,0.0
2022,49.561,695989.0,vf/smo/vf=on/lk=0,6.113,-0.189,-0.426,0.256,0.0,0.386,0.0
2023,49.581,696009.0,vf/smo/vf=on/lk=0,6.114,0.409,-0.418,0.249,0.077,0.337,0.0
2024,49.601,696029.0,vf/smo/vf=on/lk=0,6.114,0.11,-0.409,0.24,0.0,0.478,0.0
2025,49.621,696049.0,vf/smo/vf=on/lk=0,6.114,-0.191,-0.401,0.233,0.0,0.417,0.0
2026,49.641,696069.0,vf/smo/vf=on/lk=0,6.114,0.415,-0.393,0.224,0.0,0.386,0.0
2027,49.661,696089.0,vf/smo/vf=on/lk=0,6.114,0.115,-0.384,0.215,0.0,0.34,0.0
2028,49.681,696109.0,vf/smo/vf=on/lk=0,6.114,-0.183,-0.377,0.208,0.0,0.34,0.0
2029,49.701,696129.0,vf/smo/vf=on/lk=0,6.113,0.416,-0.37,0.2,0.0,0.322,0.0
2030,49.721,696149.0,vf/smo/vf=on/lk=0,6.114,0.121,-0.363,0.195,-0.076,0.331,0.0
2031,49.741,696169.0,vf/smo/vf=on/lk=0,6.114,-0.174,-0.356,0.187,0.076,0.407,0.0
2032,49.761,696189.0,vf/smo/vf=on/lk=0,6.113,0.42,-0.348,0.178,-0.077,0.376,0.0
2033,49.781,696209.0,vf/smo/vf=on/lk=0,6.114,0.121,-0.341,0.173,0.077,0.325,0.0
2034,49.801,696229.0,vf/smo/vf=on/lk=0,6.113,-0.173,-0.334,0.164,-0.076,0.344,0.0
2035,49.821,696249.0,vf/smo/vf=on/lk=0,6.113,0.431,-0.328,0.157,0.0,0.384,0.0
2036,49.841,696269.0,vf/smo/vf=on/lk=0,6.113,0.125,-0.321,0.15,0.0,0.328,0.0
2037,49.861,696289.0,vf/smo/vf=on/lk=0,6.114,-0.171,-0.313,0.144,0.076,0.325,0.0
2038,49.881,696309.0,vf/smo/vf=on/lk=0,6.114,0.432,-0.305,0.137,0.0,0.363,0.0
2039,49.901,696329.0,vf/smo/vf=on/lk=0,6.114,0.133,-0.298,0.129,0.0,0.451,0.0
2040,49.921,696349.0,vf/smo/vf=on/lk=0,6.114,-0.162,-0.289,0.121,0.0,0.418,0.0
2041,49.941,696369.0,vf/smo/vf=on/lk=0,6.113,0.44,-0.281,0.11,0.0,0.462,0.0
2042,49.961,696389.0,vf/smo/vf=on/lk=0,6.114,0.144,-0.274,0.105,0.0,0.315,0.0
2043,49.981,696409.0,vf/smo/vf=on/lk=0,6.113,-0.161,-0.265,0.095,-0.078,0.43,0.0
2044,50.001,696429.0,vf/smo/vf=on/lk=0,6.113,0.442,-0.257,0.087,0.076,0.409,0.0
2045,50.021,696449.0,vf/smo/vf=on/lk=0,6.114,0.146,-0.252,0.083,-0.077,0.317,0.0
2046,50.041,696469.0,vf/smo/vf=on/lk=0,6.114,-0.15,-0.244,0.075,0.0,0.334,0.0
2047,50.061,696489.0,vf/smo/vf=on/lk=0,6.113,0.442,-0.236,0.066,0.0,0.499,0.0
2048,50.081,696509.0,vf/smo/vf=on/lk=0,6.114,0.146,-0.229,0.061,0.076,0.36,0.0
2049,50.101,696529.0,vf/smo/vf=on/lk=0,6.114,-0.149,-0.223,0.054,0.0,0.333,0.0
2050,50.121,696549.0,vf/smo/vf=on/lk=0,6.114,-0.445,-0.216,0.047,0.0,0.342,0.0
2051,50.141,696569.0,vf/smo/vf=on/lk=0,6.113,0.157,-0.209,0.039,-0.076,0.306,0.0
2052,50.161,696589.0,vf/smo/vf=on/lk=0,6.113,-0.147,-0.201,0.031,0.0,0.365,0.0
2053,50.181,696609.0,vf/smo/vf=on/lk=0,6.114,-0.443,-0.193,0.025,0.077,0.325,0.0
2054,50.201,696629.0,vf/smo/vf=on/lk=0,6.114,0.161,-0.186,0.018,0.0,0.356,0.0
2055,50.221,696649.0,vf/smo/vf=on/lk=0,6.114,-0.143,-0.178,0.01,0.0,0.467,0.0
2056,50.241,696669.0,vf/smo/vf=on/lk=0,6.114,-0.438,-0.17,0.001,0.0,0.493,0.0
2057,50.261,696689.0,vf/smo/vf=on/lk=0,6.114,0.165,-0.162,-0.007,0.0,0.433,0.0
2058,50.281,696709.0,vf/smo/vf=on/lk=0,6.113,-0.131,-0.154,-0.016,-0.076,0.348,0.0
2059,50.301,696729.0,vf/smo/vf=on/lk=0,6.113,-0.434,-0.147,-0.024,0.077,0.402,0.0
2060,50.321,696749.0,vf/smo/vf=on/lk=0,6.113,0.17,-0.139,-0.031,-0.076,0.351,0.0
2061,50.341,696769.0,vf/smo/vf=on/lk=0,6.114,-0.13,-0.13,-0.039,0.077,0.422,0.0
2062,50.361,696789.0,vf/smo/vf=on/lk=0,6.113,-0.431,-0.122,-0.048,-0.077,0.383,0.0
2063,50.381,696809.0,vf/smo/vf=on/lk=0,6.114,0.176,-0.114,-0.055,0.076,0.382,0.0
2064,50.401,696829.0,vf/smo/vf=on/lk=0,6.114,-0.124,-0.107,-0.062,0.0,0.386,0.0
2065,50.421,696849.0,vf/smo/vf=on/lk=0,6.114,-0.425,-0.099,-0.07,0.0,0.357,0.0
2066,50.441,696869.0,vf/smo/vf=on/lk=0,6.114,0.181,-0.091,-0.078,0.0,0.487,0.0
2067,50.461,696889.0,vf/smo/vf=on/lk=0,6.114,-0.119,-0.083,-0.086,0.0,0.47,0.0
2068,50.481,696909.0,vf/smo/vf=on/lk=0,6.114,-0.42,-0.075,-0.094,0.0,0.439,0.0
2069,50.501,696929.0,vf/smo/vf=on/lk=0,6.113,0.186,-0.068,-0.102,-0.076,0.366,0.0
2070,50.521,696949.0,vf/smo/vf=on/lk=0,6.114,-0.115,-0.061,-0.108,0.077,0.393,0.0
2071,50.541,696969.0,vf/smo/vf=on/lk=0,6.113,-0.415,-0.055,-0.115,-0.077,0.31,0.0
2072,50.561,696989.0,vf/smo/vf=on/lk=0,6.113,0.192,-0.048,-0.123,0.076,0.285,0.0
2073,50.581,697009.0,vf/smo/vf=on/lk=0,6.114,-0.108,-0.04,-0.129,0.0,0.424,0.0
2074,50.601,697029.0,vf/smo/vf=on/lk=0,6.114,-0.41,-0.033,-0.136,0.0,0.406,0.0
2075,50.621,697049.0,vf/smo/vf=on/lk=0,6.114,0.191,-0.922,0.753,0.0,0.471,0.0
2076,50.641,697069.0,vf/smo/vf=on/lk=0,6.114,-0.105,-0.915,0.746,0.0,0.388,0.0
2077,50.661,697089.0,vf/smo/vf=on/lk=0,6.113,-0.4,-0.907,0.737,-0.076,0.415,0.0
2078,50.681,697109.0,vf/smo/vf=on/lk=0,6.114,0.194,-0.899,0.73,0.077,0.444,0.0
2079,50.701,697129.0,vf/smo/vf=on/lk=0,6.114,-0.1,-0.891,0.722,-0.076,0.434,0.0
2080,50.721,697149.0,vf/smo/vf=on/lk=0,6.113,-0.394,-0.882,0.712,0.0,0.293,0.0
2081,50.741,697169.0,vf/smo/vf=on/lk=0,6.114,0.2,-0.873,0.705,0.078,0.393,0.0
2082,50.761,697189.0,vf/smo/vf=on/lk=0,6.113,-0.094,-0.864,0.694,-0.076,0.459,0.0
2083,50.781,697209.0,vf/smo/vf=on/lk=0,6.114,-0.398,-0.855,0.687,0.077,0.475,0.0
2084,50.801,697229.0,vf/smo/vf=on/lk=0,6.113,0.206,-0.847,0.677,-0.076,0.433,0.0
2085,50.821,697249.0,vf/smo/vf=on/lk=0,6.114,-0.088,-0.839,0.671,0.076,0.441,0.0
2086,50.841,697269.0,vf/smo/vf=on/lk=0,6.113,-0.391,-0.832,0.661,-0.077,0.43,0.0
2087,50.861,697289.0,vf/smo/vf=on/lk=0,6.113,0.213,-0.823,0.653,0.0,0.453,0.0
2088,50.881,697309.0,vf/smo/vf=on/lk=0,6.114,-0.084,-0.814,0.645,0.077,0.462,0.0
2089,50.901,697329.0,vf/smo/vf=on/lk=0,6.114,-0.383,-0.805,0.637,0.0,0.403,0.0
2090,50.921,697349.0,vf/smo/vf=on/lk=0,6.114,0.214,-0.797,0.628,0.0,0.406,0.0
2091,50.941,697369.0,vf/smo/vf=on/lk=0,6.114,-0.086,-0.789,0.62,0.0,0.353,0.0
2092,50.961,697389.0,vf/smo/vf=on/lk=0,6.113,-0.377,-0.781,0.611,-0.076,0.353,0.0
2093,50.981,697409.0,vf/smo/vf=on/lk=0,6.114,0.221,-0.773,0.604,0.077,0.281,0.0
2094,51.001,697429.0,vf/smo/vf=on/lk=0,6.114,-0.079,-0.766,0.597,0.0,0.386,0.0
2095,51.021,697449.0,vf/smo/vf=on/lk=0,6.114,-0.374,-0.758,0.589,-0.076,0.348,0.0
2096,51.041,697469.0,vf/smo/vf=on/lk=0,6.114,0.225,-0.749,0.581,0.077,0.412,0.0
2097,51.061,697489.0,vf/smo/vf=on/lk=0,6.113,-0.075,-0.741,0.571,-0.077,0.432,0.0
2098,51.081,697509.0,vf/smo/vf=on/lk=0,6.114,-0.366,-0.733,0.564,0.076,0.379,0.0
2099,51.101,697529.0,vf/smo/vf=on/lk=0,6.113,0.232,-0.726,0.556,-0.077,0.346,0.0
2100,51.121,697549.0,vf/smo/vf=on/lk=0,6.114,-0.087,-0.718,0.55,0.0,0.379,0.0
2101,51.141,697569.0,vf/smo/vf=on/lk=0,6.114,-0.367,-0.71,0.541,0.077,0.336,0.0
2102,51.161,697589.0,vf/smo/vf=on/lk=0,6.114,0.231,-0.703,0.534,0.0,0.34,0.0
2103,51.181,697609.0,vf/smo/vf=on/lk=0,6.114,-0.061,-0.695,0.527,0.0,0.397,0.0
2104,51.201,697629.0,vf/smo/vf=on/lk=0,6.114,-0.362,-0.687,0.518,0.0,0.434,0.0
2105,51.221,697649.0,vf/smo/vf=on/lk=0,6.114,0.236,-0.68,0.511,-0.077,0.348,0.0
2106,51.241,697669.0,vf/smo/vf=on/lk=0,6.114,-0.061,-0.672,0.503,0.076,0.386,0.0
2107,51.261,697689.0,vf/smo/vf=on/lk=0,6.114,-0.358,-0.665,0.496,-0.077,0.394,0.0
2108,51.281,697709.0,vf/smo/vf=on/lk=0,6.114,0.248,-0.658,0.489,0.076,0.364,0.0
2109,51.301,697729.0,vf/smo/vf=on/lk=0,6.113,-0.051,-0.651,0.481,-0.077,0.352,0.0
2110,51.321,697749.0,vf/smo/vf=on/lk=0,6.114,-0.352,-0.643,0.474,0.077,0.352,0.0
2111,51.341,697769.0,vf/smo/vf=on/lk=0,6.114,0.247,-0.634,0.466,-0.077,0.442,0.0
2112,51.361,697789.0,vf/smo/vf=on/lk=0,6.114,-0.051,-0.627,0.458,0.077,0.444,0.0
2113,51.381,697809.0,vf/smo/vf=on/lk=0,6.114,-0.349,-0.62,0.451,0.0,0.378,0.0
2114,51.401,697829.0,vf/smo/vf=on/lk=0,6.113,0.258,-0.611,0.44,-0.076,0.371,0.0
2115,51.421,697849.0,vf/smo/vf=on/lk=0,6.113,-0.042,-0.601,0.431,0.0,0.484,0.0
2116,51.441,697869.0,vf/smo/vf=on/lk=0,6.114,-0.343,-0.594,0.425,0.077,0.378,0.0
2117,51.461,697889.0,vf/smo/vf=on/lk=0,6.114,0.253,-0.585,0.417,0.0,0.452,0.0
2118,51.481,697909.0,vf/smo/vf=on/lk=0,6.113,-0.035,-0.577,0.407,-0.078,0.454,0.0
2119,51.501,697929.0,vf/smo/vf=on/lk=0,6.114,-0.335,-0.57,0.401,0.077,0.318,0.0
2120,51.521,697949.0,vf/smo/vf=on/lk=0,6.114,0.263,-0.564,0.395,0.0,0.395,0.0
2121,51.541,697969.0,vf/smo/vf=on/lk=0,6.114,-0.037,-0.557,0.388,0.0,0.238,0.0
2122,51.561,697989.0,vf/smo/vf=on/lk=0,6.113,-0.33,-0.551,0.38,-0.076,0.325,0.0
2123,51.581,698009.0,vf/smo/vf=on/lk=0,6.114,0.265,-0.544,0.375,0.077,0.309,0.0
2124,51.601,698029.0,vf/smo/vf=on/lk=0,6.114,-0.033,-0.536,0.367,0.0,0.348,0.0
2125,51.621,698049.0,vf/smo/vf=on/lk=0,6.113,-0.325,-0.53,0.359,-0.076,0.301,0.0
2126,51.641,698069.0,vf/smo/vf=on/lk=0,6.114,0.273,-0.523,0.354,0.077,0.36,0.0
2127,51.661,698089.0,vf/smo/vf=on/lk=0,6.114,-0.027,-0.516,0.347,0.0,0.299,0.0
2128,51.681,698109.0,vf/smo/vf=on/lk=0,6.114,-0.318,-0.511,0.342,0.0,0.33,0.0
2129,51.701,698129.0,vf/smo/vf=on/lk=0,6.114,0.276,-0.505,0.337,0.0,0.33,0.0
2130,51.721,698149.0,vf/smo/vf=on/lk=0,6.114,-0.016,-0.498,0.33,0.0,0.382,0.0
2131,51.741,698169.0,vf/smo/vf=on/lk=0,6.113,-0.317,-0.49,0.32,-0.077,0.345,0.0
2132,51.761,698189.0,vf/smo/vf=on/lk=0,6.114,0.28,-0.485,0.316,0.077,0.308,0.0
2133,51.781,698209.0,vf/smo/vf=on/lk=0,6.113,-0.011,-0.479,0.308,-0.076,0.328,0.0
2134,51.801,698229.0,vf/smo/vf=on/lk=0,6.114,-0.311,-0.471,0.303,0.077,0.327,0.0
2135,51.821,698249.0,vf/smo/vf=on/lk=0,6.113,0.287,-0.466,0.296,-0.077,0.288,0.0
2136,51.841,698269.0,vf/smo/vf=on/lk=0,6.113,-0.013,-0.46,0.289,0.0,0.302,0.0
2137,51.861,698289.0,vf/smo/vf=on/lk=0,6.114,-0.306,-0.454,0.285,0.076,0.254,0.0
2138,51.881,698309.0,vf/smo/vf=on/lk=0,6.113,0.292,-0.446,0.276,-0.077,0.35,0.0
2139,51.901,698329.0,vf/smo/vf=on/lk=0,6.114,-0.007,-0.439,0.271,0.077,0.345,0.0
2140,51.921,698349.0,vf/smo/vf=on/lk=0,6.113,-0.299,-0.433,0.262,-0.076,0.386,0.0
2141,51.941,698369.0,vf/smo/vf=on/lk=0,6.113,0.299,-0.425,0.254,0.0,0.39,0.0
2142,51.961,698389.0,vf/smo/vf=on/lk=0,6.113,-0.002,-0.418,0.248,0.0,0.384,0.0
2143,51.981,698409.0,vf/smo/vf=on/lk=0,6.113,-0.294,-0.41,0.24,0.0,0.383,0.0
2144,52.001,698429.0,vf/smo/vf=on/lk=0,6.114,0.303,-0.404,0.235,0.077,0.381,0.0
2145,52.021,698449.0,vf/smo/vf=on/lk=0,6.113,0.004,-0.397,0.226,-0.077,0.316,0.0
2146,52.041,698469.0,vf/smo/vf=on/lk=0,6.114,-0.296,-0.389,0.22,0.077,0.384,0.0
2147,52.061,698489.0,vf/smo/vf=on/lk=0,6.114,0.31,-0.382,0.213,-0.076,0.387,0.0
2148,52.081,698509.0,vf/smo/vf=on/lk=0,6.113,0.01,-0.374,0.204,0.0,0.398,0.0
2149,52.101,698529.0,vf/smo/vf=on/lk=0,6.113,-0.289,-0.365,0.195,0.0,0.413,0.0
2150,52.121,698549.0,vf/smo/vf=on/lk=0,6.114,0.313,-0.358,0.189,0.076,0.299,0.0
2151,52.141,698569.0,vf/smo/vf=on/lk=0,6.114,0.018,-0.35,0.181,0.0,0.403,0.0
2152,52.161,698589.0,vf/smo/vf=on/lk=0,6.114,-0.287,-0.343,0.174,0.0,0.369,0.0
2153,52.181,698609.0,vf/smo/vf=on/lk=0,6.114,0.316,-0.335,0.167,0.0,0.454,0.0
2154,52.201,698629.0,vf/smo/vf=on/lk=0,6.113,0.021,-0.328,0.158,-0.076,0.327,0.0
2155,52.221,698649.0,vf/smo/vf=on/lk=0,6.114,-0.282,-0.32,0.151,0.077,0.378,0.0
2156,52.241,698669.0,vf/smo/vf=on/lk=0,6.113,0.321,-0.311,0.141,-0.076,0.334,0.0
2157,52.261,698689.0,vf/smo/vf=on/lk=0,6.114,0.027,-0.303,0.135,0.076,0.432,0.0
2158,52.281,698709.0,vf/smo/vf=on/lk=0,6.114,-0.277,-0.296,0.127,0.0,0.348,0.0
2159,52.301,698729.0,vf/smo/vf=on/lk=0,6.113,0.325,-0.288,0.118,-0.076,0.424,0.0
2160,52.321,698749.0,vf/smo/vf=on/lk=0,6.114,0.03,-0.28,0.111,0.076,0.415,0.0
2161,52.341,698769.0,vf/smo/vf=on/lk=0,6.113,-0.265,-0.272,0.102,-0.076,0.379,0.0
2162,52.361,698789.0,vf/smo/vf=on/lk=0,6.113,0.329,-0.263,0.093,0.0,0.443,0.0
2163,52.381,698809.0,vf/smo/vf=on/lk=0,6.114,0.033,-0.256,0.087,0.076,0.499,0.0
2164,52.401,698829.0,vf/smo/vf=on/lk=0,6.113,-0.262,-0.248,0.077,-0.076,0.447,0.0
2165,52.421,698849.0,vf/smo/vf=on/lk=0,6.113,0.332,-0.24,0.07,0.0,0.406,0.0
2166,52.441,698869.0,vf/smo/vf=on/lk=0,6.114,0.036,-0.232,0.063,0.076,0.408,0.0
2167,52.461,698889.0,vf/smo/vf=on/lk=0,6.113,-0.258,-0.223,0.053,-0.076,0.365,0.0
2168,52.481,698909.0,vf/smo/vf=on/lk=0,6.113,0.344,-0.214,0.044,0.0,0.452,0.0
2169,52.501,698929.0,vf/smo/vf=on/lk=0,6.114,0.04,-0.204,0.036,0.078,0.433,0.0
2170,52.521,698949.0,vf/smo/vf=on/lk=0,6.114,-0.255,-0.196,0.027,0.0,0.365,0.0
2171,52.541,698969.0,vf/smo/vf=on/lk=0,6.114,0.348,-0.187,0.018,0.0,0.48,0.0
2172,52.561,698989.0,vf/smo/vf=on/lk=0,6.114,0.052,-0.178,0.009,0.0,0.471,0.0
2173,52.581,699009.0,vf/smo/vf=on/lk=0,6.114,-0.252,-0.169,0.001,0.0,0.462,0.0
2174,52.601,699029.0,vf/smo/vf=on/lk=0,6.114,0.35,-0.161,-0.008,-0.076,0.364,0.0
2175,52.621,699049.0,vf/smo/vf=on/lk=0,6.114,0.056,-0.151,-0.017,0.0,0.469,0.0
2176,52.641,699069.0,vf/smo/vf=on/lk=0,6.114,-0.249,-0.143,-0.026,0.078,0.401,0.0
2177,52.661,699089.0,vf/smo/vf=on/lk=0,6.113,0.356,-0.134,-0.036,-0.076,0.368,0.0
2178,52.681,699109.0,vf/smo/vf=on/lk=0,6.113,0.055,-0.125,-0.045,0.0,0.391,0.0
2179,52.701,699129.0,vf/smo/vf=on/lk=0,6.114,-0.236,-0.115,-0.054,0.0,0.535,0.0
2180,52.721,699149.0,vf/smo/vf=on/lk=0,6.113,0.36,-0.106,-0.064,0.0,0.436,0.0
2181,52.741,699169.0,vf/smo/vf=on/lk=0,6.114,0.06,-0.098,-0.071,0.077,0.423,0.0
2182,52.761,699189.0,vf/smo/vf=on/lk=0,6.114,-0.231,-0.088,-0.081,0.0,0.422,0.0
2183,52.781,699209.0,vf/smo/vf=on/lk=0,6.113,0.366,-0.079,-0.091,-0.077,0.439,0.0
2184,52.801,699229.0,vf/smo/vf=on/lk=0,6.113,0.069,-0.069,-0.101,0.0,0.445,0.0
2185,52.821,699249.0,vf/smo/vf=on/lk=0,6.113,-0.231,-0.059,-0.111,0.0,0.453,0.0
2186,52.841,699269.0,vf/smo/vf=on/lk=0,6.114,0.365,-0.048,-0.12,0.077,0.488,0.0
2187,52.861,699289.0,vf/smo/vf=on/lk=0,6.114,0.073,-0.04,-0.129,0.0,0.454,0.0
2188,52.881,699309.0,vf/smo/vf=on/lk=0,6.114,-0.229,-0.03,-0.139,0.0,0.496,0.0
2189,52.901,699329.0,vf/smo/vf=on/lk=0,6.114,0.373,-0.92,0.751,-0.076,0.337,0.0
2190,52.921,699349.0,vf/smo/vf=on/lk=0,6.114,0.074,-0.911,0.742,0.077,0.429,0.0
2191,52.941,699369.0,vf/smo/vf=on/lk=0,6.114,-0.22,-0.902,0.733,0.0,0.486,0.0
2192,52.961,699389.0,vf/smo/vf=on/lk=0,6.113,0.382,-0.893,0.723,-0.076,0.507,0.0
2193,52.981,699409.0,vf/smo/vf=on/lk=0,6.114,0.086,-0.885,0.716,0.076,0.369,0.0
2194,53.001,699429.0,vf/smo/vf=on/lk=0,6.114,-0.218,-0.877,0.708,0.0,0.445,0.0
2195,53.021,699449.0,vf/smo/vf=on/lk=0,6.114,0.385,-0.868,0.699,0.0,0.469,0.0
2196,53.041,699469.0,vf/smo/vf=on/lk=0,6.114,0.082,-0.859,0.69,0.0,0.484,0.0
2197,53.061,699489.0,vf/smo/vf=on/lk=0,6.114,-0.211,-0.849,0.681,0.0,0.389,0.0
2198,53.081,699509.0,vf/smo/vf=on/lk=0,6.113,0.391,-0.84,0.67,-0.076,0.403,0.0
2199,53.101,699529.0,vf/smo/vf=on/lk=0,6.113,0.087,-0.831,0.661,0.0,0.452,0.0
2200,53.121,699549.0,vf/smo/vf=on/lk=0,6.114,-0.209,-0.822,0.653,0.076,0.48,0.0
2201,53.141,699569.0,vf/smo/vf=on/lk=0,6.114,0.396,-0.812,0.644,-0.076,0.525,0.0
2202,53.161,699589.0,vf/smo/vf=on/lk=0,6.114,0.097,-0.803,0.634,0.077,0.46,0.0
2203,53.181,699609.0,vf/smo/vf=on/lk=0,6.114,-0.2,-0.793,0.624,0.0,0.466,0.0
2204,53.201,699629.0,vf/smo/vf=on/lk=0,6.114,0.399,-0.784,0.615,0.0,0.506,0.0
2205,53.221,699649.0,vf/smo/vf=on/lk=0,6.114,0.099,-0.774,0.605,0.0,0.518,0.0
2206,53.241,699669.0,vf/smo/vf=on/lk=0,6.113,-0.201,-0.764,0.594,0.0,0.521,0.0
2207,53.261,699689.0,vf/smo/vf=on/lk=0,6.114,0.406,-0.754,0.585,0.0,0.484,0.0
2208,53.281,699709.0,vf/smo/vf=on/lk=0,6.114,0.102,-0.745,0.576,0.0,0.398,0.0
2209,53.301,699729.0,vf/smo/vf=on/lk=0,6.114,-0.196,-0.735,0.566,0.0,0.468,0.0
2210,53.321,699749.0,vf/smo/vf=on/lk=0,6.113,0.41,-0.726,0.556,-0.076,0.453,0.0
2211,53.341,699769.0,vf/smo/vf=on/lk=0,6.114,0.11,-0.717,0.548,0.077,0.426,0.0
2212,53.361,699789.0,vf/smo/vf=on/lk=0,6.114,-0.19,-0.707,0.538,-0.077,0.46,0.0
2213,53.381,699809.0,vf/smo/vf=on/lk=0,6.114,0.412,-0.698,0.529,0.076,0.374,0.0
2214,53.401,699829.0,vf/smo/vf=on/lk=0,6.114,0.114,-0.689,0.52,0.0,0.466,0.0
2215,53.421,699849.0,vf/smo/vf=on/lk=0,6.113,-0.178,-0.679,0.509,0.0,0.453,0.0
2216,53.441,699869.0,vf/smo/vf=on/lk=0,6.114,0.419,-0.669,0.501,0.0,0.447,0.0
2217,53.461,699889.0,vf/smo/vf=on/lk=0,6.114,0.118,-0.66,0.491,0.0,0.492,0.0
2218,53.481,699909.0,vf/smo/vf=on/lk=0,6.114,-0.174,-0.65,0.481,0.0,0.502,0.0
2219,53.501,699929.0,vf/smo/vf=on/lk=0,6.114,0.423,-0.639,0.471,0.0,0.623,0.0
2220,53.521,699949.0,vf/smo/vf=on/lk=0,6.114,0.128,-0.63,0.461,0.0,0.446,0.0
2221,53.541,699969.0,vf/smo/vf=on/lk=0,6.114,-0.171,-0.621,0.452,0.0,0.366,0.0
2222,53.561,699989.0,vf/smo/vf=on/lk=0,6.113,0.425,-0.611,0.441,-0.077,0.462,0.0
2223,53.581,700009.0,vf/smo/vf=on/lk=0,6.113,0.126,-0.602,0.432,0.0,0.432,0.0
2224,53.601,700029.0,vf/smo/vf=on/lk=0,6.114,-0.167,-0.593,0.424,0.0,0.391,0.0
2225,53.621,700049.0,vf/smo/vf=on/lk=0,6.114,0.436,-0.584,0.416,0.076,0.532,0.0
2226,53.641,700069.0,vf/smo/vf=on/lk=0,6.113,0.136,-0.575,0.404,-0.077,0.482,0.0
2227,53.661,700089.0,vf/smo/vf=on/lk=0,6.114,-0.164,-0.567,0.398,0.077,0.442,0.0
2228,53.681,700109.0,vf/smo/vf=on/lk=0,6.113,0.434,-0.558,0.388,-0.077,0.365,0.0
2229,53.701,700129.0,vf/smo/vf=on/lk=0,6.113,0.143,-0.549,0.379,0.0,0.522,0.0
2230,53.721,700149.0,vf/smo/vf=on/lk=0,6.113,-0.157,-0.541,0.371,0.0,0.407,0.0
2231,53.741,700169.0,vf/smo/vf=on/lk=0,6.113,0.44,-0.533,0.363,0.0,0.365,0.0
2232,53.761,700189.0,vf/smo/vf=on/lk=0,6.114,0.148,-0.524,0.355,0.076,0.435,0.0
2233,53.781,700209.0,vf/smo/vf=on/lk=0,6.113,-0.152,-0.516,0.346,-0.077,0.436,0.0
2234,53.801,700229.0,vf/smo/vf=on/lk=0,6.113,0.446,-0.507,0.337,0.0,0.363,0.0
2235,53.821,700249.0,vf/smo/vf=on/lk=0,6.114,0.145,-0.499,0.33,0.0,0.297,0.0
2236,53.841,700269.0,vf/smo/vf=on/lk=0,6.113,-0.147,-0.491,0.32,0.076,0.47,0.0
2237,53.861,700289.0,vf/smo/vf=on/lk=0,6.114,-0.447,-0.482,0.313,0.0,0.491,0.0
2238,53.881,700309.0,vf/smo/vf=on/lk=0,6.113,0.158,-0.473,0.303,-0.076,0.345,0.0
2239,53.901,700329.0,vf/smo/vf=on/lk=0,6.113,-0.142,-0.465,0.295,0.077,0.365,0.0
2240,53.921,700349.0,vf/smo/vf=on/lk=0,6.113,-0.443,-0.457,0.287,-0.077,0.481,0.0
2241,53.941,700369.0,vf/smo/vf=on/lk=0,6.113,0.155,-0.448,0.278,0.0,0.353,0.0
2242,53.961,700389.0,vf/smo/vf=on/lk=0,6.114,-0.138,-0.441,0.272,0.076,0.459,0.0
2243,53.981,700409.0,vf/smo/vf=on/lk=0,6.114,-0.438,-0.433,0.265,0.0,0.438,0.0
2244,54.001,700429.0,vf/smo/vf=on/lk=0,6.114,0.159,-0.424,0.256,0.0,0.361,0.0
2245,54.021,700449.0,vf/smo/vf=on/lk=0,6.114,-0.133,-0.415,0.247,0.0,0.369,0.0
2246,54.041,700469.0,vf/smo/vf=on/lk=0,6.114,-0.434,-0.407,0.238,0.0,0.428,0.0
2247,54.061,700489.0,vf/smo/vf=on/lk=0,6.114,0.164,-0.399,0.23,0.0,0.464,0.0
2248,54.081,700509.0,vf/smo/vf=on/lk=0,6.113,-0.128,-0.392,0.222,-0.076,0.363,0.0
2249,54.101,700529.0,vf/smo/vf=on/lk=0,6.114,-0.427,-0.384,0.215,0.077,0.43,0.0
2250,54.121,700549.0,vf/smo/vf=on/lk=0,6.114,0.17,-0.377,0.208,0.0,0.361,0.0
2251,54.141,700569.0,vf/smo/vf=on/lk=0,6.114,-0.122,-0.368,0.2,0.0,0.388,0.0
2252,54.161,700589.0,vf/smo/vf=on/lk=0,6.113,-0.424,-0.362,0.192,-0.077,0.307,0.0
2253,54.181,700609.0,vf/smo/vf=on/lk=0,6.114,0.179,-0.354,0.185,0.076,0.389,0.0
2254,54.201,700629.0,vf/smo/vf=on/lk=0,6.113,-0.115,-0.346,0.176,-0.076,0.434,0.0
2255,54.221,700649.0,vf/smo/vf=on/lk=0,6.113,-0.418,-0.338,0.168,0.0,0.363,0.0
2256,54.241,700669.0,vf/smo/vf=on/lk=0,6.114,0.184,-0.33,0.162,0.076,0.428,0.0
2257,54.261,700689.0,vf/smo/vf=on/lk=0,6.114,-0.111,-0.323,0.154,0.0,0.325,0.0
2258,54.281,700709.0,vf/smo/vf=on/lk=0,6.113,-0.415,-0.315,0.144,-0.078,0.399,0.0
2259,54.301,700729.0,vf/smo/vf=on/lk=0,6.113,0.188,-0.305,0.135,0.076,0.423,0.0
2260,54.321,700749.0,vf/smo/vf=on/lk=0,6.113,-0.107,-0.297,0.127,-0.076,0.46,0.0
2261,54.341,700769.0,vf/smo/vf=on/lk=0,6.114,-0.411,-0.29,0.121,0.078,0.444,0.0
2262,54.361,700789.0,vf/smo/vf=on/lk=0,6.114,0.192,-0.281,0.112,0.0,0.455,0.0
2263,54.381,700809.0,vf/smo/vf=on/lk=0,6.113,-0.104,-0.273,0.103,-0.076,0.451,0.0
2264,54.401,700829.0,vf/smo/vf=on/lk=0,6.113,-0.399,-0.265,0.095,0.0,0.427,0.0
2265,54.421,700849.0,vf/smo/vf=on/lk=0,6.113,0.194,-0.257,0.087,0.0,0.369,0.0
2266,54.441,700869.0,vf/smo/vf=on/lk=0,6.113,-0.101,-0.248,0.078,0.0,0.443,0.0
2267,54.461,700889.0,vf/smo/vf=on/lk=0,6.114,-0.396,-0.24,0.071,0.076,0.461,0.0
2268,54.481,700909.0,vf/smo/vf=on/lk=0,6.114,0.206,-0.231,0.062,0.0,0.499,0.0
2269,54.501,700929.0,vf/smo/vf=on/lk=0,6.114,-0.098,-0.222,0.053,0.0,0.507,0.0
2270,54.521,700949.0,vf/smo/vf=on/lk=0,6.114,-0.394,-0.215,0.046,0.0,0.421,0.0
2271,54.541,700969.0,vf/smo/vf=on/lk=0,6.113,0.208,-0.207,0.037,-0.076,0.403,0.0
2272,54.561,700989.0,vf/smo/vf=on/lk=0,6.113,-0.087,-0.198,0.028,0.0,0.54,0.0
2273,54.581,701009.0,vf/smo/vf=on/lk=0,6.113,-0.391,-0.19,0.02,0.0,0.442,0.0
2274,54.601,701029.0,obs/smo/vf=off/lk=0,6.114,-0.182,-0.182,0.013,0.076,0.421,0.0
2275,54.621,701049.0,obs/smo/vf=off/lk=0,6.113,-0.173,-0.173,0.003,-0.077,0.5,0.0
2276,54.641,701069.0,obs/smo/vf=off/lk=0,6.113,-0.164,-0.164,-0.006,0.0,0.436,0.0
2277,54.661,701089.0,obs/smo/vf=off/lk=0,6.113,-0.156,-0.156,-0.014,0.0,0.441,0.0
2278,54.681,701109.0,obs/smo/vf=off/lk=0,6.114,-0.148,-0.148,-0.021,0.076,0.427,0.0
2279,54.701,701129.0,obs/smo/vf=off/lk=0,6.113,-0.138,-0.138,-0.032,0.0,0.434,0.0
2280,54.721,701149.0,obs/smo/vf=off/lk=0,6.114,-0.128,-0.128,-0.04,0.0,0.498,0.0
2281,54.741,701169.0,obs/smo/vf=off/lk=0,6.113,-0.119,-0.119,-0.052,-0.076,0.547,0.0
2282,54.761,701189.0,obs/smo/vf=off/lk=0,6.114,-0.109,-0.109,-0.06,0.078,0.448,0.0
2283,54.781,701209.0,obs/smo/vf=off/lk=0,6.113,-0.099,-0.099,-0.071,-0.077,0.413,0.0
2284,54.801,701229.0,obs/smo/vf=off/lk=0,6.114,-0.09,-0.09,-0.079,0.076,0.43,0.0
2285,54.821,701249.0,obs/smo/vf=off/lk=0,6.113,-0.081,-0.081,-0.09,0.0,0.499,0.0
2286,54.841,701269.0,obs/smo/vf=off/lk=0,6.114,-0.072,-0.072,-0.097,0.0,0.54,0.0
2287,54.861,701289.0,obs/smo/vf=off/lk=0,6.114,-0.063,-0.063,-0.106,0.0,0.372,0.0
2288,54.881,701309.0,obs/smo/vf=off/lk=0,6.113,-0.054,-0.054,-0.116,-0.076,0.476,0.0
2289,54.901,701329.0,obs/smo/vf=off/lk=0,6.113,-0.046,-0.046,-0.125,0.0,0.523,0.0
2290,54.921,701349.0,obs/smo/vf=off/lk=0,6.114,-0.036,-0.036,-0.133,0.077,0.463,0.0
2291,54.941,701369.0,obs/smo/vf=off/lk=0,6.114,-0.924,-0.924,0.755,0.0,0.462,0.0
2292,54.961,701389.0,obs/smo/vf=off/lk=0,6.114,-0.913,-0.913,0.744,0.0,0.545,0.0
2293,54.981,701409.0,obs/smo/vf=off/lk=0,6.113,-0.903,-0.903,0.733,-0.077,0.457,0.0
2294,55.001,701429.0,obs/smo/vf=off/lk=0,6.113,-0.894,-0.894,0.723,0.0,0.519,0.0
2295,55.021,701449.0,obs/smo/vf=off/lk=0,6.114,-0.885,-0.885,0.716,0.077,0.436,0.0
2296,55.041,701469.0,obs/smo/vf=off/lk=0,6.114,-0.875,-0.875,0.706,0.0,0.496,0.0
2297,55.061,701489.0,obs/smo/vf=off/lk=0,6.114,-0.867,-0.867,0.698,-0.077,0.437,0.0
2298,55.081,701509.0,obs/smo/vf=off/lk=0,6.114,-0.858,-0.858,0.69,0.076,0.459,0.0
2299,55.101,701529.0,obs/smo/vf=off/lk=0,6.113,-0.85,-0.85,0.679,-0.077,0.387,0.0
2300,55.121,701549.0,obs/smo/vf=off/lk=0,6.114,-0.842,-0.842,0.673,0.077,0.395,0.0
2301,55.141,701569.0,obs/smo/vf=off/lk=0,6.114,-0.834,-0.834,0.665,0.0,0.389,0.0
2302,55.161,701589.0,obs/smo/vf=off/lk=0,6.113,-0.827,-0.827,0.656,-0.076,0.321,0.0
2303,55.181,701609.0,obs/smo/vf=off/lk=0,6.114,-0.818,-0.818,0.649,0.0,0.461,0.0
2304,55.201,701629.0,obs/smo/vf=off/lk=0,6.113,-0.81,-0.81,0.64,0.0,0.448,0.0
2305,55.221,701649.0,obs/smo/vf=off/lk=0,6.113,-0.804,-0.804,0.633,0.0,0.375,0.0
2306,55.241,701669.0,obs/smo/vf=off/lk=0,6.113,-0.796,-0.796,0.626,0.0,0.383,0.0
2307,55.261,701689.0,obs/smo/vf=off/lk=0,6.114,-0.789,-0.789,0.621,0.0,0.331,0.0
2308,55.281,701709.0,obs/smo/vf=off/lk=0,6.113,-0.782,-0.782,0.612,0.0,0.379,0.0
2309,55.301,701729.0,obs/smo/vf=off/lk=0,6.113,-0.775,-0.775,0.605,0.0,0.228,0.0
2310,55.321,701749.0,obs/smo/vf=off/lk=0,6.113,-0.769,-0.769,0.599,0.0,0.353,0.0
2311,55.341,701769.0,obs/smo/vf=off/lk=0,6.113,-0.763,-0.763,0.593,0.0,0.332,0.0
2312,55.361,701789.0,obs/smo/vf=off/lk=0,6.114,-0.756,-0.756,0.588,0.0,0.283,0.0
2313,55.381,701809.0,obs/smo/vf=off/lk=0,6.114,-0.749,-0.749,0.58,0.077,0.309,0.0
2314,55.401,701829.0,obs/smo/vf=off/lk=0,6.113,-0.742,-0.742,0.572,-0.077,0.365,0.0
2315,55.421,701849.0,obs/smo/vf=off/lk=0,6.113,-0.736,-0.736,0.566,0.0,0.302,0.0
2316,55.441,701869.0,obs/smo/vf=off/lk=0,6.113,-0.729,-0.729,0.559,0.076,0.387,0.0
2317,55.461,701889.0,obs/smo/vf=off/lk=0,6.114,-0.723,-0.723,0.555,0.0,0.325,0.0
2318,55.481,701909.0,obs/smo/vf=off/lk=0,6.113,-0.717,-0.717,0.547,-0.077,0.314,0.0
2319,55.501,701929.0,obs/smo/vf=off/lk=0,6.113,-0.711,-0.711,0.541,0.0,0.297,0.0
2320,55.521,701949.0,obs/smo/vf=off/lk=0,6.114,-0.705,-0.705,0.536,0.0,0.294,0.0
2321,55.541,701969.0,obs/smo/vf=off/lk=0,6.114,-0.699,-0.699,0.53,0.077,0.262,0.0
2322,55.561,701989.0,obs/smo/vf=off/lk=0,6.114,-0.692,-0.692,0.523,-0.077,0.325,0.0
2323,55.581,702009.0,obs/smo/vf=off/lk=0,6.114,-0.686,-0.686,0.517,0.077,0.229,0.0
2324,55.601,702029.0,obs/smo/vf=off/lk=0,6.113,-0.679,-0.679,0.509,-0.076,0.281,0.0
2325,55.621,702049.0,obs/smo/vf=off/lk=0,6.114,-0.673,-0.673,0.505,0.077,0.232,0.0
2326,55.641,702069.0,obs/smo/vf=off/lk=0,6.114,-0.668,-0.668,0.499,0.0,0.31,0.0
2327,55.661,702089.0,obs/smo/vf=off/lk=0,6.114,-0.662,-0.662,0.493,0.0,0.195,0.0
2328,55.681,702109.0,obs/smo/vf=off/lk=0,6.113,-0.656,-0.656,0.485,-0.076,0.271,0.0
2329,55.701,702129.0,obs/smo/vf=off/lk=0,6.114,-0.65,-0.65,0.481,0.0,0.264,0.0
2330,55.721,702149.0,obs/smo/vf=off/lk=0,6.113,-0.645,-0.645,0.475,0.077,0.242,0.0
2331,55.741,702169.0,obs/smo/vf=off/lk=0,6.113,-0.64,-0.64,0.469,-0.077,0.224,0.0
2332,55.761,702189.0,obs/smo/vf=off/lk=0,6.113,-0.634,-0.634,0.464,0.0,0.29,0.0
2333,55.781,702209.0,obs/smo/vf=off/lk=0,6.113,-0.629,-0.629,0.458,0.0,0.226,0.0
2334,55.801,702229.0,obs/smo/vf=off/lk=0,6.114,-0.623,-0.623,0.454,0.0,0.251,0.0
2335,55.821,702249.0,obs/smo/vf=off/lk=0,6.113,-0.618,-0.618,0.448,0.0,0.29,0.0
2336,55.841,702269.0,obs/smo/vf=off/lk=0,6.113,-0.613,-0.613,0.443,0.0,0.275,0.0
2337,55.861,702289.0,obs/smo/vf=off/lk=0,6.114,-0.608,-0.608,0.439,0.076,0.193,0.0
2338,55.881,702309.0,obs/smo/vf=off/lk=0,6.114,-0.602,-0.602,0.434,0.0,0.201,0.0
2339,55.901,702329.0,obs/smo/vf=off/lk=0,6.113,-0.598,-0.598,0.428,-0.077,0.321,0.0
2340,55.921,702349.0,obs/smo/vf=off/lk=0,6.113,-0.594,-0.594,0.424,0.0,0.301,0.0
2341,55.941,702369.0,obs/smo/vf=off/lk=0,6.114,-0.589,-0.589,0.421,0.076,0.267,0.0
2342,55.961,702389.0,obs/smo/vf=off/lk=0,6.113,-0.585,-0.585,0.415,-0.077,0.234,0.0
2343,55.981,702409.0,obs/smo/vf=off/lk=0,6.114,-0.581,-0.581,0.412,0.077,0.21,0.0
2344,56.001,702429.0,obs/smo/vf=off/lk=0,6.113,-0.577,-0.577,0.407,-0.076,0.215,0.0
2345,56.021,702449.0,obs/smo/vf=off/lk=0,6.113,-0.572,-0.572,0.402,0.0,0.074,0.0
2346,56.041,702469.0,obs/smo/vf=off/lk=0,6.114,-0.567,-0.567,0.399,0.077,0.104,0.0
2347,56.061,702489.0,obs/smo/vf=off/lk=0,6.113,-0.563,-0.563,0.393,-0.077,0.189,0.0
2348,56.081,702509.0,obs/smo/vf=off/lk=0,6.113,-0.56,-0.56,0.389,0.0,0.209,0.0
2349,56.101,702529.0,obs/smo/vf=off/lk=0,6.113,-0.556,-0.556,0.385,0.0,0.239,0.0
2350,56.121,702549.0,obs/smo/vf=off/lk=0,6.114,-0.552,-0.552,0.384,0.077,0.239,0.0
2351,56.141,702569.0,obs/smo/vf=off/lk=0,6.114,-0.549,-0.549,0.38,0.0,0.166,0.0
2352,56.161,702589.0,obs/smo/vf=off/lk=0,6.113,-0.546,-0.546,0.376,-0.076,0.051,0.0
2353,56.181,702609.0,obs/smo/vf=off/lk=0,6.114,-0.541,-0.541,0.373,0.0,0.157,0.0
2354,56.201,702629.0,obs/smo/vf=off/lk=0,6.113,-0.538,-0.538,0.368,0.077,0.281,0.0
2355,56.221,702649.0,obs/smo/vf=off/lk=0,6.113,-0.535,-0.535,0.364,-0.077,0.157,0.0
2356,56.241,702669.0,obs/smo/vf=off/lk=0,6.113,-0.531,-0.531,0.361,0.0,0.202,0.0
2357,56.261,702689.0,obs/smo/vf=off/lk=0,6.114,-0.527,-0.527,0.359,0.076,0.138,0.0
2358,56.281,702709.0,obs/smo/vf=off/lk=0,6.114,-0.523,-0.523,0.355,0.0,0.129,0.0
2359,56.301,702729.0,obs/smo/vf=off/lk=0,6.114,-0.52,-0.52,0.352,0.0,0.107,0.0
2360,56.321,702749.0,obs/smo/vf=off/lk=0,6.114,-0.518,-0.518,0.349,0.0,0.223,0.0
2361,56.341,702769.0,obs/smo/vf=off/lk=0,6.113,-0.515,-0.515,0.345,-0.076,0.113,0.0
2362,56.361,702789.0,obs/smo/vf=off/lk=0,6.114,-0.511,-0.511,0.342,0.077,0.19,0.0
2363,56.381,702809.0,obs/smo/vf=off/lk=0,6.114,-0.507,-0.507,0.338,0.0,0.227,0.0
2364,56.401,702829.0,obs/smo/vf=off/lk=0,6.113,-0.503,-0.503,0.333,-0.077,0.162,0.0
2365,56.421,702849.0,obs/smo/vf=off/lk=0,6.114,-0.5,-0.5,0.332,0.0,0.144,0.0
2366,56.441,702869.0,obs/smo/vf=off/lk=0,6.114,-0.497,-0.497,0.329,0.077,0.226,0.0
2367,56.461,702889.0,obs/smo/vf=off/lk=0,6.113,-0.493,-0.493,0.323,-0.076,0.197,0.0
2368,56.481,702909.0,obs/smo/vf=off/lk=0,6.114,-0.49,-0.49,0.321,0.077,0.21,0.0
2369,56.501,702929.0,obs/smo/vf=off/lk=0,6.113,-0.486,-0.486,0.316,-0.077,0.198,0.0
2370,56.521,702949.0,obs/smo/vf=off/lk=0,6.114,-0.481,-0.481,0.313,0.076,0.293,0.0
2371,56.541,702969.0,obs/smo/vf=off/lk=0,6.114,-0.478,-0.478,0.309,-0.077,0.125,0.0
2372,56.561,702989.0,obs/smo/vf=off/lk=0,6.113,-0.475,-0.475,0.304,0.0,0.101,0.0
2373,56.581,703009.0,obs/smo/vf=off/lk=0,6.114,-0.471,-0.471,0.302,0.076,0.238,0.0
2374,56.601,703029.0,obs/smo/vf=off/lk=0,6.113,-0.467,-0.467,0.297,-0.077,0.205,0.0
2375,56.621,703049.0,obs/smo/vf=off/lk=0,6.113,-0.463,-0.463,0.293,0.0,0.155,0.0
2376,56.641,703069.0,obs/smo/vf=off/lk=0,6.113,-0.458,-0.458,0.288,0.0,0.296,0.0
2377,56.661,703089.0,obs/smo/vf=off/lk=0,6.114,-0.454,-0.454,0.285,0.077,0.298,0.0
2378,56.681,703109.0,obs/smo/vf=off/lk=0,6.114,-0.45,-0.45,0.282,-0.077,0.298,0.0
2379,56.701,703129.0,obs/smo/vf=off/lk=0,6.114,-0.446,-0.446,0.277,0.076,0.196,0.0
2380,56.721,703149.0,obs/smo/vf=off/lk=0,6.113,-0.442,-0.442,0.271,-0.077,0.176,0.0
2381,56.741,703169.0,obs/smo/vf=off/lk=0,6.114,-0.437,-0.437,0.269,0.077,0.287,0.0
2382,56.761,703189.0,obs/smo/vf=off/lk=0,6.114,-0.432,-0.432,0.263,0.0,0.245,0.0
2383,56.781,703209.0,obs/smo/vf=off/lk=0,6.114,-0.427,-0.427,0.258,0.0,0.263,0.0
2384,56.801,703229.0,obs/smo/vf=off/lk=0,6.114,-0.423,-0.423,0.254,0.0,0.211,0.0
2385,56.821,703249.0,obs/smo/vf=off/lk=0,6.113,-0.418,-0.418,0.247,-0.076,0.35,0.0
2386,56.841,703269.0,obs/smo/vf=off/lk=0,6.114,-0.413,-0.413,0.244,0.077,0.177,0.0
2387,56.861,703289.0,obs/smo/vf=off/lk=0,6.114,-0.408,-0.408,0.239,0.0,0.236,0.0
2388,56.881,703309.0,obs/smo/vf=off/lk=0,6.114,-0.402,-0.402,0.234,0.0,0.208,0.0
2389,56.901,703329.0,obs/smo/vf=off/lk=0,6.114,-0.398,-0.398,0.229,0.0,0.321,0.0
2390,56.921,703349.0,obs/smo/vf=off/lk=0,6.114,-0.392,-0.392,0.223,0.0,0.314,0.0
2391,56.941,703369.0,obs/smo/vf=off/lk=0,6.114,-0.387,-0.387,0.218,0.0,0.247,0.0
2392,56.961,703389.0,obs/smo/vf=off/lk=0,6.113,-0.381,-0.381,0.211,-0.077,0.298,0.0
2393,56.981,703409.0,obs/smo/vf=off/lk=0,6.114,-0.375,-0.375,0.207,0.077,0.309,0.0
2394,57.001,703429.0,obs/smo/vf=off/lk=0,6.114,-0.369,-0.369,0.2,0.0,0.313,0.0
2395,57.021,703449.0,obs/smo/vf=off/lk=0,6.114,-0.364,-0.364,0.195,0.0,0.26,0.0
2396,57.041,703469.0,obs/smo/vf=off/lk=0,6.114,-0.358,-0.358,0.189,0.0,0.34,0.0
2397,57.061,703489.0,obs/smo/vf=off/lk=0,6.114,-0.353,-0.353,0.185,-0.076,0.263,0.0
2398,57.081,703509.0,obs/smo/vf=off/lk=0,6.114,-0.348,-0.348,0.179,0.077,0.288,0.0
2399,57.101,703529.0,obs/smo/vf=off/lk=0,6.114,-0.341,-0.341,0.172,0.0,0.315,0.0
2400,57.121,703549.0,obs/smo/vf=off/lk=0,6.114,-0.334,-0.334,0.166,0.0,0.341,0.0
2401,57.141,703569.0,obs/smo/vf=off/lk=0,6.114,-0.328,-0.328,0.159,0.0,0.317,0.0
2402,57.161,703589.0,obs/smo/vf=off/lk=0,6.113,-0.322,-0.322,0.151,-0.077,0.299,0.0
2403,57.181,703609.0,obs/smo/vf=off/lk=0,6.114,-0.315,-0.315,0.146,0.0,0.382,0.0
2404,57.201,703629.0,obs/smo/vf=off/lk=0,6.113,-0.307,-0.307,0.137,0.0,0.272,0.0
2405,57.221,703649.0,obs/smo/vf=off/lk=0,6.114,-0.3,-0.3,0.131,0.076,0.347,0.0
2406,57.241,703669.0,obs/smo/vf=off/lk=0,6.114,-0.293,-0.293,0.125,0.0,0.4,0.0
2407,57.261,703689.0,obs/smo/vf=off/lk=0,6.114,-0.287,-0.287,0.118,0.0,0.41,0.0
2408,57.281,703709.0,obs/smo/vf=off/lk=0,6.114,-0.279,-0.279,0.11,0.0,0.323,0.0
2409,57.301,703729.0,obs/smo/vf=off/lk=0,6.114,-0.271,-0.271,0.103,0.0,0.304,0.0
2410,57.321,703749.0,obs/smo/vf=off/lk=0,6.113,-0.265,-0.265,0.094,0.0,0.372,0.0
2411,57.341,703769.0,obs/smo/vf=off/lk=0,6.114,-0.257,-0.257,0.088,0.0,0.29,0.0
2412,57.361,703789.0,obs/smo/vf=off/lk=0,6.113,-0.249,-0.249,0.079,-0.076,0.438,0.0
2413,57.381,703809.0,obs/smo/vf=off/lk=0,6.114,-0.242,-0.242,0.073,0.078,0.371,0.0
2414,57.401,703829.0,obs/smo/vf=off/lk=0,6.113,-0.233,-0.233,0.063,-0.076,0.431,0.0
2415,57.421,703849.0,obs/smo/vf=off/lk=0,6.114,-0.225,-0.225,0.057,0.076,0.38,0.0
2416,57.441,703869.0,obs/smo/vf=off/lk=0,6.114,-0.218,-0.218,0.049,-0.076,0.274,0.0
2417,57.461,703889.0,obs/smo/vf=off/lk=0,6.114,-0.21,-0.21,0.041,0.077,0.345,0.0
2418,57.481,703909.0,obs/smo/vf=off/lk=0,6.113,-0.2,-0.2,0.03,-0.076,0.381,0.0
2419,57.501,703929.0,obs/smo/vf=off/lk=0,6.113,-0.192,-0.192,0.022,0.077,0.458,0.0
2420,57.521,703949.0,obs/smo/vf=off/lk=0,6.113,-0.182,-0.182,0.012,-0.076,0.443,0.0
2421,57.541,703969.0,obs/smo/vf=off/lk=0,6.114,-0.173,-0.173,0.005,0.0,0.475,0.0
2422,57.561,703989.0,obs/smo/vf=off/lk=0,6.114,-0.164,-0.164,-0.005,0.076,0.532,0.0
2423,57.581,704009.0,obs/smo/vf=off/lk=0,6.114,-0.154,-0.154,-0.015,0.0,0.441,0.0
2424,57.601,704029.0,obs/smo/vf=off/lk=0,6.113,-0.144,-0.144,-0.026,-0.077,0.421,0.0
2425,57.621,704049.0,obs/smo/vf=off/lk=0,6.114,-0.135,-0.135,-0.033,0.076,0.457,0.0
2426,57.641,704069.0,obs/smo/vf=off/lk=0,6.113,-0.126,-0.126,-0.044,-0.076,0.437,0.0
2427,57.661,704089.0,obs/smo/vf=off/lk=0,6.114,-0.116,-0.116,-0.053,0.076,0.378,0.0
2428,57.681,704109.0,obs/smo/vf=off/lk=0,6.114,-0.106,-0.106,-0.063,0.0,0.491,0.0
2429,57.701,704129.0,obs/smo/vf=off/lk=0,6.113,-0.095,-0.095,-0.075,-0.077,0.479,0.0
2430,57.721,704149.0,obs/smo/vf=off/lk=0,6.113,-0.085,-0.085,-0.085,0.0,0.494,0.0
2431,57.741,704169.0,obs/smo/vf=off/lk=0,6.113,-0.075,-0.075,-0.095,0.0,0.489,0.0
2432,57.761,704189.0,obs/smo/vf=off/lk=0,6.113,-0.065,-0.065,-0.106,0.0,0.531,0.0
2433,57.781,704209.0,obs/smo/vf=off/lk=0,6.113,-0.054,-0.054,-0.117,0.0,0.464,0.0
2434,57.801,704229.0,obs/smo/vf=off/lk=0,6.113,-0.043,-0.043,-0.127,0.0,0.516,0.0
2435,57.821,704249.0,obs/smo/vf=off/lk=0,6.113,-0.033,-0.033,-0.137,0.0,0.519,0.0
2436,57.841,704269.0,obs/smo/vf=off/lk=0,6.114,-0.921,-0.921,0.752,0.076,0.642,0.0
2437,57.861,704289.0,obs/smo/vf=off/lk=0,6.114,-0.912,-0.912,0.743,0.0,0.384,0.0
2438,57.881,704309.0,obs/smo/vf=off/lk=0,6.113,-0.901,-0.901,0.731,-0.077,0.512,0.0
2439,57.901,704329.0,obs/smo/vf=off/lk=0,6.113,-0.891,-0.891,0.721,0.0,0.528,0.0
2440,57.921,704349.0,obs/smo/vf=off/lk=0,6.114,-0.881,-0.881,0.712,0.077,0.521,0.0
2441,57.941,704369.0,obs/smo/vf=off/lk=0,6.114,-0.871,-0.871,0.702,0.0,0.507,0.0
2442,57.961,704389.0,obs/smo/vf=off/lk=0,6.113,-0.861,-0.861,0.69,-0.076,0.497,0.0
2443,57.981,704409.0,obs/smo/vf=off/lk=0,6.113,-0.85,-0.85,0.68,0.0,0.503,0.0
2444,58.001,704429.0,obs/smo/vf=off/lk=0,6.113,-0.839,-0.839,0.669,0.077,0.573,0.0
2445,58.021,704449.0,obs/smo/vf=off/lk=0,6.113,-0.83,-0.83,0.659,-0.077,0.499,0.0
2446,58.041,704469.0,obs/smo/vf=off/lk=0,6.114,-0.819,-0.819,0.65,0.077,0.465,0.0
2447,58.061,704489.0,obs/smo/vf=off/lk=0,6.114,-0.809,-0.809,0.64,0.0,0.561,0.0
2448,58.081,704509.0,obs/smo/vf=off/lk=0,6.113,-0.797,-0.797,0.627,-0.077,0.578,0.0
2449,58.101,704529.0,obs/smo/vf=off/lk=0,6.113,-0.788,-0.788,0.617,0.0,0.498,0.0
2450,58.121,704549.0,obs/smo/vf=off/lk=0,6.114,-0.777,-0.777,0.608,0.077,0.599,0.0
2451,58.141,704569.0,obs/smo/vf=off/lk=0,6.114,-0.767,-0.767,0.598,0.0,0.541,0.0
2452,58.161,704589.0,obs/smo/vf=off/lk=0,6.114,-0.756,-0.756,0.587,0.0,0.505,0.0
2453,58.181,704609.0,obs/smo/vf=off/lk=0,6.114,-0.746,-0.746,0.577,0.0,0.439,0.0
2454,58.201,704629.0,obs/smo/vf=off/lk=0,6.114,-0.736,-0.736,0.567,0.0,0.516,0.0
2455,58.221,704649.0,obs/smo/vf=off/lk=0,6.114,-0.725,-0.725,0.556,0.0,0.484,0.0
2456,58.241,704669.0,obs/smo/vf=off/lk=0,6.114,-0.714,-0.714,0.546,0.0,0.518,0.0
2457,58.261,704689.0,obs/smo/vf=off/lk=0,6.113,-0.704,-0.704,0.534,-0.077,0.493,0.0
2458,58.281,704709.0,obs/smo/vf=off/lk=0,6.113,-0.694,-0.694,0.524,0.0,0.496,0.0
2459,58.301,704729.0,obs/smo/vf=off/lk=0,6.114,-0.685,-0.685,0.516,0.077,0.423,0.0
2460,58.321,704749.0,obs/smo/vf=off/lk=0,6.113,-0.675,-0.675,0.505,-0.076,0.513,0.0
2461,58.341,704769.0,obs/smo/vf=off/lk=0,6.113,-0.665,-0.665,0.495,0.0,0.477,0.0
2462,58.361,704789.0,obs/smo/vf=off/lk=0,6.114,-0.655,-0.655,0.487,0.076,0.466,0.0
2463,58.381,704809.0,obs/smo/vf=off/lk=0,6.114,-0.646,-0.646,0.477,0.0,0.435,0.0
2464,58.401,704829.0,obs/smo/vf=off/lk=0,6.113,-0.637,-0.637,0.467,0.0,0.479,0.0
2465,58.421,704849.0,obs/smo/vf=off/lk=0,6.114,-0.627,-0.627,0.458,0.0,0.369,0.0
2466,58.441,704869.0,obs/smo/vf=off/lk=0,6.113,-0.618,-0.618,0.448,0.0,0.497,0.0
2467,58.461,704889.0,obs/smo/vf=off/lk=0,6.113,-0.609,-0.609,0.438,-0.077,0.505,0.0
2468,58.481,704909.0,obs/smo/vf=off/lk=0,6.114,-0.599,-0.599,0.431,0.078,0.392,0.0
2469,58.501,704929.0,obs/smo/vf=off/lk=0,6.113,-0.59,-0.59,0.42,-0.076,0.354,0.0
2470,58.521,704949.0,obs/smo/vf=off/lk=0,6.114,-0.58,-0.58,0.412,0.077,0.462,0.0
2471,58.541,704969.0,obs/smo/vf=off/lk=0,6.113,-0.572,-0.572,0.401,-0.077,0.512,0.0
2472,58.561,704989.0,obs/smo/vf=off/lk=0,6.113,-0.562,-0.562,0.391,0.0,0.398,0.0
2473,58.581,705009.0,obs/smo/vf=off/lk=0,6.113,-0.552,-0.552,0.382,0.0,0.5,0.0
2474,58.601,705029.0,obs/smo/vf=off/lk=0,6.113,-0.543,-0.543,0.373,0.0,0.521,0.0
2475,58.621,705049.0,obs/smo/vf=off/lk=0,6.113,-0.535,-0.535,0.364,0.0,0.456,0.0
2476,58.641,705069.0,obs/smo/vf=off/lk=0,6.113,-0.525,-0.525,0.355,0.0,0.518,0.0
2477,58.661,705089.0,obs/smo/vf=off/lk=0,6.113,-0.515,-0.515,0.344,0.077,0.517,0.0
2478,58.681,705109.0,obs/smo/vf=off/lk=0,6.114,-0.505,-0.505,0.337,0.0,0.48,0.0
2479,58.701,705129.0,obs/smo/vf=off/lk=0,6.113,-0.496,-0.496,0.326,-0.077,0.489,0.0
2480,58.721,705149.0,obs/smo/vf=off/lk=0,6.113,-0.487,-0.487,0.317,0.0,0.456,0.0
2481,58.741,705169.0,obs/smo/vf=off/lk=0,6.114,-0.476,-0.476,0.307,0.0,0.614,0.0
2482,58.761,705189.0,obs/smo/vf=off/lk=0,6.114,-0.466,-0.466,0.298,0.077,0.556,0.0
2483,58.781,705209.0,obs/smo/vf=off/lk=0,6.113,-0.458,-0.458,0.288,-0.077,0.5,0.0
2484,58.801,705229.0,obs/smo/vf=off/lk=0,6.113,-0.448,-0.448,0.278,0.0,0.414,0.0
2485,58.821,705249.0,obs/smo/vf=off/lk=0,6.114,-0.437,-0.437,0.268,0.077,0.568,0.0
2486,58.841,705269.0,obs/smo/vf=off/lk=0,6.113,-0.426,-0.426,0.256,-0.076,0.475,0.0
2487,58.861,705289.0,obs/smo/vf=off/lk=0,6.113,-0.416,-0.416,0.246,0.0,0.469,0.0
2488,58.881,705309.0,obs/smo/vf=off/lk=0,6.114,-0.407,-0.407,0.238,0.077,0.493,0.0
2489,58.901,705329.0,obs/smo/vf=off/lk=0,6.113,-0.397,-0.397,0.226,-0.077,0.546,0.0
2490,58.921,705349.0,obs/smo/vf=off/lk=0,6.113,-0.386,-0.386,0.216,0.0,0.496,0.0
2491,58.941,705369.0,obs/smo/vf=off/lk=0,6.114,-0.376,-0.376,0.207,0.077,0.54,0.0
2492,58.961,705389.0,obs/smo/vf=off/lk=0,6.114,-0.367,-0.367,0.198,0.0,0.501,0.0
2493,58.981,705409.0,obs/smo/vf=off/lk=0,6.113,-0.356,-0.356,0.186,-0.078,0.519,0.0
2494,59.001,705429.0,obs/smo/vf=off/lk=0,6.114,-0.346,-0.346,0.177,0.076,0.508,0.0
2495,59.021,705449.0,obs/smo/vf=off/lk=0,6.114,-0.335,-0.335,0.167,0.0,0.499,0.0
2496,59.041,705469.0,obs/smo/vf=off/lk=0,6.114,-0.326,-0.326,0.157,0.0,0.557,0.0
2497,59.061,705489.0,obs/smo/vf=off/lk=0,6.114,-0.316,-0.316,0.147,0.0,0.488,0.0
2498,59.081,705509.0,obs/smo/vf=off/lk=0,6.114,-0.306,-0.306,0.137,0.0,0.485,0.0
2499,59.101,705529.0,obs/smo/vf=off/lk=0,6.113,-0.295,-0.295,0.125,-0.076,0.575,0.0
2500,59.121,705549.0,obs/smo/vf=off/lk=0,6.114,-0.286,-0.286,0.117,0.077,0.488,0.0
2501,59.141,705569.0,obs/smo/vf=off/lk=0,6.113,-0.276,-0.276,0.106,-0.076,0.404,0.0
2502,59.161,705589.0,obs/smo/vf=off/lk=0,6.113,-0.266,-0.266,0.096,0.0,0.393,0.0
2503,59.181,705609.0,obs/smo/vf=off/lk=0,6.114,-0.257,-0.257,0.088,0.078,0.441,0.0
2504,59.201,705629.0,obs/smo/vf=off/lk=0,6.113,-0.247,-0.247,0.077,-0.076,0.46,0.0
2505,59.221,705649.0,obs/smo/vf=off/lk=0,6.114,-0.237,-0.237,0.068,0.077,0.511,0.0
2506,59.241,705669.0,obs/smo/vf=off/lk=0,6.114,-0.226,-0.226,0.057,0.0,0.525,0.0
2507,59.261,705689.0,obs/smo/vf=off/lk=0,6.113,-0.214,-0.214,0.044,-0.076,0.629,0.0
2508,59.281,705709.0,obs/smo/vf=off/lk=0,6.113,-0.202,-0.202,0.032,0.0,0.65,0.0
2509,59.301,705729.0,obs/smo/vf=off/lk=0,6.114,-0.192,-0.192,0.023,0.076,0.501,0.0
2510,59.321,705749.0,obs/smo/vf=off/lk=0,6.114,-0.18,-0.18,0.011,0.0,0.532,0.0
2511,59.341,705769.0,obs/smo/vf=off/lk=0,6.113,-0.167,-0.167,-0.003,-0.076,0.549,0.0
2512,59.361,705789.0,obs/smo/vf=off/lk=0,6.113,-0.156,-0.156,-0.015,0.0,0.649,0.0
2513,59.381,705809.0,obs/smo/vf=off/lk=0,6.113,-0.143,-0.143,-0.028,0.0,0.584,0.0
2514,59.401,705829.0,obs/smo/vf=off/lk=0,6.114,-0.13,-0.13,-0.038,0.077,0.73,0.0
2515,59.421,705849.0,obs/smo/vf=off/lk=0,6.114,-0.116,-0.116,-0.052,0.0,0.581,0.0
2516,59.441,705869.0,obs/smo/vf=off/lk=0,6.113,-0.104,-0.104,-0.066,-0.078,0.649,0.0
2517,59.461,705889.0,obs/smo/vf=off/lk=0,6.113,-0.093,-0.093,-0.077,0.0,0.783,0.0
2518,59.481,705909.0,obs/smo/vf=off/lk=0,6.114,-0.08,-0.08,-0.089,0.076,0.549,0.0
2519,59.501,705929.0,obs/smo/vf=off/lk=0,6.113,-0.067,-0.067,-0.103,-0.076,0.722,0.0
2520,59.521,705949.0,obs/smo/vf=off/lk=0,6.113,-0.054,-0.054,-0.117,0.0,0.741,0.0
2521,59.541,705969.0,obs/smo/vf=off/lk=0,6.114,-0.041,-0.041,-0.128,0.077,0.646,0.0
2522,59.561,705989.0,obs/smo/vf=off/lk=0,6.113,-0.927,-0.927,0.756,-0.078,0.615,0.0
2523,59.581,706009.0,obs/smo/vf=off/lk=0,6.113,-0.915,-0.915,0.745,0.0,0.617,0.0
2524,59.601,706029.0,obs/smo/vf=off/lk=0,6.114,-0.903,-0.903,0.734,0.077,0.586,0.0
2525,59.621,706049.0,obs/smo/vf=off/lk=0,6.113,-0.889,-0.889,0.719,-0.077,0.702,0.0
2526,59.641,706069.0,obs/smo/vf=off/lk=0,6.114,-0.876,-0.876,0.707,0.0,0.66,0.0
2527,59.661,706089.0,obs/smo/vf=off/lk=0,6.113,-0.863,-0.863,0.693,0.0,0.64,0.0
2528,59.681,706109.0,obs/smo/vf=off/lk=0,6.114,-0.851,-0.851,0.683,0.077,0.64,0.0
2529,59.701,706129.0,obs/smo/vf=off/lk=0,6.114,-0.839,-0.839,0.671,-0.077,0.527,0.0
2530,59.721,706149.0,obs/smo/vf=off/lk=0,6.114,-0.827,-0.827,0.658,0.0,0.607,0.0
2531,59.741,706169.0,obs/smo/vf=off/lk=0,6.113,-0.815,-0.815,0.644,0.0,0.658,0.0
2532,59.761,706189.0,obs/smo/vf=off/lk=0,6.114,-0.802,-0.802,0.633,0.076,0.595,0.0
2533,59.781,706209.0,obs/smo/vf=off/lk=0,6.114,-0.789,-0.789,0.621,0.0,0.638,0.0
2534,59.801,706229.0,obs/smo/vf=off/lk=0,6.114,-0.776,-0.776,0.608,0.0,0.621,0.0
2535,59.821,706249.0,obs/smo/vf=off/lk=0,6.114,-0.763,-0.763,0.594,0.0,0.657,0.0
2536,59.841,706269.0,obs/smo/vf=off/lk=0,6.114,-0.75,-0.75,0.581,0.0,0.654,0.0
2537,59.861,706289.0,obs/smo/vf=off/lk=0,6.114,-0.736,-0.736,0.567,0.0,0.631,0.0
2538,59.881,706309.0,obs/smo/vf=off/lk=0,6.113,-0.723,-0.723,0.552,-0.077,0.734,0.0
2539,59.901,706329.0,obs/smo/vf=off/lk=0,6.114,-0.709,-0.709,0.541,0.077,0.811,0.0
2540,59.921,706349.0,obs/smo/vf=off/lk=0,6.113,-0.696,-0.696,0.526,-0.077,0.584,0.0
2541,59.941,706369.0,obs/smo/vf=off/lk=0,6.114,-0.683,-0.683,0.514,0.077,0.665,0.0
2542,59.961,706389.0,obs/smo/vf=off/lk=0,6.114,-0.67,-0.67,0.501,-0.077,0.592,0.0
2543,59.981,706409.0,obs/smo/vf=off/lk=0,6.113,-0.657,-0.657,0.487,0.0,0.61,0.0
2544,60.001,706429.0,obs/smo/vf=off/lk=0,6.114,-0.644,-0.644,0.476,0.0,0.682,0.0
2545,60.021,706449.0,obs/smo/vf=off/lk=0,6.113,-0.632,-0.632,0.462,0.0,0.568,0.0
2546,60.041,706469.0,obs/smo/vf=off/lk=0,6.114,-0.62,-0.62,0.451,0.077,0.749,0.0
2547,60.061,706489.0,obs/smo/vf=off/lk=0,6.114,-0.607,-0.607,0.438,0.0,0.66,0.0
2548,60.081,706509.0,obs/smo/vf=off/lk=0,6.113,-0.595,-0.595,0.425,-0.076,0.53,0.0
2549,60.101,706529.0,obs/smo/vf=off/lk=0,6.114,-0.584,-0.584,0.415,0.077,0.547,0.0
2550,60.121,706549.0,obs/smo/vf=off/lk=0,6.114,-0.572,-0.572,0.403,0.0,0.654,0.0
2551,60.141,706569.0,obs/smo/vf=off/lk=0,6.113,-0.56,-0.56,0.39,-0.077,0.606,0.0
2552,60.161,706589.0,obs/smo/vf=off/lk=0,6.114,-0.549,-0.549,0.38,0.076,0.566,0.0
2553,60.181,706609.0,obs/smo/vf=off/lk=0,6.113,-0.537,-0.537,0.367,-0.077,0.609,0.0
2554,60.201,706629.0,obs/smo/vf=off/lk=0,6.113,-0.525,-0.525,0.355,0.0,0.541,0.0
2555,60.221,706649.0,obs/smo/vf=off/lk=0,6.114,-0.513,-0.513,0.344,0.077,0.595,0.0
2556,60.241,706669.0,obs/smo/vf=off/lk=0,6.114,-0.501,-0.501,0.332,-0.077,0.616,0.0
2557,60.261,706689.0,obs/smo/vf=off/lk=0,6.113,-0.489,-0.489,0.319,0.0,0.65,0.0
2558,60.281,706709.0,obs/smo/vf=off/lk=0,6.114,-0.476,-0.476,0.307,0.077,0.623,0.0
2559,60.301,706729.0,obs/smo/vf=off/lk=0,6.113,-0.464,-0.464,0.293,-0.077,0.635,0.0
2560,60.321,706749.0,obs/smo/vf=off/lk=0,6.113,-0.451,-0.451,0.28,0.0,0.627,0.0
2561,60.341,706769.0,obs/smo/vf=off/lk=0,6.114,-0.438,-0.438,0.27,0.077,0.609,0.0
2562,60.361,706789.0,obs/smo/vf=off/lk=0,6.114,-0.427,-0.427,0.258,0.0,0.609,0.0
2563,60.381,706809.0,obs/smo/vf=off/lk=0,6.113,-0.414,-0.414,0.244,-0.077,0.595,0.0
2564,60.401,706829.0,obs/smo/vf=off/lk=0,6.114,-0.402,-0.402,0.233,0.077,0.575,0.0
2565,60.421,706849.0,obs/smo/vf=off/lk=0,6.113,-0.39,-0.39,0.22,-0.076,0.539,0.0
2566,60.441,706869.0,obs/smo/vf=off/lk=0,6.113,-0.379,-0.379,0.209,0.0,0.559,0.0
2567,60.461,706889.0,obs/smo/vf=off/lk=0,6.113,-0.367,-0.367,0.197,0.0,0.579,0.0
2568,60.481,706909.0,obs/smo/vf=off/lk=0,6.113,-0.355,-0.355,0.185,0.0,0.521,0.0
2569,60.501,706929.0,obs/smo/vf=off/lk=0,6.113,-0.343,-0.343,0.173,0.0,0.616,0.0
2570,60.521,706949.0,obs/smo/vf=off/lk=0,6.114,-0.332,-0.332,0.163,0.077,0.532,0.0
2571,60.541,706969.0,obs/smo/vf=off/lk=0,6.114,-0.32,-0.32,0.151,0.0,0.56,0.0
2572,60.561,706989.0,obs/smo/vf=off/lk=0,6.113,-0.309,-0.309,0.138,-0.076,0.544,0.0
2573,60.581,707009.0,obs/smo/vf=off/lk=0,6.113,-0.297,-0.297,0.127,0.0,0.619,0.0
2574,60.601,707029.0,obs/smo/vf=off/lk=0,6.114,-0.286,-0.286,0.117,0.076,0.622,0.0
2575,60.621,707049.0,obs/smo/vf=off/lk=0,6.114,-0.275,-0.275,0.106,0.0,0.54,0.0
2576,60.641,707069.0,obs/smo/vf=off/lk=0,6.114,-0.264,-0.264,0.095,0.0,0.626,0.0
2577,60.661,707089.0,obs/smo/vf=off/lk=0,6.113,-0.252,-0.252,0.081,-0.076,0.616,0.0
2578,60.681,707109.0,obs/smo/vf=off/lk=0,6.114,-0.239,-0.239,0.071,0.0,0.563,0.0
2579,60.701,707129.0,obs/smo/vf=off/lk=0,6.114,-0.227,-0.227,0.058,0.078,0.607,0.0
2580,60.721,707149.0,obs/smo/vf=off/lk=0,6.113,-0.216,-0.216,0.045,-0.076,0.616,0.0
2581,60.741,707169.0,obs/smo/vf=off/lk=0,6.114,-0.204,-0.204,0.035,0.076,0.572,0.0
2582,60.761,707189.0,obs/smo/vf=off/lk=0,6.113,-0.193,-0.193,0.022,-0.077,0.493,0.0
2583,60.781,707209.0,obs/smo/vf=off/lk=0,6.114,-0.181,-0.181,0.012,0.077,0.609,0.0
2584,60.801,707229.0,obs/smo/vf=off/lk=0,6.113,-0.169,-0.169,-0.002,0.0,0.533,0.0
2585,60.821,707249.0,obs/smo/vf=off/lk=0,6.113,-0.158,-0.158,-0.012,-0.076,0.614,0.0
2586,60.841,707269.0,obs/smo/vf=off/lk=0,6.113,-0.147,-0.147,-0.024,0.0,0.58,0.0
2587,60.861,707289.0,obs/smo/vf=off/lk=0,6.114,-0.135,-0.135,-0.033,0.077,0.536,0.0
2588,60.881,707309.0,obs/smo/vf=off/lk=0,6.114,-0.124,-0.124,-0.045,0.0,0.566,0.0
2589,60.901,707329.0,obs/smo/vf=off/lk=0,6.113,-0.113,-0.113,-0.057,-0.078,0.549,0.0
2590,60.921,707349.0,obs/smo/vf=off/lk=0,6.114,-0.105,-0.105,-0.064,0.076,0.484,0.0
2591,60.941,707369.0,obs/smo/vf=off/lk=0,6.113,-0.093,-0.093,-0.078,-0.076,0.599,0.0
2592,60.961,707389.0,obs/smo/vf=off/lk=0,6.113,-0.082,-0.082,-0.088,0.076,0.572,0.0
2593,60.981,707409.0,obs/smo/vf=off/lk=0,6.113,-0.071,-0.071,-0.099,-0.078,0.496,0.0
2594,61.001,707429.0,obs/smo/vf=off/lk=0,6.113,-0.06,-0.06,-0.11,0.0,0.551,0.0
2595,61.021,707449.0,obs/smo/vf=off/lk=0,6.113,-0.049,-0.049,-0.121,0.077,0.43,0.0
2596,61.041,707469.0,obs/smo/vf=off/lk=0,6.114,-0.039,-0.039,-0.13,0.0,0.587,0.0
2597,61.061,707489.0,obs/smo/vf=off/lk=0,6.113,-0.925,-0.925,0.755,-0.076,0.533,0.0
2598,61.081,707509.0,obs/smo/vf=off/lk=0,6.114,-0.915,-0.915,0.747,0.077,0.482,0.0
2599,61.101,707529.0,obs/smo/vf=off/lk=0,6.113,-0.905,-0.905,0.734,-0.077,0.578,0.0
2600,61.121,707549.0,obs/smo/vf=off/lk=0,6.114,-0.893,-0.893,0.725,0.077,0.603,0.0
2601,61.141,707569.0,obs/smo/vf=off/lk=0,6.113,-0.882,-0.882,0.712,-0.076,0.532,0.0
2602,61.161,707589.0,obs/smo/vf=off/lk=0,6.113,-0.871,-0.871,0.701,0.077,0.514,0.0
2603,61.181,707609.0,obs/smo/vf=off/lk=0,6.114,-0.86,-0.86,0.691,0.0,0.495,0.0
2604,61.201,707629.0,obs/smo/vf=off/lk=0,6.114,-0.848,-0.848,0.679,0.0,0.517,0.0
2605,61.221,707649.0,obs/smo/vf=off/lk=0,6.113,-0.837,-0.837,0.666,0.0,0.568,0.0
2606,61.241,707669.0,obs/smo/vf=off/lk=0,6.114,-0.825,-0.825,0.656,0.0,0.544,0.0
2607,61.261,707689.0,obs/smo/vf=off/lk=0,6.113,-0.813,-0.813,0.643,-0.076,0.576,0.0
2608,61.281,707709.0,obs/smo/vf=off/lk=0,6.114,-0.802,-0.802,0.634,0.077,0.583,0.0
2609,61.301,707729.0,obs/smo/vf=off/lk=0,6.114,-0.791,-0.791,0.622,0.0,0.622,0.0
2610,61.321,707749.0,obs/smo/vf=off/lk=0,6.114,-0.78,-0.78,0.611,0.0,0.602,0.0
2611,61.341,707769.0,obs/smo/vf=off/lk=0,6.114,-0.768,-0.768,0.599,0.0,0.596,0.0
2612,61.361,707789.0,obs/smo/vf=off/lk=0,6.113,-0.757,-0.757,0.586,0.0,0.554,0.0
2613,61.381,707809.0,obs/smo/vf=off/lk=0,6.114,-0.745,-0.745,0.576,0.0,0.576,0.0
2614,61.401,707829.0,obs/smo/vf=off/lk=0,6.113,-0.733,-0.733,0.563,-0.077,0.617,0.0
2615,61.421,707849.0,obs/smo/vf=off/lk=0,6.113,-0.721,-0.721,0.551,0.077,0.677,0.0
2616,61.441,707869.0,obs/smo/vf=off/lk=0,6.114,-0.709,-0.709,0.541,0.0,0.616,0.0
2617,61.461,707889.0,obs/smo/vf=off/lk=0,6.113,-0.697,-0.697,0.527,-0.077,0.567,0.0
2618,61.481,707909.0,obs/smo/vf=off/lk=0,6.113,-0.684,-0.684,0.514,0.0,0.629,0.0
2619,61.501,707929.0,obs/smo/vf=off/lk=0,6.113,-0.672,-0.672,0.502,0.0,0.611,0.0
2620,61.521,707949.0,obs/smo/vf=off/lk=0,6.113,-0.66,-0.66,0.49,0.0,0.618,0.0
2621,61.541,707969.0,obs/smo/vf=off/lk=0,6.114,-0.648,-0.648,0.479,0.0,0.635,0.0
2622,61.561,707989.0,obs/smo/vf=off/lk=0,6.113,-0.636,-0.636,0.466,0.077,0.586,0.0
2623,61.581,708009.0,obs/smo/vf=off/lk=0,6.114,-0.624,-0.624,0.456,0.0,0.573,0.0
2624,61.601,708029.0,obs/smo/vf=off/lk=0,6.113,-0.613,-0.613,0.443,-0.076,0.545,0.0
2625,61.621,708049.0,obs/smo/vf=off/lk=0,6.113,-0.602,-0.602,0.432,0.0,0.622,0.0
2626,61.641,708069.0,obs/smo/vf=off/lk=0,6.113,-0.59,-0.59,0.42,0.0,0.593,0.0
2627,61.661,708089.0,obs/smo/vf=off/lk=0,6.114,-0.578,-0.578,0.41,0.077,0.589,0.0
2628,61.681,708109.0,obs/smo/vf=off/lk=0,6.113,-0.566,-0.566,0.396,-0.077,0.53,0.0
2629,61.701,708129.0,obs/smo/vf=off/lk=0,6.114,-0.554,-0.554,0.386,0.077,0.635,0.0
2630,61.721,708149.0,obs/smo/vf=off/lk=0,6.113,-0.542,-0.542,0.372,-0.076,0.579,0.0
2631,61.741,708169.0,obs/smo/vf=off/lk=0,6.113,-0.531,-0.531,0.361,0.077,0.626,0.0
2632,61.761,708189.0,obs/smo/vf=off/lk=0,6.114,-0.52,-0.52,0.351,0.0,0.553,0.0
2633,61.781,708209.0,obs/smo/vf=off/lk=0,6.114,-0.508,-0.508,0.34,0.0,0.628,0.0
2634,61.801,708229.0,obs/smo/vf=off/lk=0,6.114,-0.498,-0.498,0.33,-0.076,0.552,0.0
2635,61.821,708249.0,obs/smo/vf=off/lk=0,6.113,-0.488,-0.488,0.318,0.077,0.53,0.0
2636,61.841,708269.0,obs/smo/vf=off/lk=0,6.113,-0.478,-0.478,0.308,-0.077,0.632,0.0
2637,61.861,708289.0,obs/smo/vf=off/lk=0,6.114,-0.467,-0.467,0.299,0.077,0.443,0.0
2638,61.881,708309.0,obs/smo/vf=off/lk=0,6.114,-0.457,-0.457,0.288,0.0,0.486,0.0
2639,61.901,708329.0,obs/smo/vf=off/lk=0,6.114,-0.446,-0.446,0.277,-0.076,0.488,0.0
2640,61.921,708349.0,obs/smo/vf=off/lk=0,6.114,-0.435,-0.435,0.266,0.077,0.573,0.0
2641,61.941,708369.0,obs/smo/vf=off/lk=0,6.114,-0.425,-0.425,0.257,0.0,0.594,0.0
2642,61.961,708389.0,obs/smo/vf=off/lk=0,6.114,-0.415,-0.415,0.247,0.0,0.467,0.0
2643,61.981,708409.0,obs/smo/vf=off/lk=0,6.114,-0.405,-0.405,0.236,0.0,0.491,0.0
2644,62.001,708429.0,obs/smo/vf=off/lk=0,6.114,-0.394,-0.394,0.225,0.0,0.579,0.0
2645,62.021,708449.0,obs/smo/vf=off/lk=0,6.113,-0.384,-0.384,0.214,-0.077,0.512,0.0
2646,62.041,708469.0,obs/smo/vf=off/lk=0,6.114,-0.374,-0.374,0.205,0.0,0.482,0.0
2647,62.061,708489.0,obs/smo/vf=off/lk=0,6.114,-0.363,-0.363,0.194,0.077,0.511,0.0
2648,62.081,708509.0,obs/smo/vf=off/lk=0,6.114,-0.352,-0.352,0.183,0.0,0.523,0.0
2649,62.101,708529.0,obs/smo/vf=off/lk=0,6.113,-0.342,-0.342,0.171,-0.078,0.576,0.0
2650,62.121,708549.0,obs/smo/vf=off/lk=0,6.114,-0.331,-0.331,0.162,0.0,0.449,0.0
2651,62.141,708569.0,obs/smo/vf=off/lk=0,6.113,-0.32,-0.32,0.15,0.0,0.512,0.0
2652,62.161,708589.0,obs/smo/vf=off/lk=0,6.114,-0.311,-0.311,0.142,0.078,0.467,0.0
2653,62.181,708609.0,obs/smo/vf=off/lk=0,6.114,-0.301,-0.301,0.132,0.0,0.477,0.0
2654,62.201,708629.0,obs/smo/vf=off/lk=0,6.113,-0.291,-0.291,0.121,-0.077,0.438,0.0
2655,62.221,708649.0,obs/smo/vf=off/lk=0,6.113,-0.281,-0.281,0.111,0.0,0.452,0.0
2656,62.241,708669.0,obs/smo/vf=off/lk=0,6.113,-0.271,-0.271,0.101,0.0,0.473,0.0
2657,62.261,708689.0,obs/smo/vf=off/lk=0,6.113,-0.262,-0.262,0.092,0.0,0.441,0.0
2658,62.281,708709.0,obs/smo/vf=off/lk=0,6.113,-0.252,-0.252,0.082,0.0,0.427,0.0
2659,62.301,708729.0,obs/smo/vf=off/lk=0,6.113,-0.242,-0.242,0.071,0.0,0.504,0.0
2660,62.321,708749.0,obs/smo/vf=off/lk=0,6.113,-0.233,-0.233,0.062,0.0,0.409,0.0
2661,62.341,708769.0,obs/smo/vf=off/lk=0,6.113,-0.224,-0.224,0.054,0.0,0.463,0.0
2662,62.361,708789.0,obs/smo/vf=off/lk=0,6.113,-0.214,-0.214,0.044,0.0,0.474,0.0
2663,62.381,708809.0,obs/smo/vf=off/lk=0,6.113,-0.206,-0.206,0.035,0.0,0.474,0.0
2664,62.401,708829.0,obs/smo/vf=off/lk=0,6.114,-0.197,-0.197,0.028,0.076,0.432,0.0
2665,62.421,708849.0,obs/smo/vf=off/lk=0,6.113,-0.189,-0.189,0.019,-0.077,0.481,0.0
2666,62.441,708869.0,obs/smo/vf=off/lk=0,6.114,-0.179,-0.179,0.011,0.077,0.441,0.0
2667,62.461,708889.0,obs/smo/vf=off/lk=0,6.113,-0.169,-0.169,-0.001,-0.076,0.512,0.0
2668,62.481,708909.0,obs/smo/vf=off/lk=0,6.114,-0.159,-0.159,-0.009,0.076,0.402,0.0
2669,62.501,708929.0,obs/smo/vf=off/lk=0,6.114,-0.149,-0.149,-0.02,0.0,0.445,0.0
2670,62.521,708949.0,obs/smo/vf=off/lk=0,6.114,-0.14,-0.14,-0.029,0.0,0.549,0.0
2671,62.541,708969.0,obs/smo/vf=off/lk=0,6.114,-0.131,-0.131,-0.038,0.0,0.478,0.0
2672,62.561,708989.0,obs/smo/vf=off/lk=0,6.114,-0.121,-0.121,-0.048,0.0,0.473,0.0
2673,62.581,709009.0,obs/smo/vf=off/lk=0,6.113,-0.111,-0.111,-0.06,-0.078,0.581,0.0
2674,62.601,709029.0,obs/smo/vf=off/lk=0,6.113,-0.101,-0.101,-0.069,0.0,0.523,0.0
2675,62.621,709049.0,obs/smo/vf=off/lk=0,6.114,-0.091,-0.091,-0.077,0.077,0.431,0.0
2676,62.641,709069.0,obs/smo/vf=off/lk=0,6.114,-0.08,-0.08,-0.089,0.0,0.512,0.0
2677,62.661,709089.0,obs/smo/vf=off/lk=0,6.114,-0.071,-0.071,-0.098,0.0,0.505,0.0
2678,62.681,709109.0,obs/smo/vf=off/lk=0,6.114,-0.06,-0.06,-0.108,0.0,0.462,0.0
2679,62.701,709129.0,obs/smo/vf=off/lk=0,6.113,-0.05,-0.05,-0.121,-0.077,0.508,0.0
2680,62.721,709149.0,obs/smo/vf=off/lk=0,6.113,-0.04,-0.04,-0.13,0.0,0.49,0.0
2681,62.741,709169.0,obs/smo/vf=off/lk=0,6.113,-0.03,-0.03,-0.14,0.0,0.506,0.0
2682,62.761,709189.0,obs/smo/vf=off/lk=0,6.114,-0.918,-0.918,0.75,0.077,0.498,0.0
2683,62.781,709209.0,obs/smo/vf=off/lk=0,6.114,-0.909,-0.909,0.74,0.0,0.444,0.0
2684,62.801,709229.0,obs/smo/vf=off/lk=0,6.111,-0.899,-0.899,0.727,-0.154,0.473,0.0
2685,62.821,709249.0,obs/smo/vf=off/lk=0,6.114,-0.889,-0.889,0.72,0.154,0.519,0.0
2686,62.841,709269.0,obs/smo/vf=off/lk=0,6.114,-0.881,-0.881,0.712,0.0,0.404,0.0
2687,62.861,709289.0,obs/smo/vf=off/lk=0,6.114,-0.871,-0.871,0.703,0.0,0.351,0.0
2688,62.881,709309.0,obs/smo/vf=off/lk=0,6.113,-0.863,-0.863,0.693,-0.077,0.399,0.0
2689,62.901,709329.0,obs/smo/vf=off/lk=0,6.113,-0.854,-0.854,0.683,0.0,0.482,0.0
2690,62.921,709349.0,obs/smo/vf=off/lk=0,6.114,-0.845,-0.845,0.676,0.077,0.456,0.0
2691,62.941,709369.0,obs/smo/vf=off/lk=0,6.114,-0.835,-0.835,0.667,0.0,0.487,0.0
2692,62.961,709389.0,obs/smo/vf=off/lk=0,6.114,-0.826,-0.826,0.658,-0.077,0.438,0.0
2693,62.981,709409.0,obs/smo/vf=off/lk=0,6.113,-0.818,-0.818,0.647,0.0,0.436,0.0
2694,63.001,709429.0,obs/smo/vf=off/lk=0,6.113,-0.809,-0.809,0.639,0.0,0.393,0.0
2695,63.021,709449.0,obs/smo/vf=off/lk=0,6.113,-0.8,-0.8,0.629,0.076,0.423,0.0
2696,63.041,709469.0,obs/smo/vf=off/lk=0,6.113,-0.791,-0.791,0.621,-0.077,0.402,0.0
2697,63.061,709489.0,obs/smo/vf=off/lk=0,6.113,-0.782,-0.782,0.612,0.0,0.429,0.0
2698,63.081,709509.0,obs/smo/vf=off/lk=0,6.113,-0.773,-0.773,0.603,0.0,0.415,0.0
2699,63.101,709529.0,obs/smo/vf=off/lk=0,6.113,-0.766,-0.766,0.595,0.0,0.442,0.0
2700,63.121,709549.0,obs/smo/vf=off/lk=0,6.113,-0.757,-0.757,0.586,0.0,0.416,0.0
2701,63.141,709569.0,obs/smo/vf=off/lk=0,6.113,-0.747,-0.747,0.577,0.0,0.486,0.0
2702,63.161,709589.0,obs/smo/vf=off/lk=0,6.113,-0.737,-0.737,0.567,0.0,0.485,0.0
2703,63.181,709609.0,obs/smo/vf=off/lk=0,6.114,-0.728,-0.728,0.56,0.077,0.461,0.0
2704,63.201,709629.0,obs/smo/vf=off/lk=0,6.113,-0.719,-0.719,0.549,-0.077,0.358,0.0
2705,63.221,709649.0,obs/smo/vf=off/lk=0,6.113,-0.709,-0.709,0.539,0.076,0.436,0.0
2706,63.241,709669.0,obs/smo/vf=off/lk=0,6.114,-0.7,-0.7,0.531,0.0,0.455,0.0
2707,63.261,709689.0,obs/smo/vf=off/lk=0,6.114,-0.69,-0.69,0.521,0.0,0.512,0.0
2708,63.281,709709.0,obs/smo/vf=off/lk=0,6.113,-0.681,-0.681,0.511,-0.077,0.336,0.0
2709,63.301,709729.0,obs/smo/vf=off/lk=0,6.113,-0.672,-0.672,0.502,0.0,0.445,0.0
2710,63.321,709749.0,obs/smo/vf=off/lk=0,6.113,-0.662,-0.662,0.492,0.0,0.448,0.0
2711,63.341,709769.0,obs/smo/vf=off/lk=0,6.113,-0.653,-0.653,0.482,0.0,0.34,0.0
2712,63.361,709789.0,obs/smo/vf=off/lk=0,6.114,-0.646,-0.646,0.477,0.077,0.319,0.0
2713,63.381,709809.0,obs/smo/vf=off/lk=0,6.113,-0.639,-0.639,0.468,-0.076,0.419,0.0
2714,63.401,709829.0,obs/smo/vf=off/lk=0,6.114,-0.631,-0.631,0.462,0.076,0.339,0.0
2715,63.421,709849.0,obs/smo/vf=off/lk=0,6.113,-0.624,-0.624,0.453,-0.077,0.354,0.0
2716,63.441,709869.0,obs/smo/vf=off/lk=0,6.114,-0.616,-0.616,0.447,0.076,0.423,0.0
2717,63.461,709889.0,obs/smo/vf=off/lk=0,6.114,-0.609,-0.609,0.44,0.0,0.419,0.0
2718,63.481,709909.0,obs/smo/vf=off/lk=0,6.114,-0.601,-0.601,0.433,0.0,0.31,0.0
2719,63.501,709929.0,obs/smo/vf=off/lk=0,6.113,-0.594,-0.594,0.424,-0.078,0.37,0.0
2720,63.521,709949.0,obs/smo/vf=off/lk=0,6.113,-0.588,-0.588,0.417,0.0,0.332,0.0
2721,63.541,709969.0,obs/smo/vf=off/lk=0,6.114,-0.58,-0.58,0.412,0.0,0.42,0.0
2722,63.561,709989.0,obs/smo/vf=off/lk=0,6.114,-0.572,-0.572,0.403,0.076,0.4,0.0
2723,63.581,710009.0,obs/smo/vf=off/lk=0,6.113,-0.566,-0.566,0.395,-0.076,0.335,0.0
2724,63.601,710029.0,obs/smo/vf=off/lk=0,6.113,-0.559,-0.559,0.389,0.0,0.368,0.0
2725,63.621,710049.0,obs/smo/vf=off/lk=0,6.113,-0.552,-0.552,0.382,0.0,0.395,0.0
2726,63.641,710069.0,obs/smo/vf=off/lk=0,6.113,-0.545,-0.545,0.374,0.0,0.432,0.0
2727,63.661,710089.0,obs/smo/vf=off/lk=0,6.113,-0.537,-0.537,0.366,0.0,0.358,0.0
2728,63.681,710109.0,obs/smo/vf=off/lk=0,6.113,-0.528,-0.528,0.358,0.0,0.45,0.0
2729,63.701,710129.0,obs/smo/vf=off/lk=0,6.113,-0.523,-0.523,0.352,0.0,0.327,0.0
2730,63.721,710149.0,obs/smo/vf=off/lk=0,6.114,-0.517,-0.517,0.348,0.0,0.318,0.0
2731,63.741,710169.0,obs/smo/vf=off/lk=0,6.113,-0.508,-0.508,0.338,0.0,0.341,0.0
2732,63.761,710189.0,obs/smo/vf=off/lk=0,6.114,-0.502,-0.502,0.333,0.078,0.296,0.0
2733,63.781,710209.0,obs/smo/vf=off/lk=0,6.113,-0.494,-0.494,0.324,-0.076,0.412,0.0
2734,63.801,710229.0,obs/smo/vf=off/lk=0,6.114,-0.486,-0.486,0.317,0.076,0.452,0.0
2735,63.821,710249.0,obs/smo/vf=off/lk=0,6.113,-0.479,-0.479,0.309,-0.076,0.436,0.0
2736,63.841,710269.0,obs/smo/vf=off/lk=0,6.113,-0.472,-0.472,0.302,0.0,0.359,0.0
2737,63.861,710289.0,obs/smo/vf=off/lk=0,6.114,-0.465,-0.465,0.296,0.076,0.344,0.0
2738,63.881,710309.0,obs/smo/vf=off/lk=0,6.114,-0.457,-0.457,0.289,0.0,0.37,0.0
2739,63.901,710329.0,obs/smo/vf=off/lk=0,6.113,-0.45,-0.45,0.279,-0.076,0.387,0.0
2740,63.921,710349.0,obs/smo/vf=off/lk=0,6.113,-0.441,-0.441,0.271,0.0,0.459,0.0
2741,63.941,710369.0,obs/smo/vf=off/lk=0,6.114,-0.432,-0.432,0.263,0.076,0.48,0.0
2742,63.961,710389.0,obs/smo/vf=off/lk=0,6.113,-0.424,-0.424,0.253,-0.076,0.431,0.0
2743,63.981,710409.0,obs/smo/vf=off/lk=0,6.113,-0.415,-0.415,0.244,0.078,0.436,0.0
2744,64.001,710429.0,obs/smo/vf=off/lk=0,6.113,-0.404,-0.404,0.234,-0.076,0.472,0.0
2745,64.021,710449.0,obs/smo/vf=off/lk=0,6.113,-0.395,-0.395,0.224,0.0,0.443,0.0
2746,64.041,710469.0,obs/smo/vf=off/lk=0,6.113,-0.386,-0.386,0.215,0.077,0.471,0.0
2747,64.061,710489.0,obs/smo/vf=off/lk=0,6.114,-0.376,-0.376,0.208,0.0,0.447,0.0
2748,64.081,710509.0,obs/smo/vf=off/lk=0,6.113,-0.366,-0.366,0.196,-0.077,0.487,0.0
2749,64.101,710529.0,obs/smo/vf=off/lk=0,6.114,-0.356,-0.356,0.187,0.0,0.503,0.0
2750,64.121,710549.0,obs/smo/vf=off/lk=0,6.113,-0.346,-0.346,0.175,0.0,0.475,0.0
2751,64.141,710569.0,obs/smo/vf=off/lk=0,6.113,-0.334,-0.334,0.164,0.0,0.593,0.0
2752,64.161,710589.0,obs/smo/vf=off/lk=0,6.114,-0.324,-0.324,0.155,0.077,0.459,0.0
2753,64.181,710609.0,obs/smo/vf=off/lk=0,6.114,-0.313,-0.313,0.145,0.0,0.554,0.0
2754,64.201,710629.0,obs/smo/vf=off/lk=0,6.114,-0.302,-0.302,0.134,0.0,0.54,0.0
2755,64.221,710649.0,obs/smo/vf=off/lk=0,6.113,-0.29,-0.29,0.12,-0.077,0.57,0.0
2756,64.241,710669.0,obs/smo/vf=off/lk=0,6.113,-0.279,-0.279,0.109,0.0,0.55,0.0
2757,64.261,710689.0,obs/smo/vf=off/lk=0,6.113,-0.268,-0.268,0.097,0.0,0.554,0.0
2758,64.281,710709.0,obs/smo/vf=off/lk=0,6.114,-0.256,-0.256,0.087,0.077,0.524,0.0
2759,64.301,710729.0,obs/smo/vf=off/lk=0,6.113,-0.245,-0.245,0.075,-0.076,0.515,0.0
2760,64.321,710749.0,obs/smo/vf=off/lk=0,6.114,-0.234,-0.234,0.065,0.077,0.589,0.0
2761,64.341,710769.0,obs/smo/vf=off/lk=0,6.113,-0.221,-0.221,0.051,-0.077,0.651,0.0
2762,64.361,710789.0,obs/smo/vf=off/lk=0,6.114,-0.209,-0.209,0.04,0.077,0.635,0.0
2763,64.381,710809.0,obs/smo/vf=off/lk=0,6.113,-0.196,-0.196,0.026,-0.077,0.614,0.0
2764,64.401,710829.0,obs/smo/vf=off/lk=0,6.114,-0.182,-0.182,0.013,0.076,0.659,0.0
2765,64.421,710849.0,obs/smo/vf=off/lk=0,6.113,-0.17,-0.17,-0.0,-0.078,0.642,0.0
2766,64.441,710869.0,obs/smo/vf=off/lk=0,6.113,-0.157,-0.157,-0.013,0.0,0.669,0.0
2767,64.461,710889.0,obs/smo/vf=off/lk=0,6.113,-0.143,-0.143,-0.028,0.0,0.681,0.0
2768,64.481,710909.0,obs/smo/vf=off/lk=0,6.114,-0.129,-0.129,-0.04,0.077,0.663,0.0
2769,64.501,710929.0,obs/smo/vf=off/lk=0,6.114,-0.117,-0.117,-0.052,0.0,0.705,0.0
2770,64.521,710949.0,obs/smo/vf=off/lk=0,6.113,-0.103,-0.103,-0.067,-0.076,0.639,0.0
2771,64.541,710969.0,obs/smo/vf=off/lk=0,6.114,-0.09,-0.09,-0.078,0.077,0.672,0.0
2772,64.561,710989.0,obs/smo/vf=off/lk=0,6.113,-0.078,-0.078,-0.093,-0.077,0.558,0.0
2773,64.581,711009.0,obs/smo/vf=off/lk=0,6.114,-0.066,-0.066,-0.103,0.077,0.611,0.0
2774,64.601,711029.0,obs/smo/vf=off/lk=0,6.113,-0.054,-0.054,-0.116,-0.077,0.593,0.0
2775,64.621,711049.0,obs/smo/vf=off/lk=0,6.113,-0.042,-0.042,-0.128,0.0,0.599,0.0
2776,64.641,711069.0,obs/smo/vf=off/lk=0,6.114,-0.03,-0.03,-0.139,0.077,0.613,0.0
2777,64.661,711089.0,obs/smo/vf=off/lk=0,6.114,-0.915,-0.915,0.746,-0.076,0.616,0.0
2778,64.681,711109.0,obs/smo/vf=off/lk=0,6.113,-0.902,-0.902,0.732,0.0,0.656,0.0
2779,64.701,711129.0,obs/smo/vf=off/lk=0,6.113,-0.89,-0.89,0.719,0.0,0.568,0.0
2780,64.721,711149.0,obs/smo/vf=off/lk=0,6.114,-0.877,-0.877,0.709,0.076,0.628,0.0
2781,64.741,711169.0,obs/smo/vf=off/lk=0,6.114,-0.865,-0.865,0.696,0.0,0.647,0.0
2782,64.761,711189.0,obs/smo/vf=off/lk=0,6.114,-0.853,-0.853,0.684,0.0,0.595,0.0
2783,64.781,711209.0,obs/smo/vf=off/lk=0,6.114,-0.84,-0.84,0.672,0.0,0.652,0.0
2784,64.801,711229.0,obs/smo/vf=off/lk=0,6.113,-0.828,-0.828,0.658,-0.077,0.585,0.0
2785,64.821,711249.0,obs/smo/vf=off/lk=0,6.114,-0.816,-0.816,0.648,0.076,0.626,0.0
2786,64.841,711269.0,obs/smo/vf=off/lk=0,6.113,-0.804,-0.804,0.634,-0.077,0.597,0.0
2787,64.861,711289.0,obs/smo/vf=off/lk=0,6.113,-0.792,-0.792,0.621,0.077,0.664,0.0
2788,64.881,711309.0,obs/smo/vf=off/lk=0,6.113,-0.78,-0.78,0.609,-0.076,0.591,0.0
2789,64.901,711329.0,obs/smo/vf=off/lk=0,6.113,-0.769,-0.769,0.598,0.0,0.573,0.0
2790,64.921,711349.0,obs/smo/vf=off/lk=0,6.114,-0.757,-0.757,0.588,0.077,0.554,0.0
2791,64.941,711369.0,obs/smo/vf=off/lk=0,6.114,-0.745,-0.745,0.576,0.0,0.539,0.0
2792,64.961,711389.0,obs/smo/vf=off/lk=0,6.113,-0.733,-0.733,0.563,-0.076,0.568,0.0
2793,64.981,711409.0,obs/smo/vf=off/lk=0,6.113,-0.722,-0.722,0.551,0.0,0.559,0.0
2794,65.001,711429.0,obs/smo/vf=off/lk=0,6.113,-0.711,-0.711,0.541,0.0,0.582,0.0
2795,65.021,711449.0,obs/smo/vf=off/lk=0,6.113,-0.699,-0.699,0.529,0.077,0.595,0.0
2796,65.041,711469.0,obs/smo/vf=off/lk=0,6.113,-0.687,-0.687,0.517,-0.076,0.594,0.0
2797,65.061,711489.0,obs/smo/vf=off/lk=0,6.113,-0.676,-0.676,0.506,0.0,0.542,0.0
2798,65.081,711509.0,obs/smo/vf=off/lk=0,6.114,-0.666,-0.666,0.497,0.076,0.557,0.0
2799,65.101,711529.0,obs/smo/vf=off/lk=0,6.114,-0.655,-0.655,0.486,0.0,0.493,0.0
2800,65.121,711549.0,obs/smo/vf=off/lk=0,6.114,-0.644,-0.644,0.475,0.0,0.574,0.0
2801,65.141,711569.0,obs/smo/vf=off/lk=0,6.113,-0.631,-0.631,0.461,-0.076,0.614,0.0
2802,65.161,711589.0,obs/smo/vf=off/lk=0,6.114,-0.619,-0.619,0.45,0.077,0.645,0.0
2803,65.181,711609.0,obs/smo/vf=off/lk=0,6.113,-0.607,-0.607,0.437,-0.076,0.581,0.0
2804,65.201,711629.0,obs/smo/vf=off/lk=0,6.113,-0.596,-0.596,0.426,0.077,0.571,0.0
2805,65.221,711649.0,obs/smo/vf=off/lk=0,6.113,-0.586,-0.586,0.415,-0.076,0.546,0.0
2806,65.241,711669.0,obs/smo/vf=off/lk=0,6.114,-0.573,-0.573,0.404,0.077,0.604,0.0
2807,65.261,711689.0,obs/smo/vf=off/lk=0,6.114,-0.56,-0.56,0.391,0.0,0.654,0.0
2808,65.281,711709.0,obs/smo/vf=off/lk=0,6.114,-0.549,-0.549,0.38,0.0,0.589,0.0
2809,65.301,711729.0,obs/smo/vf=off/lk=0,6.114,-0.538,-0.538,0.369,0.0,0.554,0.0
2810,65.321,711749.0,obs/smo/vf=off/lk=0,6.114,-0.526,-0.526,0.357,0.0,0.56,0.0
2811,65.341,711769.0,obs/smo/vf=off/lk=0,6.113,-0.513,-0.513,0.343,-0.076,0.572,0.0
2812,65.361,711789.0,obs/smo/vf=off/lk=0,6.114,-0.502,-0.502,0.333,0.076,0.581,0.0
2813,65.381,711809.0,obs/smo/vf=off/lk=0,6.113,-0.491,-0.491,0.32,-0.077,0.63,0.0
2814,65.401,711829.0,obs/smo/vf=off/lk=0,6.114,-0.479,-0.479,0.31,0.076,0.562,0.0
2815,65.421,711849.0,obs/smo/vf=off/lk=0,6.114,-0.469,-0.469,0.301,0.0,0.591,0.0
2816,65.441,711869.0,obs/smo/vf=off/lk=0,6.114,-0.459,-0.459,0.291,0.0,0.497,0.0
2817,65.461,711889.0,obs/smo/vf=off/lk=0,6.113,-0.449,-0.449,0.279,-0.076,0.495,0.0
2818,65.481,711909.0,obs/smo/vf=off/lk=0,6.114,-0.437,-0.437,0.268,0.076,0.522,0.0
2819,65.501,711929.0,obs/smo/vf=off/lk=0,6.113,-0.427,-0.427,0.257,0.0,0.531,0.0
2820,65.521,711949.0,obs/smo/vf=off/lk=0,6.113,-0.417,-0.417,0.247,-0.077,0.484,0.0
2821,65.541,711969.0,obs/smo/vf=off/lk=0,6.114,-0.407,-0.407,0.238,0.076,0.571,0.0
2822,65.561,711989.0,obs/smo/vf=off/lk=0,6.113,-0.396,-0.396,0.226,0.0,0.479,0.0
2823,65.581,712009.0,obs/smo/vf=off/lk=0,6.113,-0.386,-0.386,0.215,-0.077,0.476,0.0
2824,65.601,712029.0,obs/smo/vf=off/lk=0,6.113,-0.375,-0.375,0.204,0.0,0.546,0.0
2825,65.621,712049.0,obs/smo/vf=off/lk=0,6.113,-0.365,-0.365,0.194,0.0,0.537,0.0
2826,65.641,712069.0,obs/smo/vf=off/lk=0,6.113,-0.354,-0.354,0.184,0.0,0.525,0.0
2827,65.661,712089.0,obs/smo/vf=off/lk=0,6.113,-0.343,-0.343,0.173,0.0,0.548,0.0
2828,65.681,712109.0,obs/smo/vf=off/lk=0,6.113,-0.332,-0.332,0.162,0.0,0.565,0.0
2829,65.701,712129.0,obs/smo/vf=off/lk=0,6.113,-0.32,-0.32,0.15,0.0,0.601,0.0
2830,65.721,712149.0,obs/smo/vf=off/lk=0,6.113,-0.31,-0.31,0.139,0.0,0.561,0.0
2831,65.741,712169.0,obs/smo/vf=off/lk=0,6.114,-0.299,-0.299,0.13,0.077,0.504,0.0
2832,65.761,712189.0,obs/smo/vf=off/lk=0,6.113,-0.289,-0.289,0.119,-0.077,0.52,0.0
2833,65.781,712209.0,obs/smo/vf=off/lk=0,6.113,-0.278,-0.278,0.108,0.0,0.525,0.0
2834,65.801,712229.0,obs/smo/vf=off/lk=0,6.113,-0.267,-0.267,0.097,0.0,0.509,0.0
2835,65.821,712249.0,obs/smo/vf=off/lk=0,6.113,-0.257,-0.257,0.087,0.0,0.504,0.0
2836,65.841,712269.0,obs/smo/vf=off/lk=0,6.114,-0.246,-0.246,0.078,0.0,0.566,0.0
2837,65.861,712289.0,obs/smo/vf=off/lk=0,6.114,-0.236,-0.236,0.067,0.077,0.658,0.0
2838,65.881,712309.0,obs/smo/vf=off/lk=0,6.113,-0.225,-0.225,0.055,-0.076,0.558,0.0
2839,65.901,712329.0,obs/smo/vf=off/lk=0,6.114,-0.216,-0.216,0.047,0.078,0.586,0.0
2840,65.921,712349.0,obs/smo/vf=off/lk=0,6.114,-0.206,-0.206,0.037,0.0,0.576,0.0
2841,65.941,712369.0,obs/smo/vf=off/lk=0,6.114,-0.194,-0.194,0.026,-0.077,0.522,0.0
2842,65.961,712389.0,obs/smo/vf=off/lk=0,6.114,-0.184,-0.184,0.015,0.077,0.566,0.0
2843,65.981,712409.0,obs/smo/vf=off/lk=0,6.114,-0.174,-0.174,0.005,-0.077,0.45,0.0
2844,66.001,712429.0,obs/smo/vf=off/lk=0,6.113,-0.162,-0.162,-0.008,0.0,0.534,0.0
2845,66.021,712449.0,obs/smo/vf=off/lk=0,6.113,-0.152,-0.152,-0.018,0.0,0.498,0.0
2846,66.041,712469.0,obs/smo/vf=off/lk=0,6.113,-0.142,-0.142,-0.028,0.0,0.452,0.0
2847,66.061,712489.0,obs/smo/vf=off/lk=0,6.114,-0.132,-0.132,-0.037,0.076,0.567,0.0
2848,66.081,712509.0,obs/smo/vf=off/lk=0,6.114,-0.122,-0.122,-0.047,0.0,0.431,0.0
2849,66.101,712529.0,obs/smo/vf=off/lk=0,6.113,-0.111,-0.111,-0.059,0.0,0.468,0.0
2850,66.121,712549.0,obs/smo/vf=off/lk=0,6.113,-0.1,-0.1,-0.07,-0.077,0.489,0.0
2851,66.141,712569.0,obs/smo/vf=off/lk=0,6.113,-0.09,-0.09,-0.08,0.0,0.63,0.0
2852,66.161,712589.0,obs/smo/vf=off/lk=0,6.114,-0.079,-0.079,-0.09,0.0,0.454,0.0
2853,66.181,712609.0,obs/smo/vf=off/lk=0,6.113,-0.068,-0.068,-0.103,0.077,0.609,0.0
2854,66.201,712629.0,obs/smo/vf=off/lk=0,6.113,-0.058,-0.058,-0.113,-0.077,0.636,0.0
2855,66.221,712649.0,obs/smo/vf=off/lk=0,6.113,-0.047,-0.047,-0.123,0.0,0.465,0.0
2856,66.241,712669.0,obs/smo/vf=off/lk=0,6.113,-0.036,-0.036,-0.134,0.0,0.672,0.0
2857,66.261,712689.0,obs/smo/vf=off/lk=0,6.113,-0.922,-0.922,0.752,0.0,0.58,0.0
2858,66.281,712709.0,obs/smo/vf=off/lk=0,6.113,-0.911,-0.911,0.741,0.0,0.597,0.0
2859,66.301,712729.0,obs/smo/vf=off/lk=0,6.113,-0.899,-0.899,0.728,0.0,0.622,0.0
2860,66.321,712749.0,obs/smo/vf=off/lk=0,6.114,-0.886,-0.886,0.717,0.076,0.577,0.0
2861,66.341,712769.0,obs/smo/vf=off/lk=0,6.113,-0.873,-0.873,0.703,-0.077,0.624,0.0
2862,66.361,712789.0,obs/smo/vf=off/lk=0,6.113,-0.862,-0.862,0.691,0.077,0.599,0.0
2863,66.381,712809.0,obs/smo/vf=off/lk=0,6.113,-0.85,-0.85,0.679,-0.076,0.641,0.0
2864,66.401,712829.0,obs/smo/vf=off/lk=0,6.113,-0.837,-0.837,0.667,0.0,0.58,0.0
2865,66.421,712849.0,obs/smo/vf=off/lk=0,6.114,-0.824,-0.824,0.656,0.076,0.68,0.0
2866,66.441,712869.0,obs/smo/vf=off/lk=0,6.114,-0.811,-0.811,0.642,0.0,0.67,0.0
2867,66.461,712889.0,obs/smo/vf=off/lk=0,6.113,-0.797,-0.797,0.627,-0.076,0.673,0.0
2868,66.481,712909.0,obs/smo/vf=off/lk=0,6.113,-0.783,-0.783,0.613,0.0,0.738,0.0
2869,66.501,712929.0,obs/smo/vf=off/lk=0,6.113,-0.769,-0.769,0.599,0.077,0.671,0.0
2870,66.521,712949.0,obs/smo/vf=off/lk=0,6.114,-0.756,-0.756,0.587,-0.077,0.658,0.0
2871,66.541,712969.0,obs/smo/vf=off/lk=0,6.113,-0.742,-0.742,0.572,0.0,0.675,0.0
2872,66.561,712989.0,obs/smo/vf=off/lk=0,6.113,-0.728,-0.728,0.558,0.0,0.695,0.0
2873,66.581,713009.0,obs/smo/vf=off/lk=0,6.113,-0.716,-0.716,0.545,0.0,0.642,0.0
2874,66.601,713029.0,obs/smo/vf=off/lk=0,6.114,-0.702,-0.702,0.533,0.077,0.702,0.0
2875,66.621,713049.0,obs/smo/vf=off/lk=0,6.114,-0.687,-0.687,0.519,0.0,0.758,0.0
2876,66.641,713069.0,obs/smo/vf=off/lk=0,6.114,-0.672,-0.672,0.504,0.0,0.655,0.0
2877,66.661,713089.0,obs/smo/vf=off/lk=0,6.114,-0.658,-0.658,0.489,0.0,0.746,0.0
2878,66.681,713109.0,obs/smo/vf=off/lk=0,6.114,-0.643,-0.643,0.475,0.0,0.8,0.0
2879,66.701,713129.0,obs/smo/vf=off/lk=0,6.113,-0.629,-0.629,0.458,0.0,0.821,0.0
2880,66.721,713149.0,obs/smo/vf=off/lk=0,6.113,-0.613,-0.613,0.443,-0.077,0.744,0.0
2881,66.741,713169.0,obs/smo/vf=off/lk=0,6.113,-0.598,-0.598,0.428,0.0,0.594,0.0
2882,66.761,713189.0,obs/smo/vf=off/lk=0,6.113,-0.582,-0.582,0.412,0.0,0.766,0.0
2883,66.781,713209.0,obs/smo/vf=off/lk=0,6.113,-0.566,-0.566,0.396,0.0,0.79,0.0
2884,66.801,713229.0,obs/smo/vf=off/lk=0,6.114,-0.55,-0.55,0.382,0.076,0.913,0.0
2885,66.821,713249.0,obs/smo/vf=off/lk=0,6.114,-0.535,-0.535,0.366,-0.076,0.843,0.0
2886,66.841,713269.0,obs/smo/vf=off/lk=0,6.114,-0.52,-0.52,0.352,0.0,0.733,0.0
2887,66.861,713289.0,obs/smo/vf=off/lk=0,6.113,-0.505,-0.505,0.335,0.0,0.754,0.0
2888,66.881,713309.0,obs/smo/vf=off/lk=0,6.113,-0.491,-0.491,0.321,0.0,0.735,0.0
2889,66.901,713329.0,obs/smo/vf=off/lk=0,6.114,-0.477,-0.477,0.308,0.077,0.671,0.0
2890,66.921,713349.0,obs/smo/vf=off/lk=0,6.113,-0.462,-0.462,0.292,-0.076,0.741,0.0
2891,66.941,713369.0,obs/smo/vf=off/lk=0,6.114,-0.449,-0.449,0.281,0.077,0.663,0.0
2892,66.961,713389.0,obs/smo/vf=off/lk=0,6.113,-0.435,-0.435,0.265,-0.076,0.631,0.0
2893,66.981,713409.0,obs/smo/vf=off/lk=0,6.113,-0.422,-0.422,0.251,0.0,0.717,0.0
2894,67.001,713429.0,obs/smo/vf=off/lk=0,6.113,-0.409,-0.409,0.239,0.0,0.661,0.0
2895,67.021,713449.0,obs/smo/vf=off/lk=0,6.114,-0.395,-0.395,0.226,0.076,0.746,0.0
2896,67.041,713469.0,obs/smo/vf=off/lk=0,6.113,-0.382,-0.382,0.212,-0.077,0.644,0.0
2897,67.061,713489.0,obs/smo/vf=off/lk=0,6.113,-0.368,-0.368,0.198,0.0,0.695,0.0
2898,67.081,713509.0,obs/smo/vf=off/lk=0,6.113,-0.356,-0.356,0.185,0.0,0.672,0.0
2899,67.101,713529.0,obs/smo/vf=off/lk=0,6.113,-0.342,-0.342,0.172,0.0,0.652,0.0
2900,67.121,713549.0,obs/smo/vf=off/lk=0,6.113,-0.33,-0.33,0.16,0.0,0.566,0.0
2901,67.141,713569.0,obs/smo/vf=off/lk=0,6.113,-0.318,-0.318,0.148,0.0,0.568,0.0
2902,67.161,713589.0,obs/smo/vf=off/lk=0,6.113,-0.306,-0.306,0.136,0.077,0.608,0.0
2903,67.181,713609.0,obs/smo/vf=off/lk=0,6.113,-0.295,-0.295,0.125,-0.077,0.52,0.0
2904,67.201,713629.0,obs/smo/vf=off/lk=0,6.113,-0.284,-0.284,0.114,0.0,0.563,0.0
2905,67.221,713649.0,obs/smo/vf=off/lk=0,6.114,-0.273,-0.273,0.105,0.0,0.579,0.0
2906,67.241,713669.0,obs/smo/vf=off/lk=0,6.114,-0.262,-0.262,0.093,0.0,0.522,0.0
2907,67.261,713689.0,obs/smo/vf=off/lk=0,6.114,-0.252,-0.252,0.083,0.0,0.516,0.0
2908,67.281,713709.0,obs/smo/vf=off/lk=0,6.114,-0.241,-0.241,0.072,0.076,0.563,0.0
2909,67.301,713729.0,obs/smo/vf=off/lk=0,6.113,-0.23,-0.23,0.06,-0.077,0.502,0.0
2910,67.321,713749.0,obs/smo/vf=off/lk=0,6.114,-0.22,-0.22,0.051,0.077,0.456,0.0
2911,67.341,713769.0,obs/smo/vf=off/lk=0,6.113,-0.21,-0.21,0.04,-0.077,0.44,0.0
2912,67.361,713789.0,obs/smo/vf=off/lk=0,6.114,-0.199,-0.199,0.03,0.077,0.559,0.0
2913,67.381,713809.0,obs/smo/vf=off/lk=0,6.113,-0.188,-0.188,0.018,-0.077,0.494,0.0
2914,67.401,713829.0,obs/smo/vf=off/lk=0,6.113,-0.178,-0.178,0.007,0.0,0.663,0.0
2915,67.421,713849.0,obs/smo/vf=off/lk=0,6.114,-0.167,-0.167,-0.001,0.077,0.632,0.0
2916,67.441,713869.0,obs/smo/vf=off/lk=0,6.114,-0.158,-0.158,-0.011,0.0,0.477,0.0
2917,67.461,713889.0,obs/smo/vf=off/lk=0,6.114,-0.147,-0.147,-0.022,0.0,0.476,0.0
2918,67.481,713909.0,obs/smo/vf=off/lk=0,6.114,-0.138,-0.138,-0.031,0.0,0.465,0.0
2919,67.501,713929.0,obs/smo/vf=off/lk=0,6.113,-0.128,-0.128,-0.042,-0.077,0.51,0.0
2920,67.521,713949.0,obs/smo/vf=off/lk=0,6.113,-0.118,-0.118,-0.053,0.0,0.553,0.0
2921,67.541,713969.0,obs/smo/vf=off/lk=0,6.114,-0.108,-0.108,-0.061,0.077,0.486,0.0
2922,67.561,713989.0,obs/smo/vf=off/lk=0,6.114,-0.097,-0.097,-0.072,0.0,0.493,0.0
2923,67.581,714009.0,obs/smo/vf=off/lk=0,6.113,-0.087,-0.087,-0.083,-0.076,0.502,0.0
2924,67.601,714029.0,obs/smo/vf=off/lk=0,6.114,-0.077,-0.077,-0.092,0.077,0.571,0.0
2925,67.621,714049.0,obs/smo/vf=off/lk=0,6.113,-0.067,-0.067,-0.103,-0.077,0.473,0.0
2926,67.641,714069.0,obs/smo/vf=off/lk=0,6.114,-0.058,-0.058,-0.111,0.077,0.48,0.0
2927,67.661,714089.0,obs/smo/vf=off/lk=0,6.113,-0.049,-0.049,-0.122,-0.077,0.453,0.0
2928,67.681,714109.0,obs/smo/vf=off/lk=0,6.114,-0.038,-0.038,-0.131,0.076,0.545,0.0
2929,67.701,714129.0,obs/smo/vf=off/lk=0,6.114,-0.926,-0.926,0.758,0.0,0.534,0.0
2930,67.721,714149.0,obs/smo/vf=off/lk=0,6.114,-0.917,-0.917,0.748,0.0,0.478,0.0
2931,67.741,714169.0,obs/smo/vf=off/lk=0,6.113,-0.907,-0.907,0.736,-0.076,0.384,0.0
2932,67.761,714189.0,obs/smo/vf=off/lk=0,6.114,-0.897,-0.897,0.728,0.077,0.508,0.0
2933,67.781,714209.0,obs/smo/vf=off/lk=0,6.114,-0.888,-0.888,0.719,0.0,0.344,0.0
2934,67.801,714229.0,obs/smo/vf=off/lk=0,6.113,-0.88,-0.88,0.709,-0.077,0.488,0.0
2935,67.821,714249.0,obs/smo/vf=off/lk=0,6.113,-0.87,-0.87,0.7,0.0,0.548,0.0
2936,67.841,714269.0,obs/smo/vf=off/lk=0,6.113,-0.862,-0.862,0.691,0.0,0.413,0.0
2937,67.861,714289.0,obs/smo/vf=off/lk=0,6.113,-0.851,-0.851,0.68,0.0,0.54,0.0
2938,67.881,714309.0,obs/smo/vf=off/lk=0,6.113,-0.841,-0.841,0.671,0.0,0.515,0.0
2939,67.901,714329.0,obs/smo/vf=off/lk=0,6.113,-0.832,-0.832,0.662,0.0,0.463,0.0
2940,67.921,714349.0,obs/smo/vf=off/lk=0,6.113,-0.823,-0.823,0.653,0.0,0.455,0.0
2941,67.941,714369.0,obs/smo/vf=off/lk=0,6.114,-0.814,-0.814,0.645,0.076,0.457,0.0
2942,67.961,714389.0,obs/smo/vf=off/lk=0,6.114,-0.803,-0.803,0.634,0.0,0.582,0.0
2943,67.981,714409.0,obs/smo/vf=off/lk=0,6.113,-0.794,-0.794,0.624,-0.076,0.483,0.0
2944,68.001,714429.0,obs/smo/vf=off/lk=0,6.113,-0.784,-0.784,0.614,0.077,0.536,0.0
2945,68.021,714449.0,obs/smo/vf=off/lk=0,6.114,-0.774,-0.774,0.605,0.0,0.533,0.0
2946,68.041,714469.0,obs/smo/vf=off/lk=0,6.113,-0.763,-0.763,0.593,-0.076,0.516,0.0
2947,68.061,714489.0,obs/smo/vf=off/lk=0,6.113,-0.754,-0.754,0.583,0.0,0.569,0.0
2948,68.081,714509.0,obs/smo/vf=off/lk=0,6.114,-0.744,-0.744,0.575,0.076,0.5,0.0
2949,68.101,714529.0,obs/smo/vf=off/lk=0,6.113,-0.734,-0.734,0.563,-0.076,0.526,0.0
2950,68.121,714549.0,obs/smo/vf=off/lk=0,6.114,-0.724,-0.724,0.556,0.0,0.568,0.0
2951,68.141,714569.0,obs/smo/vf=off/lk=0,6.113,-0.714,-0.714,0.544,0.0,0.601,0.0
2952,68.161,714589.0,obs/smo/vf=off/lk=0,6.114,-0.703,-0.703,0.535,0.076,0.529,0.0
2953,68.181,714609.0,obs/smo/vf=off/lk=0,6.114,-0.693,-0.693,0.525,0.0,0.504,0.0
2954,68.201,714629.0,obs/smo/vf=off/lk=0,6.113,-0.683,-0.683,0.512,-0.076,0.498,0.0
2955,68.221,714649.0,obs/smo/vf=off/lk=0,6.113,-0.672,-0.672,0.502,0.0,0.561,0.0
2956,68.241,714669.0,obs/smo/vf=off/lk=0,6.113,-0.661,-0.661,0.491,0.076,0.544,0.0
2957,68.261,714689.0,obs/smo/vf=off/lk=0,6.113,-0.651,-0.651,0.48,-0.076,0.526,0.0
2958,68.281,714709.0,obs/smo/vf=off/lk=0,6.114,-0.64,-0.64,0.472,0.077,0.496,0.0
2959,68.301,714729.0,obs/smo/vf=off/lk=0,6.114,-0.63,-0.63,0.461,0.0,0.523,0.0
2960,68.321,714749.0,obs/smo/vf=off/lk=0,6.113,-0.618,-0.618,0.448,-0.076,0.536,0.0
2961,68.341,714769.0,obs/smo/vf=off/lk=0,6.114,-0.607,-0.607,0.439,0.0,0.553,0.0
2962,68.361,714789.0,obs/smo/vf=off/lk=0,6.113,-0.597,-0.597,0.426,0.0,0.505,0.0
2963,68.381,714809.0,obs/smo/vf=off/lk=0,6.113,-0.585,-0.585,0.415,0.0,0.532,0.0
2964,68.401,714829.0,obs/smo/vf=off/lk=0,6.113,-0.573,-0.573,0.403,0.0,0.568,0.0
2965,68.421,714849.0,obs/smo/vf=off/lk=0,6.113,-0.562,-0.562,0.392,0.0,0.509,0.0
2966,68.441,714869.0,obs/smo/vf=off/lk=0,6.113,-0.55,-0.55,0.38,0.0,0.565,0.0
2967,68.461,714889.0,obs/smo/vf=off/lk=0,6.113,-0.537,-0.537,0.367,0.0,0.54,0.0
2968,68.481,714909.0,obs/smo/vf=off/lk=0,6.113,-0.526,-0.526,0.355,0.076,0.573,0.0
2969,68.501,714929.0,obs/smo/vf=off/lk=0,6.114,-0.512,-0.512,0.343,0.0,0.607,0.0
2970,68.521,714949.0,obs/smo/vf=off/lk=0,6.113,-0.501,-0.501,0.331,-0.076,0.568,0.0
2971,68.541,714969.0,obs/smo/vf=off/lk=0,6.113,-0.489,-0.489,0.318,0.0,0.634,0.0
2972,68.561,714989.0,obs/smo/vf=off/lk=0,6.114,-0.478,-0.478,0.309,0.076,0.618,0.0
2973,68.581,715009.0,obs/smo/vf=off/lk=0,6.114,-0.465,-0.465,0.296,0.0,0.524,0.0
2974,68.601,715029.0,obs/smo/vf=off/lk=0,6.114,-0.454,-0.454,0.285,-0.076,0.618,0.0
2975,68.621,715049.0,obs/smo/vf=off/lk=0,6.113,-0.444,-0.444,0.273,0.0,0.543,0.0
2976,68.641,715069.0,obs/smo/vf=off/lk=0,6.114,-0.433,-0.433,0.264,0.078,0.525,0.0
2977,68.661,715089.0,obs/smo/vf=off/lk=0,6.113,-0.421,-0.421,0.251,-0.076,0.686,0.0
2978,68.681,715109.0,obs/smo/vf=off/lk=0,6.114,-0.407,-0.407,0.238,0.076,0.825,0.0
2979,68.701,715129.0,obs/smo/vf=off/lk=0,6.113,-0.391,-0.391,0.22,-0.077,0.865,0.0
2980,68.721,715149.0,obs/smo/vf=off/lk=0,6.114,-0.373,-0.373,0.204,0.076,0.936,0.0
2981,68.741,715169.0,obs/smo/vf=off/lk=0,6.113,-0.353,-0.353,0.182,-0.077,0.952,0.0
2982,68.761,715189.0,obs/smo/vf=off/lk=0,6.113,-0.332,-0.332,0.162,0.077,1.108,0.0
2983,68.781,715209.0,obs/smo/vf=off/lk=0,6.113,-0.309,-0.309,0.139,-0.077,1.191,0.0
2984,68.801,715229.0,obs/smo/vf=off/lk=0,6.114,-0.284,-0.284,0.116,0.0,1.225,0.0
2985,68.821,715249.0,obs/smo/vf=off/lk=0,6.113,-0.258,-0.258,0.088,0.0,1.351,0.0
2986,68.841,715269.0,obs/smo/vf=off/lk=0,6.113,-0.231,-0.231,0.061,0.077,1.33,0.0
2987,68.861,715289.0,obs/smo/vf=off/lk=0,6.113,-0.205,-0.205,0.035,0.0,1.413,0.0
2988,68.881,715309.0,obs/smo/vf=off/lk=0,6.113,-0.176,-0.176,0.006,0.0,1.292,0.0
2989,68.901,715329.0,obs/smo/vf=off/lk=0,6.113,-0.148,-0.148,-0.022,-0.077,1.452,0.0
2990,68.921,715349.0,obs/smo/vf=off/lk=0,6.114,-0.12,-0.12,-0.049,0.076,1.37,0.0
2991,68.941,715369.0,obs/smo/vf=off/lk=0,6.113,-0.092,-0.092,-0.078,-0.077,1.432,0.0
2992,68.961,715389.0,obs/smo/vf=off/lk=0,6.114,-0.067,-0.067,-0.102,0.0,1.251,0.0
2993,68.981,715409.0,obs/smo/vf=off/lk=0,6.114,-0.042,-0.042,-0.127,0.077,1.121,0.0
2994,69.001,715429.0,obs/smo/vf=off/lk=0,6.113,-0.916,-0.916,0.746,-0.077,1.02,0.0
2995,69.021,715449.0,obs/smo/vf=off/lk=0,6.113,-0.892,-0.892,0.722,0.0,1.124,0.0
2996,69.041,715469.0,obs/smo/vf=off/lk=0,6.113,-0.87,-0.87,0.7,0.076,1.055,0.0
2997,69.061,715489.0,obs/smo/vf=off/lk=0,6.113,-0.851,-0.851,0.681,-0.077,0.902,0.0
2998,69.081,715509.0,obs/smo/vf=off/lk=0,6.113,-0.834,-0.834,0.664,0.0,0.814,0.0
2999,69.101,715529.0,obs/smo/vf=off/lk=0,6.113,-0.82,-0.82,0.649,0.0,0.708,0.0
3000,69.121,715549.0,obs/smo/vf=off/lk=0,6.114,-0.806,-0.806,0.637,0.076,0.611,0.0
3001,69.141,715569.0,obs/smo/vf=off/lk=0,6.114,-0.794,-0.794,0.625,0.0,0.561,0.0
3002,69.161,715589.0,obs/smo/vf=off/lk=0,6.113,-0.784,-0.784,0.614,-0.077,0.441,0.0
3003,69.181,715609.0,obs/smo/vf=off/lk=0,6.113,-0.776,-0.776,0.606,0.0,0.424,0.0
3004,69.201,715629.0,obs/smo/vf=off/lk=0,6.113,-0.77,-0.77,0.599,0.0,0.317,0.0
3005,69.221,715649.0,obs/smo/vf=off/lk=0,6.113,-0.765,-0.765,0.595,0.0,0.151,0.0
3006,69.241,715669.0,obs/smo/vf=off/lk=0,6.113,-0.762,-0.762,0.592,0.0,0.082,0.0
3007,69.261,715689.0,obs/smo/vf=off/lk=0,6.113,-0.761,-0.761,0.59,0.0,0.042,0.0
3008,69.281,715709.0,obs/smo/vf=off/lk=0,6.114,-0.762,-0.762,0.593,0.076,-0.04,0.0
3009,69.301,715729.0,obs/smo/vf=off/lk=0,6.113,-0.764,-0.764,0.594,-0.077,-0.224,0.0
3010,69.321,715749.0,obs/smo/vf=off/lk=0,6.114,-0.767,-0.767,0.598,0.076,-0.215,0.0
3011,69.341,715769.0,obs/smo/vf=off/lk=0,6.113,-0.772,-0.772,0.602,-0.077,-0.34,0.0
3012,69.361,715789.0,obs/smo/vf=off/lk=0,6.113,-0.78,-0.78,0.61,0.0,-0.393,0.0
3013,69.381,715809.0,obs/smo/vf=off/lk=0,6.113,-0.788,-0.788,0.618,0.0,-0.524,0.0
3014,69.401,715829.0,obs/smo/vf=off/lk=0,6.114,-0.8,-0.8,0.631,0.076,-0.522,0.0
3015,69.421,715849.0,obs/smo/vf=off/lk=0,6.113,-0.812,-0.812,0.642,-0.077,-0.706,0.0
3016,69.441,715869.0,obs/smo/vf=off/lk=0,6.113,-0.826,-0.826,0.656,0.0,-0.706,0.0
3017,69.461,715889.0,obs/smo/vf=off/lk=0,6.113,-0.841,-0.841,0.671,0.076,-0.798,0.0
3018,69.481,715909.0,obs/smo/vf=off/lk=0,6.114,-0.857,-0.857,0.688,-0.077,-0.901,0.0
3019,69.501,715929.0,obs/smo/vf=off/lk=0,6.113,-0.874,-0.874,0.704,0.0,-0.884,0.0
3020,69.521,715949.0,obs/smo/vf=off/lk=0,6.114,-0.893,-0.893,0.725,0.077,-0.908,0.0
3021,69.541,715969.0,obs/smo/vf=off/lk=0,6.114,-0.912,-0.912,0.743,0.0,-0.974,0.0
3022,69.561,715989.0,obs/smo/vf=off/lk=0,6.113,-0.034,-0.034,-0.137,-0.076,-1.003,0.0
3023,69.581,716009.0,obs/smo/vf=off/lk=0,6.114,-0.053,-0.053,-0.116,0.077,-0.877,0.0
3024,69.601,716029.0,obs/smo/vf=off/lk=0,6.113,-0.073,-0.073,-0.098,-0.077,-1.02,0.0
3025,69.621,716049.0,obs/smo/vf=off/lk=0,6.113,-0.093,-0.093,-0.077,0.0,-0.948,0.0
3026,69.641,716069.0,obs/smo/vf=off/lk=0,6.114,-0.113,-0.113,-0.056,0.076,-0.944,0.0
3027,69.661,716089.0,obs/smo/vf=off/lk=0,6.113,-0.13,-0.13,-0.04,-0.077,-0.901,0.0
3028,69.681,716109.0,obs/smo/vf=off/lk=0,6.113,-0.148,-0.148,-0.022,0.0,-0.823,0.0
3029,69.701,716129.0,obs/smo/vf=off/lk=0,6.114,-0.164,-0.164,-0.005,0.077,-0.801,0.0
3030,69.721,716149.0,obs/smo/vf=off/lk=0,6.113,-0.178,-0.178,0.008,0.0,-0.77,0.0
3031,69.741,716169.0,obs/smo/vf=off/lk=0,6.113,-0.193,-0.193,0.022,-0.077,-0.646,0.0
3032,69.761,716189.0,obs/smo/vf=off/lk=0,6.114,-0.206,-0.206,0.037,0.077,-0.563,0.0
3033,69.781,716209.0,obs/smo/vf=off/lk=0,6.114,-0.217,-0.217,0.048,0.0,-0.545,0.0
3034,69.801,716229.0,obs/smo/vf=off/lk=0,6.114,-0.227,-0.227,0.058,-0.076,-0.409,0.0
3035,69.821,716249.0,obs/smo/vf=off/lk=0,6.114,-0.236,-0.236,0.067,0.077,-0.413,0.0
3036,69.841,716269.0,obs/smo/vf=off/lk=0,6.113,-0.243,-0.243,0.073,-0.077,-0.318,0.0
3037,69.861,716289.0,obs/smo/vf=off/lk=0,6.114,-0.25,-0.25,0.081,0.077,-0.236,0.0
3038,69.881,716309.0,obs/smo/vf=off/lk=0,6.114,-0.253,-0.253,0.085,0.0,-0.153,0.0
3039,69.901,716329.0,obs/smo/vf=off/lk=0,6.113,-0.256,-0.256,0.086,0.0,-0.105,0.0
3040,69.921,716349.0,obs/smo/vf=off/lk=0,6.114,-0.257,-0.257,0.089,0.0,-0.024,0.0
3041,69.941,716369.0,obs/smo/vf=off/lk=0,6.114,-0.259,-0.259,0.091,0.0,-0.027,0.0
3042,69.961,716389.0,obs/smo/vf=off/lk=0,6.113,-0.259,-0.259,0.089,-0.077,0.065,0.0
3043,69.981,716409.0,obs/smo/vf=off/lk=0,6.113,-0.257,-0.257,0.087,0.0,0.188,0.0
3044,70.001,716429.0,obs/smo/vf=off/lk=0,6.113,-0.252,-0.252,0.082,0.0,0.192,0.0
3045,70.021,716449.0,obs/smo/vf=off/lk=0,6.114,-0.248,-0.248,0.079,0.076,0.321,0.0
3046,70.041,716469.0,obs/smo/vf=off/lk=0,6.113,-0.242,-0.242,0.072,-0.077,0.353,0.0
3047,70.061,716489.0,obs/smo/vf=off/lk=0,6.113,-0.235,-0.235,0.065,0.0,0.457,0.0
3048,70.081,716509.0,obs/smo/vf=off/lk=0,6.114,-0.226,-0.226,0.057,0.076,0.47,0.0
3049,70.101,716529.0,obs/smo/vf=off/lk=0,6.113,-0.216,-0.216,0.045,-0.077,0.56,0.0
3050,70.121,716549.0,obs/smo/vf=off/lk=0,6.113,-0.205,-0.205,0.034,0.0,0.601,0.0
3051,70.141,716569.0,obs/smo/vf=off/lk=0,6.114,-0.193,-0.193,0.024,0.0,0.637,0.0
3052,70.161,716589.0,obs/smo/vf=off/lk=0,6.113,-0.181,-0.181,0.011,0.0,0.659,0.0
3053,70.181,716609.0,obs/smo/vf=off/lk=0,6.113,-0.168,-0.168,-0.002,0.0,0.64,0.0
3054,70.201,716629.0,obs/smo/vf=off/lk=0,6.114,-0.156,-0.156,-0.013,0.0,0.748,0.0
3055,70.221,716649.0,obs/smo/vf=off/lk=0,6.114,-0.142,-0.142,-0.027,0.077,0.746,0.0
3056,70.241,716669.0,obs/smo/vf=off/lk=0,6.114,-0.128,-0.128,-0.041,0.0,0.75,0.0
3057,70.261,716689.0,obs/smo/vf=off/lk=0,6.114,-0.113,-0.113,-0.055,0.0,0.675,0.0
3058,70.281,716709.0,obs/smo/vf=off/lk=0,6.113,-0.098,-0.098,-0.072,-0.076,0.59,0.0
3059,70.301,716729.0,obs/smo/vf=off/lk=0,6.113,-0.085,-0.085,-0.085,0.0,0.739,0.0
3060,70.321,716749.0,obs/smo/vf=off/lk=0,6.113,-0.072,-0.072,-0.098,0.0,0.594,0.0
3061,70.341,716769.0,obs/smo/vf=off/lk=0,6.114,-0.06,-0.06,-0.109,0.077,0.568,0.0
3062,70.361,716789.0,obs/smo/vf=off/lk=0,6.114,-0.049,-0.049,-0.119,0.0,0.624,0.0
3063,70.381,716809.0,obs/smo/vf=off/lk=0,6.113,-0.041,-0.041,-0.13,-0.077,0.318,0.0
3064,70.401,716829.0,obs/smo/vf=off/lk=0,6.114,-0.032,-0.032,-0.137,0.0,0.325,0.0
3065,70.421,716849.0,obs/smo/vf=off/lk=0,6.114,-0.922,-0.922,0.753,0.078,0.301,0.0
3066,70.441,716869.0,obs/smo/vf=off/lk=0,6.113,-0.916,-0.916,0.745,-0.076,0.239,0.0
3067,70.461,716889.0,obs/smo/vf=off/lk=0,6.113,-0.91,-0.91,0.74,0.0,0.336,0.0
3068,70.481,716909.0,obs/smo/vf=off/lk=0,6.113,-0.905,-0.905,0.735,0.0,0.163,0.0
3069,70.501,716929.0,obs/smo/vf=off/lk=0,6.114,-0.902,-0.902,0.734,0.077,0.122,0.0
3070,70.521,716949.0,obs/smo/vf=off/lk=0,6.114,-0.901,-0.901,0.732,0.0,0.028,0.0
3071,70.541,716969.0,obs/smo/vf=off/lk=0,6.113,-0.9,-0.9,0.73,-0.076,-0.045,0.0
3072,70.561,716989.0,obs/smo/vf=off/lk=0,6.113,-0.901,-0.901,0.731,0.0,-0.021,0.0
3073,70.581,717009.0,obs/smo/vf=off/lk=0,6.113,-0.902,-0.902,0.731,0.0,-0.155,0.0
3074,70.601,717029.0,obs/smo/vf=off/lk=0,6.114,-0.904,-0.904,0.736,0.076,-0.202,0.0
3075,70.621,717049.0,obs/smo/vf=off/lk=0,6.114,-0.908,-0.908,0.739,-0.077,-0.242,0.0
3076,70.641,717069.0,obs/smo/vf=off/lk=0,6.113,-0.913,-0.913,0.743,0.076,-0.326,0.0
3077,70.661,717089.0,obs/smo/vf=off/lk=0,6.113,-0.918,-0.918,0.747,0.0,-0.348,0.0
3078,70.681,717109.0,obs/smo/vf=off/lk=0,6.113,-0.925,-0.925,0.754,-0.076,-0.357,0.0
3079,70.701,717129.0,obs/smo/vf=off/lk=0,6.113,-0.034,-0.034,-0.136,0.0,-0.35,0.0
3080,70.721,717149.0,obs/smo/vf=off/lk=0,6.113,-0.042,-0.042,-0.128,0.0,-0.423,0.0
3081,70.741,717169.0,obs/smo/vf=off/lk=0,6.114,-0.05,-0.05,-0.119,0.077,-0.379,0.0
3082,70.761,717189.0,obs/smo/vf=off/lk=0,6.113,-0.059,-0.059,-0.111,-0.076,-0.514,0.0
3083,70.781,717209.0,obs/smo/vf=off/lk=0,6.113,-0.067,-0.067,-0.103,0.0,-0.359,0.0
3084,70.801,717229.0,obs/smo/vf=off/lk=0,6.114,-0.076,-0.076,-0.093,0.077,-0.45,0.0
3085,70.821,717249.0,obs/smo/vf=off/lk=0,6.113,-0.085,-0.085,-0.086,-0.077,-0.472,0.0
3086,70.841,717269.0,obs/smo/vf=off/lk=0,6.113,-0.092,-0.092,-0.078,0.0,-0.393,0.0
3087,70.861,717289.0,obs/smo/vf=off/lk=0,6.113,-0.1,-0.1,-0.07,0.0,-0.405,0.0
3088,70.881,717309.0,obs/smo/vf=off/lk=0,6.113,-0.109,-0.109,-0.061,0.0,-0.402,0.0
3089,70.901,717329.0,obs/smo/vf=off/lk=0,6.113,-0.116,-0.116,-0.054,0.0,-0.381,0.0
3090,70.921,717349.0,obs/smo/vf=off/lk=0,6.113,-0.124,-0.124,-0.047,0.0,-0.46,0.0
3091,70.941,717369.0,obs/smo/vf=off/lk=0,6.113,-0.13,-0.13,-0.04,0.0,-0.214,0.0
3092,70.961,717389.0,obs/smo/vf=off/lk=0,6.114,-0.138,-0.138,-0.031,0.077,-0.416,0.0
3093,70.981,717409.0,obs/smo/vf=off/lk=0,6.113,-0.143,-0.143,-0.028,-0.077,-0.215,0.0
3094,71.001,717429.0,obs/smo/vf=off/lk=0,6.113,-0.147,-0.147,-0.023,0.0,-0.182,0.0
3095,71.021,717449.0,obs/smo/vf=off/lk=0,6.113,-0.151,-0.151,-0.019,0.0,-0.185,0.0
3096,71.041,717469.0,obs/smo/vf=off/lk=0,6.113,-0.154,-0.154,-0.017,0.0,-0.222,0.0
3097,71.061,717489.0,obs/smo/vf=off/lk=0,6.113,-0.156,-0.156,-0.014,0.0,-0.224,0.0
3098,71.081,717509.0,obs/smo/vf=off/lk=0,6.114,-0.159,-0.159,-0.01,0.077,-0.186,0.0
3099,71.101,717529.0,obs/smo/vf=off/lk=0,6.114,-0.16,-0.16,-0.009,0.0,-0.055,0.0
3100,71.121,717549.0,obs/smo/vf=off/lk=0,6.113,-0.16,-0.16,-0.011,-0.077,0.01,0.0
3101,71.141,717569.0,obs/smo/vf=off/lk=0,6.113,-0.158,-0.158,-0.012,0.0,0.068,0.0
3102,71.161,717589.0,obs/smo/vf=off/lk=0,6.113,-0.156,-0.156,-0.014,0.0,0.074,0.0
3103,71.181,717609.0,obs/smo/vf=off/lk=0,6.113,-0.152,-0.152,-0.018,0.0,0.12,0.0
3104,71.201,717629.0,obs/smo/vf=off/lk=0,6.113,-0.148,-0.148,-0.022,0.0,0.157,0.0
3105,71.221,717649.0,obs/smo/vf=off/lk=0,6.113,-0.145,-0.145,-0.025,0.0,0.231,0.0
3106,71.241,717669.0,obs/smo/vf=off/lk=0,6.113,-0.14,-0.14,-0.03,0.0,0.211,0.0
3107,71.261,717689.0,obs/smo/vf=off/lk=0,6.113,-0.136,-0.136,-0.035,0.0,0.252,0.0
3108,71.281,717709.0,obs/smo/vf=off/lk=0,6.113,-0.132,-0.132,-0.038,0.0,0.19,0.0
3109,71.301,717729.0,obs/smo/vf=off/lk=0,6.113,-0.129,-0.129,-0.041,0.0,0.16,0.0
3110,71.321,717749.0,obs/smo/vf=off/lk=0,6.113,-0.125,-0.125,-0.046,0.0,0.147,0.0
3111,71.341,717769.0,obs/smo/vf=off/lk=0,6.113,-0.12,-0.12,-0.05,0.0,0.22,0.0
3112,71.361,717789.0,obs/smo/vf=off/lk=0,6.113,-0.115,-0.115,-0.056,0.0,0.302,0.0
3113,71.381,717809.0,obs/smo/vf=off/lk=0,6.113,-0.109,-0.109,-0.061,0.0,0.198,0.0
3114,71.401,717829.0,obs/smo/vf=off/lk=0,6.113,-0.104,-0.104,-0.066,0.0,0.313,0.0
3115,71.421,717849.0,obs/smo/vf=off/lk=0,6.113,-0.1,-0.1,-0.07,0.0,0.272,0.0
3116,71.441,717869.0,obs/smo/vf=off/lk=0,6.113,-0.096,-0.096,-0.074,0.0,0.218,0.0
3117,71.461,717889.0,obs/smo/vf=off/lk=0,6.113,-0.091,-0.091,-0.079,0.0,0.2,0.0
3118,71.481,717909.0,obs/smo/vf=off/lk=0,6.113,-0.087,-0.087,-0.084,0.0,0.233,0.0
3119,71.501,717929.0,obs/smo/vf=off/lk=0,6.114,-0.083,-0.083,-0.086,0.0,0.197,0.0
3120,71.521,717949.0,obs/smo/vf=off/lk=0,6.113,-0.078,-0.078,-0.092,0.0,0.178,0.0
3121,71.541,717969.0,obs/smo/vf=off/lk=0,6.113,-0.077,-0.077,-0.093,0.0,0.111,0.0
3122,71.561,717989.0,obs/smo/vf=off/lk=0,6.114,-0.074,-0.074,-0.094,0.077,0.066,0.0
3123,71.581,718009.0,obs/smo/vf=off/lk=0,6.114,-0.072,-0.072,-0.097,0.0,0.153,0.0
3124,71.601,718029.0,obs/smo/vf=off/lk=0,6.113,-0.07,-0.07,-0.1,-0.077,0.017,0.0
3125,71.621,718049.0,obs/smo/vf=off/lk=0,6.113,-0.069,-0.069,-0.101,0.0,-0.049,0.0
3126,71.641,718069.0,obs/smo/vf=off/lk=0,6.113,-0.067,-0.067,-0.103,0.0,-0.005,0.0
3127,71.661,718089.0,obs/smo/vf=off/lk=0,6.113,-0.067,-0.067,-0.103,0.077,0.055,0.0
3128,71.681,718109.0,obs/smo/vf=off/lk=0,6.114,-0.064,-0.064,-0.105,0.0,0.126,0.0
3129,71.701,718129.0,obs/smo/vf=off/lk=0,6.113,-0.064,-0.064,-0.106,-0.077,0.042,0.0
3130,71.721,718149.0,obs/smo/vf=off/lk=0,6.114,-0.063,-0.063,-0.105,0.0,-0.031,0.0
3131,71.741,718169.0,obs/smo/vf=off/lk=0,6.114,-0.064,-0.064,-0.105,0.076,-0.173,0.0
3132,71.761,718189.0,obs/smo/vf=off/lk=0,6.113,-0.064,-0.064,-0.107,-0.077,-0.096,0.0
3133,71.781,718209.0,obs/smo/vf=off/lk=0,6.113,-0.064,-0.064,-0.106,0.0,-0.131,0.0
3134,71.801,718229.0,obs/smo/vf=off/lk=0,6.113,-0.066,-0.066,-0.104,0.0,-0.17,0.0
3135,71.821,718249.0,obs/smo/vf=off/lk=0,6.113,-0.067,-0.067,-0.104,0.0,0.002,0.0
3136,71.841,718269.0,obs/smo/vf=off/lk=0,6.113,-0.069,-0.069,-0.102,0.0,-0.12,0.0
3137,71.861,718289.0,obs/smo/vf=off/lk=0,6.114,-0.072,-0.072,-0.097,0.077,-0.133,0.0
3138,71.881,718309.0,obs/smo/vf=off/lk=0,6.113,-0.073,-0.073,-0.097,-0.077,-0.158,0.0
3139,71.901,718329.0,obs/smo/vf=off/lk=0,6.114,-0.076,-0.076,-0.093,0.077,-0.176,0.0
3140,71.921,718349.0,obs/smo/vf=off/lk=0,6.114,-0.078,-0.078,-0.091,0.0,-0.181,0.0
3141,71.941,718369.0,obs/smo/vf=off/lk=0,6.113,-0.08,-0.08,-0.091,-0.076,-0.147,0.0
3142,71.961,718389.0,obs/smo/vf=off/lk=0,6.113,-0.084,-0.084,-0.087,0.0,-0.189,0.0
3143,71.981,718409.0,obs/smo/vf=off/lk=0,6.113,-0.087,-0.087,-0.083,0.0,-0.204,0.0
3144,72.001,718429.0,obs/smo/vf=off/lk=0,6.114,-0.09,-0.09,-0.079,0.076,-0.152,0.0
3145,72.021,718449.0,obs/smo/vf=off/lk=0,6.113,-0.094,-0.094,-0.076,-0.076,-0.166,0.0
3146,72.041,718469.0,obs/smo/vf=off/lk=0,6.113,-0.097,-0.097,-0.073,0.0,-0.182,0.0
3147,72.061,718489.0,obs/smo/vf=off/lk=0,6.113,-0.101,-0.101,-0.07,0.0,-0.112,0.0
3148,72.081,718509.0,obs/smo/vf=off/lk=0,6.114,-0.102,-0.102,-0.066,0.077,-0.135,0.0
3149,72.101,718529.0,obs/smo/vf=off/lk=0,6.113,-0.105,-0.105,-0.065,-0.077,-0.124,0.0
3150,72.121,718549.0,obs/smo/vf=off/lk=0,6.113,-0.108,-0.108,-0.062,0.0,-0.107,0.0
3151,72.141,718569.0,obs/smo/vf=off/lk=0,6.113,-0.111,-0.111,-0.059,0.0,-0.139,0.0
3152,72.161,718589.0,obs/smo/vf=off/lk=0,6.113,-0.113,-0.113,-0.057,0.0,-0.034,0.0
3153,72.181,718609.0,obs/smo/vf=off/lk=0,6.113,-0.116,-0.116,-0.055,0.0,-0.04,0.0
3154,72.201,718629.0,obs/smo/vf=off/lk=0,6.114,-0.119,-0.119,-0.05,0.0,-0.094,0.0
3155,72.221,718649.0,obs/smo/vf=off/lk=0,6.113,-0.123,-0.123,-0.047,0.0,-0.087,0.0
3156,72.241,718669.0,obs/smo/vf=off/lk=0,6.114,-0.124,-0.124,-0.045,0.077,-0.115,0.0
3157,72.261,718689.0,obs/smo/vf=off/lk=0,6.114,-0.126,-0.126,-0.043,-0.077,-0.0,0.0
3158,72.281,718709.0,obs/smo/vf=off/lk=0,6.114,-0.127,-0.127,-0.042,0.077,0.033,0.0
3159,72.301,718729.0,obs/smo/vf=off/lk=0,6.113,-0.127,-0.127,-0.044,-0.076,-0.027,0.0
3160,72.321,718749.0,obs/smo/vf=off/lk=0,6.113,-0.128,-0.128,-0.043,0.0,-0.033,0.0
3161,72.341,718769.0,obs/smo/vf=off/lk=0,6.113,-0.128,-0.128,-0.042,0.0,-0.077,0.0
3162,72.361,718789.0,obs/smo/vf=off/lk=0,6.113,-0.127,-0.127,-0.044,0.0,-0.06,0.0
3163,72.381,718809.0,obs/smo/vf=off/lk=0,6.113,-0.126,-0.126,-0.044,0.0,0.098,0.0
3164,72.401,718829.0,obs/smo/vf=off/lk=0,6.114,-0.125,-0.125,-0.043,0.077,-0.036,0.0
3165,72.421,718849.0,obs/smo/vf=off/lk=0,6.113,-0.124,-0.124,-0.046,-0.077,0.188,0.0
3166,72.441,718869.0,obs/smo/vf=off/lk=0,6.113,-0.123,-0.123,-0.047,0.0,0.111,0.0
3167,72.461,718889.0,obs/smo/vf=off/lk=0,6.113,-0.12,-0.12,-0.05,0.0,0.17,0.0
3168,72.481,718909.0,obs/smo/vf=off/lk=0,6.114,-0.117,-0.117,-0.052,0.078,0.069,0.0
3169,72.501,718929.0,obs/smo/vf=off/lk=0,6.113,-0.113,-0.113,-0.057,-0.077,0.091,0.0
3170,72.521,718949.0,obs/smo/vf=off/lk=0,6.113,-0.112,-0.112,-0.059,0.0,0.102,0.0
3171,72.541,718969.0,obs/smo/vf=off/lk=0,6.113,-0.108,-0.108,-0.062,0.0,0.11,0.0
3172,72.561,718989.0,obs/smo/vf=off/lk=0,6.113,-0.107,-0.107,-0.063,0.0,0.133,0.0
3173,72.581,719009.0,obs/smo/vf=off/lk=0,6.113,-0.106,-0.106,-0.064,0.0,0.106,0.0
3174,72.601,719029.0,obs/smo/vf=off/lk=0,6.113,-0.104,-0.104,-0.066,0.0,-0.055,0.0
3175,72.621,719049.0,obs/smo/vf=off/lk=0,6.113,-0.104,-0.104,-0.066,0.0,0.091,0.0
3176,72.641,719069.0,obs/smo/vf=off/lk=0,6.114,-0.102,-0.102,-0.066,0.0,0.1,0.0
3177,72.661,719089.0,obs/smo/vf=off/lk=0,6.114,-0.102,-0.102,-0.067,0.0,0.101,0.0
3178,72.681,719109.0,obs/smo/vf=off/lk=0,6.114,-0.102,-0.102,-0.067,0.077,0.041,0.0
3179,72.701,719129.0,obs/smo/vf=off/lk=0,6.113,-0.1,-0.1,-0.07,-0.077,0.091,0.0
3180,72.721,719149.0,obs/smo/vf=off/lk=0,6.114,-0.099,-0.099,-0.07,0.076,0.011,0.0
3181,72.741,719169.0,obs/smo/vf=off/lk=0,6.113,-0.098,-0.098,-0.072,-0.077,0.025,0.0
3182,72.761,719189.0,obs/smo/vf=off/lk=0,6.113,-0.099,-0.099,-0.071,0.0,0.083,0.0
3183,72.781,719209.0,obs/smo/vf=off/lk=0,6.114,-0.098,-0.098,-0.071,0.0,-0.052,0.0
