sample,t_s,ms,meta,the,thc,tho,dth,we,wo,iq
0,0.0,4628.0,enc/off/vf=off/lk=0,4.337,4.337,0.0,0.0,0.0,0.0,0.0
1,0.05,4678.0,enc/off/vf=off/lk=0,4.335,4.335,0.0,0.0,0.0,0.0,0.0
2,0.1,4728.0,enc/off/vf=off/lk=0,4.335,4.335,0.0,0.0,0.0,0.0,0.0
3,0.0,4628.0,enc/off/vf=off/lk=0,4.337,4.337,4.337,0.0,0.0,0.0,0.0
4,0.05,4678.0,enc/off/vf=off/lk=0,4.337,4.337,4.337,0.0,0.0,0.0,0.0
5,0.1,4728.0,enc/off/vf=off/lk=0,4.335,4.335,4.335,0.0,-3.271,0.0,0.0
6,0.15,4778.0,enc/off/vf=off/lk=0,4.337,4.337,4.337,0.0,0.0,0.0,0.0
7,0.2,4828.0,enc/off/vf=off/lk=0,4.337,4.337,4.337,0.0,3.257,0.0,0.0
8,0.25,4878.0,enc/off/vf=off/lk=0,4.335,4.335,4.335,0.0,-3.223,0.0,0.0
9,0.3,4928.0,enc/off/vf=off/lk=0,4.335,4.335,4.335,0.0,-3.223,0.0,0.0
10,0.35,4978.0,enc/off/vf=off/lk=0,4.337,4.337,4.337,0.0,0.0,0.0,0.0
11,0.4,5028.0,enc/off/vf=off/lk=0,4.337,4.337,4.337,0.0,0.0,0.0,0.0
12,0.45,5078.0,enc/off/vf=off/lk=0,4.337,4.337,4.337,0.0,0.0,0.0,0.0
13,0.5,5128.0,enc/off/vf=off/lk=0,4.337,4.337,4.337,0.0,0.0,0.0,0.0
14,0.55,5178.0,enc/off/vf=off/lk=0,4.337,4.337,4.337,0.0,3.299,0.0,0.0
15,0.6,5228.0,enc/off/vf=off/lk=0,4.337,4.337,4.337,0.0,0.0,0.0,0.0
16,0.65,5278.0,enc/off/vf=off/lk=0,4.337,4.337,4.337,0.0,0.0,0.0,0.0
17,0.7,5328.0,enc/off/vf=off/lk=0,4.337,4.337,4.337,0.0,-3.278,0.0,0.0
18,0.75,5378.0,enc/off/vf=off/lk=0,4.337,4.337,4.337,0.0,-3.216,0.0,0.0
19,0.8,5428.0,enc/off/vf=off/lk=0,4.337,4.337,4.337,0.0,0.0,0.0,0.0
20,0.85,5478.0,enc/off/vf=off/lk=0,4.337,4.337,4.337,0.0,0.0,0.0,0.0
21,0.9,5528.0,enc/off/vf=off/lk=0,4.337,4.337,4.337,0.0,0.0,0.0,0.0
22,0.95,5578.0,enc/off/vf=off/lk=0,4.337,4.337,4.337,0.0,-3.243,0.0,0.0
23,1.0,5628.0,enc/off/vf=off/lk=0,4.337,4.337,4.337,0.0,0.0,0.0,0.0
24,1.05,5678.0,enc/off/vf=off/lk=0,4.337,4.337,4.337,0.0,3.229,0.0,0.0
25,1.1,5728.0,enc/off/vf=off/lk=0,4.337,4.337,4.337,0.0,0.0,0.0,0.0
26,1.15,5778.0,enc/off/vf=off/lk=0,4.335,4.335,4.335,0.0,-3.229,0.0,0.0
27,1.2,5828.0,enc/off/vf=off/lk=0,4.335,4.335,4.335,0.0,0.0,0.0,0.0
28,1.25,5878.0,enc/off/vf=off/lk=0,4.337,4.337,4.337,0.0,0.0,0.0,0.0
29,1.3,5928.0,enc/off/vf=off/lk=0,4.337,4.337,4.337,0.0,0.0,0.0,0.0
30,1.35,5978.0,enc/off/vf=off/lk=0,4.337,4.337,4.337,0.0,0.0,0.0,0.0
31,1.4,6028.0,enc/off/vf=off/lk=0,4.337,4.337,4.337,0.0,-3.236,0.0,0.0
32,1.45,6078.0,enc/off/vf=off/lk=0,4.335,4.335,4.335,0.0,0.0,0.0,0.0
33,1.5,6128.0,enc/off/vf=off/lk=0,4.335,4.335,4.335,0.0,0.0,0.0,0.0
34,1.55,6178.0,enc/off/vf=off/lk=0,4.335,4.335,4.335,0.0,-3.292,0.0,0.0
35,1.6,6228.0,enc/off/vf=off/lk=0,4.337,4.337,4.337,0.0,0.0,0.0,0.0
36,1.65,6278.0,enc/off/vf=off/lk=0,4.337,4.337,4.337,0.0,0.0,0.0,0.0
37,1.7,6328.0,enc/off/vf=off/lk=0,4.337,4.337,4.337,0.0,0.0,0.0,0.0
38,1.75,6378.0,enc/off/vf=off/lk=0,4.337,4.337,4.337,0.0,0.0,0.0,0.0
39,1.8,6428.0,enc/off/vf=off/lk=0,4.335,4.335,4.335,0.0,0.0,0.0,0.0
40,1.85,6478.0,enc/off/vf=off/lk=0,4.337,4.337,4.337,0.0,0.0,0.0,0.0
41,1.9,6528.0,enc/off/vf=off/lk=0,4.337,4.337,4.337,0.0,0.0,0.0,0.0
42,1.95,6578.0,enc/off/vf=off/lk=0,4.335,4.335,4.335,0.0,0.0,0.0,0.0
43,2.0,6628.0,enc/off/vf=off/lk=0,4.337,4.337,4.337,0.0,0.0,0.0,0.0
44,2.05,6678.0,enc/off/vf=off/lk=0,4.335,4.335,4.335,0.0,0.0,0.0,0.0
45,2.1,6728.0,enc/off/vf=off/lk=0,4.337,4.337,4.337,0.0,3.292,0.0,0.0
46,2.15,6778.0,enc/off/vf=off/lk=0,4.337,4.337,4.337,0.0,0.0,0.0,0.0
47,2.2,6828.0,enc/off/vf=off/lk=0,4.337,4.337,4.337,0.0,0.0,0.0,0.0
48,2.25,6878.0,enc/off/vf=off/lk=0,4.335,4.335,4.335,0.0,0.0,0.0,0.0
49,2.3,6928.0,enc/off/vf=off/lk=0,4.337,4.337,4.337,0.0,0.0,0.0,0.0
50,2.35,6978.0,enc/off/vf=off/lk=0,4.335,4.335,4.335,0.0,3.229,0.0,0.0
51,2.4,7028.0,enc/off/vf=off/lk=0,4.337,4.337,4.337,0.0,0.0,0.0,0.0
52,2.45,7078.0,enc/off/vf=off/lk=0,4.337,4.337,4.337,0.0,0.0,0.0,0.0
53,2.5,7128.0,enc/off/vf=off/lk=0,4.337,4.337,4.337,0.0,0.0,0.0,0.0
54,2.55,7178.0,enc/off/vf=off/lk=0,4.337,4.337,4.337,0.0,0.0,0.0,0.0
55,2.6,7228.0,enc/off/vf=off/lk=0,4.337,4.337,4.337,0.0,0.0,0.0,0.0
56,2.65,7278.0,enc/off/vf=off/lk=0,4.337,4.337,4.337,0.0,0.0,0.0,0.0
57,2.7,7328.0,enc/off/vf=off/lk=0,4.337,4.337,4.337,0.0,-3.278,0.0,0.0
58,2.75,7378.0,enc/off/vf=off/lk=0,4.337,4.337,4.337,0.0,0.0,0.0,0.0
59,2.8,7428.0,enc/off/vf=off/lk=0,4.335,4.335,4.335,0.0,0.0,0.0,0.0
60,2.85,7478.0,enc/off/vf=off/lk=0,4.337,4.337,4.337,0.0,0.0,0.0,0.0
61,2.9,7528.0,enc/off/vf=off/lk=0,4.337,4.337,4.337,0.0,0.0,0.0,0.0
62,2.95,7578.0,enc/off/vf=off/lk=0,4.337,4.337,4.337,0.0,0.0,0.0,0.0
63,3.0,7628.0,enc/off/vf=off/lk=0,4.337,4.337,4.337,0.0,0.0,0.0,0.0
64,3.05,7678.0,enc/off/vf=off/lk=0,4.335,4.335,4.335,0.0,3.278,0.0,0.0
65,3.1,7728.0,enc/off/vf=off/lk=0,4.337,4.337,4.337,0.0,0.0,0.0,0.0
66,3.15,7778.0,enc/off/vf=off/lk=0,4.337,4.337,4.337,0.0,0.0,0.0,0.0
67,3.2,7828.0,enc/off/vf=off/lk=0,4.337,4.337,4.337,0.0,0.0,0.0,0.0
68,3.25,7878.0,enc/off/vf=off/lk=0,4.337,4.337,4.337,0.0,0.0,0.0,0.0
69,3.3,7928.0,enc/off/vf=off/lk=0,4.337,4.337,4.337,0.0,0.0,0.0,0.0
70,3.35,7978.0,enc/off/vf=off/lk=0,4.335,4.335,4.335,0.0,0.0,0.0,0.0
71,3.4,8028.0,enc/off/vf=off/lk=0,4.335,4.335,4.335,0.0,0.0,0.0,0.0
72,3.45,8078.0,enc/off/vf=off/lk=0,4.337,4.337,4.337,0.0,0.0,0.0,0.0
73,3.5,8128.0,enc/off/vf=off/lk=0,4.337,4.337,4.337,0.0,0.0,0.0,0.0
74,3.55,8178.0,enc/off/vf=off/lk=0,4.335,4.335,4.335,0.0,0.0,0.0,0.0
75,3.6,8228.0,enc/off/vf=off/lk=0,4.335,4.335,4.335,0.0,3.216,0.0,0.0
76,3.65,8278.0,enc/off/vf=off/lk=0,4.337,4.337,4.337,0.0,0.0,0.0,0.0
77,3.7,8328.0,enc/off/vf=off/lk=0,4.335,4.335,4.335,0.0,0.0,0.0,0.0
78,3.75,8378.0,enc/off/vf=off/lk=0,4.337,4.337,4.337,0.0,0.0,0.0,0.0
79,3.8,8428.0,enc/off/vf=off/lk=0,4.337,4.337,4.337,0.0,0.0,0.0,0.0
80,3.85,8478.0,enc/off/vf=off/lk=0,4.335,4.335,4.335,0.0,0.0,0.0,0.0
81,3.9,8528.0,enc/off/vf=off/lk=0,4.335,4.335,4.335,0.0,3.271,0.0,0.0
82,3.95,8578.0,enc/off/vf=off/lk=0,4.337,4.337,4.337,0.0,0.0,0.0,0.0
83,4.0,8628.0,enc/off/vf=off/lk=0,4.337,4.337,4.337,0.0,0.0,0.0,0.0
84,4.05,8678.0,enc/off/vf=off/lk=0,4.337,4.337,4.337,0.0,0.0,0.0,0.0
85,4.1,8728.0,enc/off/vf=off/lk=0,4.337,4.337,4.337,0.0,0.0,0.0,0.0
86,4.15,8778.0,enc/off/vf=off/lk=0,4.335,4.335,4.335,0.0,0.0,0.0,0.0
87,4.2,8828.0,enc/off/vf=off/lk=0,4.337,4.337,4.337,0.0,0.0,0.0,0.0
88,4.25,8878.0,enc/off/vf=off/lk=0,4.335,4.335,4.335,0.0,-3.216,0.0,0.0
89,4.3,8928.0,enc/off/vf=off/lk=0,4.337,4.337,4.337,0.0,0.0,0.0,0.0
90,4.35,8978.0,enc/off/vf=off/lk=0,4.337,4.337,4.337,0.0,0.0,0.0,0.0
91,4.4,9028.0,enc/off/vf=off/lk=0,4.335,4.335,4.335,0.0,0.0,0.0,0.0
92,4.45,9078.0,enc/off/vf=off/lk=0,4.337,4.337,4.337,0.0,0.0,0.0,0.0
93,4.5,9128.0,enc/off/vf=off/lk=0,4.337,4.337,4.337,0.0,0.0,0.0,0.0
94,4.55,9178.0,enc/off/vf=off/lk=0,4.337,4.337,4.337,0.0,0.0,0.0,0.0
95,4.6,9228.0,enc/off/vf=off/lk=0,4.335,4.335,4.335,0.0,0.0,0.0,0.0
96,4.65,9278.0,enc/off/vf=off/lk=0,4.335,4.335,4.335,0.0,0.0,0.0,0.0
97,4.7,9328.0,enc/off/vf=off/lk=0,4.337,4.337,4.337,0.0,0.0,0.0,0.0
98,4.75,9378.0,enc/off/vf=off/lk=0,4.337,4.337,4.337,0.0,0.0,0.0,0.0
99,4.8,9428.0,enc/off/vf=off/lk=0,4.337,4.337,4.337,0.0,0.0,0.0,0.0
100,4.85,9478.0,enc/off/vf=off/lk=0,4.337,4.337,4.337,0.0,0.0,0.0,0.0
101,4.9,9528.0,enc/off/vf=off/lk=0,4.335,4.335,4.335,0.0,0.0,0.0,0.0
102,4.95,9578.0,enc/off/vf=off/lk=0,4.335,4.335,4.335,0.0,-3.229,0.0,0.0
103,5.0,9628.0,enc/off/vf=off/lk=0,4.335,4.335,4.335,0.0,0.0,0.0,0.0
104,5.05,9678.0,enc/off/vf=off/lk=0,4.335,4.335,4.335,0.0,3.32,0.0,0.0
105,5.1,9728.0,enc/off/vf=off/lk=0,4.335,4.335,4.335,0.0,-3.292,0.0,0.0
106,5.15,9778.0,enc/off/vf=off/lk=0,4.337,4.337,4.337,0.0,0.0,0.0,0.0
107,5.2,9828.0,enc/off/vf=off/lk=0,4.337,4.337,4.337,0.0,0.0,0.0,0.0
108,5.25,9878.0,enc/off/vf=off/lk=0,4.335,4.335,4.335,0.0,0.0,0.0,0.0
109,5.3,9928.0,enc/off/vf=off/lk=0,4.337,4.337,4.337,0.0,-3.271,0.0,0.0
110,5.35,9978.0,enc/off/vf=off/lk=0,4.337,4.337,4.337,0.0,0.0,0.0,0.0
111,5.4,10028.0,enc/off/vf=off/lk=0,4.337,4.337,4.337,0.0,0.0,0.0,0.0
112,5.45,10078.0,enc/off/vf=off/lk=0,4.337,4.337,4.337,0.0,0.0,0.0,0.0
113,5.5,10128.0,enc/off/vf=off/lk=0,4.335,4.335,4.335,0.0,0.0,0.0,0.0
114,5.55,10178.0,enc/off/vf=off/lk=0,4.335,4.335,4.335,0.0,0.0,0.0,0.0
115,5.6,10228.0,enc/off/vf=off/lk=0,4.335,4.335,4.335,0.0,3.243,0.0,0.0
116,5.65,10278.0,enc/off/vf=off/lk=0,4.337,4.337,4.337,0.0,0.0,0.0,0.0
117,5.7,10328.0,enc/off/vf=off/lk=0,4.335,4.335,4.335,0.0,0.0,0.0,0.0
118,5.75,10378.0,enc/off/vf=off/lk=0,4.337,4.337,4.337,0.0,0.0,0.0,0.0
119,5.8,10428.0,enc/off/vf=off/lk=0,4.337,4.337,4.337,0.0,0.0,0.0,0.0
120,5.85,10478.0,enc/off/vf=off/lk=0,4.337,4.337,4.337,0.0,0.0,0.0,0.0
121,5.9,10528.0,enc/off/vf=off/lk=0,4.335,4.335,4.335,0.0,0.0,0.0,0.0
122,5.95,10578.0,enc/off/vf=off/lk=0,4.337,4.337,4.337,0.0,-3.292,0.0,0.0
123,6.0,10628.0,enc/off/vf=off/lk=0,4.337,4.337,4.337,0.0,0.0,0.0,0.0
124,6.05,10678.0,enc/off/vf=off/lk=0,4.337,4.337,4.337,0.0,0.0,0.0,0.0
125,6.1,10728.0,enc/off/vf=off/lk=0,4.337,4.337,4.337,0.0,0.0,0.0,0.0
126,6.15,10778.0,enc/off/vf=off/lk=0,4.335,4.335,4.335,0.0,0.0,0.0,0.0
127,6.2,10828.0,enc/off/vf=off/lk=0,4.335,4.335,4.335,0.0,-3.229,0.0,0.0
128,6.25,10878.0,enc/off/vf=off/lk=0,4.335,4.335,4.335,0.0,-3.236,0.0,0.0
129,6.3,10928.0,enc/off/vf=off/lk=0,4.335,4.335,4.335,0.0,0.0,0.0,0.0
130,6.35,10978.0,enc/off/vf=off/lk=0,4.337,4.337,4.337,0.0,0.0,0.0,0.0
131,6.4,11028.0,enc/off/vf=off/lk=0,4.337,4.337,4.337,0.0,3.292,0.0,0.0
132,6.45,11078.0,enc/off/vf=off/lk=0,4.337,4.337,4.337,0.0,0.0,0.0,0.0
133,6.5,11128.0,enc/off/vf=off/lk=0,4.337,4.337,4.337,0.0,0.0,0.0,0.0
134,6.55,11178.0,enc/off/vf=off/lk=0,4.337,4.337,4.337,0.0,0.0,0.0,0.0
135,6.6,11228.0,enc/off/vf=off/lk=0,4.335,4.335,4.335,0.0,-3.216,0.0,0.0
136,6.65,11278.0,enc/off/vf=off/lk=0,4.337,4.337,4.337,0.0,0.0,0.0,0.0
137,6.7,11328.0,enc/off/vf=off/lk=0,4.337,4.337,4.337,0.0,0.0,0.0,0.0
138,6.75,11378.0,enc/off/vf=off/lk=0,4.337,4.337,4.337,0.0,0.0,0.0,0.0
139,6.8,11428.0,enc/off/vf=off/lk=0,4.337,4.337,4.337,0.0,0.0,0.0,0.0
140,6.85,11478.0,enc/off/vf=off/lk=0,4.337,4.337,4.337,0.0,0.0,0.0,0.0
141,6.9,11528.0,enc/off/vf=off/lk=0,4.335,4.335,4.335,0.0,-3.328,0.0,0.0
142,6.95,11578.0,enc/off/vf=off/lk=0,4.335,4.335,4.335,0.0,0.0,0.0,0.0
143,7.0,11628.0,enc/off/vf=off/lk=0,4.335,4.335,4.335,0.0,0.0,0.0,0.0
144,7.05,11678.0,enc/off/vf=off/lk=0,4.337,4.337,4.337,0.0,0.0,0.0,0.0
145,7.1,11728.0,enc/off/vf=off/lk=0,4.335,4.335,4.335,0.0,-3.264,0.0,0.0
146,7.15,11778.0,enc/off/vf=off/lk=0,4.337,4.337,4.337,0.0,0.0,0.0,0.0
147,7.2,11828.0,enc/off/vf=off/lk=0,4.335,4.335,4.335,0.0,0.0,0.0,0.0
148,7.25,11878.0,enc/off/vf=off/lk=0,4.335,4.335,4.335,0.0,0.0,0.0,0.0
149,7.3,11928.0,enc/off/vf=off/lk=0,4.337,4.337,4.337,0.0,0.0,0.0,0.0
150,7.35,11978.0,enc/off/vf=off/lk=0,4.337,4.337,4.337,0.0,0.0,0.0,0.0
151,7.4,12028.0,enc/off/vf=off/lk=0,4.337,4.337,4.337,0.0,0.0,0.0,0.0
152,7.45,12078.0,enc/off/vf=off/lk=0,4.335,4.335,4.335,0.0,0.0,0.0,0.0
153,7.5,12128.0,enc/off/vf=off/lk=0,4.335,4.335,4.335,0.0,0.0,0.0,0.0
154,7.55,12178.0,enc/off/vf=off/lk=0,4.337,4.337,4.337,0.0,0.0,0.0,0.0
155,7.6,12228.0,enc/off/vf=off/lk=0,4.337,4.337,4.337,0.0,0.0,0.0,0.0
156,7.65,12278.0,enc/off/vf=off/lk=0,4.337,4.337,4.337,0.0,0.0,0.0,0.0
157,7.7,12328.0,enc/off/vf=off/lk=0,4.337,4.337,4.337,0.0,0.0,0.0,0.0
158,7.75,12378.0,enc/off/vf=off/lk=0,4.337,4.337,4.337,0.0,0.0,0.0,0.0
159,7.8,12428.0,enc/off/vf=off/lk=0,4.337,4.337,4.337,0.0,0.0,0.0,0.0
160,7.85,12478.0,enc/off/vf=off/lk=0,4.337,4.337,4.337,0.0,0.0,0.0,0.0
161,7.9,12528.0,enc/off/vf=off/lk=0,4.337,4.337,4.337,0.0,0.0,0.0,0.0
162,7.95,12578.0,enc/off/vf=off/lk=0,4.337,4.337,4.337,0.0,0.0,0.0,0.0
163,8.0,12628.0,enc/off/vf=off/lk=0,4.335,4.335,4.335,0.0,0.0,0.0,0.0
164,8.05,12678.0,enc/off/vf=off/lk=0,4.335,4.335,4.335,0.0,0.0,0.0,0.0
165,8.1,12728.0,enc/off/vf=off/lk=0,4.335,4.335,4.335,0.0,0.0,0.0,0.0
166,8.15,12778.0,enc/off/vf=off/lk=0,4.337,4.337,4.337,0.0,0.0,0.0,0.0
167,8.2,12828.0,enc/off/vf=off/lk=0,4.337,4.337,4.337,0.0,0.0,0.0,0.0
168,8.25,12878.0,enc/off/vf=off/lk=0,4.337,4.337,4.337,0.0,0.0,0.0,0.0
169,8.3,12928.0,enc/off/vf=off/lk=0,4.337,4.337,4.337,0.0,0.0,0.0,0.0
170,8.35,12978.0,enc/off/vf=off/lk=0,4.337,4.337,4.337,0.0,0.0,0.0,0.0
171,8.4,13028.0,enc/off/vf=off/lk=0,4.337,4.337,4.337,0.0,0.0,0.0,0.0
172,8.45,13078.0,enc/off/vf=off/lk=0,4.337,4.337,4.337,0.0,0.0,0.0,0.0
173,8.5,13128.0,enc/off/vf=off/lk=0,4.337,4.337,4.337,0.0,0.0,0.0,0.0
174,8.55,13178.0,enc/off/vf=off/lk=0,4.337,4.337,4.337,0.0,0.0,0.0,0.0
175,8.6,13228.0,enc/off/vf=off/lk=0,4.335,4.335,4.335,0.0,0.0,0.0,0.0
176,8.628,13256.0,enc/off/vf=off/lk=0,4.337,4.337,4.337,0.0,1.3,0.0,0.0
177,8.648,13276.0,enc/off/vf=off/lk=0,4.337,4.337,4.337,0.0,-3.202,0.0,0.0
178,8.668,13296.0,enc/off/vf=off/lk=0,4.335,4.335,4.335,0.0,0.0,0.0,0.0
179,8.688,13316.0,enc/off/vf=off/lk=0,4.337,4.337,4.337,0.0,0.0,0.0,0.0
180,8.708,13336.0,enc/off/vf=off/lk=0,4.337,4.337,4.337,0.0,0.0,0.0,0.0
181,8.728,13356.0,enc/off/vf=off/lk=0,4.335,4.335,4.335,0.0,0.0,0.0,0.0
182,8.748,13376.0,enc/off/vf=off/lk=0,4.337,4.337,4.337,0.0,0.0,0.0,0.0
183,8.768,13396.0,enc/off/vf=off/lk=0,4.337,4.337,4.337,0.0,0.0,0.0,0.0
184,8.788,13416.0,enc/off/vf=off/lk=0,4.337,4.337,4.337,0.0,0.0,0.0,0.0
185,8.808,13436.0,enc/off/vf=off/lk=0,4.337,4.337,4.337,0.0,0.0,0.0,0.0
186,8.828,13456.0,enc/off/vf=off/lk=0,4.335,4.335,4.335,0.0,0.0,0.0,0.0
187,8.848,13476.0,enc/off/vf=off/lk=0,4.337,4.337,4.337,0.0,0.0,0.0,0.0
188,8.868,13496.0,enc/off/vf=off/lk=0,4.335,4.335,4.335,0.0,3.264,0.0,0.0
189,8.888,13516.0,enc/off/vf=off/lk=0,4.337,4.337,4.337,0.0,-3.223,0.0,0.0
190,8.908,13536.0,enc/off/vf=off/lk=0,4.337,4.337,4.337,0.0,3.271,0.0,0.0
191,8.928,13556.0,enc/off/vf=off/lk=0,4.337,4.337,4.337,0.0,0.0,0.0,0.0
192,8.948,13576.0,enc/off/vf=off/lk=0,4.337,4.337,4.337,0.0,3.243,0.0,0.0
193,8.968,13596.0,enc/off/vf=off/lk=0,4.335,4.335,4.335,0.0,0.0,0.0,0.0
194,8.988,13616.0,enc/off/vf=off/lk=0,4.337,4.337,4.337,0.0,0.0,0.0,0.0
195,9.008,13636.0,enc/off/vf=off/lk=0,4.335,4.335,4.335,0.0,-3.216,0.0,0.0
196,9.028,13656.0,enc/off/vf=off/lk=0,4.337,4.337,4.337,0.0,0.0,0.0,0.0
197,9.048,13676.0,enc/off/vf=off/lk=0,4.337,4.337,4.337,0.0,0.0,0.0,0.0
198,9.068,13696.0,enc/off/vf=off/lk=0,4.335,4.335,4.335,0.0,-3.264,0.0,0.0
199,9.088,13716.0,enc/off/vf=off/lk=0,4.337,4.337,4.337,0.0,0.0,0.0,0.0
200,9.108,13736.0,enc/off/vf=off/lk=0,4.335,4.335,4.335,0.0,-3.216,0.0,0.0
201,9.128,13756.0,enc/off/vf=off/lk=0,4.337,4.337,4.337,0.0,0.0,0.0,0.0
202,9.148,13776.0,enc/off/vf=off/lk=0,4.337,4.337,4.337,0.0,0.0,0.0,0.0
203,9.168,13796.0,enc/off/vf=off/lk=0,4.335,4.335,4.335,0.0,0.0,0.0,0.0
204,9.188,13816.0,enc/off/vf=off/lk=0,4.337,4.337,4.337,0.0,0.0,0.0,0.0
205,9.208,13836.0,enc/off/vf=off/lk=0,4.337,4.337,4.337,0.0,0.0,0.0,0.0
206,9.228,13856.0,enc/off/vf=off/lk=0,4.335,4.335,4.335,0.0,3.264,0.0,0.0
207,9.248,13876.0,enc/off/vf=off/lk=0,4.337,4.337,4.337,0.0,0.0,0.0,0.0
208,9.268,13896.0,enc/off/vf=off/lk=0,4.335,4.335,4.335,0.0,0.0,0.0,0.0
209,9.288,13916.0,enc/off/vf=off/lk=0,4.337,4.337,4.337,0.0,0.0,0.0,0.0
210,9.308,13936.0,enc/off/vf=off/lk=0,4.337,4.337,4.337,0.0,0.0,0.0,0.0
211,9.328,13956.0,enc/off/vf=off/lk=0,4.337,4.337,4.337,0.0,0.0,0.0,0.0
212,9.348,13976.0,enc/off/vf=off/lk=0,4.337,4.337,4.337,0.0,0.0,0.0,0.0
213,9.368,13996.0,enc/off/vf=off/lk=0,4.337,4.337,4.337,0.0,0.0,0.0,0.0
214,9.388,14016.0,enc/off/vf=off/lk=0,4.337,4.337,4.337,0.0,0.0,0.0,0.0
215,9.408,14036.0,enc/off/vf=off/lk=0,4.335,4.335,4.335,0.0,3.25,0.0,0.0
216,9.428,14056.0,enc/off/vf=off/lk=0,4.337,4.337,4.337,0.0,0.0,0.0,0.0
217,9.448,14076.0,enc/off/vf=off/lk=0,4.337,4.337,4.337,0.0,0.0,0.0,0.0
218,9.468,14096.0,enc/off/vf=off/lk=0,4.335,4.335,4.335,0.0,0.0,0.0,0.0
219,9.488,14116.0,enc/off/vf=off/lk=0,4.335,4.335,4.335,0.0,3.285,0.0,0.0
220,9.508,14136.0,enc/off/vf=off/lk=0,4.337,4.337,4.337,0.0,3.236,0.0,0.0
221,9.528,14156.0,enc/off/vf=off/lk=0,4.337,4.337,4.337,0.0,0.0,0.0,0.0
222,9.548,14176.0,enc/off/vf=off/lk=0,4.337,4.337,4.337,0.0,-3.216,0.0,0.0
223,9.568,14196.0,enc/off/vf=off/lk=0,4.337,4.337,4.337,0.0,0.0,0.0,0.0
224,9.588,14216.0,enc/off/vf=off/lk=0,4.337,4.337,4.337,0.0,0.0,0.0,0.0
225,9.608,14236.0,enc/off/vf=off/lk=0,4.335,4.335,4.335,0.0,-3.292,0.0,0.0
226,9.628,14256.0,enc/off/vf=off/lk=0,4.337,4.337,4.337,0.0,0.0,0.0,0.0
227,9.648,14276.0,enc/off/vf=off/lk=0,4.335,4.335,4.335,0.0,0.0,0.0,0.0
228,9.668,14296.0,enc/off/vf=off/lk=0,4.337,4.337,4.337,0.0,0.0,0.0,0.0
229,9.688,14316.0,enc/off/vf=off/lk=0,4.335,4.335,4.335,0.0,0.0,0.0,0.0
230,9.708,14336.0,enc/off/vf=off/lk=0,4.337,4.337,4.337,0.0,-3.264,0.0,0.0
231,9.728,14356.0,enc/off/vf=off/lk=0,4.337,4.337,4.337,0.0,0.0,0.0,0.0
232,9.748,14376.0,enc/off/vf=off/lk=0,4.335,4.335,4.335,0.0,3.285,0.0,0.0
233,9.768,14396.0,enc/off/vf=off/lk=0,4.337,4.337,4.337,0.0,0.0,0.0,0.0
234,9.788,14416.0,enc/off/vf=off/lk=0,4.335,4.335,4.335,0.0,0.0,0.0,0.0
235,9.808,14436.0,enc/off/vf=off/lk=0,4.335,4.335,4.335,0.0,0.0,0.0,0.0
236,9.828,14456.0,enc/off/vf=off/lk=0,4.337,4.337,4.337,0.0,0.0,0.0,0.0
237,9.848,14476.0,enc/off/vf=off/lk=0,4.337,4.337,4.337,0.0,0.0,0.0,0.0
238,9.868,14496.0,enc/off/vf=off/lk=0,4.337,4.337,4.337,0.0,0.0,0.0,0.0
239,9.888,14516.0,enc/off/vf=off/lk=0,4.335,4.335,4.335,0.0,0.0,0.0,0.0
240,9.908,14536.0,enc/off/vf=off/lk=0,4.337,4.337,4.337,0.0,0.0,0.0,0.0
241,9.928,14556.0,enc/off/vf=off/lk=0,4.335,4.335,4.335,0.0,3.196,0.0,0.0
242,9.948,14576.0,enc/off/vf=off/lk=0,4.335,4.335,4.335,0.0,0.0,0.0,0.0
243,9.968,14596.0,enc/off/vf=off/lk=0,4.337,4.337,4.337,0.0,0.0,0.0,0.0
244,9.988,14616.0,enc/off/vf=off/lk=0,4.337,4.337,4.337,0.0,0.0,0.0,0.0
245,10.008,14636.0,enc/off/vf=off/lk=0,4.335,4.335,4.335,0.0,0.0,0.0,0.0
246,10.028,14656.0,enc/off/vf=off/lk=0,4.337,4.337,4.337,0.0,0.0,0.0,0.0
247,10.048,14676.0,enc/off/vf=off/lk=0,4.337,4.337,4.337,0.0,0.0,0.0,0.0
248,10.068,14696.0,enc/off/vf=off/lk=0,4.335,4.335,4.335,0.0,0.0,0.0,0.0
249,10.088,14716.0,enc/off/vf=off/lk=0,4.337,4.337,4.337,0.0,0.0,0.0,0.0
250,10.108,14736.0,enc/off/vf=off/lk=0,4.337,4.337,4.337,0.0,0.0,0.0,0.0
251,10.128,14756.0,enc/off/vf=off/lk=0,4.337,4.337,4.337,0.0,0.0,0.0,0.0
252,10.148,14776.0,enc/off/vf=off/lk=0,4.335,4.335,4.335,0.0,0.0,0.0,0.0
253,10.168,14796.0,enc/off/vf=off/lk=0,4.335,4.335,4.335,0.0,0.0,0.0,0.0
254,10.188,14816.0,enc/off/vf=off/lk=0,4.335,4.335,4.335,0.0,-3.202,0.0,0.0
255,10.208,14836.0,enc/off/vf=off/lk=0,4.335,4.335,4.335,0.0,0.0,0.0,0.0
256,10.228,14856.0,enc/off/vf=off/lk=0,4.337,4.337,4.337,0.0,0.0,0.0,0.0
257,10.248,14876.0,enc/off/vf=off/lk=0,4.337,4.337,4.337,0.0,0.0,0.0,0.0
258,10.268,14896.0,enc/off/vf=off/lk=0,4.337,4.337,4.337,0.0,0.0,0.0,0.0
259,10.288,14916.0,enc/off/vf=off/lk=0,4.337,4.337,4.337,0.0,0.0,0.0,0.0
260,10.308,14936.0,enc/off/vf=off/lk=0,4.337,4.337,4.337,0.0,0.0,0.0,0.0
261,10.328,14956.0,enc/off/vf=off/lk=0,4.335,4.335,4.335,0.0,0.0,0.0,0.0
262,10.348,14976.0,enc/off/vf=off/lk=0,4.337,4.337,4.337,0.0,0.0,0.0,0.0
263,10.368,14996.0,enc/off/vf=off/lk=0,4.337,4.337,4.337,0.0,0.0,0.0,0.0
264,10.388,15016.0,enc/off/vf=off/lk=0,4.335,4.335,4.335,0.0,0.0,0.0,0.0
265,10.408,15036.0,enc/off/vf=off/lk=0,4.337,4.337,4.337,0.0,0.0,0.0,0.0
266,10.428,15056.0,enc/off/vf=off/lk=0,4.335,4.335,4.335,0.0,0.0,0.0,0.0
267,10.448,15076.0,enc/off/vf=off/lk=0,4.335,4.335,4.335,0.0,0.0,0.0,0.0
268,10.468,15096.0,enc/off/vf=off/lk=0,4.335,4.335,4.335,0.0,0.0,0.0,0.0
269,10.488,15116.0,enc/off/vf=off/lk=0,4.335,4.335,4.335,0.0,0.0,0.0,0.0
270,10.508,15136.0,enc/off/vf=off/lk=0,4.335,4.335,4.335,0.0,0.0,0.0,0.0
271,10.528,15156.0,enc/off/vf=off/lk=0,4.337,4.337,4.337,0.0,0.0,0.0,0.0
272,10.548,15176.0,enc/off/vf=off/lk=0,4.337,4.337,4.337,0.0,0.0,0.0,0.0
273,10.568,15196.0,enc/off/vf=off/lk=0,4.337,4.337,4.337,0.0,0.0,0.0,0.0
274,10.588,15216.0,enc/off/vf=off/lk=0,4.335,4.335,4.335,0.0,-3.278,0.0,0.0
275,10.608,15236.0,enc/off/vf=off/lk=0,4.335,4.335,4.335,0.0,0.0,0.0,0.0
276,10.628,15256.0,enc/off/vf=off/lk=0,4.337,4.337,4.337,0.0,0.0,0.0,0.0
277,10.648,15276.0,enc/off/vf=off/lk=0,4.337,4.337,4.337,0.0,0.0,0.0,0.0
278,10.668,15296.0,enc/off/vf=off/lk=0,4.335,4.335,4.335,0.0,-3.196,0.0,0.0
279,10.688,15316.0,enc/off/vf=off/lk=0,4.335,4.335,4.335,0.0,3.264,0.0,0.0
280,10.708,15336.0,enc/off/vf=off/lk=0,4.337,4.337,4.337,0.0,0.0,0.0,0.0
281,10.728,15356.0,enc/off/vf=off/lk=0,4.337,4.337,4.337,0.0,0.0,0.0,0.0
282,10.748,15376.0,enc/off/vf=off/lk=0,4.335,4.335,4.335,0.0,0.0,0.0,0.0
283,10.768,15396.0,enc/off/vf=off/lk=0,4.335,4.335,4.335,0.0,-3.216,0.0,0.0
284,10.788,15416.0,enc/off/vf=off/lk=0,4.337,4.337,4.337,0.0,0.0,0.0,0.0
285,10.808,15436.0,enc/off/vf=off/lk=0,4.337,4.337,4.337,0.0,0.0,0.0,0.0
286,10.828,15456.0,enc/off/vf=off/lk=0,4.335,4.335,4.335,0.0,0.0,0.0,0.0
287,10.848,15476.0,enc/off/vf=off/lk=0,4.337,4.337,4.337,0.0,0.0,0.0,0.0
288,10.868,15496.0,enc/off/vf=off/lk=0,4.337,4.337,4.337,0.0,0.0,0.0,0.0
289,10.888,15516.0,enc/off/vf=off/lk=0,4.335,4.335,4.335,0.0,0.0,0.0,0.0
290,10.908,15536.0,enc/off/vf=off/lk=0,4.337,4.337,4.337,0.0,0.0,0.0,0.0
291,10.928,15556.0,enc/off/vf=off/lk=0,4.337,4.337,4.337,0.0,0.0,0.0,0.0
292,10.948,15576.0,enc/off/vf=off/lk=0,4.337,4.337,4.337,0.0,0.0,0.0,0.0
293,10.968,15596.0,enc/off/vf=off/lk=0,4.335,4.335,4.335,0.0,0.0,0.0,0.0
294,10.988,15616.0,enc/off/vf=off/lk=0,4.337,4.337,4.337,0.0,0.0,0.0,0.0
295,11.008,15636.0,enc/off/vf=off/lk=0,4.337,4.337,4.337,0.0,0.0,0.0,0.0
296,11.028,15656.0,enc/off/vf=off/lk=0,4.335,4.335,4.335,0.0,0.0,0.0,0.0
297,11.048,15676.0,enc/off/vf=off/lk=0,4.337,4.337,4.337,0.0,0.0,0.0,0.0
298,11.068,15696.0,enc/off/vf=off/lk=0,4.337,4.337,4.337,0.0,3.264,0.0,0.0
299,11.088,15716.0,enc/off/vf=off/lk=0,4.335,4.335,4.335,0.0,-3.236,0.0,0.0
300,11.108,15736.0,enc/off/vf=off/lk=0,4.337,4.337,4.337,0.0,3.271,0.0,0.0
301,11.128,15756.0,enc/off/vf=off/lk=0,4.337,4.337,4.337,0.0,0.0,0.0,0.0
302,11.148,15776.0,enc/off/vf=off/lk=0,4.337,4.337,4.337,0.0,0.0,0.0,0.0
303,11.168,15796.0,enc/off/vf=off/lk=0,4.337,4.337,4.337,0.0,0.0,0.0,0.0
304,11.188,15816.0,enc/off/vf=off/lk=0,4.337,4.337,4.337,0.0,0.0,0.0,0.0
305,11.208,15836.0,enc/off/vf=off/lk=0,4.337,4.337,4.337,0.0,0.0,0.0,0.0
306,11.228,15856.0,enc/off/vf=off/lk=0,4.337,4.337,4.337,0.0,0.0,0.0,0.0
307,11.248,15876.0,enc/off/vf=off/lk=0,4.337,4.337,4.337,0.0,3.278,0.0,0.0
308,11.268,15896.0,enc/off/vf=off/lk=0,4.337,4.337,4.337,0.0,0.0,0.0,0.0
309,11.288,15916.0,enc/off/vf=off/lk=0,4.337,4.337,4.337,0.0,3.25,0.0,0.0
310,11.308,15936.0,enc/off/vf=off/lk=0,4.337,4.337,4.337,0.0,0.0,0.0,0.0
311,11.328,15956.0,enc/off/vf=off/lk=0,4.335,4.335,4.335,0.0,0.0,0.0,0.0
312,11.348,15976.0,enc/off/vf=off/lk=0,4.335,4.335,4.335,0.0,0.0,0.0,0.0
313,11.368,15996.0,enc/off/vf=off/lk=0,4.337,4.337,4.337,0.0,0.0,0.0,0.0
314,11.388,16016.0,enc/off/vf=off/lk=0,4.337,4.337,4.337,0.0,0.0,0.0,0.0
315,11.408,16036.0,enc/off/vf=off/lk=0,4.337,4.337,4.337,0.0,0.0,0.0,0.0
316,11.428,16056.0,enc/off/vf=off/lk=0,4.337,4.337,4.337,0.0,0.0,0.0,0.0
317,11.448,16076.0,enc/off/vf=off/lk=0,4.337,4.337,4.337,0.0,-3.196,0.0,0.0
318,11.468,16096.0,enc/off/vf=off/lk=0,4.335,4.335,4.335,0.0,0.0,0.0,0.0
319,11.488,16116.0,enc/off/vf=off/lk=0,4.337,4.337,4.337,0.0,0.0,0.0,0.0
320,11.508,16136.0,enc/off/vf=off/lk=0,4.335,4.335,4.335,0.0,0.0,0.0,0.0
321,11.528,16156.0,enc/off/vf=off/lk=0,4.335,4.335,4.335,0.0,3.229,0.0,0.0
322,11.548,16176.0,enc/off/vf=off/lk=0,4.337,4.337,4.337,0.0,0.0,0.0,0.0
323,11.568,16196.0,enc/off/vf=off/lk=0,4.337,4.337,4.337,0.0,0.0,0.0,0.0
324,11.588,16216.0,enc/off/vf=off/lk=0,4.337,4.337,4.337,0.0,0.0,0.0,0.0
325,11.608,16236.0,enc/off/vf=off/lk=0,4.335,4.335,4.335,0.0,-3.257,0.0,0.0
326,11.628,16256.0,enc/off/vf=off/lk=0,4.335,4.335,4.335,0.0,0.0,0.0,0.0
327,11.648,16276.0,enc/off/vf=off/lk=0,4.337,4.337,4.337,0.0,0.0,0.0,0.0
328,11.668,16296.0,enc/off/vf=off/lk=0,4.337,4.337,4.337,0.0,0.0,0.0,0.0
329,11.688,16316.0,enc/off/vf=off/lk=0,4.335,4.335,4.335,0.0,0.0,0.0,0.0
330,11.708,16336.0,enc/off/vf=off/lk=0,4.337,4.337,4.337,0.0,0.0,0.0,0.0
331,11.728,16356.0,enc/off/vf=off/lk=0,4.337,4.337,4.337,0.0,0.0,0.0,0.0
332,11.748,16376.0,enc/off/vf=off/lk=0,4.335,4.335,4.335,0.0,-3.25,0.0,0.0
333,11.768,16396.0,enc/off/vf=off/lk=0,4.337,4.337,4.337,0.0,0.0,0.0,0.0
334,11.788,16416.0,enc/off/vf=off/lk=0,4.337,4.337,4.337,0.0,0.0,0.0,0.0
335,11.808,16436.0,enc/off/vf=off/lk=0,4.337,4.337,4.337,0.0,0.0,0.0,0.0
336,11.828,16456.0,enc/off/vf=off/lk=0,4.337,4.337,4.337,0.0,0.0,0.0,0.0
337,11.848,16476.0,enc/off/vf=off/lk=0,4.337,4.337,4.337,0.0,0.0,0.0,0.0
338,11.868,16496.0,enc/off/vf=off/lk=0,4.337,4.337,4.337,0.0,0.0,0.0,0.0
339,11.888,16516.0,enc/off/vf=off/lk=0,4.337,4.337,4.337,0.0,0.0,0.0,0.0
340,11.908,16536.0,enc/off/vf=off/lk=0,4.337,4.337,4.337,0.0,0.0,0.0,0.0
341,11.928,16556.0,enc/off/vf=off/lk=0,4.337,4.337,4.337,0.0,0.0,0.0,0.0
342,11.948,16576.0,enc/off/vf=off/lk=0,4.337,4.337,4.337,0.0,0.0,0.0,0.0
343,11.968,16596.0,enc/off/vf=off/lk=0,4.335,4.335,4.335,0.0,0.0,0.0,0.0
344,11.988,16616.0,enc/off/vf=off/lk=0,4.337,4.337,4.337,0.0,3.216,0.0,0.0
345,12.008,16636.0,enc/off/vf=off/lk=0,4.335,4.335,4.335,0.0,0.0,0.0,0.0
346,12.028,16656.0,enc/off/vf=off/lk=0,4.337,4.337,4.337,0.0,0.0,0.0,0.0
347,12.048,16676.0,enc/off/vf=off/lk=0,4.335,4.335,4.335,0.0,0.0,0.0,0.0
348,12.068,16696.0,enc/off/vf=off/lk=0,4.337,4.337,4.337,0.0,0.0,0.0,0.0
349,12.088,16716.0,enc/off/vf=off/lk=0,4.337,4.337,4.337,0.0,0.0,0.0,0.0
350,12.108,16736.0,enc/off/vf=off/lk=0,4.337,4.337,4.337,0.0,0.0,0.0,0.0
351,12.128,16756.0,enc/off/vf=off/lk=0,4.337,4.337,4.337,0.0,0.0,0.0,0.0
352,12.148,16776.0,enc/off/vf=off/lk=0,4.337,4.337,4.337,0.0,0.0,0.0,0.0
353,12.168,16796.0,enc/off/vf=off/lk=0,4.337,4.337,4.337,0.0,0.0,0.0,0.0
354,12.188,16816.0,enc/off/vf=off/lk=0,4.337,4.337,4.337,0.0,0.0,0.0,0.0
355,12.208,16836.0,enc/off/vf=off/lk=0,4.337,4.337,4.337,0.0,0.0,0.0,0.0
356,12.228,16856.0,enc/off/vf=off/lk=0,4.337,4.337,4.337,0.0,3.278,0.0,0.0
357,12.248,16876.0,enc/off/vf=off/lk=0,4.335,4.335,4.335,0.0,-3.243,0.0,0.0
358,12.268,16896.0,enc/off/vf=off/lk=0,4.337,4.337,4.337,0.0,0.0,0.0,0.0
359,12.288,16916.0,enc/off/vf=off/lk=0,4.337,4.337,4.337,0.0,0.0,0.0,0.0
360,12.308,16936.0,enc/off/vf=off/lk=0,4.337,4.337,4.337,0.0,0.0,0.0,0.0
361,12.328,16956.0,enc/off/vf=off/lk=0,4.337,4.337,4.337,0.0,0.0,0.0,0.0
362,12.348,16976.0,enc/off/vf=off/lk=0,4.337,4.337,4.337,0.0,0.0,0.0,0.0
363,12.368,16996.0,enc/off/vf=off/lk=0,4.337,4.337,4.337,0.0,0.0,0.0,0.0
364,12.388,17016.0,enc/off/vf=off/lk=0,4.337,4.337,4.337,0.0,-3.25,0.0,0.0
365,12.408,17036.0,enc/off/vf=off/lk=0,4.337,4.337,4.337,0.0,0.0,0.0,0.0
366,12.428,17056.0,enc/off/vf=off/lk=0,4.335,4.335,4.335,0.0,0.0,0.0,0.0
367,12.448,17076.0,enc/off/vf=off/lk=0,4.335,4.335,4.335,0.0,3.264,0.0,0.0
368,12.468,17096.0,enc/off/vf=off/lk=0,4.337,4.337,4.337,0.0,-3.223,0.0,0.0
369,12.488,17116.0,enc/off/vf=off/lk=0,4.337,4.337,4.337,0.0,0.0,0.0,0.0
370,12.508,17136.0,enc/off/vf=off/lk=0,4.337,4.337,4.337,0.0,0.0,0.0,0.0
371,12.528,17156.0,enc/off/vf=off/lk=0,4.337,4.337,4.337,0.0,0.0,0.0,0.0
372,12.548,17176.0,enc/off/vf=off/lk=0,4.337,4.337,4.337,0.0,0.0,0.0,0.0
373,12.568,17196.0,enc/off/vf=off/lk=0,4.337,4.337,4.337,0.0,0.0,0.0,0.0
374,12.588,17216.0,enc/off/vf=off/lk=0,4.337,4.337,4.337,0.0,0.0,0.0,0.0
375,12.608,17236.0,enc/off/vf=off/lk=0,4.335,4.335,4.335,0.0,0.0,0.0,0.0
376,12.628,17256.0,enc/off/vf=off/lk=0,4.335,4.335,4.335,0.0,-3.196,0.0,0.0
377,12.648,17276.0,enc/off/vf=off/lk=0,4.335,4.335,4.335,0.0,0.0,0.0,0.0
378,12.668,17296.0,enc/off/vf=off/lk=0,4.337,4.337,4.337,0.0,0.0,0.0,0.0
379,12.688,17316.0,enc/off/vf=off/lk=0,4.337,4.337,4.337,0.0,0.0,0.0,0.0
380,12.708,17336.0,enc/off/vf=off/lk=0,4.337,4.337,4.337,0.0,0.0,0.0,0.0
381,12.728,17356.0,enc/off/vf=off/lk=0,4.337,4.337,4.337,0.0,3.25,0.0,0.0
382,12.748,17376.0,enc/off/vf=off/lk=0,4.337,4.337,4.337,0.0,0.0,0.0,0.0
383,12.768,17396.0,enc/off/vf=off/lk=0,4.337,4.337,4.337,0.0,0.0,0.0,0.0
384,12.788,17416.0,enc/off/vf=off/lk=0,4.335,4.335,4.335,0.0,0.0,0.0,0.0
385,12.808,17436.0,enc/off/vf=off/lk=0,4.337,4.337,4.337,0.0,0.0,0.0,0.0
386,12.828,17456.0,enc/off/vf=off/lk=0,4.337,4.337,4.337,0.0,0.0,0.0,0.0
387,12.848,17476.0,enc/off/vf=off/lk=0,4.337,4.337,4.337,0.0,0.0,0.0,0.0
388,12.868,17496.0,enc/off/vf=off/lk=0,4.337,4.337,4.337,0.0,0.0,0.0,0.0
389,12.888,17516.0,enc/off/vf=off/lk=0,4.337,4.337,4.337,0.0,0.0,0.0,0.0
390,12.908,17536.0,enc/off/vf=off/lk=0,4.337,4.337,4.337,0.0,0.0,0.0,0.0
391,12.928,17556.0,enc/off/vf=off/lk=0,4.337,4.337,4.337,0.0,0.0,0.0,0.0
392,12.948,17576.0,enc/off/vf=off/lk=0,4.337,4.337,4.337,0.0,0.0,0.0,0.0
393,12.968,17596.0,enc/off/vf=off/lk=0,4.335,4.335,4.335,0.0,3.202,0.0,0.0
394,12.988,17616.0,enc/off/vf=off/lk=0,4.335,4.335,4.335,0.0,0.0,0.0,0.0
395,13.008,17636.0,enc/off/vf=off/lk=0,4.335,4.335,4.335,0.0,-3.257,0.0,0.0
396,13.028,17656.0,enc/off/vf=off/lk=0,4.335,4.335,4.335,0.0,0.0,0.0,0.0
397,13.048,17676.0,enc/off/vf=off/lk=0,4.337,4.337,4.337,0.0,0.0,0.0,0.0
398,13.068,17696.0,enc/off/vf=off/lk=0,4.335,4.335,4.335,0.0,0.0,0.0,0.0
399,13.088,17716.0,enc/off/vf=off/lk=0,4.337,4.337,4.337,0.0,0.0,0.0,0.0
400,13.108,17736.0,enc/off/vf=off/lk=0,4.337,4.337,4.337,0.0,0.0,0.0,0.0
401,13.128,17756.0,enc/off/vf=off/lk=0,4.337,4.337,4.337,0.0,0.0,0.0,0.0
402,13.148,17776.0,enc/off/vf=off/lk=0,4.337,4.337,4.337,0.0,0.0,0.0,0.0
403,13.168,17796.0,enc/off/vf=off/lk=0,4.337,4.337,4.337,0.0,-3.264,0.0,0.0
404,13.188,17816.0,enc/off/vf=off/lk=0,4.337,4.337,4.337,0.0,0.0,0.0,0.0
405,13.208,17836.0,enc/off/vf=off/lk=0,4.335,4.335,4.335,0.0,0.0,0.0,0.0
406,13.228,17856.0,enc/off/vf=off/lk=0,4.335,4.335,4.335,0.0,-3.196,0.0,0.0
407,13.248,17876.0,enc/off/vf=off/lk=0,4.337,4.337,4.337,0.0,0.0,0.0,0.0
408,13.268,17896.0,enc/off/vf=off/lk=0,4.337,4.337,4.337,0.0,0.0,0.0,0.0
409,13.288,17916.0,enc/off/vf=off/lk=0,4.335,4.335,4.335,0.0,-3.189,0.0,0.0
410,13.308,17936.0,enc/off/vf=off/lk=0,4.337,4.337,4.337,0.0,0.0,0.0,0.0
411,13.328,17956.0,enc/off/vf=off/lk=0,4.337,4.337,4.337,0.0,0.0,0.0,0.0
412,13.348,17976.0,enc/off/vf=off/lk=0,4.337,4.337,4.337,0.0,0.0,0.0,0.0
413,13.368,17996.0,enc/off/vf=off/lk=0,4.337,4.337,4.337,0.0,0.0,0.0,0.0
414,13.388,18016.0,enc/off/vf=off/lk=0,4.337,4.337,4.337,0.0,0.0,0.0,0.0
415,13.408,18036.0,enc/off/vf=off/lk=0,4.337,4.337,4.337,0.0,0.0,0.0,0.0
416,13.428,18056.0,enc/off/vf=off/lk=0,4.337,4.337,4.337,0.0,0.0,0.0,0.0
417,13.448,18076.0,enc/off/vf=off/lk=0,4.337,4.337,4.337,0.0,3.25,0.0,0.0
418,13.468,18096.0,enc/off/vf=off/lk=0,4.337,4.337,4.337,0.0,0.0,0.0,0.0
419,13.488,18116.0,enc/off/vf=off/lk=0,4.335,4.335,4.335,0.0,0.0,0.0,0.0
420,13.508,18136.0,enc/off/vf=off/lk=0,4.337,4.337,4.337,0.0,0.0,0.0,0.0
421,13.528,18156.0,enc/off/vf=off/lk=0,4.337,4.337,4.337,0.0,0.0,0.0,0.0
422,13.548,18176.0,enc/off/vf=off/lk=0,4.337,4.337,4.337,0.0,0.0,0.0,0.0
423,13.568,18196.0,enc/off/vf=off/lk=0,4.335,4.335,4.335,0.0,0.0,0.0,0.0
424,13.588,18216.0,enc/off/vf=off/lk=0,4.337,4.337,4.337,0.0,0.0,0.0,0.0
425,13.608,18236.0,enc/off/vf=off/lk=0,4.337,4.337,4.337,0.0,0.0,0.0,0.0
426,13.628,18256.0,enc/off/vf=off/lk=0,4.335,4.335,4.335,0.0,0.0,0.0,0.0
427,13.648,18276.0,enc/off/vf=off/lk=0,4.335,4.335,4.335,0.0,0.0,0.0,0.0
428,13.668,18296.0,enc/off/vf=off/lk=0,4.337,4.337,4.337,0.0,0.0,0.0,0.0
429,13.688,18316.0,enc/off/vf=off/lk=0,4.335,4.335,4.335,0.0,3.202,0.0,0.0
430,13.708,18336.0,enc/off/vf=off/lk=0,4.337,4.337,4.337,0.0,0.0,0.0,0.0
431,13.728,18356.0,enc/off/vf=off/lk=0,4.335,4.335,4.335,0.0,0.0,0.0,0.0
432,13.748,18376.0,enc/off/vf=off/lk=0,4.335,4.335,4.335,0.0,0.0,0.0,0.0
433,13.768,18396.0,enc/off/vf=off/lk=0,4.335,4.335,4.335,0.0,3.264,0.0,0.0
434,13.788,18416.0,enc/off/vf=off/lk=0,4.337,4.337,4.337,0.0,0.0,0.0,0.0
435,13.808,18436.0,enc/off/vf=off/lk=0,4.337,4.337,4.337,0.0,0.0,0.0,0.0
436,13.828,18456.0,enc/off/vf=off/lk=0,4.337,4.337,4.337,0.0,0.0,0.0,0.0
437,13.848,18476.0,enc/off/vf=off/lk=0,4.337,4.337,4.337,0.0,0.0,0.0,0.0
438,13.868,18496.0,enc/off/vf=off/lk=0,4.337,4.337,4.337,0.0,0.0,0.0,0.0
439,13.888,18516.0,enc/off/vf=off/lk=0,4.337,4.337,4.337,0.0,0.0,0.0,0.0
440,13.908,18536.0,enc/off/vf=off/lk=0,4.337,4.337,4.337,0.0,0.0,0.0,0.0
441,13.928,18556.0,enc/off/vf=off/lk=0,4.337,4.337,4.337,0.0,0.0,0.0,0.0
442,13.948,18576.0,enc/off/vf=off/lk=0,4.337,4.337,4.337,0.0,0.0,0.0,0.0
443,13.968,18596.0,enc/off/vf=off/lk=0,4.337,4.337,4.337,0.0,0.0,0.0,0.0
444,13.988,18616.0,enc/off/vf=off/lk=0,4.337,4.337,4.337,0.0,0.0,0.0,0.0
445,14.008,18636.0,enc/off/vf=off/lk=0,4.337,4.337,4.337,0.0,0.0,0.0,0.0
446,14.028,18656.0,enc/off/vf=off/lk=0,4.335,4.335,4.335,0.0,-3.229,0.0,0.0
447,14.048,18676.0,enc/off/vf=off/lk=0,4.337,4.337,4.337,0.0,0.0,0.0,0.0
448,14.068,18696.0,enc/off/vf=off/lk=0,4.337,4.337,4.337,0.0,0.0,0.0,0.0
449,14.088,18716.0,enc/off/vf=off/lk=0,4.335,4.335,4.335,0.0,0.0,0.0,0.0
450,14.108,18736.0,enc/off/vf=off/lk=0,4.337,4.337,4.337,0.0,0.0,0.0,0.0
451,14.128,18756.0,enc/off/vf=off/lk=0,4.335,4.335,4.335,0.0,-3.25,0.0,0.0
452,14.148,18776.0,enc/off/vf=off/lk=0,4.337,4.337,4.337,0.0,0.0,0.0,0.0
453,14.168,18796.0,enc/off/vf=off/lk=0,4.335,4.335,4.335,0.0,0.0,0.0,0.0
454,14.188,18816.0,enc/off/vf=off/lk=0,4.337,4.337,4.337,0.0,0.0,0.0,0.0
455,14.208,18836.0,enc/off/vf=off/lk=0,4.337,4.337,4.337,0.0,0.0,0.0,0.0
456,14.228,18856.0,enc/off/vf=off/lk=0,4.337,4.337,4.337,0.0,0.0,0.0,0.0
457,14.248,18876.0,enc/off/vf=off/lk=0,4.337,4.337,4.337,0.0,3.202,0.0,0.0
458,14.268,18896.0,enc/off/vf=off/lk=0,4.335,4.335,4.335,0.0,0.0,0.0,0.0
459,14.288,18916.0,enc/off/vf=off/lk=0,4.337,4.337,4.337,0.0,0.0,0.0,0.0
460,14.308,18936.0,enc/off/vf=off/lk=0,4.337,4.337,4.337,0.0,-3.271,0.0,0.0
461,14.328,18956.0,enc/off/vf=off/lk=0,4.335,4.335,4.335,0.0,0.0,0.0,0.0
462,14.348,18976.0,enc/off/vf=off/lk=0,4.337,4.337,4.337,0.0,0.0,0.0,0.0
463,14.368,18996.0,enc/off/vf=off/lk=0,4.335,4.335,4.335,0.0,0.0,0.0,0.0
464,14.388,19016.0,enc/off/vf=off/lk=0,4.337,4.337,4.337,0.0,0.0,0.0,0.0
465,14.408,19036.0,enc/off/vf=off/lk=0,4.337,4.337,4.337,0.0,0.0,0.0,0.0
466,14.428,19056.0,enc/off/vf=off/lk=0,4.337,4.337,4.337,0.0,0.0,0.0,0.0
467,14.448,19076.0,enc/off/vf=off/lk=0,4.337,4.337,4.337,0.0,0.0,0.0,0.0
468,14.468,19096.0,enc/off/vf=off/lk=0,4.337,4.337,4.337,0.0,0.0,0.0,0.0
469,14.488,19116.0,enc/off/vf=off/lk=0,4.337,4.337,4.337,0.0,0.0,0.0,0.0
470,14.508,19136.0,enc/off/vf=off/lk=0,4.335,4.335,4.335,0.0,0.0,0.0,0.0
471,14.528,19156.0,enc/off/vf=off/lk=0,4.335,4.335,4.335,0.0,0.0,0.0,0.0
472,14.548,19176.0,enc/off/vf=off/lk=0,4.335,4.335,4.335,0.0,0.0,0.0,0.0
473,14.568,19196.0,enc/off/vf=off/lk=0,4.337,4.337,4.337,0.0,0.0,0.0,0.0
474,14.588,19216.0,enc/off/vf=off/lk=0,4.337,4.337,4.337,0.0,0.0,0.0,0.0
475,14.608,19236.0,enc/off/vf=off/lk=0,4.335,4.335,4.335,0.0,3.257,0.0,0.0
476,14.628,19256.0,enc/off/vf=off/lk=0,4.337,4.337,4.337,0.0,0.0,0.0,0.0
477,14.648,19276.0,enc/off/vf=off/lk=0,4.337,4.337,4.337,0.0,0.0,0.0,0.0
478,14.668,19296.0,enc/off/vf=off/lk=0,4.337,4.337,4.337,0.0,0.0,0.0,0.0
479,14.688,19316.0,enc/off/vf=off/lk=0,4.337,4.337,4.337,0.0,0.0,0.0,0.0
480,14.708,19336.0,enc/off/vf=off/lk=0,4.337,4.337,4.337,0.0,0.0,0.0,0.0
481,14.728,19356.0,enc/off/vf=off/lk=0,4.335,4.335,4.335,0.0,0.0,0.0,0.0
482,14.748,19376.0,enc/off/vf=off/lk=0,4.337,4.337,4.337,0.0,0.0,0.0,0.0
483,14.768,19396.0,enc/off/vf=off/lk=0,4.335,4.335,4.335,0.0,0.0,0.0,0.0
484,14.788,19416.0,enc/off/vf=off/lk=0,4.337,4.337,4.337,0.0,0.0,0.0,0.0
485,14.808,19436.0,enc/off/vf=off/lk=0,4.335,4.335,4.335,0.0,0.0,0.0,0.0
486,14.828,19456.0,enc/off/vf=off/lk=0,4.337,4.337,4.337,0.0,0.0,0.0,0.0
487,14.848,19476.0,enc/off/vf=off/lk=0,4.337,4.337,4.337,0.0,0.0,0.0,0.0
488,14.868,19496.0,enc/off/vf=off/lk=0,4.337,4.337,4.337,0.0,0.0,0.0,0.0
489,14.888,19516.0,enc/off/vf=off/lk=0,4.337,4.337,4.337,0.0,0.0,0.0,0.0
490,14.908,19536.0,enc/off/vf=off/lk=0,4.337,4.337,4.337,0.0,0.0,0.0,0.0
491,14.928,19556.0,enc/off/vf=off/lk=0,4.335,4.335,4.335,0.0,3.223,0.0,0.0
492,14.948,19576.0,enc/off/vf=off/lk=0,4.337,4.337,4.337,0.0,0.0,0.0,0.0
493,14.968,19596.0,enc/off/vf=off/lk=0,4.337,4.337,4.337,0.0,0.0,0.0,0.0
494,14.988,19616.0,enc/off/vf=off/lk=0,4.337,4.337,4.337,0.0,0.0,0.0,0.0
495,15.008,19636.0,enc/off/vf=off/lk=0,4.337,4.337,4.337,0.0,0.0,0.0,0.0
496,15.028,19656.0,enc/off/vf=off/lk=0,4.335,4.335,4.335,0.0,0.0,0.0,0.0
497,15.048,19676.0,enc/off/vf=off/lk=0,4.337,4.337,4.337,0.0,0.0,0.0,0.0
498,15.068,19696.0,enc/off/vf=off/lk=0,4.337,4.337,4.337,0.0,0.0,0.0,0.0
499,15.088,19716.0,enc/off/vf=off/lk=0,4.337,4.337,4.337,0.0,0.0,0.0,0.0
500,15.108,19736.0,enc/off/vf=off/lk=0,4.335,4.335,4.335,0.0,0.0,0.0,0.0
501,15.128,19756.0,enc/off/vf=off/lk=0,4.335,4.335,4.335,0.0,3.257,0.0,0.0
502,15.148,19776.0,enc/off/vf=off/lk=0,4.335,4.335,4.335,0.0,0.0,0.0,0.0
503,15.168,19796.0,enc/off/vf=off/lk=0,4.337,4.337,4.337,0.0,0.0,0.0,0.0
504,15.188,19816.0,enc/off/vf=off/lk=0,4.337,4.337,4.337,0.0,0.0,0.0,0.0
505,15.208,19836.0,enc/off/vf=off/lk=0,4.337,4.337,4.337,0.0,0.0,0.0,0.0
506,15.228,19856.0,enc/off/vf=off/lk=0,4.337,4.337,4.337,0.0,0.0,0.0,0.0
507,15.248,19876.0,enc/off/vf=off/lk=0,4.337,4.337,4.337,0.0,-3.209,0.0,0.0
508,15.268,19896.0,enc/off/vf=off/lk=0,4.337,4.337,4.337,0.0,-3.25,0.0,0.0
509,15.288,19916.0,enc/off/vf=off/lk=0,4.335,4.335,4.335,0.0,-3.209,0.0,0.0
510,15.308,19936.0,enc/off/vf=off/lk=0,4.337,4.337,4.337,0.0,0.0,0.0,0.0
511,15.328,19956.0,enc/off/vf=off/lk=0,4.335,4.335,4.335,0.0,-3.216,0.0,0.0
512,15.348,19976.0,enc/off/vf=off/lk=0,4.337,4.337,4.337,0.0,-3.278,0.0,0.0
513,15.368,19996.0,enc/off/vf=off/lk=0,4.337,4.337,4.337,0.0,0.0,0.0,0.0
514,15.388,20016.0,enc/off/vf=off/lk=0,4.335,4.335,4.335,0.0,0.0,0.0,0.0
515,15.408,20036.0,enc/off/vf=off/lk=0,4.335,4.335,4.335,0.0,3.264,0.0,0.0
516,15.428,20056.0,enc/off/vf=off/lk=0,4.335,4.335,4.335,0.0,0.0,0.0,0.0
517,15.448,20076.0,vf/smo/vf=on/lk=1,4.383,4.488,4.003,0.38,2.668,1.76,0.1503
518,15.468,20096.0,vf/smo/vf=on/lk=1,4.72,4.491,4.849,-0.129,16.795,-0.542,0.1509
519,15.488,20116.0,vf/smo/vf=on/lk=1,4.725,4.497,4.831,-0.106,0.153,0.896,0.1515
520,15.508,20136.0,vf/smo/vf=on/lk=1,4.726,4.507,4.819,-0.093,0.077,1.123,0.1521
521,15.528,20156.0,vf/smo/vf=on/lk=1,4.731,4.519,4.811,-0.08,0.231,1.143,0.1527
522,15.548,20176.0,vf/smo/vf=on/lk=1,4.74,4.535,4.803,-0.063,0.538,1.053,0.1534
523,15.568,20196.0,vf/smo/vf=on/lk=1,4.755,4.554,4.796,-0.041,0.684,0.801,0.154
524,15.588,20216.0,vf/smo/vf=on/lk=1,4.771,4.576,4.79,-0.02,0.771,0.695,0.1546
525,15.608,20236.0,vf/smo/vf=on/lk=1,4.788,4.602,4.783,0.004,0.849,0.658,0.1552
526,15.628,20256.0,vf/smo/vf=on/lk=1,4.807,4.631,4.777,0.03,0.986,0.336,0.1559
527,15.648,20276.0,vf/smo/vf=on/lk=1,4.832,4.662,4.774,0.058,1.24,0.557,0.1565
528,15.668,20296.0,vf/smo/vf=on/lk=1,4.87,4.697,4.775,0.096,1.911,0.478,0.1571
529,15.688,20316.0,vf/smo/vf=on/lk=1,4.923,4.735,4.779,0.144,2.595,0.601,0.1577
530,15.708,20336.0,vf/smo/vf=on/lk=1,4.981,4.777,4.789,0.192,2.977,0.743,0.1583
531,15.728,20356.0,vf/smo/vf=on/lk=1,5.022,4.821,4.808,0.214,2.084,1.203,0.159
532,15.748,20376.0,vf/smo/vf=on/lk=1,5.061,4.869,4.841,0.219,1.926,1.866,0.1596
533,15.768,20396.0,vf/smo/vf=on/lk=1,5.111,4.92,4.896,0.215,2.432,3.213,0.1602
534,15.788,20416.0,vf/smo/vf=on/lk=1,5.182,4.974,4.981,0.201,3.566,5.297,0.1608
535,15.808,20436.0,vf/smo/vf=on/lk=1,5.225,5.031,5.103,0.122,2.223,6.227,0.1614
536,15.828,20456.0,vf/smo/vf=on/lk=1,5.272,5.092,5.192,0.08,2.29,3.574,0.1621
537,15.848,20476.0,vf/smo/vf=on/lk=1,5.328,5.156,5.232,0.096,2.775,1.634,0.1627
538,15.868,20496.0,vf/smo/vf=on/lk=1,5.393,5.223,5.251,0.142,3.387,1.094,0.1633
539,15.888,20516.0,vf/smo/vf=on/lk=1,5.492,5.293,5.278,0.214,4.86,1.762,0.1639
540,15.908,20536.0,vf/smo/vf=on/lk=1,5.571,5.366,5.334,0.237,3.926,3.819,0.1645
541,15.928,20556.0,vf/smo/vf=on/lk=1,5.636,5.443,5.443,0.193,3.21,6.522,0.1652
542,15.948,20576.0,vf/smo/vf=on/lk=1,5.708,5.523,5.576,0.132,3.684,5.724,0.1658
543,15.968,20596.0,vf/smo/vf=on/lk=1,5.775,5.606,5.656,0.119,3.375,2.987,0.1664
544,15.988,20616.0,vf/smo/vf=on/lk=1,5.867,5.692,5.699,0.169,4.558,2.192,0.167
545,16.008,20636.0,vf/smo/vf=on/lk=1,5.958,5.782,5.752,0.206,4.476,3.167,0.1676
546,16.028,20656.0,vf/smo/vf=on/lk=1,6.081,5.873,5.844,0.237,6.29,6.444,0.1683
547,16.048,20676.0,vf/smo/vf=on/lk=1,6.134,5.969,6.0,0.135,2.681,7.354,0.1689
548,16.068,20696.0,vf/smo/vf=on/lk=1,6.229,6.069,6.104,0.126,4.718,3.766,0.1695
549,16.088,20716.0,vf/smo/vf=on/lk=1,6.343,6.171,6.162,0.181,5.704,2.919,0.1701
550,16.108,20736.0,vf/smo/vf=on/lk=1,6.438,6.276,6.242,0.196,4.779,5.17,0.1707
551,16.128,20756.0,vf/smo/vf=on/lk=1,6.576,6.386,6.384,0.192,6.733,8.472,0.1714
552,16.148,20776.0,vf/smo/vf=on/lk=1,6.642,6.497,6.527,0.115,3.383,5.246,0.172
553,16.168,20796.0,vf/smo/vf=on/lk=1,6.771,6.612,6.603,0.168,6.472,3.27,0.1726
554,16.188,20816.0,vf/smo/vf=on/lk=1,6.894,6.73,6.691,0.202,6.158,5.967,0.1732
555,16.208,20836.0,vf/smo/vf=on/lk=1,7.023,6.851,6.851,0.171,6.441,9.062,0.1738
556,16.228,20856.0,vf/smo/vf=on/lk=1,7.131,6.976,6.997,0.134,5.429,5.276,0.1745
557,16.248,20876.0,vf/smo/vf=on/lk=1,7.259,7.103,7.083,0.175,6.391,4.173,0.1751
558,16.268,20896.0,vf/smo/vf=on/lk=1,7.411,7.235,7.207,0.203,7.55,8.375,0.1757
559,16.288,20916.0,vf/smo/vf=on/lk=1,7.52,7.369,7.39,0.13,5.449,7.596,0.1763
560,16.308,20936.0,vf/smo/vf=on/lk=1,7.678,7.507,7.499,0.179,7.933,4.451,0.177
561,16.328,20956.0,vf/smo/vf=on/lk=1,7.811,7.647,7.615,0.196,6.7,7.143,0.1776
562,16.348,20976.0,vf/smo/vf=on/lk=1,7.957,7.792,7.802,0.155,7.096,9.531,0.1782
563,16.368,20996.0,vf/smo/vf=on/lk=1,8.089,7.937,7.937,0.151,6.757,4.751,0.1788
564,16.388,21016.0,vf/smo/vf=on/lk=1,8.259,8.088,8.054,0.205,8.447,7.757,0.1794
565,16.408,21036.0,vf/smo/vf=on/lk=1,8.417,8.241,8.246,0.171,7.851,9.877,0.1801
566,16.428,21056.0,vf/smo/vf=on/lk=1,8.553,8.399,8.393,0.161,6.859,5.349,0.1807
567,16.448,21076.0,vf/smo/vf=on/lk=1,8.744,8.558,8.519,0.225,9.622,8.642,0.1813
568,16.468,21096.0,vf/smo/vf=on/lk=1,8.883,8.722,8.731,0.152,6.869,9.495,0.1819
569,16.488,21116.0,vf/smo/vf=on/lk=1,9.043,8.887,8.872,0.171,8.0,6.052,0.1825
570,16.508,21136.0,vf/smo/vf=on/lk=1,9.241,9.057,9.028,0.213,9.891,10.384,0.1832
571,16.528,21156.0,vf/smo/vf=on/lk=1,9.373,9.229,9.236,0.136,6.707,7.751,0.1838
572,16.548,21176.0,vf/smo/vf=on/lk=1,9.552,9.404,9.371,0.181,8.94,7.602,0.1844
573,16.568,21196.0,vf/smo/vf=on/lk=1,9.748,9.584,9.579,0.17,9.711,11.854,0.185
574,16.588,21216.0,vf/smo/vf=on/lk=1,9.9,9.765,9.756,0.145,7.735,6.55,0.1856
575,16.608,21236.0,vf/smo/vf=on/lk=1,10.106,9.952,9.926,0.18,10.13,11.094,0.1863
576,16.628,21256.0,vf/smo/vf=on/lk=1,10.287,10.141,10.144,0.143,8.963,8.34,0.1869
577,16.648,21276.0,vf/smo/vf=on/lk=1,10.482,10.332,10.298,0.184,9.846,8.732,0.1875
578,16.668,21296.0,vf/smo/vf=on/lk=1,10.67,10.528,10.531,0.139,9.474,11.161,0.1881
579,16.688,21316.0,vf/smo/vf=on/lk=1,10.876,10.726,10.701,0.175,10.211,8.061,0.1887
580,16.708,21336.0,vf/smo/vf=on/lk=1,11.085,10.926,10.917,0.168,10.509,13.041,0.1894
581,16.728,21356.0,vf/smo/vf=on/lk=1,11.279,11.132,11.116,0.163,9.709,7.347,0.19
582,16.748,21376.0,vf/smo/vf=on/lk=1,11.508,11.34,11.319,0.189,11.378,13.05,0.1906
583,16.768,21396.0,vf/smo/vf=on/lk=1,11.687,11.551,11.544,0.143,8.957,8.207,0.1912
584,16.788,21416.0,vf/smo/vf=on/lk=1,11.931,11.764,11.737,0.194,12.364,13.057,0.1918
585,16.808,21436.0,vf/smo/vf=on/lk=1,12.122,11.982,11.977,0.145,9.478,8.804,0.1925
586,16.828,21456.0,vf/smo/vf=on/lk=1,12.364,12.2,12.169,0.195,12.253,12.542,0.1931
587,16.848,21476.0,vf/smo/vf=on/lk=1,12.559,12.426,12.423,0.135,9.652,9.232,0.1937
588,16.868,21496.0,vf/smo/vf=on/lk=1,12.801,12.653,12.625,0.177,12.063,12.667,0.1943
589,16.888,21516.0,vf/smo/vf=on/lk=1,13.008,12.883,12.878,0.13,10.335,9.539,0.1949
590,16.908,21536.0,vf/smo/vf=on/lk=1,13.257,13.114,13.086,0.171,12.699,13.984,0.1956
591,16.928,21556.0,vf/smo/vf=on/lk=1,13.482,13.352,13.343,0.139,11.054,9.58,0.1962
592,16.948,21576.0,vf/smo/vf=on/lk=1,13.741,13.593,13.571,0.171,13.036,14.379,0.1968
593,16.968,21596.0,vf/smo/vf=on/lk=1,13.976,13.836,13.818,0.158,11.695,9.505,0.1974
594,16.988,21616.0,vf/smo/vf=on/lk=1,14.235,14.083,14.07,0.165,12.921,15.191,0.1981
595,17.008,21636.0,vf/smo/vf=on/lk=1,14.473,14.33,14.306,0.168,12.002,9.834,0.1987
596,17.028,21656.0,vf/smo/vf=on/lk=1,14.735,14.583,14.579,0.156,13.119,14.166,0.1993
597,17.048,21676.0,vf/smo/vf=on/lk=1,14.99,14.841,14.808,0.182,12.695,11.598,0.1999
598,17.068,21696.0,vf/smo/vf=on/lk=1,15.237,15.099,15.096,0.141,12.309,12.114,0.2005
599,17.088,21716.0,vf/smo/vf=on/lk=1,15.515,15.361,15.332,0.182,13.883,14.502,0.2012
600,17.108,21736.0,vf/smo/vf=on/lk=1,15.751,15.625,15.611,0.14,11.858,10.708,0.2018
601,17.128,21756.0,vf/smo/vf=on/lk=1,16.041,15.895,15.881,0.159,14.441,16.108,0.2024
602,17.148,21776.0,vf/smo/vf=on/lk=1,16.289,16.168,16.14,0.149,12.389,11.963,0.203
603,17.168,21796.0,vf/smo/vf=on/lk=1,16.576,16.443,16.439,0.137,14.338,13.037,0.2036
604,17.188,21816.0,vf/smo/vf=on/lk=1,16.852,16.718,16.691,0.162,14.037,15.621,0.2043
605,17.208,21836.0,vf/smo/vf=on/lk=1,17.131,17.0,16.981,0.15,13.828,11.438,0.2049
606,17.228,21856.0,vf/smo/vf=on/lk=1,17.424,17.287,17.281,0.143,14.545,15.643,0.2055
607,17.248,21876.0,vf/smo/vf=on/lk=1,17.717,17.574,17.542,0.175,14.753,14.857,0.2061
608,17.268,21896.0,vf/smo/vf=on/lk=1,17.986,17.863,17.851,0.135,13.456,12.217,0.2067
609,17.288,21916.0,vf/smo/vf=on/lk=1,18.31,18.158,18.146,0.163,16.138,17.214,0.2074
610,17.308,21936.0,vf/smo/vf=on/lk=1,18.583,18.456,18.425,0.158,13.691,14.07,0.208
611,17.328,21956.0,vf/smo/vf=on/lk=1,18.877,18.754,18.742,0.135,14.762,12.812,0.2086
612,17.348,21976.0,vf/smo/vf=on/lk=1,19.196,19.06,19.047,0.149,15.81,17.415,0.2092
613,17.368,21996.0,vf/smo/vf=on/lk=1,19.486,19.368,19.337,0.149,14.501,15.492,0.2098
614,17.388,22016.0,vf/smo/vf=on/lk=1,19.793,19.676,19.661,0.132,15.463,13.03,0.2105
615,17.408,22036.0,vf/smo/vf=on/lk=1,20.121,19.993,19.987,0.134,16.304,16.731,0.2111
616,17.428,22056.0,vf/smo/vf=on/lk=1,20.442,20.31,20.284,0.158,15.988,16.98,0.2117
617,17.448,22076.0,vf/smo/vf=on/lk=1,20.753,20.625,20.603,0.15,15.812,13.34,0.2123
618,17.468,22096.0,vf/smo/vf=on/lk=1,21.085,20.951,20.942,0.143,16.246,15.371,0.2129
619,17.488,22116.0,vf/smo/vf=on/lk=1,21.424,21.276,21.254,0.169,17.025,19.377,0.2136
620,17.508,22136.0,vf/smo/vf=on/lk=1,21.727,21.605,21.574,0.153,15.379,15.684,0.2142
621,17.528,22156.0,vf/smo/vf=on/lk=1,22.059,21.941,21.921,0.138,16.395,14.08,0.2148
622,17.548,22176.0,vf/smo/vf=on/lk=1,22.399,22.274,22.266,0.133,16.993,16.983,0.2154
623,17.568,22196.0,vf/smo/vf=on/lk=1,22.734,22.616,22.597,0.137,16.774,19.539,0.2161
624,17.588,22216.0,vf/smo/vf=on/lk=1,23.07,22.956,22.927,0.143,16.883,16.833,0.2167
625,17.608,22236.0,vf/smo/vf=on/lk=1,23.424,23.303,23.284,0.14,17.533,14.466,0.2173
626,17.628,22256.0,vf/smo/vf=on/lk=1,23.771,23.651,23.643,0.128,17.443,16.539,0.2179
627,17.648,22276.0,vf/smo/vf=on/lk=1,24.137,24.002,23.988,0.149,18.377,20.368,0.2185
628,17.668,22296.0,vf/smo/vf=on/lk=1,24.487,24.356,24.327,0.16,17.569,18.792,0.2192
629,17.688,22316.0,vf/smo/vf=on/lk=1,24.826,24.712,24.684,0.142,17.008,16.036,0.2198
630,17.708,22336.0,vf/smo/vf=on/lk=1,25.189,25.077,25.059,0.131,18.035,15.661,0.2204
631,17.728,22356.0,vf/smo/vf=on/lk=1,25.558,25.441,25.431,0.127,18.406,17.781,0.221
632,17.748,22376.0,vf/smo/vf=on/lk=1,25.926,25.808,25.794,0.132,18.263,20.69,0.2216
633,17.768,22396.0,vf/smo/vf=on/lk=1,26.294,26.177,26.152,0.142,18.59,20.678,0.2222
634,17.788,22416.0,vf/smo/vf=on/lk=1,26.67,26.552,26.521,0.149,18.861,18.266,0.2229
635,17.808,22436.0,vf/smo/vf=on/lk=1,27.049,26.931,26.906,0.142,18.939,16.353,0.2235
636,17.828,22456.0,vf/smo/vf=on/lk=1,27.429,27.308,27.291,0.138,18.96,16.63,0.2241
637,17.848,22476.0,vf/smo/vf=on/lk=1,27.819,27.694,27.683,0.136,19.511,18.769,0.2247
638,17.868,22496.0,vf/smo/vf=on/lk=1,28.207,28.085,28.071,0.136,19.25,20.82,0.2254
639,17.888,22516.0,vf/smo/vf=on/lk=1,28.586,28.471,28.45,0.136,19.013,22.36,0.226
640,17.908,22536.0,vf/smo/vf=on/lk=1,28.969,28.865,28.839,0.13,19.376,21.731,0.2266
641,17.928,22556.0,vf/smo/vf=on/lk=1,29.371,29.263,29.234,0.138,19.821,19.713,0.2272
642,17.948,22576.0,vf/smo/vf=on/lk=1,29.773,29.662,29.635,0.138,20.162,18.118,0.2278
643,17.968,22596.0,vf/smo/vf=on/lk=1,30.176,30.064,30.04,0.137,20.357,17.3,0.2285
644,17.988,22616.0,vf/smo/vf=on/lk=1,30.585,30.473,30.454,0.13,20.145,17.684,0.2291
645,18.008,22636.0,vf/smo/vf=on/lk=1,30.996,30.879,30.864,0.132,20.757,18.648,0.2297
646,18.028,22656.0,vf/smo/vf=on/lk=1,31.407,31.294,31.28,0.127,20.318,19.983,0.2303
647,18.048,22676.0,vf/smo/vf=on/lk=1,31.815,31.707,31.694,0.121,20.657,21.577,0.2309
648,18.068,22696.0,vf/smo/vf=on/lk=1,32.232,32.125,32.113,0.119,20.776,22.921,0.2316
649,18.088,22716.0,vf/smo/vf=on/lk=1,32.658,32.55,32.536,0.122,21.422,23.52,0.2322
650,18.108,22736.0,vf/smo/vf=on/lk=1,33.094,32.977,32.958,0.136,21.505,24.096,0.2328
651,18.128,22756.0,vf/smo/vf=on/lk=1,33.525,33.402,33.38,0.146,21.806,24.04,0.2334
652,18.148,22776.0,vf/smo/vf=on/lk=1,33.961,33.837,33.813,0.148,21.576,23.962,0.234
653,18.168,22796.0,vf/smo/vf=on/lk=1,34.384,34.273,34.245,0.139,21.302,23.424,0.2347
654,18.188,22816.0,vf/smo/vf=on/lk=1,34.811,34.71,34.682,0.129,21.318,23.285,0.2353
655,18.208,22836.0,vf/smo/vf=on/lk=1,35.248,35.149,35.12,0.128,21.869,23.37,0.2359
656,18.228,22856.0,vf/smo/vf=on/lk=1,35.7,35.598,35.567,0.133,22.538,23.662,0.2365
657,18.248,22876.0,vf/smo/vf=on/lk=1,36.151,36.044,36.014,0.138,22.542,23.392,0.2371
658,18.268,22896.0,vf/smo/vf=on/lk=1,36.604,36.491,36.459,0.145,22.955,23.602,0.2378
659,18.288,22916.0,vf/smo/vf=on/lk=1,37.063,36.95,36.919,0.144,22.713,23.897,0.2384
660,18.308,22936.0,vf/smo/vf=on/lk=1,37.51,37.404,37.373,0.137,22.486,24.267,0.239
661,18.328,22956.0,vf/smo/vf=on/lk=1,37.966,37.869,37.84,0.126,22.634,24.684,0.2396
662,18.348,22976.0,vf/smo/vf=on/lk=1,38.423,38.326,38.299,0.124,22.988,25.099,0.2402
663,18.368,22996.0,vf/smo/vf=on/lk=1,38.899,38.8,38.776,0.122,23.644,25.918,0.2409
664,18.388,23016.0,vf/smo/vf=on/lk=1,39.377,39.268,39.248,0.13,23.804,26.254,0.2415
665,18.408,23036.0,vf/smo/vf=on/lk=1,39.857,39.742,39.723,0.134,24.189,26.02,0.2421
666,18.428,23056.0,vf/smo/vf=on/lk=1,40.327,40.214,40.195,0.132,23.658,25.764,0.2427
667,18.448,23076.0,vf/smo/vf=on/lk=1,40.801,40.697,40.68,0.121,23.562,24.795,0.2434
668,18.468,23096.0,vf/smo/vf=on/lk=1,41.275,41.18,41.163,0.111,23.669,23.977,0.244
669,18.488,23116.0,vf/smo/vf=on/lk=1,41.763,41.667,41.647,0.116,24.232,22.562,0.2446
670,18.508,23136.0,vf/smo/vf=on/lk=1,42.254,42.157,42.134,0.12,24.491,21.933,0.2452
671,18.528,23156.0,vf/smo/vf=on/lk=1,42.749,42.651,42.622,0.127,24.9,21.745,0.2458
672,18.548,23176.0,vf/smo/vf=on/lk=1,43.243,43.144,43.113,0.13,24.816,22.493,0.2465
673,18.568,23196.0,vf/smo/vf=on/lk=1,43.735,43.641,43.607,0.128,24.788,24.13,0.2471
674,18.588,23216.0,vf/smo/vf=on/lk=1,44.231,44.143,44.111,0.12,24.682,26.285,0.2477
675,18.608,23236.0,vf/smo/vf=on/lk=1,44.739,44.648,44.622,0.116,25.24,28.096,0.2483
676,18.628,23256.0,vf/smo/vf=on/lk=1,45.251,45.158,45.14,0.111,25.741,27.4,0.2489
677,18.648,23276.0,vf/smo/vf=on/lk=1,45.766,45.668,45.654,0.112,25.806,25.583,0.2496
678,18.668,23296.0,vf/smo/vf=on/lk=1,46.288,46.185,46.165,0.123,26.017,23.328,0.2502
679,18.688,23316.0,vf/smo/vf=on/lk=1,46.796,46.703,46.675,0.121,25.441,23.099,0.2508
680,18.708,23336.0,vf/smo/vf=on/lk=1,47.313,47.228,47.195,0.118,25.68,25.244,0.2514
681,18.728,23356.0,vf/smo/vf=on/lk=1,47.833,47.752,47.723,0.11,26.03,27.851,0.252
682,18.748,23376.0,vf/smo/vf=on/lk=1,48.363,48.275,48.254,0.109,26.783,29.092,0.2527
683,18.768,23396.0,vf/smo/vf=on/lk=1,48.908,48.813,48.794,0.114,26.686,26.577,0.2533
684,18.788,23416.0,vf/smo/vf=on/lk=1,49.44,49.347,49.323,0.117,26.85,24.264,0.2539
685,18.808,23436.0,vf/smo/vf=on/lk=1,49.969,49.879,49.846,0.123,26.636,24.579,0.2545
686,18.828,23456.0,vf/smo/vf=on/lk=1,50.502,50.421,50.387,0.115,26.583,27.458,0.2551
687,18.848,23476.0,vf/smo/vf=on/lk=1,51.051,50.966,50.942,0.109,27.274,30.234,0.2558
688,18.868,23496.0,vf/smo/vf=on/lk=1,51.602,51.512,51.496,0.106,27.531,27.255,0.2564
689,18.888,23516.0,vf/smo/vf=on/lk=1,52.152,52.062,52.04,0.113,27.805,24.557,0.257
690,18.908,23536.0,vf/smo/vf=on/lk=1,52.715,52.62,52.586,0.129,27.892,26.426,0.2576
691,18.928,23556.0,vf/smo/vf=on/lk=1,53.263,53.171,53.142,0.121,27.593,30.083,0.2582
692,18.948,23576.0,vf/smo/vf=on/lk=1,53.814,53.731,53.712,0.101,27.469,29.418,0.2589
693,18.968,23596.0,vf/smo/vf=on/lk=1,54.38,54.299,54.275,0.105,28.155,25.249,0.2595
694,18.988,23616.0,vf/smo/vf=on/lk=1,54.943,54.859,54.826,0.117,28.473,26.668,0.2601
695,19.008,23636.0,vf/smo/vf=on/lk=1,55.527,55.432,55.404,0.123,28.972,31.07,0.2607
696,19.028,23656.0,vf/smo/vf=on/lk=1,56.101,56.007,55.989,0.112,28.632,28.41,0.2614
697,19.048,23676.0,vf/smo/vf=on/lk=1,56.659,56.582,56.554,0.105,27.988,25.814,0.262
698,19.068,23696.0,vf/smo/vf=on/lk=1,57.236,57.159,57.127,0.108,28.718,29.49,0.2626
699,19.088,23716.0,vf/smo/vf=on/lk=1,57.819,57.739,57.718,0.101,29.463,31.11,0.2632
700,19.108,23736.0,vf/smo/vf=on/lk=1,58.409,58.322,58.302,0.108,29.443,26.802,0.2638
701,19.128,23756.0,vf/smo/vf=on/lk=1,59.011,58.918,58.883,0.128,29.876,28.252,0.2645
702,19.148,23776.0,vf/smo/vf=on/lk=1,59.594,59.509,59.483,0.111,29.204,32.068,0.2651
703,19.168,23796.0,vf/smo/vf=on/lk=1,60.173,60.1,60.078,0.095,29.094,27.959,0.2657
704,19.188,23816.0,vf/smo/vf=on/lk=1,60.77,60.695,60.659,0.111,30.08,27.968,0.2663
705,19.208,23836.0,vf/smo/vf=on/lk=1,61.382,61.296,61.268,0.114,30.362,32.549,0.2664
706,19.228,23856.0,vf/smo/vf=on/lk=1,61.988,61.901,61.883,0.106,30.167,28.175,0.2664
707,19.248,23876.0,vf/smo/vf=on/lk=1,62.577,62.497,62.467,0.111,29.715,28.353,0.2664
708,19.268,23896.0,vf/smo/vf=on/lk=1,63.175,63.098,63.08,0.096,29.881,32.576,0.2664
709,19.288,23916.0,vf/smo/vf=on/lk=1,63.769,63.694,63.685,0.084,29.761,28.188,0.2664
710,19.308,23936.0,vf/smo/vf=on/lk=1,64.383,64.3,64.28,0.103,30.438,28.912,0.2664
711,19.328,23956.0,vf/smo/vf=on/lk=1,64.995,64.9,64.891,0.104,30.64,32.569,0.2664
712,19.348,23976.0,vf/smo/vf=on/lk=1,65.585,65.497,65.489,0.097,29.534,27.844,0.2664
713,19.368,23996.0,vf/smo/vf=on/lk=1,66.177,66.103,66.081,0.097,29.438,28.967,0.2664
714,19.388,24016.0,vf/smo/vf=on/lk=1,66.776,66.702,66.693,0.082,29.992,32.2,0.2664
715,19.408,24036.0,vf/smo/vf=on/lk=1,67.377,67.299,67.292,0.086,30.181,27.567,0.2664
716,19.428,24056.0,vf/smo/vf=on/lk=1,67.983,67.896,67.874,0.109,30.436,28.966,0.2664
717,19.448,24076.0,vf/smo/vf=on/lk=1,68.586,68.496,68.483,0.103,30.199,32.208,0.2664
718,19.468,24096.0,vf/smo/vf=on/lk=1,69.181,69.103,69.091,0.09,29.309,27.466,0.2664
719,19.488,24116.0,vf/smo/vf=on/lk=1,69.772,69.701,69.679,0.093,29.729,29.542,0.2664
720,19.508,24136.0,vf/smo/vf=on/lk=1,70.378,70.299,70.288,0.089,30.41,32.3,0.2664
721,19.528,24156.0,vf/smo/vf=on/lk=1,70.979,70.896,70.886,0.093,30.17,27.273,0.2664
722,19.548,24176.0,vf/smo/vf=on/lk=1,71.597,71.503,71.479,0.118,30.552,29.637,0.2664
723,19.568,24196.0,vf/smo/vf=on/lk=1,72.188,72.1,72.09,0.098,29.466,32.079,0.2664
724,19.588,24216.0,vf/smo/vf=on/lk=1,72.767,72.697,72.687,0.081,29.347,27.259,0.2664
725,19.608,24236.0,vf/smo/vf=on/lk=1,73.373,73.296,73.272,0.101,30.218,29.617,0.2664
726,19.628,24256.0,vf/smo/vf=on/lk=1,73.987,73.903,73.891,0.096,30.485,31.771,0.2664
727,19.648,24276.0,vf/smo/vf=on/lk=1,74.585,74.501,74.487,0.098,29.945,27.245,0.2664
728,19.668,24296.0,vf/smo/vf=on/lk=1,75.183,75.099,75.074,0.109,29.908,29.87,0.2664
729,19.688,24316.0,vf/smo/vf=on/lk=1,75.773,75.696,75.685,0.088,29.798,32.02,0.2664
730,19.708,24336.0,vf/smo/vf=on/lk=1,76.377,76.304,76.292,0.085,29.79,26.995,0.2664
731,19.728,24356.0,vf/smo/vf=on/lk=1,76.986,76.902,76.881,0.104,30.507,30.303,0.2664
732,19.748,24376.0,vf/smo/vf=on/lk=1,77.593,77.499,77.491,0.102,30.484,31.685,0.2664
733,19.768,24396.0,vf/smo/vf=on/lk=1,78.181,78.097,78.085,0.096,29.525,27.111,0.2664
734,19.788,24416.0,vf/smo/vf=on/lk=1,78.771,78.696,78.671,0.1,29.448,29.931,0.2664
735,19.808,24436.0,vf/smo/vf=on/lk=1,79.379,79.302,79.292,0.087,30.24,31.376,0.2664
736,19.828,24456.0,vf/smo/vf=on/lk=1,79.979,79.9,79.887,0.092,30.077,27.029,0.2664
737,19.848,24476.0,vf/smo/vf=on/lk=1,80.586,80.498,80.475,0.111,30.45,30.399,0.2664
738,19.868,24496.0,vf/smo/vf=on/lk=1,81.187,81.095,81.085,0.103,30.167,31.503,0.2664
739,19.888,24516.0,vf/smo/vf=on/lk=1,81.777,81.703,81.687,0.09,29.157,27.041,0.2664
740,19.908,24536.0,vf/smo/vf=on/lk=1,82.375,82.301,82.278,0.097,29.934,30.802,0.2664
741,19.928,24556.0,vf/smo/vf=on/lk=1,82.979,82.898,82.889,0.09,30.21,31.391,0.2664
742,19.948,24576.0,vf/smo/vf=on/lk=1,83.582,83.496,83.483,0.099,30.461,26.798,0.2664
743,19.968,24596.0,vf/smo/vf=on/lk=1,84.191,84.096,84.073,0.118,30.26,30.556,0.2664
744,19.988,24616.0,vf/smo/vf=on/lk=1,84.788,84.702,84.694,0.094,29.589,31.385,0.2664
745,20.008,24636.0,vf/smo/vf=on/lk=1,85.368,85.299,85.284,0.084,29.311,26.985,0.2664
746,20.028,24656.0,vf/smo/vf=on/lk=1,85.977,85.898,85.876,0.101,30.421,31.124,0.2664
747,20.048,24676.0,vf/smo/vf=on/lk=1,86.587,86.503,86.496,0.091,30.303,30.78,0.2664
748,20.068,24696.0,vf/smo/vf=on/lk=1,87.185,87.101,87.085,0.1,30.054,26.878,0.2664
749,20.088,24716.0,vf/smo/vf=on/lk=1,87.787,87.701,87.678,0.108,29.88,31.275,0.2664
750,20.108,24736.0,vf/smo/vf=on/lk=1,88.373,88.296,88.287,0.086,29.733,30.887,0.2664
751,20.128,24756.0,vf/smo/vf=on/lk=1,88.975,88.902,88.886,0.089,29.821,27.085,0.2664
752,20.148,24776.0,vf/smo/vf=on/lk=1,89.589,89.502,89.481,0.108,30.637,31.64,0.2664
753,20.168,24796.0,vf/smo/vf=on/lk=1,90.189,90.097,90.088,0.101,30.297,30.597,0.2664
754,20.188,24816.0,vf/smo/vf=on/lk=1,90.786,90.703,90.686,0.1,29.44,26.989,0.2664
755,20.208,24836.0,vf/smo/vf=on/lk=1,91.372,91.294,91.27,0.102,29.799,31.496,0.2664
756,20.228,24856.0,vf/smo/vf=on/lk=1,91.973,91.898,91.889,0.084,29.897,30.463,0.2664
757,20.248,24876.0,vf/smo/vf=on/lk=1,92.573,92.495,92.479,0.094,30.16,26.855,0.2664
758,20.268,24896.0,vf/smo/vf=on/lk=1,93.185,93.095,93.073,0.112,30.551,31.715,0.2664
759,20.288,24916.0,vf/smo/vf=on/lk=1,93.791,93.699,93.69,0.101,29.899,30.257,0.2664
760,20.308,24936.0,vf/smo/vf=on/lk=1,94.369,94.295,94.277,0.092,29.361,27.195,0.2664
761,20.328,24956.0,vf/smo/vf=on/lk=1,94.973,94.897,94.875,0.098,29.836,31.712,0.2664
762,20.348,24976.0,vf/smo/vf=on/lk=1,95.581,95.5,95.492,0.089,30.486,29.876,0.2664
763,20.368,24996.0,vf/smo/vf=on/lk=1,96.181,96.097,96.078,0.102,30.172,27.154,0.2664
764,20.388,25016.0,vf/smo/vf=on/lk=1,96.793,96.699,96.676,0.116,30.475,31.931,0.2664
765,20.408,25036.0,vf/smo/vf=on/lk=1,97.385,97.302,97.292,0.093,29.46,29.767,0.2664
766,20.428,25056.0,vf/smo/vf=on/lk=1,97.969,97.898,97.879,0.09,29.445,27.168,0.2664
767,20.448,25076.0,vf/smo/vf=on/lk=1,98.578,98.5,98.479,0.099,30.286,32.257,0.2664
768,20.468,25096.0,vf/smo/vf=on/lk=1,99.184,99.102,99.095,0.089,30.215,29.46,0.2664
769,20.488,25116.0,vf/smo/vf=on/lk=1,99.784,99.699,99.681,0.103,30.179,27.214,0.2664
770,20.508,25136.0,vf/smo/vf=on/lk=1,100.388,100.303,100.284,0.104,29.978,32.262,0.2664
771,20.528,25156.0,vf/smo/vf=on/lk=1,100.97,100.895,100.887,0.083,29.485,29.672,0.2664
772,20.548,25176.0,vf/smo/vf=on/lk=1,101.573,101.501,101.482,0.09,29.868,27.325,0.2664
773,20.568,25196.0,vf/smo/vf=on/lk=1,102.183,102.095,102.076,0.107,30.783,32.324,0.2664
774,20.588,25216.0,vf/smo/vf=on/lk=1,102.791,102.698,102.69,0.101,30.178,28.9,0.2664
775,20.608,25236.0,vf/smo/vf=on/lk=1,103.386,103.303,103.284,0.102,29.577,27.442,0.2664
776,20.628,25256.0,vf/smo/vf=on/lk=1,103.973,103.897,103.878,0.096,29.62,32.625,0.2664
777,20.648,25276.0,vf/smo/vf=on/lk=1,104.578,104.5,104.489,0.088,29.961,29.036,0.2664
778,20.668,25296.0,vf/smo/vf=on/lk=1,105.174,105.096,105.074,0.1,30.204,27.542,0.2664
779,20.688,25316.0,vf/smo/vf=on/lk=1,105.791,105.701,105.682,0.109,30.534,32.634,0.2664
780,20.708,25336.0,vf/smo/vf=on/lk=1,106.391,106.302,106.293,0.098,29.961,28.811,0.2664
781,20.728,25356.0,vf/smo/vf=on/lk=1,106.972,106.898,106.877,0.095,29.264,27.525,0.2664
782,20.748,25376.0,vf/smo/vf=on/lk=1,107.567,107.494,107.475,0.093,29.94,32.624,0.2664
783,20.768,25396.0,vf/smo/vf=on/lk=1,108.175,108.096,108.086,0.089,30.27,28.815,0.2664
784,20.788,25416.0,vf/smo/vf=on/lk=1,108.785,108.701,108.68,0.105,30.399,27.676,0.2664
785,20.808,25436.0,vf/smo/vf=on/lk=1,109.391,109.297,109.279,0.112,30.376,32.439,0.2664
786,20.828,25456.0,vf/smo/vf=on/lk=1,109.98,109.899,109.889,0.091,29.379,28.609,0.2664
787,20.848,25476.0,vf/smo/vf=on/lk=1,110.566,110.495,110.473,0.093,29.363,27.81,0.2664
788,20.868,25496.0,vf/smo/vf=on/lk=1,111.18,111.101,111.086,0.094,30.472,32.815,0.2664
789,20.888,25516.0,vf/smo/vf=on/lk=1,111.786,111.703,111.693,0.093,30.245,28.151,0.2664
790,20.908,25536.0,vf/smo/vf=on/lk=1,112.383,112.298,112.277,0.106,30.098,27.927,0.2664
791,20.928,25556.0,vf/smo/vf=on/lk=1,112.979,112.894,112.877,0.102,29.971,32.55,0.2664
792,20.948,25576.0,vf/smo/vf=on/lk=1,113.57,113.496,113.486,0.084,29.47,28.283,0.2664
793,20.968,25596.0,vf/smo/vf=on/lk=1,114.174,114.1,114.078,0.096,30.024,28.125,0.2664
794,20.988,25616.0,vf/smo/vf=on/lk=1,114.785,114.698,114.684,0.101,30.606,32.779,0.2664
795,21.008,25636.0,vf/smo/vf=on/lk=1,115.389,115.3,115.291,0.098,30.095,27.94,0.2664
796,21.028,25656.0,vf/smo/vf=on/lk=1,115.975,115.895,115.874,0.101,29.601,28.137,0.2664
797,21.048,25676.0,vf/smo/vf=on/lk=1,116.583,116.504,116.491,0.092,29.749,32.742,0.2664
798,21.068,25696.0,vf/smo/vf=on/lk=1,117.172,117.094,117.085,0.086,29.928,28.035,0.2664
799,21.088,25716.0,vf/smo/vf=on/lk=1,117.778,117.698,117.676,0.102,30.293,28.284,0.2664
800,21.108,25736.0,vf/smo/vf=on/lk=1,118.39,118.297,118.282,0.108,30.621,32.747,0.2664
801,21.128,25756.0,vf/smo/vf=on/lk=1,118.983,118.897,118.885,0.098,29.675,27.864,0.2664
802,21.148,25776.0,vf/smo/vf=on/lk=1,119.574,119.502,119.478,0.096,29.314,28.742,0.2664
803,21.168,25796.0,vf/smo/vf=on/lk=1,120.177,120.102,120.087,0.089,30.17,32.502,0.2664
804,21.188,25816.0,vf/smo/vf=on/lk=1,120.783,120.702,120.691,0.092,30.285,27.577,0.2664
805,21.208,25836.0,vf/smo/vf=on/lk=1,121.381,121.295,121.273,0.108,30.232,28.688,0.2664
806,21.228,25856.0,vf/smo/vf=on/lk=1,121.99,121.896,121.882,0.108,30.389,32.654,0.2664
807,21.248,25876.0,vf/smo/vf=on/lk=1,122.577,122.496,122.482,0.095,29.414,27.658,0.2664
808,21.268,25896.0,vf/smo/vf=on/lk=1,123.168,123.099,123.075,0.093,29.379,29.098,0.2664
809,21.288,25916.0,vf/smo/vf=on/lk=1,123.782,123.701,123.689,0.092,30.525,32.789,0.2664
810,21.308,25936.0,vf/smo/vf=on/lk=1,124.384,124.3,124.287,0.098,30.194,27.347,0.2664
811,21.328,25956.0,vf/smo/vf=on/lk=1,124.989,124.904,124.878,0.111,30.165,29.237,0.2664
812,21.348,25976.0,vf/smo/vf=on/lk=1,125.581,125.496,125.482,0.099,29.777,32.754,0.2664
813,21.368,25996.0,vf/smo/vf=on/lk=1,126.171,126.096,126.083,0.088,29.613,27.474,0.2664
814,21.388,26016.0,vf/smo/vf=on/lk=1,126.774,126.7,126.679,0.096,29.984,29.536,0.2664
815,21.408,26036.0,vf/smo/vf=on/lk=1,127.391,127.304,127.294,0.097,30.526,31.922,0.2664
816,21.428,26056.0,vf/smo/vf=on/lk=1,127.991,127.902,127.891,0.1,30.172,27.257,0.2664
817,21.448,26076.0,vf/smo/vf=on/lk=1,128.578,128.495,128.474,0.104,29.755,29.337,0.2664
818,21.468,26096.0,vf/smo/vf=on/lk=1,129.177,129.098,129.085,0.091,29.709,32.238,0.2664
819,21.488,26116.0,vf/smo/vf=on/lk=1,129.773,129.697,129.684,0.089,29.909,27.134,0.2664
820,21.508,26136.0,vf/smo/vf=on/lk=1,130.379,130.3,130.277,0.102,30.273,29.658,0.2664
821,21.528,26156.0,vf/smo/vf=on/lk=1,130.988,130.894,130.883,0.105,30.364,32.336,0.2664
822,21.548,26176.0,vf/smo/vf=on/lk=1,131.586,131.503,131.488,0.098,29.724,27.09,0.2664
823,21.568,26196.0,vf/smo/vf=on/lk=1,132.168,132.096,132.072,0.096,29.438,29.804,0.2664
824,21.588,26216.0,vf/smo/vf=on/lk=1,132.777,132.7,132.69,0.086,30.203,32.082,0.2664
825,21.608,26236.0,vf/smo/vf=on/lk=1,133.38,133.299,133.285,0.095,30.221,27.107,0.2664
826,21.628,26256.0,vf/smo/vf=on/lk=1,133.989,133.901,133.879,0.11,30.374,30.106,0.2664
827,21.648,26276.0,vf/smo/vf=on/lk=1,134.59,134.496,134.485,0.105,30.264,32.147,0.2664
828,21.668,26296.0,vf/smo/vf=on/lk=1,135.174,135.094,135.079,0.095,29.245,27.134,0.2664
829,21.688,26316.0,vf/smo/vf=on/lk=1,135.767,135.696,135.672,0.094,29.619,30.219,0.2664
830,21.708,26336.0,vf/smo/vf=on/lk=1,136.383,136.302,136.293,0.09,30.248,31.49,0.2664
831,21.728,26356.0,vf/smo/vf=on/lk=1,136.986,136.9,136.885,0.101,30.332,26.966,0.2664
832,21.748,26376.0,vf/smo/vf=on/lk=1,137.589,137.502,137.479,0.11,30.287,30.638,0.2664
833,21.768,26396.0,vf/smo/vf=on/lk=1,138.181,138.098,138.087,0.094,29.704,31.628,0.2664
834,21.788,26416.0,vf/smo/vf=on/lk=1,138.769,138.697,138.681,0.087,29.486,27.028,0.2664
835,21.808,26436.0,vf/smo/vf=on/lk=1,139.373,139.298,139.276,0.097,30.209,31.829,0.2664
836,21.828,26456.0,vf/smo/vf=on/lk=1,139.98,139.895,139.886,0.094,30.458,31.637,0.2664
837,21.848,26476.0,vf/smo/vf=on/lk=1,140.592,140.503,140.486,0.107,30.213,26.9,0.2664
838,21.868,26496.0,vf/smo/vf=on/lk=1,141.185,141.103,141.079,0.106,29.739,30.572,0.2664
839,21.888,26516.0,vf/smo/vf=on/lk=1,141.778,141.701,141.691,0.087,29.609,31.352,0.2664
840,21.908,26536.0,vf/smo/vf=on/lk=1,142.375,142.299,142.282,0.093,29.963,26.971,0.2664
841,21.928,26556.0,vf/smo/vf=on/lk=1,142.979,142.899,142.878,0.102,30.269,30.955,0.2664
842,21.948,26576.0,vf/smo/vf=on/lk=1,143.588,143.498,143.491,0.098,30.442,31.292,0.2664
843,21.968,26596.0,vf/smo/vf=on/lk=1,144.18,144.095,144.078,0.102,29.709,27.009,0.2664
844,21.988,26616.0,vf/smo/vf=on/lk=1,144.776,144.702,144.682,0.093,29.519,31.204,0.2664
845,22.008,26636.0,vf/smo/vf=on/lk=1,145.377,145.302,145.296,0.081,29.982,30.657,0.2664
846,22.028,26656.0,vf/smo/vf=on/lk=1,145.981,145.9,145.883,0.099,30.377,26.98,0.2664
847,22.048,26676.0,vf/smo/vf=on/lk=1,146.589,146.499,146.478,0.111,30.44,31.304,0.2664
848,22.068,26696.0,vf/smo/vf=on/lk=1,147.19,147.1,147.089,0.101,29.978,30.729,0.2664
849,22.088,26716.0,vf/smo/vf=on/lk=1,147.775,147.697,147.678,0.097,29.308,27.464,0.2664
850,22.108,26736.0,vf/smo/vf=on/lk=1,148.365,148.296,148.273,0.092,29.686,31.291,0.2664
851,22.128,26756.0,vf/smo/vf=on/lk=1,148.974,148.897,148.889,0.085,30.337,30.629,0.2664
852,22.148,26776.0,vf/smo/vf=on/lk=1,149.589,149.503,149.486,0.103,30.458,27.177,0.2664
853,22.168,26796.0,vf/smo/vf=on/lk=1,150.192,150.101,150.081,0.112,30.146,31.66,0.2664
854,22.188,26816.0,vf/smo/vf=on/lk=1,150.784,150.703,150.694,0.09,29.589,30.205,0.2664
855,22.208,26836.0,vf/smo/vf=on/lk=1,151.373,151.301,151.281,0.092,29.543,27.094,0.2664
856,22.228,26856.0,vf/smo/vf=on/lk=1,151.976,151.899,151.879,0.097,30.325,31.922,0.2664
857,22.248,26876.0,vf/smo/vf=on/lk=1,152.588,152.501,152.493,0.096,30.411,29.988,0.2664
858,22.268,26896.0,vf/smo/vf=on/lk=1,153.191,153.1,153.08,0.111,30.233,27.058,0.2664
859,22.288,26916.0,vf/smo/vf=on/lk=1,153.78,153.697,153.677,0.103,29.641,31.865,0.2664
860,22.308,26936.0,vf/smo/vf=on/lk=1,154.375,154.299,154.293,0.082,29.574,29.879,0.2664
861,22.328,26956.0,vf/smo/vf=on/lk=1,154.973,154.897,154.879,0.094,30.04,27.296,0.2664
862,22.348,26976.0,vf/smo/vf=on/lk=1,155.587,155.504,155.484,0.103,30.398,32.05,0.2664
863,22.368,26996.0,vf/smo/vf=on/lk=1,156.185,156.098,156.089,0.096,30.16,29.853,0.2664
864,22.388,27016.0,vf/smo/vf=on/lk=1,156.776,156.695,156.675,0.1,29.663,27.206,0.2664
865,22.408,27036.0,vf/smo/vf=on/lk=1,157.376,157.301,157.282,0.094,29.747,32.071,0.2664
866,22.428,27056.0,vf/smo/vf=on/lk=1,157.972,157.896,157.887,0.085,30.031,29.543,0.2664
867,22.448,27076.0,vf/smo/vf=on/lk=1,158.586,158.504,158.483,0.103,30.375,27.508,0.2664
868,22.468,27096.0,vf/smo/vf=on/lk=1,159.192,159.099,159.082,0.11,30.598,32.042,0.2664
869,22.488,27116.0,vf/smo/vf=on/lk=1,159.784,159.694,159.689,0.095,29.621,29.52,0.2664
870,22.508,27136.0,vf/smo/vf=on/lk=1,160.378,160.301,160.279,0.098,29.457,27.52,0.2664
871,22.528,27156.0,vf/smo/vf=on/lk=1,160.968,160.896,160.878,0.09,29.778,32.181,0.2664
872,22.548,27176.0,vf/smo/vf=on/lk=1,161.579,161.502,161.495,0.084,30.197,29.021,0.2664
873,22.568,27196.0,vf/smo/vf=on/lk=1,162.185,162.099,162.078,0.106,30.465,27.514,0.2664
874,22.588,27216.0,vf/smo/vf=on/lk=1,162.791,162.702,162.684,0.106,30.165,32.325,0.2664
875,22.608,27236.0,vf/smo/vf=on/lk=1,163.378,163.298,163.289,0.089,29.452,29.007,0.2664
876,22.628,27256.0,vf/smo/vf=on/lk=1,163.966,163.895,163.873,0.093,29.599,27.729,0.2664
877,22.648,27276.0,vf/smo/vf=on/lk=1,164.579,164.499,164.482,0.097,30.389,32.574,0.2664
878,22.668,27296.0,vf/smo/vf=on/lk=1,165.178,165.095,165.087,0.091,30.255,28.872,0.2664
879,22.688,27316.0,vf/smo/vf=on/lk=1,165.79,165.701,165.68,0.11,30.279,27.995,0.2664
880,22.708,27336.0,vf/smo/vf=on/lk=1,166.389,166.304,166.289,0.101,29.894,32.42,0.2664
881,22.728,27356.0,vf/smo/vf=on/lk=1,166.972,166.9,166.89,0.082,29.215,28.555,0.2664
882,22.748,27376.0,vf/smo/vf=on/lk=1,167.571,167.496,167.475,0.096,30.182,27.812,0.2664
883,22.768,27396.0,vf/smo/vf=on/lk=1,168.183,168.099,168.084,0.098,30.486,32.479,0.2664
884,22.788,27416.0,vf/smo/vf=on/lk=1,168.781,168.695,168.686,0.095,30.046,28.451,0.2664
885,22.808,27436.0,vf/smo/vf=on/lk=1,169.385,169.301,169.277,0.108,29.917,28.193,0.2664
886,22.828,27456.0,vf/smo/vf=on/lk=1,169.982,169.903,169.886,0.095,29.779,32.768,0.2664
887,22.848,27476.0,vf/smo/vf=on/lk=1,170.577,170.5,170.49,0.087,29.882,28.055,0.2664
888,22.868,27496.0,vf/smo/vf=on/lk=1,171.177,171.096,171.073,0.104,30.266,28.081,0.2664
889,22.888,27516.0,vf/smo/vf=on/lk=1,171.791,171.699,171.687,0.103,30.528,32.399,0.2664
890,22.908,27536.0,vf/smo/vf=on/lk=1,172.383,172.296,172.287,0.096,29.717,28.133,0.2664
891,22.928,27556.0,vf/smo/vf=on/lk=1,172.975,172.902,172.878,0.097,29.301,28.431,0.2664
892,22.948,27576.0,vf/smo/vf=on/lk=1,173.575,173.502,173.487,0.087,30.056,32.363,0.2664
893,22.968,27596.0,vf/smo/vf=on/lk=1,174.177,174.1,174.09,0.087,30.164,27.844,0.2664
894,22.988,27616.0,vf/smo/vf=on/lk=1,174.782,174.696,174.671,0.11,30.39,28.447,0.2664
895,23.008,27636.0,vf/smo/vf=on/lk=1,175.388,175.298,175.281,0.106,30.257,32.391,0.2664
896,23.028,27656.0,vf/smo/vf=on/lk=1,175.974,175.896,175.885,0.089,29.368,27.815,0.2664
897,23.048,27676.0,vf/smo/vf=on/lk=1,176.575,176.503,176.48,0.095,29.73,28.821,0.2664
898,23.068,27696.0,vf/smo/vf=on/lk=1,177.181,177.103,177.092,0.089,30.282,32.321,0.2664
899,23.088,27716.0,vf/smo/vf=on/lk=1,177.787,177.701,177.692,0.095,30.188,27.465,0.2664
900,23.108,27736.0,vf/smo/vf=on/lk=1,178.388,178.298,178.274,0.114,30.427,28.606,0.2664
901,23.128,27756.0,vf/smo/vf=on/lk=1,178.983,178.899,178.885,0.099,29.75,32.337,0.2664
902,23.148,27776.0,vf/smo/vf=on/lk=1,179.568,179.497,179.484,0.084,29.299,27.557,0.2664
903,23.168,27796.0,vf/smo/vf=on/lk=1,180.169,180.094,180.069,0.1,30.169,28.886,0.2664
904,23.188,27816.0,vf/smo/vf=on/lk=1,180.787,180.704,180.691,0.096,30.466,32.218,0.2664
905,23.208,27836.0,vf/smo/vf=on/lk=1,181.389,181.303,181.289,0.1,30.007,27.418,0.2664
906,23.228,27856.0,vf/smo/vf=on/lk=1,181.984,181.901,181.874,0.11,29.933,29.192,0.2664
907,23.248,27876.0,vf/smo/vf=on/lk=1,182.576,182.5,182.485,0.091,29.71,32.186,0.2664
908,23.268,27896.0,vf/smo/vf=on/lk=1,183.174,183.098,183.087,0.087,29.953,27.407,0.2664
909,23.288,27916.0,vf/smo/vf=on/lk=1,183.78,183.697,183.674,0.107,30.366,29.788,0.2664
910,23.308,27936.0,vf/smo/vf=on/lk=1,184.389,184.296,184.285,0.105,30.567,32.262,0.2664
911,23.328,27956.0,vf/smo/vf=on/lk=1,184.99,184.904,184.891,0.099,29.532,27.228,0.2664
912,23.348,27976.0,vf/smo/vf=on/lk=1,185.579,185.503,185.479,0.1,29.396,29.829,0.2664
913,23.368,27996.0,vf/smo/vf=on/lk=1,186.175,186.101,186.091,0.084,30.033,31.969,0.2664
914,23.388,28016.0,vf/smo/vf=on/lk=1,186.779,186.7,186.689,0.09,30.256,27.116,0.2664
915,23.408,28036.0,vf/smo/vf=on/lk=1,187.39,187.3,187.277,0.112,30.523,30.039,0.2664
916,23.428,28056.0,vf/smo/vf=on/lk=1,187.986,187.898,187.887,0.099,30.206,31.845,0.2664
917,23.448,28076.0,vf/smo/vf=on/lk=1,188.574,188.496,188.484,0.09,29.207,27.169,0.2664
918,23.468,28096.0,vf/smo/vf=on/lk=1,189.166,189.095,189.071,0.095,29.643,29.861,0.2664
919,23.488,28116.0,vf/smo/vf=on/lk=1,189.783,189.702,189.692,0.091,30.485,31.449,0.2664
920,23.508,28136.0,vf/smo/vf=on/lk=1,190.385,190.302,190.287,0.098,30.202,26.965,0.2664
921,23.528,28156.0,vf/smo/vf=on/lk=1,190.994,190.901,190.876,0.119,30.454,30.409,0.2664
922,23.548,28176.0,vf/smo/vf=on/lk=1,191.58,191.498,191.486,0.094,29.46,31.583,0.2664
923,23.568,28196.0,vf/smo/vf=on/lk=1,192.168,192.097,192.084,0.084,29.423,27.195,0.2664
924,23.588,28216.0,vf/smo/vf=on/lk=1,192.771,192.696,192.672,0.099,30.285,30.457,0.2664
925,23.608,28236.0,vf/smo/vf=on/lk=1,193.384,193.302,193.294,0.091,30.315,31.285,0.2664
926,23.628,28256.0,vf/smo/vf=on/lk=1,193.986,193.9,193.885,0.1,30.119,26.855,0.2664
927,23.648,28276.0,vf/smo/vf=on/lk=1,194.582,194.501,194.475,0.107,30.034,30.321,0.2664
928,23.668,28296.0,vf/smo/vf=on/lk=1,195.175,195.097,195.087,0.087,29.589,31.455,0.2664
929,23.688,28316.0,vf/smo/vf=on/lk=1,195.771,195.696,195.681,0.091,29.863,27.066,0.2664
930,23.708,28336.0,vf/smo/vf=on/lk=1,196.38,196.296,196.272,0.108,30.408,30.598,0.2664
931,23.728,28356.0,vf/smo/vf=on/lk=1,196.994,196.902,196.895,0.099,30.407,30.871,0.2664
932,23.748,28376.0,vf/smo/vf=on/lk=1,197.586,197.5,197.485,0.101,29.637,26.888,0.2664
933,23.768,28396.0,vf/smo/vf=on/lk=1,198.18,198.101,198.077,0.102,29.669,31.122,0.2664
934,23.788,28416.0,vf/smo/vf=on/lk=1,198.773,198.697,198.688,0.086,29.932,31.002,0.2664
935,23.808,28436.0,vf/smo/vf=on/lk=1,199.373,199.296,199.279,0.094,30.055,26.816,0.2664
936,23.828,28456.0,vf/smo/vf=on/lk=1,199.988,199.897,199.873,0.115,30.643,31.047,0.2664
937,23.848,28476.0,vf/smo/vf=on/lk=1,200.596,200.504,200.493,0.102,30.013,30.467,0.2664
938,23.868,28496.0,vf/smo/vf=on/lk=1,201.177,201.102,201.085,0.092,29.252,27.057,0.2664
939,23.888,28516.0,vf/smo/vf=on/lk=1,201.775,201.702,201.68,0.096,29.822,31.101,0.2664
940,23.908,28536.0,vf/smo/vf=on/lk=1,202.377,202.298,202.289,0.087,30.412,30.635,0.2664
941,23.928,28556.0,vf/smo/vf=on/lk=1,202.979,202.895,202.877,0.102,30.213,26.816,0.2664
942,23.948,28576.0,vf/smo/vf=on/lk=1,203.59,203.497,203.472,0.117,30.421,31.623,0.2664
943,23.968,28596.0,vf/smo/vf=on/lk=1,204.185,204.102,204.092,0.093,29.462,30.321,0.2664
944,23.988,28616.0,vf/smo/vf=on/lk=1,204.77,204.7,204.681,0.088,29.403,27.022,0.2664
945,24.008,28636.0,vf/smo/vf=on/lk=1,205.382,205.301,205.282,0.1,30.449,32.075,0.2664
946,24.028,28656.0,vf/smo/vf=on/lk=1,205.978,205.896,205.89,0.089,30.169,30.192,0.2664
947,24.048,28676.0,vf/smo/vf=on/lk=1,206.587,206.503,206.484,0.103,30.105,27.083,0.2664
948,24.068,28696.0,vf/smo/vf=on/lk=1,207.181,207.095,207.073,0.108,30.007,31.495,0.2664
949,24.088,28716.0,vf/smo/vf=on/lk=1,207.775,207.7,207.69,0.084,29.508,29.99,0.2664
950,24.108,28736.0,vf/smo/vf=on/lk=1,208.368,208.298,208.279,0.089,29.787,26.857,0.2664
951,24.128,28756.0,vf/smo/vf=on/lk=1,208.988,208.901,208.882,0.106,30.75,32.246,0.2664
952,24.148,28776.0,vf/smo/vf=on/lk=1,209.586,209.495,209.487,0.1,30.287,29.835,0.2664
953,24.168,28796.0,vf/smo/vf=on/lk=1,210.181,210.102,210.083,0.099,29.434,27.334,0.2664
954,24.188,28816.0,vf/smo/vf=on/lk=1,210.774,210.695,210.674,0.1,29.884,32.009,0.2664
955,24.208,28836.0,vf/smo/vf=on/lk=1,211.375,211.299,211.289,0.086,29.885,29.687,0.2664
956,24.228,28856.0,vf/smo/vf=on/lk=1,211.975,211.897,211.878,0.097,30.114,27.275,0.2664
957,24.248,28876.0,vf/smo/vf=on/lk=1,212.591,212.502,212.482,0.109,30.558,32.142,0.2664
958,24.268,28896.0,vf/smo/vf=on/lk=1,213.191,213.104,213.094,0.097,29.913,29.126,0.2664
959,24.288,28916.0,vf/smo/vf=on/lk=1,213.774,213.702,213.681,0.093,29.189,27.339,0.2664
960,24.308,28936.0,vf/smo/vf=on/lk=1,214.371,214.296,214.276,0.095,30.137,32.292,0.2664
961,24.328,28956.0,vf/smo/vf=on/lk=1,214.98,214.9,214.89,0.09,30.312,29.409,0.2664
962,24.348,28976.0,vf/smo/vf=on/lk=1,215.583,215.497,215.476,0.107,30.277,27.37,0.2664
963,24.368,28996.0,vf/smo/vf=on/lk=1,216.195,216.102,216.081,0.114,30.322,32.525,0.2664
964,24.388,29016.0,vf/smo/vf=on/lk=1,216.778,216.695,216.684,0.093,29.541,29.365,0.2664
965,24.408,29036.0,vf/smo/vf=on/lk=1,217.371,217.302,217.281,0.091,29.348,28.22,0.2664
966,24.428,29056.0,vf/smo/vf=on/lk=1,217.977,217.898,217.881,0.097,30.376,32.685,0.2664
967,24.448,29076.0,vf/smo/vf=on/lk=1,218.583,218.499,218.492,0.092,30.321,28.762,0.2664
968,24.468,29096.0,vf/smo/vf=on/lk=1,219.183,219.096,219.076,0.107,30.164,27.616,0.2664
969,24.488,29116.0,vf/smo/vf=on/lk=1,219.787,219.702,219.684,0.104,29.879,32.536,0.2664
970,24.508,29136.0,vf/smo/vf=on/lk=1,220.379,220.304,220.293,0.086,29.444,28.636,0.2664
971,24.528,29156.0,vf/smo/vf=on/lk=1,220.975,220.9,220.878,0.096,30.034,27.724,0.2664
972,24.548,29176.0,vf/smo/vf=on/lk=1,221.585,221.497,221.48,0.105,30.655,32.678,0.2664
973,24.568,29196.0,vf/smo/vf=on/lk=1,222.189,222.1,222.091,0.099,30.131,28.493,0.2664
974,24.588,29216.0,vf/smo/vf=on/lk=1,222.775,222.695,222.673,0.102,29.547,27.695,0.2664
975,24.608,29236.0,vf/smo/vf=on/lk=1,223.38,223.302,223.284,0.096,29.851,33.128,0.2664
976,24.628,29256.0,vf/smo/vf=on/lk=1,223.98,223.903,223.893,0.087,29.926,28.208,0.2664
977,24.648,29276.0,vf/smo/vf=on/lk=1,224.576,224.499,224.478,0.098,30.154,27.893,0.2664
978,24.668,29296.0,vf/smo/vf=on/lk=1,225.187,225.096,225.081,0.105,30.524,32.873,0.2664
979,24.688,29316.0,vf/smo/vf=on/lk=1,225.785,225.698,225.689,0.096,29.775,28.232,0.2664
980,24.708,29336.0,vf/smo/vf=on/lk=1,226.374,226.303,226.281,0.093,29.32,28.321,0.2664
981,24.728,29356.0,vf/smo/vf=on/lk=1,226.979,226.901,226.886,0.092,30.241,32.634,0.2664
982,24.748,29376.0,vf/smo/vf=on/lk=1,227.586,227.503,227.492,0.094,30.308,27.912,0.2664
983,24.768,29396.0,vf/smo/vf=on/lk=1,228.186,228.098,228.077,0.109,30.243,28.266,0.2664
984,24.788,29416.0,vf/smo/vf=on/lk=1,228.79,228.697,228.681,0.109,30.259,32.811,0.2664
985,24.808,29436.0,vf/smo/vf=on/lk=1,229.378,229.298,229.288,0.09,29.339,28.02,0.2664
986,24.828,29456.0,vf/smo/vf=on/lk=1,229.973,229.902,229.88,0.093,29.561,28.753,0.2664
987,24.848,29476.0,vf/smo/vf=on/lk=1,230.582,230.503,230.489,0.093,30.387,32.701,0.2664
988,24.868,29496.0,vf/smo/vf=on/lk=1,231.185,231.103,231.093,0.092,30.14,27.59,0.2664
989,24.888,29516.0,vf/smo/vf=on/lk=1,231.786,231.698,231.676,0.11,30.364,28.645,0.2664
990,24.908,29536.0,vf/smo/vf=on/lk=1,232.381,232.298,232.284,0.097,29.727,32.528,0.2664
991,24.928,29556.0,vf/smo/vf=on/lk=1,232.972,232.898,232.887,0.085,29.517,27.667,0.2664
992,24.948,29576.0,vf/smo/vf=on/lk=1,233.578,233.503,233.48,0.097,30.112,28.985,0.2664
993,24.968,29596.0,vf/smo/vf=on/lk=1,234.181,234.095,234.081,0.099,30.523,32.754,0.2664
994,24.988,29616.0,vf/smo/vf=on/lk=1,234.791,234.704,234.691,0.101,30.065,27.289,0.2664
995,25.008,29636.0,vf/smo/vf=on/lk=1,235.377,235.296,235.273,0.104,29.766,28.823,0.2664
996,25.028,29656.0,vf/smo/vf=on/lk=1,235.975,235.898,235.887,0.089,29.713,31.984,0.2664
997,25.048,29676.0,vf/smo/vf=on/lk=1,236.575,236.497,236.486,0.089,30.033,27.525,0.2664
998,25.068,29696.0,vf/smo/vf=on/lk=1,237.181,237.101,237.078,0.103,30.157,29.183,0.2664
999,25.088,29716.0,vf/smo/vf=on/lk=1,237.796,237.704,237.691,0.105,30.552,32.543,0.2664
1000,25.108,29736.0,vf/smo/vf=on/lk=1,238.388,238.304,238.29,0.098,29.655,27.377,0.2664
1001,25.128,29756.0,vf/smo/vf=on/lk=1,238.97,238.897,238.873,0.096,29.395,29.289,0.2664
1002,25.148,29776.0,vf/smo/vf=on/lk=1,239.577,239.501,239.488,0.089,30.166,32.264,0.2664
1003,25.168,29796.0,vf/smo/vf=on/lk=1,240.18,240.101,240.085,0.094,30.143,27.272,0.2664
1004,25.188,29816.0,vf/smo/vf=on/lk=1,240.781,240.695,240.671,0.11,30.393,29.467,0.2664
1005,25.208,29836.0,vf/smo/vf=on/lk=1,241.392,241.299,241.286,0.106,30.29,32.383,0.2664
1006,25.228,29856.0,vf/smo/vf=on/lk=1,241.975,241.898,241.885,0.09,29.446,27.255,0.2664
1007,25.248,29876.0,vf/smo/vf=on/lk=1,242.571,242.501,242.478,0.093,29.448,29.766,0.2664
1008,25.268,29896.0,vf/smo/vf=on/lk=1,243.176,243.097,243.088,0.088,30.391,32.383,0.2664
1009,25.288,29916.0,vf/smo/vf=on/lk=1,243.78,243.697,243.684,0.096,30.248,26.993,0.2664
1010,25.308,29936.0,vf/smo/vf=on/lk=1,244.386,244.299,244.276,0.11,30.224,29.764,0.2664
1011,25.328,29956.0,vf/smo/vf=on/lk=1,244.978,244.895,244.884,0.094,29.777,32.384,0.2664
1012,25.348,29976.0,vf/smo/vf=on/lk=1,245.577,245.504,245.49,0.087,29.465,27.095,0.2664
1013,25.368,29996.0,vf/smo/vf=on/lk=1,246.173,246.097,246.075,0.098,30.22,30.126,0.2664
1014,25.388,30016.0,vf/smo/vf=on/lk=1,246.788,246.703,246.694,0.095,30.366,31.693,0.2664
1015,25.408,30036.0,vf/smo/vf=on/lk=1,247.388,247.302,247.287,0.101,30.084,26.921,0.2664
1016,25.428,30056.0,vf/smo/vf=on/lk=1,247.977,247.895,247.871,0.107,29.818,29.687,0.2664
1017,25.448,30076.0,vf/smo/vf=on/lk=1,248.577,248.501,248.49,0.087,29.675,31.846,0.2664
1018,25.468,30096.0,vf/smo/vf=on/lk=1,249.172,249.099,249.083,0.089,29.812,27.114,0.2664
1019,25.488,30116.0,vf/smo/vf=on/lk=1,249.781,249.7,249.677,0.104,30.452,30.55,0.2664
1020,25.508,30136.0,vf/smo/vf=on/lk=1,250.39,250.298,250.287,0.103,30.524,31.706,0.2664
1021,25.528,30156.0,vf/smo/vf=on/lk=1,250.981,250.897,250.88,0.101,29.612,27.084,0.2664
1022,25.548,30176.0,vf/smo/vf=on/lk=1,251.568,251.498,251.474,0.095,29.604,30.432,0.2664
1023,25.568,30196.0,vf/smo/vf=on/lk=1,252.171,252.096,252.085,0.086,29.941,31.58,0.2664
1024,25.588,30216.0,vf/smo/vf=on/lk=1,252.775,252.695,252.679,0.096,30.307,27.023,0.2664
1025,25.608,30236.0,vf/smo/vf=on/lk=1,253.384,253.295,253.273,0.111,30.44,30.695,0.2664
1026,25.628,30256.0,vf/smo/vf=on/lk=1,253.984,253.894,253.885,0.099,30.228,31.474,0.2664
1027,25.648,30276.0,vf/smo/vf=on/lk=1,254.579,254.502,254.485,0.094,29.199,26.985,0.2664
1028,25.668,30296.0,vf/smo/vf=on/lk=1,255.175,255.102,255.081,0.093,29.77,31.159,0.2664
1029,25.688,30316.0,vf/smo/vf=on/lk=1,255.779,255.702,255.695,0.084,30.164,31.0,0.2664
1030,25.708,30336.0,vf/smo/vf=on/lk=1,256.382,256.3,256.284,0.098,30.361,26.809,0.2664
1031,25.728,30356.0,vf/smo/vf=on/lk=1,256.989,256.9,256.878,0.111,30.334,31.238,0.2664
1032,25.748,30376.0,vf/smo/vf=on/lk=1,257.583,257.499,257.49,0.093,29.66,30.806,0.2664
1033,25.768,30396.0,vf/smo/vf=on/lk=1,258.171,258.097,258.078,0.092,29.458,26.876,0.2664
1034,25.788,30416.0,vf/smo/vf=on/lk=1,258.773,258.697,258.675,0.099,30.221,31.265,0.2664
1035,25.808,30436.0,vf/smo/vf=on/lk=1,259.382,259.298,259.288,0.094,30.325,30.706,0.2664
1036,25.828,30456.0,vf/smo/vf=on/lk=1,259.984,259.896,259.878,0.106,30.175,26.916,0.2664
1037,25.848,30476.0,vf/smo/vf=on/lk=1,260.588,260.504,260.484,0.104,29.886,31.427,0.2664
1038,25.868,30496.0,vf/smo/vf=on/lk=1,261.174,261.096,261.089,0.085,29.607,30.511,0.2664
1039,25.888,30516.0,vf/smo/vf=on/lk=1,261.777,261.704,261.685,0.092,29.797,27.089,0.2664
1040,25.908,30536.0,vf/smo/vf=on/lk=1,262.384,262.302,262.282,0.103,30.527,31.566,0.2664
1041,25.928,30556.0,vf/smo/vf=on/lk=1,262.995,262.904,262.896,0.099,30.259,30.008,0.2664
1042,25.948,30576.0,vf/smo/vf=on/lk=1,263.585,263.502,263.482,0.103,29.696,27.114,0.2664
1043,25.968,30596.0,vf/smo/vf=on/lk=1,264.176,264.1,264.078,0.098,29.695,31.534,0.2664
1044,25.988,30616.0,vf/smo/vf=on/lk=1,264.777,264.703,264.695,0.082,30.063,29.994,0.2664
1045,26.008,30636.0,vf/smo/vf=on/lk=1,265.383,265.302,265.282,0.101,30.146,27.247,0.2664
1046,26.028,30656.0,vf/smo/vf=on/lk=1,265.989,265.9,265.879,0.11,30.687,31.823,0.2664
1047,26.048,30676.0,vf/smo/vf=on/lk=1,266.586,266.495,266.485,0.101,29.725,30.075,0.2664
1048,26.068,30696.0,vf/smo/vf=on/lk=1,267.18,267.103,267.082,0.098,29.374,27.316,0.2664
1049,26.088,30716.0,vf/smo/vf=on/lk=1,267.77,267.7,267.678,0.092,29.746,31.996,0.2664
1050,26.108,30736.0,vf/smo/vf=on/lk=1,268.384,268.304,268.295,0.088,30.367,29.432,0.2664
1051,26.128,30756.0,vf/smo/vf=on/lk=1,268.99,268.902,268.881,0.108,30.412,27.313,0.2664
1052,26.148,30776.0,vf/smo/vf=on/lk=1,269.588,269.5,269.48,0.108,30.105,32.073,0.2664
1053,26.168,30796.0,vf/smo/vf=on/lk=1,270.186,270.104,270.096,0.09,29.609,29.253,0.2664
1054,26.188,30816.0,vf/smo/vf=on/lk=1,270.775,270.703,270.682,0.094,29.547,27.464,0.2664
1055,26.208,30836.0,vf/smo/vf=on/lk=1,271.377,271.298,271.28,0.097,30.331,32.137,0.2664
1056,26.228,30856.0,vf/smo/vf=on/lk=1,271.987,271.904,271.896,0.091,30.173,29.042,0.2664
1057,26.248,30876.0,vf/smo/vf=on/lk=1,272.591,272.503,272.48,0.111,30.479,27.438,0.2664
1058,26.268,30896.0,vf/smo/vf=on/lk=1,273.184,273.099,273.08,0.104,29.684,32.269,0.2664
1059,26.288,30916.0,vf/smo/vf=on/lk=1,273.777,273.704,273.695,0.083,29.362,28.826,0.2664
1060,26.308,30936.0,vf/smo/vf=on/lk=1,274.375,274.301,274.279,0.097,30.092,27.729,0.2664
1061,26.328,30956.0,vf/smo/vf=on/lk=1,274.98,274.896,274.876,0.104,30.482,32.39,0.2664
1062,26.348,30976.0,vf/smo/vf=on/lk=1,275.587,275.501,275.493,0.095,30.01,28.938,0.2664
1063,26.368,30996.0,vf/smo/vf=on/lk=1,276.179,276.099,276.077,0.103,29.827,27.763,0.2664
1064,26.388,31016.0,vf/smo/vf=on/lk=1,276.779,276.702,276.685,0.094,29.868,32.414,0.2664
1065,26.408,31036.0,vf/smo/vf=on/lk=1,277.376,277.299,277.29,0.086,29.912,28.923,0.2664
1066,26.428,31056.0,vf/smo/vf=on/lk=1,277.979,277.896,277.875,0.104,30.296,27.724,0.2664
1067,26.448,31076.0,vf/smo/vf=on/lk=1,278.592,278.5,278.483,0.109,30.525,32.481,0.2664
1068,26.468,31096.0,vf/smo/vf=on/lk=1,279.185,279.097,279.089,0.096,29.731,28.616,0.2664
1069,26.488,31116.0,vf/smo/vf=on/lk=1,279.781,279.704,279.681,0.101,29.403,28.113,0.2664
1070,26.508,31136.0,vf/smo/vf=on/lk=1,280.369,280.299,280.282,0.087,29.925,32.441,0.2664
1071,26.528,31156.0,vf/smo/vf=on/lk=1,280.975,280.896,280.887,0.088,30.243,28.59,0.2664
1072,26.548,31176.0,vf/smo/vf=on/lk=1,281.588,281.502,281.479,0.109,30.362,28.199,0.2664
1073,26.568,31196.0,vf/smo/vf=on/lk=1,282.194,282.104,282.088,0.106,30.243,32.374,0.2664
1074,26.588,31216.0,vf/smo/vf=on/lk=1,282.78,282.701,282.691,0.089,29.395,28.189,0.2664
1075,26.608,31236.0,vf/smo/vf=on/lk=1,283.369,283.298,283.275,0.095,29.581,28.293,0.2664
1076,26.628,31256.0,vf/smo/vf=on/lk=1,283.978,283.9,283.884,0.094,30.405,32.535,0.2664
1077,26.648,31276.0,vf/smo/vf=on/lk=1,284.581,284.498,284.488,0.093,30.224,27.974,0.2664
1078,26.668,31296.0,vf/smo/vf=on/lk=1,285.185,285.095,285.074,0.112,30.354,28.205,0.2664
1079,26.688,31316.0,vf/smo/vf=on/lk=1,285.782,285.696,285.685,0.097,29.8,32.329,0.2664
1080,26.708,31336.0,vf/smo/vf=on/lk=1,286.377,286.304,286.296,0.081,29.341,27.611,0.2664
1081,26.728,31356.0,vf/smo/vf=on/lk=1,286.979,286.903,286.88,0.098,30.153,28.79,0.2664
1082,26.748,31376.0,vf/smo/vf=on/lk=1,287.589,287.504,287.491,0.099,30.462,32.351,0.2664
1083,26.768,31396.0,vf/smo/vf=on/lk=1,288.187,288.103,288.092,0.096,29.872,27.598,0.2664
1084,26.788,31416.0,vf/smo/vf=on/lk=1,288.786,288.701,288.676,0.11,30.083,28.705,0.2664
1085,26.808,31436.0,vf/smo/vf=on/lk=1,289.379,289.302,289.289,0.09,29.672,32.55,0.2664
1086,26.828,31456.0,vf/smo/vf=on/lk=1,289.976,289.9,289.89,0.086,29.903,27.53,0.2664
1087,26.848,31476.0,vf/smo/vf=on/lk=1,290.577,290.498,290.475,0.102,30.407,28.8,0.2664
1088,26.868,31496.0,vf/smo/vf=on/lk=1,291.191,291.099,291.086,0.105,30.425,32.385,0.2664
1089,26.888,31516.0,vf/smo/vf=on/lk=1,291.785,291.697,291.687,0.098,29.748,27.629,0.2664
1090,26.908,31536.0,vf/smo/vf=on/lk=1,292.371,292.295,292.271,0.1,29.399,29.029,0.2664
1091,26.928,31556.0,vf/smo/vf=on/lk=1,292.967,292.895,292.881,0.086,29.929,32.287,0.2664
1092,26.948,31576.0,vf/smo/vf=on/lk=1,293.581,293.504,293.494,0.087,30.133,27.303,0.2664
1093,26.968,31596.0,vf/smo/vf=on/lk=1,294.191,294.103,294.081,0.111,30.549,29.403,0.2664
1094,26.988,31616.0,vf/smo/vf=on/lk=1,294.793,294.702,294.691,0.102,30.147,32.013,0.2664
1095,27.008,31636.0,vf/smo/vf=on/lk=1,295.376,295.299,295.288,0.088,29.279,27.314,0.2664
1096,27.028,31656.0,vf/smo/vf=on/lk=1,295.968,295.898,295.874,0.094,29.682,29.433,0.2664
1097,27.048,31676.0,vf/smo/vf=on/lk=1,296.574,296.496,296.486,0.088,30.39,32.038,0.2664
1098,27.068,31696.0,vf/smo/vf=on/lk=1,297.18,297.095,297.085,0.094,30.334,27.176,0.2664
1099,27.088,31716.0,vf/smo/vf=on/lk=1,297.796,297.704,297.68,0.116,30.444,29.819,0.2664
1100,27.108,31736.0,vf/smo/vf=on/lk=1,298.388,298.303,298.291,0.098,29.557,31.781,0.2664
1101,27.128,31756.0,vf/smo/vf=on/lk=1,298.971,298.902,298.888,0.084,29.387,27.455,0.2664
1102,27.148,31776.0,vf/smo/vf=on/lk=1,299.579,299.501,299.475,0.104,30.272,29.972,0.2664
1103,27.168,31796.0,vf/smo/vf=on/lk=1,300.183,300.1,300.088,0.095,30.301,31.745,0.2664
1104,27.188,31816.0,vf/smo/vf=on/lk=1,300.784,300.699,300.686,0.098,30.059,26.982,0.2664
1105,27.208,31836.0,vf/smo/vf=on/lk=1,301.381,301.3,301.272,0.109,30.068,29.789,0.2664
1106,27.228,31856.0,vf/smo/vf=on/lk=1,301.973,301.897,301.883,0.09,29.498,32.038,0.2664
1107,27.248,31876.0,vf/smo/vf=on/lk=1,302.57,302.496,302.48,0.09,29.864,27.187,0.2664
1108,27.268,31896.0,vf/smo/vf=on/lk=1,303.182,303.097,303.071,0.111,30.569,30.121,0.2664
1109,27.288,31916.0,vf/smo/vf=on/lk=1,303.797,303.703,303.692,0.105,30.377,31.584,0.2664
1110,27.308,31936.0,vf/smo/vf=on/lk=1,304.385,304.303,304.288,0.097,29.635,27.002,0.2664
1111,27.328,31956.0,vf/smo/vf=on/lk=1,304.977,304.903,304.879,0.098,29.416,30.572,0.2664
1112,27.348,31976.0,vf/smo/vf=on/lk=1,305.575,305.501,305.49,0.085,30.049,31.323,0.2664
1113,27.368,31996.0,vf/smo/vf=on/lk=1,306.18,306.101,306.086,0.093,30.227,27.165,0.2664
1114,27.388,32016.0,vf/smo/vf=on/lk=1,306.79,306.701,306.677,0.113,30.468,30.644,0.2664
1115,27.408,32036.0,vf/smo/vf=on/lk=1,307.39,307.299,307.289,0.101,30.131,31.318,0.2664
1116,27.428,32056.0,vf/smo/vf=on/lk=1,307.973,307.898,307.883,0.09,29.176,26.932,0.2664
1117,27.448,32076.0,vf/smo/vf=on/lk=1,308.571,308.498,308.474,0.097,29.869,30.886,0.2664
1118,27.468,32096.0,vf/smo/vf=on/lk=1,309.175,309.096,309.088,0.087,30.435,30.975,0.2664
1119,27.488,32116.0,vf/smo/vf=on/lk=1,309.778,309.696,309.682,0.096,30.108,26.82,0.2664
1120,27.508,32136.0,vf/smo/vf=on/lk=1,310.389,310.297,310.274,0.115,30.586,31.016,0.2664
1121,27.528,32156.0,vf/smo/vf=on/lk=1,310.989,310.904,310.894,0.094,29.437,30.771,0.2664
1122,27.548,32176.0,vf/smo/vf=on/lk=1,311.571,311.503,311.485,0.086,29.252,26.956,0.2664
1123,27.568,32196.0,vf/smo/vf=on/lk=1,312.173,312.096,312.073,0.1,30.394,31.272,0.2664
1124,27.588,32216.0,vf/smo/vf=on/lk=1,312.785,312.702,312.693,0.091,30.365,30.81,0.2664
1125,27.608,32236.0,vf/smo/vf=on/lk=1,313.383,313.3,313.283,0.1,30.001,26.925,0.2664
1126,27.628,32256.0,vf/smo/vf=on/lk=1,313.987,313.902,313.879,0.109,30.042,31.401,0.2664
1127,27.648,32276.0,vf/smo/vf=on/lk=1,314.573,314.499,314.488,0.085,29.751,30.717,0.2664
1128,27.668,32296.0,vf/smo/vf=on/lk=1,315.172,315.097,315.081,0.091,29.757,26.992,0.2664
1129,27.688,32316.0,vf/smo/vf=on/lk=1,315.785,315.7,315.678,0.108,30.521,31.429,0.2664
1130,27.708,32336.0,vf/smo/vf=on/lk=1,316.39,316.296,316.287,0.103,30.434,30.511,0.2664
1131,27.728,32356.0,vf/smo/vf=on/lk=1,316.985,316.904,316.886,0.099,29.396,27.445,0.2664
1132,27.748,32376.0,vf/smo/vf=on/lk=1,317.572,317.497,317.474,0.099,29.659,31.658,0.2664
1133,27.768,32396.0,vf/smo/vf=on/lk=1,318.178,318.103,318.093,0.086,30.069,30.17,0.2664
1134,27.788,32416.0,vf/smo/vf=on/lk=1,318.777,318.701,318.682,0.095,30.012,27.211,0.2664
1135,27.808,32436.0,vf/smo/vf=on/lk=1,319.393,319.304,319.282,0.111,30.669,32.016,0.2664
1136,27.828,32456.0,vf/smo/vf=on/lk=1,319.987,319.9,319.889,0.098,30.03,29.907,0.2664
1137,27.848,32476.0,vf/smo/vf=on/lk=1,320.573,320.498,320.478,0.095,29.214,27.222,0.2664
1138,27.868,32496.0,vf/smo/vf=on/lk=1,321.177,321.103,321.084,0.094,29.935,32.27,0.2664
1139,27.888,32516.0,vf/smo/vf=on/lk=1,321.779,321.698,321.69,0.089,30.367,29.807,0.2664
1140,27.908,32536.0,vf/smo/vf=on/lk=1,322.381,322.296,322.279,0.102,30.27,27.08,0.2664
1141,27.928,32556.0,vf/smo/vf=on/lk=1,322.993,322.9,322.882,0.112,30.339,32.155,0.2664
1142,27.948,32576.0,vf/smo/vf=on/lk=1,323.578,323.495,323.487,0.091,29.409,29.739,0.2664
1143,27.968,32596.0,vf/smo/vf=on/lk=1,324.173,324.102,324.082,0.091,29.497,27.331,0.2664
1144,27.988,32616.0,vf/smo/vf=on/lk=1,324.776,324.697,324.677,0.099,30.393,32.754,0.2664
1145,28.008,32636.0,vf/smo/vf=on/lk=1,325.38,325.3,325.294,0.087,30.286,29.233,0.2664
1146,28.028,32656.0,vf/smo/vf=on/lk=1,325.98,325.897,325.878,0.102,29.922,26.897,0.2664
1147,28.048,32676.0,vf/smo/vf=on/lk=1,326.586,326.502,326.483,0.103,30.167,32.266,0.2664
1148,28.068,32696.0,vf/smo/vf=on/lk=1,327.171,327.096,327.087,0.083,29.386,29.455,0.2664
1149,28.088,32716.0,vf/smo/vf=on/lk=1,327.776,327.703,327.683,0.094,29.965,27.574,0.2664
1150,28.108,32736.0,vf/smo/vf=on/lk=1,328.388,328.3,328.28,0.108,30.721,32.445,0.2664
1151,28.128,32756.0,vf/smo/vf=on/lk=1,328.993,328.904,328.895,0.098,30.047,28.794,0.2664
1152,28.148,32776.0,vf/smo/vf=on/lk=1,329.582,329.502,329.481,0.101,29.578,27.504,0.2664
1153,28.168,32796.0,vf/smo/vf=on/lk=1,330.174,330.098,330.078,0.096,29.771,32.415,0.2664
1154,28.188,32816.0,vf/smo/vf=on/lk=1,330.775,330.7,330.69,0.085,29.958,28.743,0.2664
1155,28.208,32836.0,vf/smo/vf=on/lk=1,331.375,331.298,331.277,0.098,30.14,27.524,0.2664
1156,28.228,32856.0,vf/smo/vf=on/lk=1,331.984,331.895,331.875,0.109,30.556,32.667,0.2664
1157,28.248,32876.0,vf/smo/vf=on/lk=1,332.584,332.497,332.487,0.097,29.891,28.764,0.2664
1158,28.268,32896.0,vf/smo/vf=on/lk=1,333.178,333.104,333.082,0.096,29.384,27.846,0.2664
1159,28.288,32916.0,vf/smo/vf=on/lk=1,333.776,333.701,333.685,0.091,29.988,32.702,0.2664
1160,28.308,32936.0,vf/smo/vf=on/lk=1,334.383,334.304,334.295,0.089,30.261,28.25,0.2664
1161,28.328,32956.0,vf/smo/vf=on/lk=1,334.988,334.901,334.879,0.109,30.406,27.864,0.2664
1162,28.348,32976.0,vf/smo/vf=on/lk=1,335.592,335.498,335.48,0.112,30.303,32.654,0.2664
1163,28.368,32996.0,vf/smo/vf=on/lk=1,336.181,336.101,336.091,0.09,29.344,28.236,0.2664
1164,28.388,33016.0,vf/smo/vf=on/lk=1,336.767,336.697,336.674,0.093,29.506,27.892,0.2664
1165,28.408,33036.0,vf/smo/vf=on/lk=1,337.373,337.295,337.277,0.096,30.333,32.559,0.2664
1166,28.428,33056.0,vf/smo/vf=on/lk=1,337.979,337.898,337.886,0.093,30.195,28.342,0.2664
1167,28.448,33076.0,vf/smo/vf=on/lk=1,338.588,338.503,338.48,0.108,30.409,28.068,0.2664
1168,28.468,33096.0,vf/smo/vf=on/lk=1,339.188,339.103,339.086,0.101,29.762,32.724,0.2664
1169,28.488,33116.0,vf/smo/vf=on/lk=1,339.768,339.695,339.685,0.083,29.546,28.234,0.2664
1170,28.508,33136.0,vf/smo/vf=on/lk=1,340.372,340.3,340.279,0.093,30.056,28.474,0.2664
1171,28.528,33156.0,vf/smo/vf=on/lk=1,340.987,340.9,340.887,0.1,30.421,32.723,0.2664
1172,28.548,33176.0,vf/smo/vf=on/lk=1,341.59,341.501,341.491,0.099,30.219,27.776,0.2664
1173,28.568,33196.0,vf/smo/vf=on/lk=1,342.177,342.096,342.074,0.103,29.592,28.322,0.2664
1174,28.588,33216.0,vf/smo/vf=on/lk=1,342.774,342.696,342.681,0.094,29.806,32.845,0.2664
1175,28.608,33236.0,obs/smo/vf=off/lk=1,343.369,343.298,343.298,0.072,29.617,27.643,0.2664
1176,28.628,33256.0,obs/smo/vf=off/lk=1,343.975,343.884,343.884,0.091,30.307,28.175,0.2664
1177,28.648,33276.0,obs/smo/vf=off/lk=1,344.584,344.491,344.491,0.094,30.291,32.495,0.2664
1178,28.668,33296.0,obs/smo/vf=off/lk=1,345.172,345.086,345.086,0.086,29.411,27.649,0.2664
1179,28.688,33316.0,obs/smo/vf=off/lk=1,345.756,345.672,345.672,0.085,29.168,28.019,0.2664
1180,28.708,33336.0,obs/smo/vf=off/lk=1,346.35,346.271,346.271,0.079,29.669,32.378,0.2664
1181,28.728,33356.0,obs/smo/vf=off/lk=1,346.939,346.864,346.864,0.075,29.837,28.202,0.2664
1182,28.748,33376.0,obs/smo/vf=off/lk=1,347.545,347.448,347.448,0.096,30.132,27.451,0.2664
1183,28.768,33396.0,obs/smo/vf=off/lk=1,348.145,348.044,348.044,0.101,29.946,32.347,0.2664
1184,28.788,33416.0,obs/smo/vf=off/lk=1,348.726,348.649,348.649,0.077,28.965,28.622,0.2664
1185,28.808,33436.0,obs/smo/vf=off/lk=1,349.301,349.223,349.223,0.078,29.057,26.948,0.2664
1186,28.828,33456.0,obs/smo/vf=off/lk=1,349.903,349.813,349.813,0.089,30.028,31.814,0.2664
1187,28.848,33476.0,obs/smo/vf=off/lk=1,350.498,350.416,350.416,0.081,29.776,29.498,0.2664
1188,28.868,33496.0,obs/smo/vf=off/lk=1,351.088,350.997,350.997,0.092,29.624,26.481,0.2664
1189,28.888,33516.0,obs/smo/vf=off/lk=1,351.685,351.587,351.587,0.098,29.418,30.965,0.2664
1190,28.908,33536.0,obs/smo/vf=off/lk=1,352.262,352.19,352.19,0.072,29.017,30.509,0.2664
1191,28.928,33556.0,obs/smo/vf=off/lk=1,352.857,352.779,352.779,0.078,29.532,26.5,0.2664
1192,28.948,33576.0,obs/smo/vf=off/lk=1,353.455,353.359,353.359,0.096,29.968,30.114,0.2664
1193,28.968,33596.0,obs/smo/vf=off/lk=1,354.054,353.962,353.962,0.091,29.995,31.077,0.2664
1194,28.988,33616.0,obs/smo/vf=off/lk=1,354.63,354.544,354.544,0.087,29.089,26.77,0.2664
1195,29.008,33636.0,obs/smo/vf=off/lk=1,355.21,355.122,355.122,0.088,28.973,28.653,0.2664
1196,29.028,33656.0,obs/smo/vf=off/lk=1,355.799,355.726,355.726,0.074,29.435,31.469,0.2664
1197,29.048,33676.0,obs/smo/vf=off/lk=1,356.401,356.324,356.324,0.077,29.816,27.016,0.2664
1198,29.068,33696.0,obs/smo/vf=off/lk=1,357.002,356.9,356.9,0.101,30.12,28.016,0.2664
1199,29.088,33716.0,obs/smo/vf=off/lk=1,357.591,357.496,357.496,0.095,29.463,32.087,0.2664
1200,29.108,33736.0,obs/smo/vf=off/lk=1,358.171,358.096,358.096,0.075,28.909,27.737,0.2664
1201,29.128,33756.0,obs/smo/vf=off/lk=1,358.755,358.671,358.671,0.084,29.3,27.437,0.2664
1202,29.148,33776.0,obs/smo/vf=off/lk=1,359.346,359.259,359.259,0.087,29.827,31.937,0.2664
1203,29.168,33796.0,obs/smo/vf=off/lk=1,359.941,359.861,359.861,0.08,29.667,29.089,0.2664
1204,29.188,33816.0,obs/smo/vf=off/lk=1,360.538,360.438,360.438,0.1,29.927,26.6,0.2664
1205,29.208,33836.0,obs/smo/vf=off/lk=1,361.127,361.03,361.03,0.097,29.235,31.156,0.2664
1206,29.228,33856.0,obs/smo/vf=off/lk=1,361.705,361.632,361.632,0.073,28.859,29.74,0.2664
1207,29.248,33876.0,obs/smo/vf=off/lk=1,362.294,362.213,362.213,0.081,29.464,26.585,0.2664
1208,29.268,33896.0,obs/smo/vf=off/lk=1,362.889,362.793,362.793,0.096,29.987,30.418,0.2664
1209,29.288,33916.0,obs/smo/vf=off/lk=1,363.48,363.391,363.391,0.088,29.582,31.109,0.2664
1210,29.308,33936.0,obs/smo/vf=off/lk=1,364.072,363.982,363.982,0.09,29.175,26.322,0.2664
1211,29.328,33956.0,obs/smo/vf=off/lk=1,364.641,364.556,364.556,0.085,28.716,28.986,0.2664
1212,29.348,33976.0,obs/smo/vf=off/lk=1,365.235,365.161,365.161,0.074,29.396,31.839,0.2664
1213,29.368,33996.0,obs/smo/vf=off/lk=1,365.825,365.744,365.744,0.082,29.98,27.175,0.2664
1214,29.388,34016.0,obs/smo/vf=off/lk=1,366.43,366.327,366.327,0.103,29.954,28.071,0.2664
1215,29.408,34036.0,obs/smo/vf=off/lk=1,367.022,366.926,366.926,0.096,29.378,32.203,0.2664
1216,29.428,34056.0,obs/smo/vf=off/lk=1,367.594,367.513,367.513,0.081,28.975,27.67,0.2664
1217,29.448,34076.0,obs/smo/vf=off/lk=1,368.178,368.096,368.096,0.082,28.949,27.345,0.2664
1218,29.468,34096.0,obs/smo/vf=off/lk=1,368.777,368.691,368.691,0.085,29.909,32.239,0.2664
1219,29.488,34116.0,obs/smo/vf=off/lk=1,369.367,369.289,369.289,0.079,29.624,28.455,0.2664
1220,29.508,34136.0,obs/smo/vf=off/lk=1,369.958,369.864,369.864,0.094,29.654,26.511,0.2664
1221,29.528,34156.0,obs/smo/vf=off/lk=1,370.544,370.448,370.448,0.096,29.271,31.395,0.2664
1222,29.548,34176.0,obs/smo/vf=off/lk=1,371.122,371.048,371.048,0.074,29.001,30.065,0.2664
1223,29.568,34196.0,obs/smo/vf=off/lk=1,371.716,371.635,371.635,0.081,29.318,26.451,0.2664
1224,29.588,34216.0,obs/smo/vf=off/lk=1,372.312,372.214,372.214,0.098,30.11,30.26,0.2664
1225,29.608,34236.0,obs/smo/vf=off/lk=1,372.912,372.821,372.821,0.091,29.782,30.903,0.2664
1226,29.628,34256.0,obs/smo/vf=off/lk=1,373.494,373.405,373.405,0.088,29.107,26.571,0.2664
1227,29.648,34276.0,obs/smo/vf=off/lk=1,374.073,373.985,373.985,0.089,28.916,29.213,0.2664
1228,29.668,34296.0,obs/smo/vf=off/lk=1,374.653,374.577,374.577,0.076,29.225,31.677,0.2664
1229,29.688,34316.0,obs/smo/vf=off/lk=1,375.242,375.166,375.166,0.077,29.593,27.173,0.2664
1230,29.708,34336.0,obs/smo/vf=off/lk=1,375.844,375.744,375.744,0.1,29.961,28.042,0.2664
1231,29.728,34356.0,obs/smo/vf=off/lk=1,376.436,376.341,376.341,0.095,29.437,31.968,0.2664
1232,29.748,34376.0,obs/smo/vf=off/lk=1,377.008,376.932,376.932,0.076,28.776,28.093,0.2664
1233,29.768,34396.0,obs/smo/vf=off/lk=1,377.591,377.507,377.507,0.084,28.989,26.779,0.2664
1234,29.788,34416.0,obs/smo/vf=off/lk=1,378.183,378.095,378.095,0.088,29.726,31.722,0.2664
1235,29.808,34436.0,obs/smo/vf=off/lk=1,378.778,378.7,378.7,0.078,29.586,29.29,0.2664
1236,29.828,34456.0,obs/smo/vf=off/lk=1,379.37,379.272,379.272,0.098,29.935,26.216,0.2664
1237,29.848,34476.0,obs/smo/vf=off/lk=1,379.964,379.863,379.863,0.101,29.229,30.779,0.2664
1238,29.868,34496.0,obs/smo/vf=off/lk=1,380.529,380.455,380.455,0.073,28.594,30.861,0.2664
1239,29.888,34516.0,obs/smo/vf=off/lk=1,381.124,381.042,381.042,0.082,29.696,26.408,0.2664
1240,29.908,34536.0,obs/smo/vf=off/lk=1,381.717,381.623,381.623,0.094,29.637,29.449,0.2664
1241,29.928,34556.0,obs/smo/vf=off/lk=1,382.312,382.222,382.222,0.091,29.683,31.62,0.2664
1242,29.948,34576.0,obs/smo/vf=off/lk=1,382.902,382.812,382.812,0.089,29.371,26.637,0.2664
1243,29.968,34596.0,obs/smo/vf=off/lk=1,383.474,383.387,383.387,0.087,28.666,28.088,0.2664
1244,29.988,34616.0,obs/smo/vf=off/lk=1,384.06,383.981,383.981,0.078,29.417,32.052,0.2664
1245,30.008,34636.0,obs/smo/vf=off/lk=1,384.653,384.575,384.575,0.078,29.82,27.602,0.2664
1246,30.028,34656.0,obs/smo/vf=off/lk=1,385.249,385.151,385.151,0.098,29.791,27.335,0.2664
1247,30.048,34676.0,obs/smo/vf=off/lk=1,385.847,385.745,385.745,0.102,29.596,32.121,0.2664
1248,30.068,34696.0,obs/smo/vf=off/lk=1,386.421,386.341,386.341,0.079,28.907,28.602,0.2664
1249,30.088,34716.0,obs/smo/vf=off/lk=1,386.996,386.919,386.919,0.077,28.949,26.702,0.2664
1250,30.108,34736.0,obs/smo/vf=off/lk=1,387.597,387.509,387.509,0.088,29.724,31.934,0.2664
1251,30.128,34756.0,obs/smo/vf=off/lk=1,388.194,388.113,388.113,0.081,29.627,29.613,0.2664
1252,30.148,34776.0,obs/smo/vf=off/lk=1,388.774,388.686,388.686,0.088,29.431,26.446,0.2664
1253,30.168,34796.0,obs/smo/vf=off/lk=1,389.363,389.266,389.266,0.096,29.391,30.039,0.2664
1254,30.188,34816.0,obs/smo/vf=off/lk=1,389.947,389.871,389.871,0.076,29.108,30.809,0.2664
1255,30.208,34836.0,obs/smo/vf=off/lk=1,390.53,390.455,390.455,0.075,29.318,27.125,0.2664
1256,30.228,34856.0,obs/smo/vf=off/lk=1,391.133,391.035,391.035,0.098,30.05,28.525,0.2664
1257,30.248,34876.0,obs/smo/vf=off/lk=1,391.734,391.64,391.64,0.094,29.934,31.851,0.2664
1258,30.268,34896.0,obs/smo/vf=off/lk=1,392.314,392.228,392.228,0.086,29.068,27.025,0.2664
1259,30.288,34916.0,obs/smo/vf=off/lk=1,392.895,392.808,392.808,0.088,28.906,28.311,0.2664
1260,30.308,34936.0,obs/smo/vf=off/lk=1,393.475,393.398,393.398,0.077,29.214,31.981,0.2664
1261,30.328,34956.0,obs/smo/vf=off/lk=1,394.07,393.993,393.993,0.078,29.945,27.749,0.2664
1262,30.348,34976.0,obs/smo/vf=off/lk=1,394.667,394.57,394.57,0.097,29.686,26.947,0.2664
1263,30.368,34996.0,obs/smo/vf=off/lk=1,395.265,395.166,395.166,0.099,29.694,31.894,0.2664
1264,30.388,35016.0,obs/smo/vf=off/lk=1,395.835,395.757,395.757,0.077,28.633,29.172,0.2664
1265,30.408,35036.0,obs/smo/vf=off/lk=1,396.422,396.338,396.338,0.084,29.087,26.606,0.2664
1266,30.428,35056.0,obs/smo/vf=off/lk=1,397.014,396.927,396.927,0.087,29.921,31.172,0.2664
1267,30.448,35076.0,obs/smo/vf=off/lk=1,397.612,397.531,397.531,0.081,29.639,30.007,0.2664
1268,30.468,35096.0,obs/smo/vf=off/lk=1,398.201,398.107,398.107,0.095,29.886,26.323,0.2664
1269,30.488,35116.0,obs/smo/vf=off/lk=1,398.792,398.696,398.696,0.096,29.078,30.188,0.2664
1270,30.508,35136.0,obs/smo/vf=off/lk=1,399.37,399.296,399.296,0.075,28.887,31.408,0.2664
1271,30.528,35156.0,obs/smo/vf=off/lk=1,399.952,399.873,399.873,0.079,29.403,26.615,0.2664
1272,30.548,35176.0,obs/smo/vf=off/lk=1,400.548,400.452,400.452,0.096,29.799,28.649,0.2664
1273,30.568,35196.0,obs/smo/vf=off/lk=1,401.141,401.048,401.048,0.092,29.528,32.332,0.2664
1274,30.588,35216.0,obs/smo/vf=off/lk=1,401.725,401.639,401.639,0.086,29.184,27.168,0.2664
1275,30.608,35236.0,obs/smo/vf=off/lk=1,402.3,402.213,402.213,0.087,28.798,27.262,0.2664
1276,30.628,35256.0,obs/smo/vf=off/lk=1,402.894,402.813,402.813,0.081,29.422,32.318,0.2664
1277,30.648,35276.0,obs/smo/vf=off/lk=1,403.483,403.408,403.408,0.075,29.691,28.251,0.2664
1278,30.668,35296.0,obs/smo/vf=off/lk=1,404.081,403.984,403.984,0.097,29.968,26.81,0.2664
1279,30.688,35316.0,obs/smo/vf=off/lk=1,404.681,404.576,404.576,0.105,29.763,31.837,0.2664
1280,30.708,35336.0,obs/smo/vf=off/lk=1,405.255,405.175,405.175,0.079,28.766,29.178,0.2664
1281,30.728,35356.0,obs/smo/vf=off/lk=1,405.83,405.752,405.752,0.078,28.821,26.545,0.2664
1282,30.748,35376.0,obs/smo/vf=off/lk=1,406.43,406.338,406.338,0.092,29.834,31.03,0.2664
1283,30.768,35396.0,obs/smo/vf=off/lk=1,407.016,406.935,406.935,0.081,29.552,30.735,0.2664
1284,30.788,35416.0,obs/smo/vf=off/lk=1,407.612,407.521,407.521,0.091,29.642,26.429,0.2664
1285,30.808,35436.0,obs/smo/vf=off/lk=1,408.194,408.097,408.097,0.097,28.998,29.217,0.2664
1286,30.828,35456.0,obs/smo/vf=off/lk=1,408.771,408.692,408.692,0.079,29.265,31.965,0.2664
1287,30.848,35476.0,obs/smo/vf=off/lk=1,409.366,409.291,409.291,0.075,29.347,26.91,0.2664
1288,30.868,35496.0,obs/smo/vf=off/lk=1,409.953,409.859,409.859,0.095,29.761,27.994,0.2664
1289,30.888,35516.0,obs/smo/vf=off/lk=1,410.556,410.46,410.46,0.096,29.917,32.05,0.2664
1290,30.908,35536.0,obs/smo/vf=off/lk=1,411.134,411.05,411.05,0.084,29.02,27.791,0.2664
1291,30.928,35556.0,obs/smo/vf=off/lk=1,411.716,411.626,411.626,0.09,28.884,27.009,0.2664
1292,30.948,35576.0,obs/smo/vf=off/lk=1,412.297,412.215,412.215,0.082,29.266,31.527,0.2664
1293,30.968,35596.0,obs/smo/vf=off/lk=1,412.894,412.818,412.818,0.076,29.533,28.651,0.2664
1294,30.988,35616.0,obs/smo/vf=off/lk=1,413.485,413.391,413.391,0.094,29.781,26.362,0.2664
1295,31.008,35636.0,obs/smo/vf=off/lk=1,414.071,413.972,413.972,0.098,29.383,30.706,0.2664
1296,31.028,35656.0,obs/smo/vf=off/lk=1,414.652,414.57,414.57,0.082,28.91,30.52,0.2664
1297,31.048,35676.0,obs/smo/vf=off/lk=1,415.232,415.153,415.153,0.079,28.926,26.203,0.2664
1298,31.068,35696.0,obs/smo/vf=off/lk=1,415.822,415.734,415.734,0.089,29.547,29.512,0.2664
1299,31.088,35716.0,obs/smo/vf=off/lk=1,416.424,416.336,416.336,0.088,29.916,31.248,0.2664
1300,31.108,35736.0,obs/smo/vf=off/lk=1,417.011,416.922,416.922,0.089,29.709,26.662,0.2664
1301,31.128,35756.0,obs/smo/vf=off/lk=1,417.594,417.5,417.5,0.094,29.162,28.418,0.2664
1302,31.148,35776.0,obs/smo/vf=off/lk=1,418.172,418.093,418.093,0.08,28.946,32.177,0.2664
1303,31.168,35796.0,obs/smo/vf=off/lk=1,418.769,418.693,418.693,0.076,29.416,27.202,0.2664
1304,31.188,35816.0,obs/smo/vf=off/lk=1,419.358,419.266,419.266,0.092,29.949,27.237,0.2664
1305,31.208,35836.0,obs/smo/vf=off/lk=1,419.963,419.865,419.865,0.098,29.928,32.281,0.2664
1306,31.228,35856.0,obs/smo/vf=off/lk=1,420.55,420.463,420.463,0.088,29.239,28.228,0.2664
1307,31.248,35876.0,obs/smo/vf=off/lk=1,421.121,421.039,421.039,0.082,28.647,26.919,0.2664
1308,31.268,35896.0,obs/smo/vf=off/lk=1,421.702,421.62,421.62,0.082,29.483,31.798,0.2664
1309,31.288,35916.0,obs/smo/vf=off/lk=1,422.296,422.22,422.22,0.075,29.557,29.599,0.2664
1310,31.308,35936.0,obs/smo/vf=off/lk=1,422.889,422.799,422.799,0.09,29.749,26.448,0.2664
1311,31.328,35956.0,obs/smo/vf=off/lk=1,423.491,423.385,423.385,0.105,29.899,30.607,0.2664
1312,31.348,35976.0,obs/smo/vf=off/lk=1,424.072,423.99,423.99,0.082,29.025,30.8,0.2664
1313,31.368,35996.0,obs/smo/vf=off/lk=1,424.649,424.574,424.574,0.075,28.879,26.5,0.2664
1314,31.388,36016.0,obs/smo/vf=off/lk=1,425.244,425.156,425.156,0.088,29.655,29.644,0.2664
1315,31.408,36036.0,obs/smo/vf=off/lk=1,425.839,425.755,425.755,0.084,29.874,31.711,0.2664
1316,31.428,36056.0,obs/smo/vf=off/lk=1,426.43,426.344,426.344,0.086,29.402,26.556,0.2664
1317,31.448,36076.0,obs/smo/vf=off/lk=1,427.013,426.917,426.917,0.096,29.229,28.072,0.2664
1318,31.468,36096.0,obs/smo/vf=off/lk=1,427.599,427.518,427.518,0.081,29.069,32.1,0.2664
1319,31.488,36116.0,obs/smo/vf=off/lk=1,428.18,428.107,428.107,0.074,29.212,27.67,0.2664
1320,31.508,36136.0,obs/smo/vf=off/lk=1,428.778,428.683,428.683,0.095,29.792,26.954,0.2664
1321,31.528,36156.0,obs/smo/vf=off/lk=1,429.374,429.272,429.272,0.102,29.922,31.891,0.2664
1322,31.548,36176.0,obs/smo/vf=off/lk=1,429.95,429.863,429.863,0.087,29.086,29.232,0.2664
1323,31.568,36196.0,obs/smo/vf=off/lk=1,430.533,430.445,430.445,0.089,28.985,26.404,0.2664
1324,31.588,36216.0,obs/smo/vf=off/lk=1,431.113,431.03,431.03,0.083,29.059,30.777,0.2664
1325,31.608,36236.0,obs/smo/vf=off/lk=1,431.708,431.634,431.634,0.074,29.557,30.232,0.2664
1326,31.628,36256.0,obs/smo/vf=off/lk=1,432.303,432.213,432.213,0.09,29.96,26.292,0.2664
1327,31.648,36276.0,obs/smo/vf=off/lk=1,432.894,432.793,432.793,0.101,29.603,29.809,0.2664
1328,31.668,36296.0,obs/smo/vf=off/lk=1,433.483,433.401,433.401,0.082,28.982,30.81,0.2664
1329,31.688,36316.0,obs/smo/vf=off/lk=1,434.058,433.983,433.983,0.076,29.13,26.56,0.2664
1330,31.708,36336.0,obs/smo/vf=off/lk=1,434.652,434.561,434.561,0.091,29.751,28.701,0.2664
1331,31.728,36356.0,obs/smo/vf=off/lk=1,435.249,435.162,435.162,0.087,29.867,32.126,0.2664
1332,31.748,36376.0,obs/smo/vf=off/lk=1,435.848,435.758,435.758,0.09,29.745,26.863,0.2664
1333,31.768,36396.0,obs/smo/vf=off/lk=1,436.427,436.334,436.334,0.093,28.972,27.739,0.2664
1334,31.788,36416.0,obs/smo/vf=off/lk=1,437.007,436.923,436.923,0.084,29.182,32.162,0.2664
1335,31.808,36436.0,obs/smo/vf=off/lk=1,437.6,437.528,437.528,0.072,29.364,27.743,0.2664
1336,31.828,36456.0,obs/smo/vf=off/lk=1,438.188,438.101,438.101,0.087,29.797,26.86,0.2664
1337,31.848,36476.0,obs/smo/vf=off/lk=1,438.797,438.697,438.697,0.1,29.975,31.974,0.2664
1338,31.868,36496.0,obs/smo/vf=off/lk=1,439.372,439.289,439.289,0.083,29.153,28.942,0.2664
1339,31.888,36516.0,obs/smo/vf=off/lk=1,439.955,439.874,439.874,0.081,28.769,26.712,0.2664
1340,31.908,36536.0,obs/smo/vf=off/lk=1,440.536,440.45,440.45,0.086,29.27,30.845,0.2664
1341,31.928,36556.0,obs/smo/vf=off/lk=1,441.133,441.057,441.057,0.076,29.895,30.223,0.2664
1342,31.948,36576.0,obs/smo/vf=off/lk=1,441.727,441.639,441.639,0.088,29.708,26.505,0.2664
1343,31.968,36596.0,obs/smo/vf=off/lk=1,442.328,442.22,442.22,0.108,29.961,29.778,0.2664
1344,31.988,36616.0,obs/smo/vf=off/lk=1,442.908,442.824,442.824,0.084,28.822,31.043,0.2664
1345,32.008,36636.0,obs/smo/vf=off/lk=1,443.48,443.409,443.409,0.071,28.675,26.692,0.2664
1346,32.028,36656.0,obs/smo/vf=off/lk=1,444.077,443.987,443.987,0.09,29.792,28.716,0.2664
1347,32.048,36676.0,obs/smo/vf=off/lk=1,444.675,444.587,444.587,0.088,29.971,31.896,0.2664
1348,32.068,36696.0,obs/smo/vf=off/lk=1,445.255,445.172,445.172,0.083,29.175,27.334,0.2664
1349,32.088,36716.0,obs/smo/vf=off/lk=1,445.848,445.752,445.752,0.096,29.373,27.528,0.2664
1350,32.108,36736.0,obs/smo/vf=off/lk=1,446.422,446.342,446.342,0.08,28.85,31.945,0.2664
1351,32.128,36756.0,obs/smo/vf=off/lk=1,447.005,446.935,446.935,0.071,29.222,28.657,0.2664
1352,32.148,36776.0,obs/smo/vf=off/lk=1,447.603,447.511,447.511,0.092,29.898,26.453,0.2664
1353,32.168,36796.0,obs/smo/vf=off/lk=1,448.2,448.099,448.099,0.102,29.896,31.404,0.2664
1354,32.188,36816.0,obs/smo/vf=off/lk=1,448.791,448.703,448.703,0.088,29.466,29.487,0.2664
1355,32.208,36836.0,obs/smo/vf=off/lk=1,449.36,449.276,449.276,0.084,28.567,26.413,0.2664
1356,32.228,36856.0,obs/smo/vf=off/lk=1,449.95,449.867,449.867,0.083,29.13,30.618,0.2664
1357,32.248,36876.0,obs/smo/vf=off/lk=1,450.536,450.46,450.46,0.076,29.734,31.263,0.2664
1358,32.268,36896.0,obs/smo/vf=off/lk=1,451.139,451.051,451.051,0.088,29.818,26.471,0.2664
1359,32.288,36916.0,obs/smo/vf=off/lk=1,451.727,451.627,451.627,0.1,29.463,29.131,0.2664
1360,32.308,36936.0,obs/smo/vf=off/lk=1,452.308,452.222,452.222,0.087,29.118,32.022,0.2664
1361,32.328,36956.0,obs/smo/vf=off/lk=1,452.886,452.814,452.814,0.072,28.96,26.843,0.2664
1362,32.348,36976.0,obs/smo/vf=off/lk=1,453.478,453.39,453.39,0.089,29.65,27.89,0.2664
1363,32.368,36996.0,obs/smo/vf=off/lk=1,454.074,453.983,453.983,0.091,29.897,32.413,0.2664
1364,32.388,37016.0,obs/smo/vf=off/lk=1,454.673,454.585,454.585,0.089,29.673,27.629,0.2664
1365,32.408,37036.0,obs/smo/vf=off/lk=1,455.253,455.16,455.16,0.093,28.971,27.146,0.2664
1366,32.428,37056.0,obs/smo/vf=off/lk=1,455.833,455.745,455.745,0.088,29.274,31.781,0.2664
1367,32.448,37076.0,obs/smo/vf=off/lk=1,456.422,456.349,456.349,0.073,29.053,28.686,0.2664
1368,32.468,37096.0,obs/smo/vf=off/lk=1,457.011,456.925,456.925,0.086,29.614,26.511,0.2664
1369,32.488,37116.0,obs/smo/vf=off/lk=1,457.605,457.501,457.501,0.104,29.861,30.802,0.2664
1370,32.508,37136.0,obs/smo/vf=off/lk=1,458.192,458.103,458.103,0.089,29.285,30.222,0.2664
1371,32.528,37156.0,obs/smo/vf=off/lk=1,458.762,458.682,458.682,0.079,28.596,26.482,0.2664
1372,32.548,37176.0,obs/smo/vf=off/lk=1,459.348,459.261,459.261,0.087,29.116,29.168,0.2664
1373,32.568,37196.0,obs/smo/vf=off/lk=1,459.946,459.864,459.864,0.082,29.865,31.449,0.2664
1374,32.588,37216.0,obs/smo/vf=off/lk=1,460.536,460.452,460.452,0.085,29.575,26.841,0.2664
1375,32.608,37236.0,obs/smo/vf=off/lk=1,461.133,461.028,461.028,0.105,29.744,28.093,0.2664
1376,32.628,37256.0,obs/smo/vf=off/lk=1,461.707,461.619,461.619,0.087,29.055,31.932,0.2664
1377,32.648,37276.0,obs/smo/vf=off/lk=1,462.284,462.211,462.211,0.073,28.808,27.873,0.2664
1378,32.668,37296.0,obs/smo/vf=off/lk=1,462.876,462.788,462.788,0.087,29.472,27.121,0.2664
1379,32.688,37316.0,obs/smo/vf=off/lk=1,463.475,463.385,463.385,0.091,29.752,31.871,0.2664
1380,32.708,37336.0,obs/smo/vf=off/lk=1,464.06,463.975,463.975,0.085,29.381,29.009,0.2664
1381,32.728,37356.0,obs/smo/vf=off/lk=1,464.647,464.554,464.554,0.093,29.193,26.491,0.2664
1382,32.748,37376.0,obs/smo/vf=off/lk=1,465.223,465.138,465.138,0.084,28.862,30.653,0.2664
1383,32.768,37396.0,obs/smo/vf=off/lk=1,465.813,465.74,465.74,0.074,29.295,30.234,0.2664
1384,32.788,37416.0,obs/smo/vf=off/lk=1,466.399,466.314,466.314,0.085,29.912,26.335,0.2664
1385,32.808,37436.0,obs/smo/vf=off/lk=1,466.994,466.892,466.892,0.102,29.641,29.273,0.2664
1386,32.828,37456.0,obs/smo/vf=off/lk=1,467.585,467.49,467.49,0.095,29.438,31.764,0.2664
1387,32.848,37476.0,obs/smo/vf=off/lk=1,468.16,468.081,468.081,0.079,28.67,26.738,0.2664
1388,32.868,37496.0,obs/smo/vf=off/lk=1,468.742,468.657,468.657,0.085,29.092,28.124,0.2664
1389,32.888,37516.0,obs/smo/vf=off/lk=1,469.334,469.252,469.252,0.082,29.677,32.299,0.2664
1390,32.908,37536.0,obs/smo/vf=off/lk=1,469.927,469.844,469.844,0.083,29.603,27.621,0.2664
1391,32.928,37556.0,obs/smo/vf=off/lk=1,470.518,470.419,470.419,0.099,29.573,26.956,0.2664
1392,32.948,37576.0,obs/smo/vf=off/lk=1,471.095,471.001,471.001,0.093,28.937,31.768,0.2664
1393,32.968,37596.0,obs/smo/vf=off/lk=1,471.676,471.605,471.605,0.071,28.733,28.723,0.2664
1394,32.988,37616.0,obs/smo/vf=off/lk=1,472.264,472.181,472.181,0.083,29.413,26.256,0.2664
1395,33.008,37636.0,obs/smo/vf=off/lk=1,472.856,472.757,472.757,0.099,29.882,30.686,0.2664
1396,33.028,37656.0,obs/smo/vf=off/lk=1,473.452,473.362,473.362,0.09,29.75,30.282,0.2664
1397,33.048,37676.0,obs/smo/vf=off/lk=1,474.029,473.942,473.942,0.087,28.891,26.355,0.2664
1398,33.068,37696.0,obs/smo/vf=off/lk=1,474.609,474.522,474.522,0.087,29.024,29.492,0.2664
1399,33.088,37716.0,obs/smo/vf=off/lk=1,475.201,475.126,475.126,0.076,29.363,31.436,0.2664
1400,33.108,37736.0,obs/smo/vf=off/lk=1,475.79,475.712,475.712,0.078,29.48,26.762,0.2664
1401,33.128,37756.0,obs/smo/vf=off/lk=1,476.382,476.283,476.283,0.1,29.894,27.911,0.2664
1402,33.148,37776.0,obs/smo/vf=off/lk=1,476.976,476.88,476.88,0.096,29.535,32.048,0.2664
1403,33.168,37796.0,obs/smo/vf=off/lk=1,477.545,477.469,477.469,0.076,28.568,27.892,0.2664
1404,33.188,37816.0,obs/smo/vf=off/lk=1,478.13,478.047,478.047,0.083,29.065,27.151,0.2664
1405,33.208,37836.0,obs/smo/vf=off/lk=1,478.72,478.634,478.634,0.086,29.67,31.789,0.2664
1406,33.228,37856.0,obs/smo/vf=off/lk=1,479.32,479.238,479.238,0.082,29.66,28.922,0.2664
1407,33.248,37876.0,obs/smo/vf=off/lk=1,479.906,479.811,479.811,0.095,29.644,26.451,0.2664
1408,33.268,37896.0,obs/smo/vf=off/lk=1,480.489,480.392,480.392,0.097,29.21,30.546,0.2664
1409,33.288,37916.0,obs/smo/vf=off/lk=1,481.067,480.994,480.994,0.073,28.677,30.556,0.2664
1410,33.308,37936.0,obs/smo/vf=off/lk=1,481.658,481.577,481.577,0.08,29.459,26.309,0.2664
1411,33.328,37956.0,obs/smo/vf=off/lk=1,482.253,482.16,482.16,0.093,29.881,29.749,0.2664
1412,33.348,37976.0,obs/smo/vf=off/lk=1,482.839,482.751,482.751,0.088,29.61,31.515,0.2664
1413,33.368,37996.0,obs/smo/vf=off/lk=1,483.425,483.339,483.339,0.086,29.211,26.653,0.2664
1414,33.388,38016.0,obs/smo/vf=off/lk=1,484.0,483.915,483.915,0.085,28.607,27.93,0.2664
1415,33.408,38036.0,obs/smo/vf=off/lk=1,484.585,484.508,484.508,0.077,29.31,32.304,0.2664
1416,33.428,38056.0,obs/smo/vf=off/lk=1,485.187,485.108,485.108,0.08,29.828,27.7,0.2664
1417,33.448,38076.0,obs/smo/vf=off/lk=1,485.78,485.682,485.682,0.097,29.637,27.096,0.2664
1418,33.468,38096.0,obs/smo/vf=off/lk=1,486.373,486.269,486.269,0.104,29.785,31.927,0.2664
1419,33.488,38116.0,obs/smo/vf=off/lk=1,486.948,486.869,486.869,0.08,28.982,28.669,0.2664
1420,33.508,38136.0,obs/smo/vf=off/lk=1,487.536,487.454,487.454,0.082,28.88,26.542,0.2664
1421,33.528,38156.0,obs/smo/vf=off/lk=1,488.122,488.033,488.033,0.089,29.616,31.302,0.2664
1422,33.548,38176.0,obs/smo/vf=off/lk=1,488.72,488.639,488.639,0.081,29.694,29.705,0.2664
1423,33.568,38196.0,obs/smo/vf=off/lk=1,489.303,489.214,489.214,0.089,29.421,26.439,0.2664
1424,33.588,38216.0,obs/smo/vf=off/lk=1,489.889,489.792,489.792,0.097,29.267,29.695,0.2664
1425,33.608,38236.0,obs/smo/vf=off/lk=1,490.47,490.394,490.394,0.076,28.891,31.021,0.2664
1426,33.628,38256.0,obs/smo/vf=off/lk=1,491.055,490.98,490.98,0.075,29.3,26.672,0.2664
1427,33.648,38276.0,obs/smo/vf=off/lk=1,491.656,491.559,491.559,0.098,29.952,28.701,0.2664
1428,33.668,38296.0,obs/smo/vf=off/lk=1,492.244,492.15,492.15,0.094,29.622,31.765,0.2664
1429,33.688,38316.0,obs/smo/vf=off/lk=1,492.828,492.74,492.74,0.088,29.192,27.422,0.2664
1430,33.708,38336.0,obs/smo/vf=off/lk=1,493.405,493.317,493.317,0.088,28.818,27.379,0.2664
1431,33.728,38356.0,obs/smo/vf=off/lk=1,493.986,493.908,493.908,0.079,29.177,31.88,0.2664
1432,33.748,38376.0,obs/smo/vf=off/lk=1,494.585,494.511,494.511,0.074,29.586,28.325,0.2664
1433,33.768,38396.0,obs/smo/vf=off/lk=1,495.178,495.081,495.081,0.097,29.946,26.378,0.2664
1434,33.788,38416.0,obs/smo/vf=off/lk=1,495.764,495.661,495.661,0.103,29.434,30.841,0.2664
1435,33.808,38436.0,obs/smo/vf=off/lk=1,496.341,496.262,496.262,0.079,28.63,30.047,0.2664
1436,33.828,38456.0,obs/smo/vf=off/lk=1,496.922,496.845,496.845,0.078,28.991,26.308,0.2664
1437,33.848,38476.0,obs/smo/vf=off/lk=1,497.516,497.428,497.428,0.088,29.681,30.358,0.2664
1438,33.868,38496.0,obs/smo/vf=off/lk=1,498.116,498.032,498.032,0.084,29.813,31.231,0.2664
1439,33.888,38516.0,obs/smo/vf=off/lk=1,498.702,498.612,498.612,0.09,29.675,26.492,0.2664
1440,33.908,38536.0,obs/smo/vf=off/lk=1,499.285,499.189,499.189,0.095,29.109,28.471,0.2664
1441,33.928,38556.0,obs/smo/vf=off/lk=1,499.863,499.784,499.784,0.079,29.117,31.853,0.2664
1442,33.948,38576.0,obs/smo/vf=off/lk=1,500.457,500.382,500.382,0.074,29.292,26.988,0.2664
1443,33.968,38596.0,obs/smo/vf=off/lk=1,501.043,500.954,500.954,0.088,29.812,27.65,0.2664
1444,33.988,38616.0,obs/smo/vf=off/lk=1,501.652,501.555,501.555,0.097,29.768,32.146,0.2664
1445,34.008,38636.0,obs/smo/vf=off/lk=1,502.231,502.148,502.148,0.083,29.346,28.048,0.2664
1446,34.028,38656.0,obs/smo/vf=off/lk=1,502.811,502.727,502.727,0.085,29.004,27.037,0.2664
1447,34.048,38676.0,obs/smo/vf=off/lk=1,503.405,503.324,503.324,0.081,29.383,31.97,0.2664
1448,34.068,38696.0,obs/smo/vf=off/lk=1,503.997,503.922,503.922,0.075,29.683,28.762,0.2664
1449,34.088,38716.0,obs/smo/vf=off/lk=1,504.595,504.501,504.501,0.094,29.988,26.835,0.2664
1450,34.108,38736.0,obs/smo/vf=off/lk=1,505.184,505.081,505.081,0.104,29.674,31.021,0.2664
1451,34.128,38756.0,obs/smo/vf=off/lk=1,505.764,505.684,505.684,0.08,28.995,30.188,0.2664
1452,34.148,38776.0,obs/smo/vf=off/lk=1,506.341,506.266,506.266,0.075,28.766,26.411,0.2664
1453,34.168,38796.0,obs/smo/vf=off/lk=1,506.941,506.849,506.849,0.091,29.91,30.206,0.2664
1454,34.188,38816.0,obs/smo/vf=off/lk=1,507.534,507.451,507.451,0.083,29.82,31.182,0.2664
1455,34.208,38836.0,obs/smo/vf=off/lk=1,508.128,508.042,508.042,0.086,29.526,26.51,0.2664
1456,34.228,38856.0,obs/smo/vf=off/lk=1,508.714,508.618,508.618,0.096,29.34,28.785,0.2664
1457,34.248,38876.0,obs/smo/vf=off/lk=1,509.299,509.222,509.222,0.076,29.044,31.729,0.2664
1458,34.268,38896.0,obs/smo/vf=off/lk=1,509.884,509.811,509.811,0.074,29.343,26.947,0.2664
1459,34.288,38916.0,obs/smo/vf=off/lk=1,510.487,510.39,510.39,0.097,30.032,27.862,0.2664
1460,34.308,38936.0,obs/smo/vf=off/lk=1,511.078,510.983,510.983,0.095,29.743,32.123,0.2664
1461,34.328,38956.0,obs/smo/vf=off/lk=1,511.659,511.576,511.576,0.083,29.335,27.975,0.2664
1462,34.348,38976.0,obs/smo/vf=off/lk=1,512.244,512.155,512.155,0.089,28.867,26.883,0.2664
1463,34.368,38996.0,obs/smo/vf=off/lk=1,512.825,512.746,512.746,0.079,29.232,31.813,0.2664
1464,34.388,39016.0,obs/smo/vf=off/lk=1,513.423,513.35,513.35,0.073,29.589,28.78,0.2664
1465,34.408,39036.0,obs/smo/vf=off/lk=1,514.019,513.923,513.923,0.095,29.969,26.502,0.2664
1466,34.428,39056.0,obs/smo/vf=off/lk=1,514.606,514.504,514.504,0.102,29.506,30.563,0.2664
1467,34.448,39076.0,obs/smo/vf=off/lk=1,515.186,515.106,515.106,0.08,28.836,30.325,0.2664
1468,34.468,39096.0,obs/smo/vf=off/lk=1,515.767,515.69,515.69,0.077,29.011,26.221,0.2664
1469,34.488,39116.0,obs/smo/vf=off/lk=1,516.362,516.274,516.274,0.089,29.731,30.219,0.2664
1470,34.508,39136.0,obs/smo/vf=off/lk=1,516.959,516.875,516.875,0.084,29.685,31.461,0.2664
1471,34.528,39156.0,obs/smo/vf=off/lk=1,517.547,517.455,517.455,0.091,29.653,26.571,0.2664
1472,34.548,39176.0,obs/smo/vf=off/lk=1,518.127,518.031,518.031,0.095,29.082,28.19,0.2664
1473,34.568,39196.0,obs/smo/vf=off/lk=1,518.706,518.628,518.628,0.078,29.052,32.124,0.2664
1474,34.588,39216.0,obs/smo/vf=off/lk=1,519.297,519.225,519.225,0.072,29.46,27.19,0.2664
1475,34.608,39236.0,obs/smo/vf=off/lk=1,519.888,519.799,519.799,0.089,29.824,27.417,0.2664
1476,34.628,39256.0,obs/smo/vf=off/lk=1,520.494,520.398,520.398,0.096,29.708,32.188,0.2664
1477,34.648,39276.0,obs/smo/vf=off/lk=1,521.07,520.985,520.985,0.085,29.201,28.094,0.2664
1478,34.668,39296.0,obs/smo/vf=off/lk=1,521.647,521.564,521.564,0.083,28.785,26.75,0.2664
1479,34.688,39316.0,obs/smo/vf=off/lk=1,522.238,522.156,522.156,0.081,29.33,31.816,0.2664
1480,34.708,39336.0,obs/smo/vf=off/lk=1,522.833,522.757,522.757,0.076,29.793,29.291,0.2664
1481,34.728,39356.0,obs/smo/vf=off/lk=1,523.426,523.336,523.336,0.09,29.705,26.384,0.2664
1482,34.748,39376.0,obs/smo/vf=off/lk=1,524.026,523.92,523.92,0.106,29.812,30.611,0.2664
1483,34.768,39396.0,obs/smo/vf=off/lk=1,524.594,524.513,524.513,0.081,28.723,30.852,0.2664
1484,34.788,39416.0,obs/smo/vf=off/lk=1,525.171,525.096,525.096,0.074,28.956,26.451,0.2664
1485,34.808,39436.0,obs/smo/vf=off/lk=1,525.766,525.675,525.675,0.091,29.595,28.905,0.2664
1486,34.828,39456.0,obs/smo/vf=off/lk=1,526.358,526.273,526.273,0.085,29.847,31.885,0.2664
1487,34.848,39476.0,obs/smo/vf=off/lk=1,526.956,526.87,526.87,0.086,29.434,26.81,0.2664
1488,34.868,39496.0,obs/smo/vf=off/lk=1,527.536,527.441,527.441,0.095,29.087,27.788,0.2664
1489,34.888,39516.0,obs/smo/vf=off/lk=1,528.114,528.034,528.034,0.081,29.287,32.022,0.2664
1490,34.908,39536.0,obs/smo/vf=off/lk=1,528.7,528.628,528.628,0.072,29.233,28.096,0.2664
1491,34.928,39556.0,obs/smo/vf=off/lk=1,529.3,529.206,529.206,0.094,29.876,27.1,0.2664
1492,34.948,39576.0,obs/smo/vf=off/lk=1,529.894,529.793,529.793,0.1,29.791,31.626,0.2664
1493,34.968,39596.0,obs/smo/vf=off/lk=1,530.483,530.398,530.398,0.085,29.148,29.123,0.2664
1494,34.988,39616.0,obs/smo/vf=off/lk=1,531.055,530.97,530.97,0.085,28.833,26.466,0.2664
1495,35.008,39636.0,obs/smo/vf=off/lk=1,531.647,531.566,531.566,0.081,29.158,30.952,0.2664
1496,35.028,39656.0,obs/smo/vf=off/lk=1,532.235,532.16,532.16,0.074,29.739,30.459,0.2664
1497,35.048,39676.0,obs/smo/vf=off/lk=1,532.828,532.74,532.74,0.089,30.025,26.398,0.2664
1498,35.068,39696.0,obs/smo/vf=off/lk=1,533.422,533.32,533.32,0.102,29.511,29.616,0.2664
1499,35.088,39716.0,obs/smo/vf=off/lk=1,534.005,533.925,533.925,0.08,28.841,31.386,0.2664
1500,35.108,39736.0,obs/smo/vf=off/lk=1,534.578,534.505,534.505,0.073,28.946,26.674,0.2664
1501,35.128,39756.0,obs/smo/vf=off/lk=1,535.172,535.083,535.083,0.089,29.727,28.355,0.2664
1502,35.148,39776.0,obs/smo/vf=off/lk=1,535.78,535.691,535.691,0.089,29.859,32.204,0.2664
1503,35.168,39796.0,obs/smo/vf=off/lk=1,536.366,536.279,536.279,0.087,29.592,27.274,0.2664
1504,35.188,39816.0,obs/smo/vf=off/lk=1,536.947,536.852,536.852,0.095,29.072,27.202,0.2664
1505,35.208,39836.0,obs/smo/vf=off/lk=1,537.521,537.438,537.438,0.082,28.895,32.179,0.2664
1506,35.228,39856.0,obs/smo/vf=off/lk=1,538.117,538.045,538.045,0.073,29.43,28.177,0.2664
1507,35.248,39876.0,obs/smo/vf=off/lk=1,538.708,538.62,538.62,0.088,29.721,26.592,0.2664
1508,35.268,39896.0,obs/smo/vf=off/lk=1,539.3,539.201,539.201,0.099,29.825,31.36,0.2664
1509,35.288,39916.0,obs/smo/vf=off/lk=1,539.889,539.804,539.804,0.085,29.363,29.605,0.2664
1510,35.308,39936.0,obs/smo/vf=off/lk=1,540.464,540.384,540.384,0.081,28.805,26.561,0.2664
1511,35.328,39956.0,obs/smo/vf=off/lk=1,541.05,540.966,540.966,0.085,29.169,30.307,0.2664
1512,35.348,39976.0,obs/smo/vf=off/lk=1,541.647,541.571,541.571,0.076,29.744,30.664,0.2664
1513,35.368,39996.0,obs/smo/vf=off/lk=1,542.242,542.155,542.155,0.088,29.796,26.421,0.2664
1514,35.388,40016.0,obs/smo/vf=off/lk=1,542.841,542.735,542.735,0.106,29.777,29.215,0.2664
1515,35.408,40036.0,obs/smo/vf=off/lk=1,543.417,543.331,543.331,0.086,29.154,31.707,0.2664
1516,35.428,40056.0,obs/smo/vf=off/lk=1,543.991,543.922,543.922,0.069,28.73,26.99,0.2664
1517,35.448,40076.0,obs/smo/vf=off/lk=1,544.591,544.5,544.5,0.091,29.776,27.969,0.2664
1518,35.468,40096.0,obs/smo/vf=off/lk=1,545.184,545.098,545.098,0.087,29.91,31.994,0.2664
1519,35.488,40116.0,obs/smo/vf=off/lk=1,545.783,545.698,545.698,0.085,29.462,27.465,0.2664
1520,35.508,40136.0,obs/smo/vf=off/lk=1,546.361,546.268,546.268,0.093,29.014,27.227,0.2664
1521,35.528,40156.0,obs/smo/vf=off/lk=1,546.939,546.857,546.857,0.083,29.112,31.751,0.2664
1522,35.548,40176.0,obs/smo/vf=off/lk=1,547.533,547.46,547.46,0.073,29.387,28.841,0.2664
1523,35.568,40196.0,obs/smo/vf=off/lk=1,548.124,548.032,548.032,0.092,29.817,26.498,0.2664
1524,35.588,40216.0,obs/smo/vf=off/lk=1,548.719,548.618,548.618,0.101,29.817,30.959,0.2664
1525,35.608,40236.0,obs/smo/vf=off/lk=1,549.311,549.222,549.222,0.089,29.322,30.092,0.2664
1526,35.628,40256.0,obs/smo/vf=off/lk=1,549.886,549.804,549.804,0.082,28.683,26.197,0.2664
1527,35.648,40276.0,obs/smo/vf=off/lk=1,550.463,550.377,550.377,0.086,29.297,29.815,0.2664
1528,35.668,40296.0,obs/smo/vf=off/lk=1,551.058,550.978,550.978,0.08,29.603,31.293,0.2664
1529,35.688,40316.0,obs/smo/vf=off/lk=1,551.659,551.573,551.573,0.087,29.749,26.469,0.2664
1530,35.708,40336.0,obs/smo/vf=off/lk=1,552.253,552.15,552.15,0.103,29.773,28.673,0.2664
1531,35.728,40356.0,obs/smo/vf=off/lk=1,552.828,552.741,552.741,0.087,29.031,32.201,0.2664
1532,35.748,40376.0,obs/smo/vf=off/lk=1,553.413,553.338,553.338,0.074,28.879,26.963,0.2664
1533,35.768,40396.0,obs/smo/vf=off/lk=1,554.003,553.916,553.916,0.087,29.591,27.953,0.2664
1534,35.788,40416.0,obs/smo/vf=off/lk=1,554.605,554.51,554.51,0.094,30.101,32.268,0.2664
1535,35.808,40436.0,obs/smo/vf=off/lk=1,555.192,555.104,555.104,0.088,29.563,27.988,0.2664
1536,35.828,40456.0,obs/smo/vf=off/lk=1,555.773,555.681,555.681,0.092,29.14,26.939,0.2664
1537,35.848,40476.0,obs/smo/vf=off/lk=1,556.359,556.276,556.276,0.083,29.005,32.114,0.2664
1538,35.868,40496.0,obs/smo/vf=off/lk=1,556.947,556.876,556.876,0.071,29.605,28.902,0.2664
1539,35.888,40516.0,obs/smo/vf=off/lk=1,557.539,557.453,557.453,0.086,29.638,26.452,0.2664
1540,35.908,40536.0,obs/smo/vf=off/lk=1,558.14,558.04,558.04,0.101,29.848,30.895,0.2664
1541,35.928,40556.0,obs/smo/vf=off/lk=1,558.729,558.643,558.643,0.086,29.36,30.224,0.2664
1542,35.948,40576.0,obs/smo/vf=off/lk=1,559.306,559.225,559.225,0.082,28.845,26.555,0.2664
1543,35.968,40596.0,obs/smo/vf=off/lk=1,559.88,559.798,559.798,0.082,29.243,29.631,0.2664
1544,35.988,40616.0,obs/smo/vf=off/lk=1,560.484,560.405,560.405,0.079,29.828,31.119,0.2664
1545,36.008,40636.0,obs/smo/vf=off/lk=1,561.075,560.992,560.992,0.082,29.699,26.754,0.2664
1546,36.028,40656.0,obs/smo/vf=off/lk=1,561.676,561.572,561.572,0.104,30.096,28.636,0.2664
1547,36.048,40676.0,obs/smo/vf=off/lk=1,562.256,562.169,562.169,0.087,29.01,31.771,0.2664
1548,36.068,40696.0,obs/smo/vf=off/lk=1,562.839,562.768,562.768,0.071,28.723,27.165,0.2664
1549,36.088,40716.0,obs/smo/vf=off/lk=1,563.425,563.338,563.338,0.088,29.687,27.603,0.2664
1550,36.108,40736.0,obs/smo/vf=off/lk=1,564.025,563.937,563.937,0.088,29.901,32.06,0.2664
1551,36.128,40756.0,obs/smo/vf=off/lk=1,564.614,564.532,564.532,0.082,29.592,28.091,0.2664
1552,36.148,40776.0,obs/smo/vf=off/lk=1,565.204,565.112,565.112,0.092,29.272,26.764,0.2664
1553,36.168,40796.0,obs/smo/vf=off/lk=1,565.786,565.701,565.701,0.085,29.156,31.703,0.2664
1554,36.188,40816.0,obs/smo/vf=off/lk=1,566.369,566.298,566.298,0.071,29.268,29.359,0.2664
1555,36.208,40836.0,obs/smo/vf=off/lk=1,566.972,566.88,566.88,0.092,30.017,26.579,0.2664
1556,36.228,40856.0,obs/smo/vf=off/lk=1,567.565,567.467,567.467,0.098,29.717,30.89,0.2664
1557,36.248,40876.0,obs/smo/vf=off/lk=1,568.16,568.072,568.072,0.088,29.571,30.15,0.2664
1558,36.268,40896.0,obs/smo/vf=off/lk=1,568.733,568.649,568.649,0.084,28.905,26.477,0.2664
1559,36.288,40916.0,obs/smo/vf=off/lk=1,569.317,569.233,569.233,0.084,29.196,30.116,0.2664
1560,36.308,40936.0,obs/smo/vf=off/lk=1,569.917,569.841,569.841,0.076,29.888,31.898,0.2664
1561,36.328,40956.0,obs/smo/vf=off/lk=1,570.512,570.425,570.425,0.087,29.856,26.541,0.2664
1562,36.348,40976.0,obs/smo/vf=off/lk=1,571.101,571.002,571.002,0.099,29.714,28.861,0.2664
1563,36.368,40996.0,obs/smo/vf=off/lk=1,571.693,571.608,571.608,0.085,29.085,31.677,0.2664
1564,36.388,41016.0,obs/smo/vf=off/lk=1,572.27,572.195,572.195,0.075,29.038,27.023,0.2664
1565,36.408,41036.0,obs/smo/vf=off/lk=1,572.857,572.773,572.773,0.085,29.532,28.103,0.2664
1566,36.428,41056.0,obs/smo/vf=off/lk=1,573.466,573.376,573.376,0.09,30.084,32.362,0.2664
1567,36.448,41076.0,obs/smo/vf=off/lk=1,574.052,573.966,573.966,0.086,29.48,27.567,0.2664
1568,36.468,41096.0,obs/smo/vf=off/lk=1,574.635,574.543,574.543,0.092,29.133,27.095,0.2664
1569,36.488,41116.0,obs/smo/vf=off/lk=1,575.221,575.139,575.139,0.083,29.01,31.985,0.2664
1570,36.508,41136.0,obs/smo/vf=off/lk=1,575.807,575.737,575.737,0.07,29.55,28.489,0.2664
1571,36.528,41156.0,obs/smo/vf=off/lk=1,576.398,576.313,576.313,0.085,29.529,26.491,0.2664
1572,36.548,41176.0,obs/smo/vf=off/lk=1,576.995,576.893,576.893,0.101,30.052,31.36,0.2664
1573,36.568,41196.0,obs/smo/vf=off/lk=1,577.581,577.494,577.494,0.087,29.093,29.997,0.2664
1574,36.588,41216.0,obs/smo/vf=off/lk=1,578.153,578.074,578.074,0.079,28.884,26.448,0.2664
1575,36.608,41236.0,obs/smo/vf=off/lk=1,578.743,578.658,578.658,0.086,29.196,30.328,0.2664
1576,36.628,41256.0,obs/smo/vf=off/lk=1,579.34,579.261,579.261,0.079,29.702,30.966,0.2664
1577,36.648,41276.0,obs/smo/vf=off/lk=1,579.929,579.844,579.844,0.085,29.492,26.546,0.2664
1578,36.668,41296.0,obs/smo/vf=off/lk=1,580.518,580.412,580.412,0.106,29.789,28.23,0.2664
1579,36.688,41316.0,obs/smo/vf=off/lk=1,581.104,581.015,581.015,0.089,29.068,31.977,0.2664
1580,36.708,41336.0,obs/smo/vf=off/lk=1,581.676,581.605,581.605,0.071,28.698,27.575,0.2664
1581,36.728,41356.0,obs/smo/vf=off/lk=1,582.268,582.181,582.181,0.087,29.491,27.256,0.2664
1582,36.748,41376.0,obs/smo/vf=off/lk=1,582.859,582.768,582.768,0.091,29.818,31.921,0.2664
1583,36.768,41396.0,obs/smo/vf=off/lk=1,583.456,583.371,583.371,0.085,29.53,28.518,0.2664
1584,36.788,41416.0,obs/smo/vf=off/lk=1,584.034,583.942,583.942,0.092,29.153,26.64,0.2664
1585,36.808,41436.0,obs/smo/vf=off/lk=1,584.611,584.528,584.528,0.083,28.876,31.017,0.2664
1586,36.828,41456.0,obs/smo/vf=off/lk=1,585.204,585.13,585.13,0.074,29.469,29.986,0.2664
1587,36.848,41476.0,obs/smo/vf=off/lk=1,585.801,585.714,585.714,0.087,29.736,26.249,0.2664
1588,36.868,41496.0,obs/smo/vf=off/lk=1,586.399,586.297,586.297,0.103,29.905,30.24,0.2664
1589,36.888,41516.0,obs/smo/vf=off/lk=1,586.984,586.892,586.892,0.092,29.57,31.12,0.2664
1590,36.908,41536.0,obs/smo/vf=off/lk=1,587.562,587.481,587.481,0.081,28.871,26.442,0.2664
1591,36.928,41556.0,obs/smo/vf=off/lk=1,588.142,588.059,588.059,0.083,28.869,29.003,0.2664
1592,36.948,41576.0,obs/smo/vf=off/lk=1,588.739,588.659,588.659,0.08,29.729,31.744,0.2664
1593,36.968,41596.0,obs/smo/vf=off/lk=1,589.331,589.248,589.248,0.083,29.723,26.883,0.2664
1594,36.988,41616.0,obs/smo/vf=off/lk=1,589.918,589.821,589.821,0.097,29.676,27.823,0.2664
1595,37.008,41636.0,obs/smo/vf=off/lk=1,590.506,590.416,590.416,0.09,28.959,32.316,0.2664
1596,37.028,41656.0,obs/smo/vf=off/lk=1,591.083,591.01,591.01,0.072,29.035,28.016,0.2664
1597,37.048,41676.0,obs/smo/vf=off/lk=1,591.672,591.588,591.588,0.084,29.444,26.761,0.2664
1598,37.068,41696.0,obs/smo/vf=off/lk=1,592.276,592.184,592.184,0.092,30.103,31.994,0.2664
1599,37.088,41716.0,obs/smo/vf=off/lk=1,592.867,592.779,592.779,0.088,29.485,28.863,0.2664
1600,37.108,41736.0,obs/smo/vf=off/lk=1,593.447,593.357,593.357,0.09,28.991,26.397,0.2664
1601,37.128,41756.0,obs/smo/vf=off/lk=1,594.031,593.944,593.944,0.087,28.916,31.066,0.2664
1602,37.148,41776.0,obs/smo/vf=off/lk=1,594.606,594.536,594.536,0.07,29.278,30.341,0.2664
1603,37.168,41796.0,obs/smo/vf=off/lk=1,595.201,595.119,595.119,0.083,29.798,26.39,0.2664
1604,37.188,41816.0,obs/smo/vf=off/lk=1,595.798,595.698,595.698,0.1,29.685,29.356,0.2664
1605,37.208,41836.0,obs/smo/vf=off/lk=1,596.387,596.299,596.299,0.088,29.491,31.497,0.2664
1606,37.228,41856.0,obs/smo/vf=off/lk=1,596.966,596.887,596.887,0.079,28.808,26.843,0.2664
1607,37.248,41876.0,obs/smo/vf=off/lk=1,597.55,597.466,597.466,0.084,29.078,28.595,0.2664
1608,37.268,41896.0,obs/smo/vf=off/lk=1,598.147,598.064,598.064,0.083,30.054,32.157,0.2664
1609,37.288,41916.0,obs/smo/vf=off/lk=1,598.739,598.657,598.657,0.082,29.693,27.476,0.2664
1610,37.308,41936.0,obs/smo/vf=off/lk=1,599.337,599.235,599.235,0.102,29.77,27.456,0.2664
1611,37.328,41956.0,obs/smo/vf=off/lk=1,599.918,599.828,599.828,0.091,29.138,31.991,0.2664
1612,37.348,41976.0,obs/smo/vf=off/lk=1,600.501,600.429,600.429,0.072,28.9,28.421,0.2664
1613,37.368,41996.0,obs/smo/vf=off/lk=1,601.087,601.001,601.001,0.087,29.596,26.587,0.2664
1614,37.388,42016.0,obs/smo/vf=off/lk=1,601.69,601.596,601.596,0.094,29.88,31.637,0.2664
1615,37.408,42036.0,obs/smo/vf=off/lk=1,602.281,602.195,602.195,0.086,29.663,29.485,0.2664
1616,37.428,42056.0,obs/smo/vf=off/lk=1,602.865,602.777,602.777,0.088,29.174,26.555,0.2664
1617,37.448,42076.0,obs/smo/vf=off/lk=1,603.445,603.361,603.361,0.084,28.829,30.229,0.2664
1618,37.468,42096.0,obs/smo/vf=off/lk=1,604.031,603.958,603.958,0.073,29.556,30.956,0.2664
1619,37.488,42116.0,obs/smo/vf=off/lk=1,604.631,604.544,604.544,0.086,29.87,26.445,0.2664
1620,37.508,42136.0,obs/smo/vf=off/lk=1,605.226,605.125,605.125,0.101,29.887,29.49,0.2664
1621,37.528,42156.0,obs/smo/vf=off/lk=1,605.82,605.729,605.729,0.091,29.401,31.271,0.2664
1622,37.548,42176.0,obs/smo/vf=off/lk=1,606.39,606.312,606.312,0.078,29.031,26.781,0.2664
1623,37.568,42196.0,obs/smo/vf=off/lk=1,606.973,606.891,606.891,0.083,29.024,28.31,0.2664
1624,37.588,42216.0,obs/smo/vf=off/lk=1,607.565,607.486,607.486,0.079,29.664,32.215,0.2664
1625,37.608,42236.0,obs/smo/vf=off/lk=1,608.165,608.083,608.083,0.082,29.935,27.367,0.2664
1626,37.628,42256.0,obs/smo/vf=off/lk=1,608.757,608.659,608.659,0.098,29.582,27.264,0.2664
1627,37.648,42276.0,obs/smo/vf=off/lk=1,609.343,609.25,609.25,0.093,29.315,32.086,0.2664
1628,37.668,42296.0,obs/smo/vf=off/lk=1,609.92,609.848,609.848,0.072,28.905,28.415,0.2664
1629,37.688,42316.0,obs/smo/vf=off/lk=1,610.518,610.434,610.434,0.084,29.469,26.967,0.2664
1630,37.708,42336.0,obs/smo/vf=off/lk=1,611.118,611.02,611.02,0.098,30.184,31.664,0.2664
1631,37.728,42356.0,obs/smo/vf=off/lk=1,611.712,611.624,611.624,0.088,29.693,29.075,0.2664
1632,37.748,42376.0,obs/smo/vf=off/lk=1,612.295,612.204,612.204,0.09,29.16,26.504,0.2664
1633,37.768,42396.0,obs/smo/vf=off/lk=1,612.881,612.792,612.792,0.089,29.068,31.063,0.2664
1634,37.788,42416.0,obs/smo/vf=off/lk=1,613.46,613.388,613.388,0.073,29.407,30.579,0.2664
1635,37.808,42436.0,obs/smo/vf=off/lk=1,614.049,613.971,613.971,0.079,29.492,26.505,0.2664
1636,37.828,42456.0,obs/smo/vf=off/lk=1,614.654,614.552,614.552,0.102,30.039,29.57,0.2664
1637,37.848,42476.0,obs/smo/vf=off/lk=1,615.244,615.156,615.156,0.088,29.526,31.277,0.2664
1638,37.868,42496.0,obs/smo/vf=off/lk=1,615.818,615.742,615.742,0.076,28.596,26.745,0.2664
1639,37.888,42516.0,obs/smo/vf=off/lk=1,616.406,616.321,616.321,0.085,29.202,28.362,0.2664
1640,37.908,42536.0,obs/smo/vf=off/lk=1,616.996,616.914,616.914,0.082,29.696,32.027,0.2664
1641,37.928,42556.0,obs/smo/vf=off/lk=1,617.588,617.507,617.507,0.081,29.758,27.522,0.2664
1642,37.948,42576.0,obs/smo/vf=off/lk=1,618.187,618.086,618.086,0.101,29.978,27.395,0.2664
1643,37.968,42596.0,obs/smo/vf=off/lk=1,618.77,618.678,618.678,0.091,29.051,31.934,0.2664
1644,37.988,42616.0,obs/smo/vf=off/lk=1,619.342,619.273,619.273,0.069,28.728,28.704,0.2664
1645,38.008,42636.0,obs/smo/vf=off/lk=1,619.94,619.856,619.856,0.084,29.624,26.829,0.2664
1646,38.028,42656.0,obs/smo/vf=off/lk=1,620.538,620.443,620.443,0.095,30.201,31.495,0.2664
1647,38.048,42676.0,obs/smo/vf=off/lk=1,621.133,621.05,621.05,0.084,29.365,29.354,0.2664
1648,38.068,42696.0,obs/smo/vf=off/lk=1,621.712,621.624,621.624,0.088,29.363,26.322,0.2664
1649,38.088,42716.0,obs/smo/vf=off/lk=1,622.292,622.207,622.207,0.085,28.879,30.513,0.2664
1650,38.108,42736.0,obs/smo/vf=off/lk=1,622.881,622.81,622.81,0.07,29.438,30.785,0.2664
1651,38.128,42756.0,obs/smo/vf=off/lk=1,623.483,623.398,623.398,0.086,29.799,26.326,0.2664
1652,38.148,42776.0,obs/smo/vf=off/lk=1,624.071,623.969,623.969,0.102,29.853,29.083,0.2664
1653,38.168,42796.0,obs/smo/vf=off/lk=1,624.663,624.57,624.57,0.093,29.472,31.872,0.2664
1654,38.188,42816.0,obs/smo/vf=off/lk=1,625.244,625.164,625.164,0.08,28.897,26.651,0.2664
1655,38.208,42836.0,obs/smo/vf=off/lk=1,625.826,625.742,625.742,0.084,28.944,28.194,0.2664
1656,38.228,42856.0,obs/smo/vf=off/lk=1,626.419,626.34,626.34,0.079,29.962,32.467,0.2664
1657,38.248,42876.0,obs/smo/vf=off/lk=1,627.013,626.934,626.934,0.08,29.479,27.164,0.2664
1658,38.268,42896.0,obs/smo/vf=off/lk=1,627.61,627.51,627.51,0.1,29.836,27.131,0.2664
1659,38.288,42916.0,obs/smo/vf=off/lk=1,628.19,628.099,628.099,0.091,29.188,32.007,0.2664
1660,38.308,42936.0,obs/smo/vf=off/lk=1,628.763,628.695,628.695,0.068,28.779,28.544,0.2664
1661,38.328,42956.0,obs/smo/vf=off/lk=1,629.354,629.272,629.272,0.082,29.364,26.537,0.2664
1662,38.348,42976.0,obs/smo/vf=off/lk=1,629.954,629.856,629.856,0.098,30.21,31.471,0.2664
1663,38.368,42996.0,obs/smo/vf=off/lk=1,630.549,630.46,630.46,0.089,29.644,29.783,0.2664
1664,38.388,43016.0,obs/smo/vf=off/lk=1,631.129,631.04,631.04,0.089,28.995,26.185,0.2664
1665,38.408,43036.0,obs/smo/vf=off/lk=1,631.712,631.623,631.623,0.089,29.051,30.215,0.2664
1666,38.428,43056.0,obs/smo/vf=off/lk=1,632.301,632.228,632.228,0.073,29.375,30.759,0.2664
1667,38.448,43076.0,obs/smo/vf=off/lk=1,632.894,632.812,632.812,0.083,29.672,26.512,0.2664
1668,38.468,43096.0,obs/smo/vf=off/lk=1,633.487,633.384,633.384,0.103,29.869,28.94,0.2664
1669,38.488,43116.0,obs/smo/vf=off/lk=1,634.077,633.987,633.987,0.09,29.505,31.812,0.2664
1670,38.508,43136.0,obs/smo/vf=off/lk=1,634.652,634.575,634.575,0.077,28.662,27.086,0.2664
1671,38.528,43156.0,obs/smo/vf=off/lk=1,635.237,635.154,635.154,0.083,29.067,27.957,0.2664
1672,38.548,43176.0,obs/smo/vf=off/lk=1,635.83,635.747,635.747,0.083,29.878,32.096,0.2664
1673,38.568,43196.0,obs/smo/vf=off/lk=1,636.419,636.341,636.341,0.078,29.483,28.052,0.2664
1674,38.588,43216.0,obs/smo/vf=off/lk=1,637.022,636.92,636.92,0.103,29.963,26.808,0.2664
1675,38.608,43236.0,obs/smo/vf=off/lk=1,637.602,637.509,637.509,0.093,29.065,31.767,0.2664
1676,38.628,43256.0,obs/smo/vf=off/lk=1,638.174,638.104,638.104,0.07,28.753,29.46,0.2664
1677,38.648,43276.0,obs/smo/vf=off/lk=1,638.771,638.686,638.686,0.085,29.62,26.511,0.2664
1678,38.668,43296.0,obs/smo/vf=off/lk=1,639.365,639.27,639.27,0.094,29.767,30.741,0.2664
1679,38.688,43316.0,obs/smo/vf=off/lk=1,639.961,639.875,639.875,0.087,29.532,30.482,0.2664
1680,38.708,43336.0,obs/smo/vf=off/lk=1,640.538,640.45,640.45,0.088,29.215,26.406,0.2664
1681,38.728,43356.0,obs/smo/vf=off/lk=1,641.115,641.029,641.029,0.086,28.778,29.304,0.2664
1682,38.748,43376.0,obs/smo/vf=off/lk=1,641.706,641.63,641.63,0.075,29.478,31.731,0.2664
1683,38.768,43396.0,obs/smo/vf=off/lk=1,642.295,642.215,642.215,0.08,29.679,26.739,0.2664
1684,38.788,43416.0,obs/smo/vf=off/lk=1,642.901,642.799,642.799,0.101,29.98,28.374,0.2664
1685,38.808,43436.0,obs/smo/vf=off/lk=1,643.491,643.396,643.396,0.095,29.376,32.132,0.2664
1686,38.828,43456.0,obs/smo/vf=off/lk=1,644.065,643.985,643.985,0.08,28.882,27.399,0.2664
1687,38.848,43476.0,obs/smo/vf=off/lk=1,644.642,644.561,644.561,0.081,28.829,27.394,0.2664
1688,38.868,43496.0,obs/smo/vf=off/lk=1,645.232,645.148,645.148,0.084,29.692,32.098,0.2664
1689,38.888,43516.0,obs/smo/vf=off/lk=1,645.83,645.752,645.752,0.078,29.722,28.421,0.2664
1690,38.908,43536.0,obs/smo/vf=off/lk=1,646.429,646.332,646.332,0.097,29.888,26.643,0.2664
1691,38.928,43556.0,obs/smo/vf=off/lk=1,647.007,646.913,646.913,0.095,29.099,31.271,0.2664
1692,38.948,43576.0,obs/smo/vf=off/lk=1,647.588,647.517,647.517,0.071,29.033,29.739,0.2664
1693,38.968,43596.0,obs/smo/vf=off/lk=1,648.177,648.098,648.098,0.079,29.438,26.371,0.2664
1694,38.988,43616.0,obs/smo/vf=off/lk=1,648.783,648.684,648.684,0.099,30.069,30.589,0.2664
1695,39.008,43636.0,obs/smo/vf=off/lk=1,649.369,649.281,649.281,0.088,29.812,30.879,0.2664
1696,39.028,43656.0,obs/smo/vf=off/lk=1,649.952,649.865,649.865,0.087,28.962,26.49,0.2664
1697,39.048,43676.0,obs/smo/vf=off/lk=1,650.535,650.446,650.446,0.089,28.985,29.089,0.2664
1698,39.068,43696.0,obs/smo/vf=off/lk=1,651.123,651.051,651.051,0.072,29.333,31.445,0.2664
1699,39.088,43716.0,obs/smo/vf=off/lk=1,651.719,651.64,651.64,0.079,29.705,26.766,0.2664
1700,39.108,43736.0,obs/smo/vf=off/lk=1,652.312,652.212,652.212,0.099,29.86,27.904,0.2664
1701,39.128,43756.0,obs/smo/vf=off/lk=1,652.908,652.813,652.813,0.095,29.585,31.947,0.2664
1702,39.148,43776.0,obs/smo/vf=off/lk=1,653.479,653.403,653.403,0.076,28.692,27.667,0.2664
1703,39.168,43796.0,obs/smo/vf=off/lk=1,654.06,653.979,653.979,0.081,29.165,26.953,0.2664
1704,39.188,43816.0,obs/smo/vf=off/lk=1,654.654,654.57,654.57,0.084,29.725,31.901,0.2664
1705,39.208,43836.0,obs/smo/vf=off/lk=1,655.243,655.164,655.164,0.079,29.479,29.019,0.2664
1706,39.228,43856.0,obs/smo/vf=off/lk=1,655.846,655.746,655.746,0.1,29.93,26.466,0.2664
1707,39.248,43876.0,obs/smo/vf=off/lk=1,656.426,656.332,656.332,0.093,29.018,30.981,0.2664
1708,39.268,43896.0,obs/smo/vf=off/lk=1,656.996,656.925,656.925,0.071,28.959,30.618,0.2664
1709,39.288,43916.0,obs/smo/vf=off/lk=1,657.59,657.51,657.51,0.08,29.363,26.347,0.2664
1710,39.308,43936.0,obs/smo/vf=off/lk=1,658.188,658.092,658.092,0.096,29.877,29.771,0.2664
1711,39.328,43956.0,obs/smo/vf=off/lk=1,658.785,658.697,658.697,0.088,29.608,31.44,0.2664
1712,39.348,43976.0,obs/smo/vf=off/lk=1,659.362,659.276,659.276,0.086,29.258,26.669,0.2664
1713,39.368,43996.0,obs/smo/vf=off/lk=1,659.94,659.854,659.854,0.086,28.923,28.48,0.2664
1714,39.388,44016.0,obs/smo/vf=off/lk=1,660.526,660.45,660.45,0.076,29.444,32.107,0.2664
1715,39.408,44036.0,obs/smo/vf=off/lk=1,661.13,661.05,661.05,0.081,29.771,27.083,0.2664
1716,39.428,44056.0,obs/smo/vf=off/lk=1,661.726,661.628,661.628,0.098,29.947,27.682,0.2664
1717,39.448,44076.0,obs/smo/vf=off/lk=1,662.316,662.22,662.22,0.096,29.59,32.287,0.2664
1718,39.468,44096.0,obs/smo/vf=off/lk=1,662.894,662.815,662.815,0.08,28.831,28.138,0.2664
1719,39.488,44116.0,obs/smo/vf=off/lk=1,663.471,663.392,663.392,0.08,28.755,26.887,0.2664
1720,39.508,44136.0,obs/smo/vf=off/lk=1,664.074,663.988,663.988,0.087,29.883,31.83,0.2664
1721,39.528,44156.0,obs/smo/vf=off/lk=1,664.663,664.583,664.583,0.08,29.76,29.076,0.2664
1722,39.548,44176.0,obs/smo/vf=off/lk=1,665.258,665.166,665.166,0.092,29.737,26.596,0.2664
1723,39.568,44196.0,obs/smo/vf=off/lk=1,665.837,665.743,665.743,0.094,29.282,30.826,0.2664
1724,39.588,44216.0,obs/smo/vf=off/lk=1,666.418,666.347,666.347,0.071,28.943,30.346,0.2664
1725,39.608,44236.0,obs/smo/vf=off/lk=1,667.006,666.929,666.929,0.077,29.221,26.421,0.2664
1726,39.628,44256.0,obs/smo/vf=off/lk=1,667.61,667.511,667.511,0.098,30.06,29.68,0.2664
1727,39.648,44276.0,obs/smo/vf=off/lk=1,668.21,668.119,668.119,0.091,29.742,31.124,0.2664
1728,39.668,44296.0,obs/smo/vf=off/lk=1,668.793,668.704,668.704,0.088,29.153,26.623,0.2664
1729,39.688,44316.0,obs/smo/vf=off/lk=1,669.366,669.276,669.276,0.09,29.081,28.223,0.2664
1730,39.708,44336.0,obs/smo/vf=off/lk=1,669.958,669.883,669.883,0.076,29.342,31.939,0.2664
1731,39.728,44356.0,obs/smo/vf=off/lk=1,670.551,670.475,670.475,0.076,29.649,27.133,0.2664
1732,39.748,44376.0,obs/smo/vf=off/lk=1,671.143,671.045,671.045,0.097,29.891,27.631,0.2664
1733,39.768,44396.0,obs/smo/vf=off/lk=1,671.738,671.642,671.642,0.095,29.542,31.911,0.2664
1734,39.788,44416.0,obs/smo/vf=off/lk=1,672.31,672.236,672.236,0.074,28.721,28.255,0.2664
1735,39.808,44436.0,obs/smo/vf=off/lk=1,672.902,672.818,672.818,0.084,29.431,26.94,0.2664
1736,39.828,44456.0,obs/smo/vf=off/lk=1,673.494,673.41,673.41,0.085,29.658,31.941,0.2664
1737,39.848,44476.0,obs/smo/vf=off/lk=1,674.086,674.006,674.006,0.08,29.776,29.409,0.2664
1738,39.868,44496.0,obs/smo/vf=off/lk=1,674.685,674.586,674.586,0.098,29.712,26.653,0.2664
1739,39.888,44516.0,obs/smo/vf=off/lk=1,675.263,675.168,675.168,0.095,28.895,30.642,0.2664
1740,39.908,44536.0,obs/smo/vf=off/lk=1,675.835,675.763,675.763,0.073,28.917,30.896,0.2664
1741,39.928,44556.0,obs/smo/vf=off/lk=1,676.427,676.348,676.348,0.079,29.426,26.335,0.2664
1742,39.948,44576.0,obs/smo/vf=off/lk=1,677.026,676.929,676.929,0.096,29.841,29.222,0.2664
1743,39.968,44596.0,obs/smo/vf=off/lk=1,677.619,677.53,677.53,0.089,29.461,31.653,0.2664
1744,39.988,44616.0,obs/smo/vf=off/lk=1,678.196,678.11,678.11,0.086,29.273,26.957,0.2664
1745,40.008,44636.0,obs/smo/vf=off/lk=1,678.77,678.687,678.687,0.083,28.868,27.645,0.2664
1746,40.028,44656.0,obs/smo/vf=off/lk=1,679.366,679.289,679.289,0.077,29.291,32.013,0.2664
1747,40.048,44676.0,obs/smo/vf=off/lk=1,679.96,679.883,679.883,0.077,29.829,27.568,0.2664
1748,40.068,44696.0,obs/smo/vf=off/lk=1,680.558,680.459,680.459,0.099,29.904,27.108,0.2664
1749,40.088,44716.0,obs/smo/vf=off/lk=1,681.146,681.047,681.047,0.099,29.713,32.098,0.2664
1750,40.108,44736.0,obs/smo/vf=off/lk=1,681.724,681.646,681.646,0.078,28.711,29.088,0.2664
1751,40.128,44756.0,obs/smo/vf=off/lk=1,682.304,682.226,682.226,0.078,29.241,26.74,0.2664
1752,40.148,44776.0,obs/smo/vf=off/lk=1,682.907,682.817,682.817,0.089,29.681,31.565,0.2664
1753,40.168,44796.0,obs/smo/vf=off/lk=1,683.496,683.417,683.417,0.079,29.614,29.888,0.2664
1754,40.188,44816.0,obs/smo/vf=off/lk=1,684.093,684.001,684.001,0.091,29.74,26.357,0.2664
1755,40.208,44836.0,obs/smo/vf=off/lk=1,684.679,684.583,684.583,0.095,29.203,30.388,0.2664
1756,40.228,44856.0,obs/smo/vf=off/lk=1,685.255,685.179,685.179,0.076,29.128,31.15,0.2664
1757,40.248,44876.0,obs/smo/vf=off/lk=1,685.851,685.773,685.773,0.077,29.379,26.522,0.2664
1758,40.268,44896.0,obs/smo/vf=off/lk=1,686.443,686.347,686.347,0.096,29.897,29.197,0.2664
1759,40.288,44916.0,obs/smo/vf=off/lk=1,687.044,686.953,686.953,0.091,30.014,31.579,0.2664
1760,40.308,44936.0,obs/smo/vf=off/lk=1,687.627,687.541,687.541,0.085,28.934,27.013,0.2664
1761,40.328,44956.0,obs/smo/vf=off/lk=1,688.201,688.113,688.113,0.088,28.965,27.933,0.2664
1762,40.348,44976.0,obs/smo/vf=off/lk=1,688.79,688.714,688.714,0.076,29.282,31.881,0.2664
1763,40.368,44996.0,obs/smo/vf=off/lk=1,689.382,689.308,689.308,0.074,29.817,27.705,0.2664
1764,40.388,45016.0,obs/smo/vf=off/lk=1,689.985,689.886,689.886,0.098,29.813,27.123,0.2664
1765,40.408,45036.0,obs/smo/vf=off/lk=1,690.574,690.476,690.476,0.098,29.537,31.864,0.2664
1766,40.428,45056.0,obs/smo/vf=off/lk=1,691.143,691.069,691.069,0.074,28.886,29.2,0.2664
1767,40.448,45076.0,obs/smo/vf=off/lk=1,691.732,691.651,691.651,0.08,29.077,26.523,0.2664
1768,40.468,45096.0,obs/smo/vf=off/lk=1,692.327,692.238,692.238,0.089,29.802,31.093,0.2664
1769,40.488,45116.0,obs/smo/vf=off/lk=1,692.925,692.844,692.844,0.081,29.681,29.864,0.2664
1770,40.508,45136.0,obs/smo/vf=off/lk=1,693.516,693.42,693.42,0.096,29.793,26.254,0.2664
1771,40.528,45156.0,obs/smo/vf=off/lk=1,694.1,694.002,694.002,0.098,29.186,29.754,0.2664
1772,40.548,45176.0,obs/smo/vf=off/lk=1,694.682,694.606,694.606,0.075,28.881,31.378,0.2664
1773,40.568,45196.0,obs/smo/vf=off/lk=1,695.265,695.188,695.188,0.077,29.384,26.547,0.2664
1774,40.588,45216.0,obs/smo/vf=off/lk=1,695.861,695.769,695.769,0.092,30.015,28.86,0.2664
1775,40.608,45236.0,obs/smo/vf=off/lk=1,696.463,696.371,696.371,0.092,29.629,31.863,0.2664
1776,40.628,45256.0,obs/smo/vf=off/lk=1,697.038,696.953,696.953,0.084,29.17,27.12,0.2664
1777,40.648,45276.0,obs/smo/vf=off/lk=1,697.615,697.53,697.53,0.084,28.775,27.658,0.2664
1778,40.668,45296.0,obs/smo/vf=off/lk=1,698.211,698.134,698.134,0.078,29.523,32.384,0.2664
1779,40.688,45316.0,obs/smo/vf=off/lk=1,698.805,698.728,698.728,0.077,29.895,27.793,0.2664
1780,40.708,45336.0,obs/smo/vf=off/lk=1,699.406,699.306,699.306,0.101,29.989,27.133,0.2664
1781,40.728,45356.0,obs/smo/vf=off/lk=1,699.992,699.892,699.892,0.1,29.612,31.709,0.2664
1782,40.748,45376.0,obs/smo/vf=off/lk=1,700.571,700.491,700.491,0.079,28.815,29.093,0.2664
1783,40.768,45396.0,obs/smo/vf=off/lk=1,701.147,701.071,701.071,0.076,28.978,26.578,0.2664
1784,40.788,45416.0,obs/smo/vf=off/lk=1,701.753,701.662,701.662,0.091,29.874,31.347,0.2664
1785,40.808,45436.0,obs/smo/vf=off/lk=1,702.341,702.262,702.262,0.079,29.604,29.978,0.2664
1786,40.828,45456.0,obs/smo/vf=off/lk=1,702.934,702.846,702.846,0.088,29.748,26.353,0.2664
1787,40.848,45476.0,obs/smo/vf=off/lk=1,703.523,703.427,703.427,0.096,29.102,30.144,0.2664
1788,40.868,45496.0,obs/smo/vf=off/lk=1,704.097,704.023,704.023,0.074,29.214,30.786,0.2664
1789,40.888,45516.0,obs/smo/vf=off/lk=1,704.685,704.611,704.611,0.074,29.198,26.689,0.2664
1790,40.908,45536.0,obs/smo/vf=off/lk=1,705.292,705.194,705.194,0.098,30.21,29.095,0.2664
1791,40.928,45556.0,obs/smo/vf=off/lk=1,705.897,705.802,705.802,0.094,30.002,31.714,0.2664
1792,40.948,45576.0,obs/smo/vf=off/lk=1,706.479,706.394,706.394,0.085,29.122,27.101,0.2664
1793,40.968,45596.0,obs/smo/vf=off/lk=1,707.05,706.965,706.965,0.085,28.974,28.215,0.2664
1794,40.988,45616.0,obs/smo/vf=off/lk=1,707.644,707.57,707.57,0.073,29.488,32.02,0.2664
1795,41.008,45636.0,obs/smo/vf=off/lk=1,708.236,708.165,708.165,0.071,29.723,27.584,0.2664
1796,41.028,45656.0,obs/smo/vf=off/lk=1,708.836,708.737,708.737,0.099,30.02,27.207,0.2664
1797,41.048,45676.0,obs/smo/vf=off/lk=1,709.431,709.335,709.335,0.095,29.475,31.96,0.2664
1798,41.068,45696.0,obs/smo/vf=off/lk=1,710.005,709.928,709.928,0.077,28.862,28.747,0.2664
1799,41.088,45716.0,obs/smo/vf=off/lk=1,710.591,710.511,710.511,0.08,29.235,26.765,0.2664
1800,41.108,45736.0,obs/smo/vf=off/lk=1,711.184,711.099,711.099,0.085,29.799,31.629,0.2664
1801,41.128,45756.0,obs/smo/vf=off/lk=1,711.775,711.695,711.695,0.08,29.537,29.727,0.2664
1802,41.148,45776.0,obs/smo/vf=off/lk=1,712.376,712.278,712.278,0.098,29.953,26.302,0.2664
1803,41.168,45796.0,obs/smo/vf=off/lk=1,712.956,712.862,712.862,0.094,28.971,30.255,0.2664
1804,41.188,45816.0,obs/smo/vf=off/lk=1,713.54,713.466,713.466,0.074,29.054,30.795,0.2664
1805,41.208,45836.0,obs/smo/vf=off/lk=1,714.125,714.047,714.047,0.078,29.474,26.486,0.2664
1806,41.228,45856.0,obs/smo/vf=off/lk=1,714.722,714.628,714.628,0.094,29.776,29.276,0.2664
1807,41.248,45876.0,obs/smo/vf=off/lk=1,715.318,715.231,715.231,0.088,29.842,31.673,0.2664
1808,41.268,45896.0,obs/smo/vf=off/lk=1,715.895,715.81,715.81,0.085,29.163,26.884,0.2664
1809,41.288,45916.0,obs/smo/vf=off/lk=1,716.47,716.386,716.386,0.084,28.583,27.78,0.2664
1810,41.308,45936.0,obs/smo/vf=off/lk=1,717.067,716.989,716.989,0.078,29.433,32.199,0.2664
1811,41.328,45956.0,obs/smo/vf=off/lk=1,717.659,717.581,717.581,0.079,29.765,27.684,0.2664
1812,41.348,45976.0,obs/smo/vf=off/lk=1,718.253,718.157,718.157,0.096,29.908,27.076,0.2664
1813,41.368,45996.0,obs/smo/vf=off/lk=1,718.843,718.743,718.743,0.101,29.449,31.984,0.2664
1814,41.388,46016.0,obs/smo/vf=off/lk=1,719.42,719.341,719.341,0.079,28.868,28.933,0.2664
1815,41.408,46036.0,obs/smo/vf=off/lk=1,719.997,719.92,719.92,0.076,29.072,26.619,0.2664
1816,41.428,46056.0,obs/smo/vf=off/lk=1,720.595,720.507,720.507,0.088,29.459,31.16,0.2664
1817,41.448,46076.0,obs/smo/vf=off/lk=1,721.187,721.106,721.106,0.081,29.733,30.16,0.2664
1818,41.468,46096.0,obs/smo/vf=off/lk=1,721.781,721.69,721.69,0.091,29.542,26.491,0.2664
1819,41.488,46116.0,obs/smo/vf=off/lk=1,722.365,722.267,722.267,0.098,29.164,29.524,0.2664
1820,41.508,46136.0,obs/smo/vf=off/lk=1,722.936,722.861,722.861,0.075,29.007,31.596,0.2664
1821,41.528,46156.0,obs/smo/vf=off/lk=1,723.524,723.449,723.449,0.074,29.244,26.847,0.2664
1822,41.548,46176.0,obs/smo/vf=off/lk=1,724.125,724.03,724.03,0.095,30.038,28.358,0.2664
1823,41.568,46196.0,obs/smo/vf=off/lk=1,724.719,724.624,724.624,0.095,29.722,31.969,0.2664
1824,41.588,46216.0,obs/smo/vf=off/lk=1,725.298,725.215,725.215,0.084,29.14,27.703,0.2664
1825,41.608,46236.0,obs/smo/vf=off/lk=1,725.88,725.794,725.794,0.086,28.778,27.43,0.2664
1826,41.628,46256.0,obs/smo/vf=off/lk=1,726.464,726.386,726.386,0.078,29.334,31.913,0.2664
1827,41.648,46276.0,obs/smo/vf=off/lk=1,727.065,726.99,726.99,0.075,29.696,28.184,0.2664
1828,41.668,46296.0,obs/smo/vf=off/lk=1,727.661,727.564,727.564,0.097,29.94,26.617,0.2664
1829,41.688,46316.0,obs/smo/vf=off/lk=1,728.247,728.149,728.149,0.097,29.589,31.257,0.2664
1830,41.708,46336.0,obs/smo/vf=off/lk=1,728.826,728.751,728.751,0.075,28.765,29.718,0.2664
1831,41.728,46356.0,obs/smo/vf=off/lk=1,729.406,729.327,729.327,0.08,29.101,26.339,0.2664
1832,41.748,46376.0,obs/smo/vf=off/lk=1,729.998,729.912,729.912,0.086,29.8,30.427,0.2664
1833,41.768,46396.0,obs/smo/vf=off/lk=1,730.598,730.517,730.517,0.082,29.663,30.873,0.2664
1834,41.788,46416.0,obs/smo/vf=off/lk=1,731.197,731.104,731.104,0.092,29.764,26.414,0.2664
1835,41.808,46436.0,obs/smo/vf=off/lk=1,731.784,731.686,731.686,0.098,29.335,29.275,0.2664
1836,41.828,46456.0,obs/smo/vf=off/lk=1,732.358,732.282,732.282,0.076,29.239,31.82,0.2664
1837,41.848,46476.0,obs/smo/vf=off/lk=1,732.954,732.877,732.877,0.077,29.421,26.709,0.2664
1838,41.868,46496.0,obs/smo/vf=off/lk=1,733.545,733.451,733.451,0.094,29.802,28.041,0.2664
1839,41.888,46516.0,obs/smo/vf=off/lk=1,734.14,734.048,734.048,0.092,29.878,32.176,0.2664
1840,41.908,46536.0,obs/smo/vf=off/lk=1,734.728,734.643,734.643,0.085,29.004,27.332,0.2664
1841,41.928,46556.0,obs/smo/vf=off/lk=1,735.303,735.22,735.22,0.083,29.024,27.45,0.2664
1842,41.948,46576.0,obs/smo/vf=off/lk=1,735.889,735.81,735.81,0.079,29.291,32.17,0.2664
1843,41.968,46596.0,obs/smo/vf=off/lk=1,736.495,736.419,736.419,0.076,29.888,28.067,0.2664
1844,41.988,46616.0,obs/smo/vf=off/lk=1,737.095,736.997,736.997,0.097,30.012,26.946,0.2664
1845,42.008,46636.0,obs/smo/vf=off/lk=1,737.684,737.583,737.583,0.101,29.644,31.725,0.2664
1846,42.028,46656.0,obs/smo/vf=off/lk=1,738.262,738.184,738.184,0.078,28.92,29.25,0.2664
1847,42.048,46676.0,obs/smo/vf=off/lk=1,738.839,738.764,738.764,0.075,29.008,26.515,0.2664
1848,42.068,46696.0,obs/smo/vf=off/lk=1,739.44,739.353,739.353,0.088,29.896,30.994,0.2664
1849,42.088,46716.0,obs/smo/vf=off/lk=1,740.034,739.953,739.953,0.081,29.574,30.285,0.2664
1850,42.108,46736.0,obs/smo/vf=off/lk=1,740.617,740.531,740.531,0.086,29.668,26.447,0.2664
1851,42.128,46756.0,obs/smo/vf=off/lk=1,741.204,741.11,741.11,0.095,29.251,29.267,0.2664
1852,42.148,46776.0,obs/smo/vf=off/lk=1,741.792,741.715,741.715,0.076,29.006,31.616,0.2664
1853,42.168,46796.0,obs/smo/vf=off/lk=1,742.378,742.304,742.304,0.074,29.43,26.831,0.2664
1854,42.188,46816.0,obs/smo/vf=off/lk=1,742.982,742.884,742.884,0.098,30.015,28.33,0.2664
1855,42.208,46836.0,obs/smo/vf=off/lk=1,743.573,743.48,743.48,0.093,29.908,31.946,0.2664
1856,42.228,46856.0,obs/smo/vf=off/lk=1,744.156,744.07,744.07,0.086,28.933,27.61,0.2664
1857,42.248,46876.0,obs/smo/vf=off/lk=1,744.732,744.647,744.647,0.085,28.903,27.457,0.2664
1858,42.268,46896.0,obs/smo/vf=off/lk=1,745.315,745.238,745.238,0.077,29.35,31.646,0.2664
1859,42.288,46916.0,obs/smo/vf=off/lk=1,745.904,745.832,745.832,0.072,29.56,28.662,0.2664
1860,42.308,46936.0,obs/smo/vf=off/lk=1,746.513,746.416,746.416,0.098,29.905,26.547,0.2664
1861,42.328,46956.0,obs/smo/vf=off/lk=1,747.101,747.001,747.001,0.1,29.526,31.319,0.2664
1862,42.348,46976.0,obs/smo/vf=off/lk=1,747.678,747.602,747.602,0.076,28.778,29.683,0.2664
1863,42.368,46996.0,obs/smo/vf=off/lk=1,748.256,748.176,748.176,0.08,29.041,26.19,0.2664
1864,42.388,47016.0,obs/smo/vf=off/lk=1,748.846,748.758,748.758,0.089,29.556,30.274,0.2664
1865,42.408,47036.0,obs/smo/vf=off/lk=1,749.443,749.362,749.362,0.081,29.845,30.872,0.2664
1866,42.428,47056.0,obs/smo/vf=off/lk=1,750.035,749.943,749.943,0.092,29.721,26.438,0.2664
1867,42.448,47076.0,obs/smo/vf=off/lk=1,750.62,750.522,750.522,0.098,29.199,28.727,0.2664
1868,42.468,47096.0,obs/smo/vf=off/lk=1,751.197,751.12,751.12,0.077,28.953,32.011,0.2664
1869,42.488,47116.0,obs/smo/vf=off/lk=1,751.795,751.719,751.719,0.076,29.482,26.905,0.2664
1870,42.508,47136.0,obs/smo/vf=off/lk=1,752.385,752.292,752.292,0.093,29.812,27.93,0.2664
1871,42.528,47156.0,obs/smo/vf=off/lk=1,752.982,752.887,752.887,0.095,29.791,32.296,0.2664
1872,42.548,47176.0,obs/smo/vf=off/lk=1,753.57,753.485,753.485,0.085,29.306,27.788,0.2664
1873,42.568,47196.0,obs/smo/vf=off/lk=1,754.145,754.062,754.062,0.083,28.894,27.129,0.2664
1874,42.588,47216.0,obs/smo/vf=off/lk=1,754.732,754.651,754.651,0.081,29.385,31.83,0.2664
1875,42.608,47236.0,obs/smo/vf=off/lk=1,755.324,755.251,755.251,0.073,29.893,28.776,0.2664
1876,42.628,47256.0,obs/smo/vf=off/lk=1,755.926,755.833,755.833,0.093,29.827,26.714,0.2664
1877,42.648,47276.0,obs/smo/vf=off/lk=1,756.526,756.424,756.424,0.101,29.838,31.579,0.2664
1878,42.668,47296.0,obs/smo/vf=off/lk=1,757.105,757.027,757.027,0.078,28.748,29.551,0.2664
1879,42.688,47316.0,obs/smo/vf=off/lk=1,757.682,757.607,757.607,0.075,29.12,26.503,0.2664
1880,42.708,47336.0,obs/smo/vf=off/lk=1,758.273,758.184,758.184,0.089,29.632,30.661,0.2664
1881,42.728,47356.0,obs/smo/vf=off/lk=1,758.874,758.794,758.794,0.08,29.777,30.57,0.2664
1882,42.748,47376.0,obs/smo/vf=off/lk=1,759.463,759.375,759.375,0.089,29.647,26.486,0.2664
1883,42.768,47396.0,obs/smo/vf=off/lk=1,760.046,759.952,759.952,0.094,29.271,29.086,0.2664
1884,42.788,47416.0,obs/smo/vf=off/lk=1,760.637,760.56,760.56,0.077,29.107,31.51,0.2664
1885,42.808,47436.0,obs/smo/vf=off/lk=1,761.224,761.149,761.149,0.075,29.482,26.89,0.2664
1886,42.828,47456.0,obs/smo/vf=off/lk=1,761.824,761.728,761.728,0.096,29.816,28.11,0.2664
1887,42.848,47476.0,obs/smo/vf=off/lk=1,762.419,762.323,762.323,0.096,29.96,32.095,0.2664
1888,42.868,47496.0,obs/smo/vf=off/lk=1,763.001,762.916,762.916,0.085,29.052,27.592,0.2664
1889,42.888,47516.0,obs/smo/vf=off/lk=1,763.58,763.494,763.494,0.086,29.078,27.229,0.2664
1890,42.908,47536.0,obs/smo/vf=off/lk=1,764.165,764.086,764.086,0.079,29.17,31.942,0.2664
1891,42.928,47556.0,obs/smo/vf=off/lk=1,764.754,764.682,764.682,0.072,29.752,28.697,0.2664
1892,42.948,47576.0,obs/smo/vf=off/lk=1,765.364,765.267,765.267,0.098,30.075,26.737,0.2664
1893,42.968,47596.0,obs/smo/vf=off/lk=1,765.953,765.854,765.854,0.099,29.592,31.557,0.2664
1894,42.988,47616.0,obs/smo/vf=off/lk=1,766.526,766.449,766.449,0.076,28.853,29.909,0.2664
1895,43.008,47636.0,obs/smo/vf=off/lk=1,767.115,767.037,767.037,0.078,29.21,26.561,0.2664
1896,43.028,47656.0,obs/smo/vf=off/lk=1,767.713,767.624,767.624,0.089,29.907,30.951,0.2664
1897,43.048,47676.0,obs/smo/vf=off/lk=1,768.31,768.229,768.229,0.08,29.779,30.292,0.2664
1898,43.068,47696.0,obs/smo/vf=off/lk=1,768.903,768.808,768.808,0.095,29.7,26.414,0.2664
1899,43.088,47716.0,obs/smo/vf=off/lk=1,769.488,769.391,769.391,0.096,29.245,29.6,0.2664
1900,43.108,47736.0,obs/smo/vf=off/lk=1,770.071,769.994,769.994,0.076,29.061,31.417,0.2664
1901,43.128,47756.0,obs/smo/vf=off/lk=1,770.657,770.58,770.58,0.076,29.525,26.745,0.2664
1902,43.148,47776.0,obs/smo/vf=off/lk=1,771.258,771.166,771.166,0.092,30.165,28.795,0.2664
1903,43.168,47796.0,obs/smo/vf=off/lk=1,771.855,771.766,771.766,0.089,29.563,31.888,0.2664
1904,43.188,47816.0,obs/smo/vf=off/lk=1,772.447,772.361,772.361,0.086,29.475,27.096,0.2664
1905,43.208,47836.0,obs/smo/vf=off/lk=1,773.024,772.94,772.94,0.084,28.973,28.08,0.2664
1906,43.228,47856.0,obs/smo/vf=off/lk=1,773.61,773.535,773.535,0.075,29.399,32.286,0.2664
1907,43.248,47876.0,obs/smo/vf=off/lk=1,774.206,774.13,774.13,0.076,29.966,27.792,0.2664
1908,43.268,47896.0,obs/smo/vf=off/lk=1,774.806,774.709,774.709,0.097,29.837,27.378,0.2664
1909,43.288,47916.0,obs/smo/vf=off/lk=1,775.4,775.299,775.299,0.101,29.731,32.092,0.2664
1910,43.308,47936.0,obs/smo/vf=off/lk=1,775.981,775.905,775.905,0.076,28.877,28.496,0.2665
1911,43.328,47956.0,obs/smo/vf=off/lk=1,776.564,776.486,776.486,0.078,29.073,26.907,0.2668
1912,43.348,47976.0,obs/smo/vf=off/lk=1,777.159,777.072,777.072,0.087,29.933,31.956,0.2668
1913,43.368,47996.0,obs/smo/vf=off/lk=1,777.76,777.68,777.68,0.081,29.9,29.218,0.2665
1914,43.388,48016.0,obs/smo/vf=off/lk=1,778.35,778.256,778.256,0.093,29.738,26.564,0.2668
1915,43.408,48036.0,obs/smo/vf=off/lk=1,778.937,778.841,778.841,0.096,29.241,30.694,0.267
1916,43.428,48056.0,obs/smo/vf=off/lk=1,779.52,779.447,779.447,0.073,29.09,30.555,0.2666
1917,43.448,48076.0,obs/smo/vf=off/lk=1,780.104,780.029,780.029,0.076,29.278,26.547,0.2669
1918,43.468,48096.0,obs/smo/vf=off/lk=1,780.7,780.603,780.603,0.097,30.215,29.273,0.2671
1919,43.488,48116.0,obs/smo/vf=off/lk=1,781.304,781.211,781.211,0.094,29.927,31.447,0.2667
1920,43.508,48136.0,obs/smo/vf=off/lk=1,781.887,781.8,781.8,0.087,29.22,26.814,0.2669
1921,43.528,48156.0,obs/smo/vf=off/lk=1,782.47,782.382,782.382,0.088,28.983,28.924,0.2672
1922,43.548,48176.0,obs/smo/vf=off/lk=1,783.062,782.988,782.988,0.074,29.538,31.715,0.2668
1923,43.568,48196.0,obs/smo/vf=off/lk=1,783.662,783.582,783.582,0.079,29.87,27.147,0.2669
1924,43.588,48216.0,obs/smo/vf=off/lk=1,784.254,784.156,784.156,0.097,29.864,27.898,0.2672
1925,43.608,48236.0,obs/smo/vf=off/lk=1,784.852,784.757,784.757,0.095,29.752,32.003,0.267
1926,43.628,48256.0,obs/smo/vf=off/lk=1,785.427,785.351,785.351,0.077,28.865,27.78,0.2669
1927,43.648,48276.0,obs/smo/vf=off/lk=1,786.013,785.931,785.931,0.083,29.168,27.351,0.2673
1928,43.668,48296.0,obs/smo/vf=off/lk=1,786.607,786.523,786.523,0.084,29.776,32.083,0.2672
1929,43.688,48316.0,obs/smo/vf=off/lk=1,787.198,787.12,787.12,0.078,29.683,28.862,0.267
1930,43.708,48336.0,obs/smo/vf=off/lk=1,787.802,787.7,787.7,0.101,30.038,26.501,0.2674
1931,43.728,48356.0,obs/smo/vf=off/lk=1,788.383,788.288,788.288,0.095,29.161,31.408,0.2674
1932,43.748,48376.0,obs/smo/vf=off/lk=1,788.965,788.892,788.892,0.073,28.741,29.828,0.2671
1933,43.768,48396.0,obs/smo/vf=off/lk=1,789.549,789.468,789.468,0.081,29.573,26.341,0.2674
1934,43.788,48416.0,obs/smo/vf=off/lk=1,790.146,790.053,790.053,0.093,30.025,30.333,0.2675
1935,43.808,48436.0,obs/smo/vf=off/lk=1,790.746,790.66,790.66,0.085,29.76,30.795,0.2672
1936,43.828,48456.0,obs/smo/vf=off/lk=1,791.324,791.238,791.238,0.086,29.113,26.633,0.2674
1937,43.848,48476.0,obs/smo/vf=off/lk=1,791.902,791.816,791.816,0.086,28.914,29.127,0.2677
1938,43.868,48496.0,obs/smo/vf=off/lk=1,792.49,792.415,792.415,0.075,29.537,32.183,0.2674
1939,43.888,48516.0,obs/smo/vf=off/lk=1,793.091,793.011,793.011,0.08,29.808,26.83,0.2675
1940,43.908,48536.0,obs/smo/vf=off/lk=1,793.691,793.589,793.589,0.102,29.881,28.116,0.2678
1941,43.928,48556.0,obs/smo/vf=off/lk=1,794.283,794.186,794.186,0.097,29.708,32.094,0.2675
1942,43.948,48576.0,obs/smo/vf=off/lk=1,794.866,794.787,794.787,0.079,28.757,27.257,0.2675
1943,43.968,48596.0,obs/smo/vf=off/lk=1,795.447,795.364,795.364,0.084,29.063,27.526,0.2679
1944,43.988,48616.0,obs/smo/vf=off/lk=1,796.041,795.958,795.958,0.083,29.844,32.375,0.2677
1945,44.008,48636.0,obs/smo/vf=off/lk=1,796.632,796.555,796.555,0.077,29.907,28.381,0.2675
1946,44.028,48656.0,obs/smo/vf=off/lk=1,797.23,797.135,797.135,0.095,29.744,26.871,0.2679
1947,44.048,48676.0,obs/smo/vf=off/lk=1,797.816,797.721,797.721,0.095,29.365,31.852,0.2679
1948,44.068,48696.0,obs/smo/vf=off/lk=1,798.405,798.334,798.334,0.071,29.016,28.92,0.2676
1949,44.088,48716.0,obs/smo/vf=off/lk=1,798.997,798.914,798.914,0.083,29.729,26.546,0.268
1950,44.108,48736.0,obs/smo/vf=off/lk=1,799.594,799.495,799.495,0.098,30.02,31.214,0.268
1951,44.128,48756.0,obs/smo/vf=off/lk=1,800.19,800.1,800.1,0.09,29.809,30.119,0.2677
1952,44.148,48776.0,obs/smo/vf=off/lk=1,800.77,800.683,800.683,0.088,29.097,26.626,0.268
1953,44.168,48796.0,obs/smo/vf=off/lk=1,801.358,801.268,801.268,0.09,29.133,30.19,0.2682
1954,44.188,48816.0,obs/smo/vf=off/lk=1,801.95,801.877,801.877,0.073,29.592,31.027,0.2678
1955,44.208,48836.0,obs/smo/vf=off/lk=1,802.545,802.464,802.464,0.081,29.802,26.555,0.268
1956,44.228,48856.0,obs/smo/vf=off/lk=1,803.139,803.039,803.039,0.1,29.991,29.15,0.2682
1957,44.248,48876.0,obs/smo/vf=off/lk=1,803.735,803.645,803.645,0.09,29.629,31.787,0.2679
1958,44.268,48896.0,obs/smo/vf=off/lk=1,804.311,804.233,804.233,0.078,28.885,26.936,0.268
1959,44.288,48916.0,obs/smo/vf=off/lk=1,804.897,804.812,804.812,0.084,29.328,28.329,0.2684
1960,44.308,48936.0,obs/smo/vf=off/lk=1,805.492,805.411,805.411,0.081,29.822,32.29,0.268
1961,44.328,48956.0,obs/smo/vf=off/lk=1,806.093,806.013,806.013,0.08,29.915,27.263,0.2681
1962,44.348,48976.0,obs/smo/vf=off/lk=1,806.687,806.586,806.586,0.101,30.011,27.458,0.2684
1963,44.368,48996.0,obs/smo/vf=off/lk=1,807.28,807.19,807.19,0.09,29.116,32.184,0.2682
1964,44.388,49016.0,obs/smo/vf=off/lk=1,807.86,807.79,807.79,0.07,28.978,27.913,0.2681
1965,44.408,49036.0,obs/smo/vf=off/lk=1,808.449,808.365,808.365,0.085,29.82,27.251,0.2684
1966,44.428,49056.0,obs/smo/vf=off/lk=1,809.055,808.964,808.964,0.091,30.123,32.24,0.2683
1967,44.448,49076.0,obs/smo/vf=off/lk=1,809.64,809.559,809.559,0.081,29.543,28.907,0.2681
1968,44.468,49096.0,obs/smo/vf=off/lk=1,810.236,810.143,810.143,0.094,29.346,26.895,0.2685
1969,44.488,49116.0,obs/smo/vf=off/lk=1,810.816,810.731,810.731,0.085,29.161,31.394,0.2685
1970,44.508,49136.0,obs/smo/vf=off/lk=1,811.399,811.326,811.326,0.073,29.394,29.878,0.2683
1971,44.528,49156.0,obs/smo/vf=off/lk=1,812.002,811.913,811.913,0.089,29.929,26.457,0.2686
1972,44.548,49176.0,obs/smo/vf=off/lk=1,812.6,812.499,812.499,0.101,29.962,30.532,0.2686
1973,44.568,49196.0,obs/smo/vf=off/lk=1,813.195,813.107,813.107,0.089,29.61,30.64,0.2683
1974,44.588,49216.0,obs/smo/vf=off/lk=1,813.777,813.693,813.693,0.083,28.847,26.508,0.2686
1975,44.608,49236.0,obs/smo/vf=off/lk=1,814.36,814.276,814.276,0.084,29.243,29.947,0.2688
1976,44.628,49256.0,obs/smo/vf=off/lk=1,814.946,814.87,814.87,0.076,29.698,31.929,0.2684
1977,44.648,49276.0,obs/smo/vf=off/lk=1,815.555,815.467,815.467,0.088,30.042,26.676,0.2686
1978,44.668,49296.0,obs/smo/vf=off/lk=1,816.147,816.046,816.046,0.101,29.695,28.965,0.2689
1979,44.688,49316.0,obs/smo/vf=off/lk=1,816.724,816.639,816.639,0.085,29.254,32.301,0.2686
1980,44.708,49336.0,obs/smo/vf=off/lk=1,817.308,817.237,817.237,0.071,28.973,27.157,0.2687
1981,44.728,49356.0,obs/smo/vf=off/lk=1,817.902,817.814,817.814,0.087,29.542,27.91,0.269
1982,44.748,49376.0,obs/smo/vf=off/lk=1,818.501,818.41,818.41,0.092,30.125,32.45,0.2688
1983,44.768,49396.0,obs/smo/vf=off/lk=1,819.094,819.005,819.005,0.088,29.723,27.97,0.2687
1984,44.788,49416.0,obs/smo/vf=off/lk=1,819.673,819.583,819.583,0.091,29.147,27.172,0.269
1985,44.808,49436.0,obs/smo/vf=off/lk=1,820.264,820.18,820.18,0.084,29.05,32.216,0.2689
1986,44.828,49456.0,obs/smo/vf=off/lk=1,820.85,820.78,820.78,0.07,29.511,28.799,0.2688
1987,44.848,49476.0,obs/smo/vf=off/lk=1,821.445,821.359,821.359,0.087,29.759,26.582,0.2691
1988,44.868,49496.0,obs/smo/vf=off/lk=1,822.042,821.941,821.941,0.101,30.01,31.399,0.2691
1989,44.888,49516.0,obs/smo/vf=off/lk=1,822.631,822.547,822.547,0.084,29.467,29.863,0.2688
1990,44.908,49536.0,obs/smo/vf=off/lk=1,823.209,823.128,823.128,0.081,28.688,26.464,0.2691
1991,44.928,49556.0,obs/smo/vf=off/lk=1,823.798,823.714,823.714,0.084,29.511,30.7,0.2693
1992,44.948,49576.0,obs/smo/vf=off/lk=1,824.4,824.322,824.322,0.078,29.823,30.636,0.2689
1993,44.968,49596.0,obs/smo/vf=off/lk=1,824.992,824.904,824.904,0.088,29.613,26.309,0.2692
1994,44.988,49616.0,obs/smo/vf=off/lk=1,825.584,825.478,825.478,0.105,29.934,29.348,0.2694
1995,45.008,49636.0,obs/smo/vf=off/lk=1,826.168,826.087,826.087,0.081,29.247,31.628,0.269
1996,45.028,49656.0,obs/smo/vf=off/lk=1,826.748,826.676,826.676,0.072,28.847,26.838,0.2692
1997,45.048,49676.0,obs/smo/vf=off/lk=1,827.351,827.259,827.259,0.092,29.953,28.908,0.2695
1998,45.068,49696.0,obs/smo/vf=off/lk=1,827.948,827.863,827.863,0.085,29.869,31.886,0.2691
1999,45.088,49716.0,obs/smo/vf=off/lk=1,828.538,828.454,828.454,0.085,29.724,27.297,0.2692
2000,45.108,49736.0,obs/smo/vf=off/lk=1,829.123,829.028,829.028,0.095,29.322,27.703,0.2696
2001,45.128,49756.0,obs/smo/vf=off/lk=1,829.713,829.634,829.634,0.08,29.347,32.212,0.2693
2002,45.148,49776.0,obs/smo/vf=off/lk=1,830.299,830.229,830.229,0.07,29.42,27.94,0.2692
2003,45.168,49796.0,obs/smo/vf=off/lk=1,830.905,830.811,830.811,0.094,29.982,27.218,0.2696
2004,45.188,49816.0,obs/smo/vf=off/lk=1,831.507,831.408,831.408,0.099,30.169,32.193,0.2694
2005,45.208,49836.0,obs/smo/vf=off/lk=1,832.091,832.005,832.005,0.086,29.286,28.823,0.2693
2006,45.228,49856.0,obs/smo/vf=off/lk=1,832.672,832.587,832.587,0.085,29.14,26.851,0.2697
2007,45.248,49876.0,obs/smo/vf=off/lk=1,833.26,833.179,833.179,0.081,29.301,31.743,0.2696
2008,45.268,49896.0,obs/smo/vf=off/lk=1,833.852,833.779,833.779,0.073,29.951,29.504,0.2693
2009,45.288,49916.0,obs/smo/vf=off/lk=1,834.464,834.368,834.368,0.096,30.129,26.627,0.2697
2010,45.308,49936.0,obs/smo/vf=off/lk=1,835.056,834.956,834.956,0.101,29.711,31.169,0.2697
2011,45.328,49956.0,obs/smo/vf=off/lk=1,835.638,835.562,835.562,0.076,28.924,30.062,0.2694
2012,45.348,49976.0,obs/smo/vf=off/lk=1,836.217,836.141,836.141,0.077,29.501,26.521,0.2697
2013,45.368,49996.0,obs/smo/vf=off/lk=1,836.822,836.733,836.733,0.089,29.992,31.053,0.2698
2014,45.388,50016.0,obs/smo/vf=off/lk=1,837.423,837.342,837.342,0.081,29.882,30.79,0.2694
2015,45.408,50036.0,obs/smo/vf=off/lk=1,838.017,837.923,837.923,0.094,29.952,26.552,0.2697
2016,45.428,50056.0,obs/smo/vf=off/lk=1,838.606,838.508,838.508,0.098,29.339,29.833,0.2699
2017,45.448,50076.0,obs/smo/vf=off/lk=1,839.192,839.115,839.115,0.077,29.225,31.596,0.2696
2018,45.468,50096.0,obs/smo/vf=off/lk=1,839.784,839.708,839.708,0.076,29.7,26.619,0.2698
2019,45.488,50116.0,obs/smo/vf=off/lk=1,840.379,840.286,840.286,0.094,29.921,29.14,0.27
2020,45.508,50136.0,obs/smo/vf=off/lk=1,840.982,840.892,840.892,0.09,29.969,32.068,0.2697
2021,45.528,50156.0,obs/smo/vf=off/lk=1,841.57,841.486,841.486,0.084,29.504,26.899,0.2698
2022,45.548,50176.0,obs/smo/vf=off/lk=1,842.152,842.067,842.067,0.085,28.973,28.496,0.2701
2023,45.568,50196.0,obs/smo/vf=off/lk=1,842.748,842.669,842.669,0.078,29.712,32.271,0.2698
2024,45.588,50216.0,obs/smo/vf=off/lk=1,843.354,843.27,843.27,0.083,30.133,27.01,0.2698
2025,45.608,50236.0,obs/smo/vf=off/lk=1,843.952,843.853,843.853,0.099,29.91,28.383,0.2701
2026,45.628,50256.0,obs/smo/vf=off/lk=1,844.547,844.452,844.452,0.095,29.979,32.432,0.2699
2027,45.648,50276.0,obs/smo/vf=off/lk=1,845.125,845.048,845.048,0.078,29.083,27.62,0.2698
2028,45.668,50296.0,obs/smo/vf=off/lk=1,845.71,845.628,845.628,0.082,29.108,27.817,0.2702
2029,45.688,50316.0,obs/smo/vf=off/lk=1,846.303,846.221,846.221,0.082,29.986,32.483,0.27
2030,45.708,50336.0,obs/smo/vf=off/lk=1,846.908,846.827,846.827,0.081,29.958,28.218,0.2699
2031,45.728,50356.0,obs/smo/vf=off/lk=1,847.508,847.408,847.408,0.1,29.958,27.174,0.2702
2032,45.748,50376.0,obs/smo/vf=off/lk=1,848.09,847.999,847.999,0.092,29.417,32.152,0.2701
2033,45.768,50396.0,obs/smo/vf=off/lk=1,848.681,848.612,848.612,0.069,29.137,28.813,0.2699
2034,45.788,50416.0,obs/smo/vf=off/lk=1,849.278,849.196,849.196,0.082,29.668,27.058,0.2702
2035,45.808,50436.0,obs/smo/vf=off/lk=1,849.882,849.787,849.787,0.095,30.38,32.113,0.2702
2036,45.828,50456.0,obs/smo/vf=off/lk=1,850.477,850.392,850.392,0.085,29.947,29.332,0.2699
2037,45.848,50476.0,obs/smo/vf=off/lk=1,851.066,850.974,850.974,0.092,29.202,26.607,0.2703
2038,45.868,50496.0,obs/smo/vf=off/lk=1,851.645,851.56,851.56,0.085,29.404,31.278,0.2703
2039,45.888,50516.0,obs/smo/vf=off/lk=1,852.24,852.168,852.168,0.072,29.59,29.905,0.27
2040,45.908,50536.0,obs/smo/vf=off/lk=1,852.849,852.761,852.761,0.088,30.121,26.506,0.2703
2041,45.928,50556.0,obs/smo/vf=off/lk=1,853.444,853.345,853.345,0.099,29.964,30.979,0.2704
2042,45.948,50576.0,obs/smo/vf=off/lk=1,854.038,853.953,853.953,0.085,29.616,30.361,0.2701
2043,45.968,50596.0,obs/smo/vf=off/lk=1,854.619,854.539,854.539,0.08,29.002,26.616,0.2704
2044,45.988,50616.0,obs/smo/vf=off/lk=1,855.213,855.127,855.127,0.086,29.504,30.701,0.2705
2045,46.008,50636.0,obs/smo/vf=off/lk=1,855.803,855.728,855.728,0.075,29.93,31.122,0.2701
2046,46.028,50656.0,obs/smo/vf=off/lk=1,856.406,856.318,856.318,0.089,30.131,26.665,0.2704
2047,46.048,50676.0,obs/smo/vf=off/lk=1,857.008,856.903,856.903,0.104,30.056,29.752,0.2706
2048,46.068,50696.0,obs/smo/vf=off/lk=1,857.598,857.515,857.515,0.084,29.133,31.428,0.2702
2049,46.088,50716.0,obs/smo/vf=off/lk=1,858.178,858.107,858.107,0.071,29.148,26.779,0.2704
2050,46.108,50736.0,obs/smo/vf=off/lk=1,858.773,858.685,858.685,0.088,30.278,29.245,0.2706
2051,46.128,50756.0,obs/smo/vf=off/lk=1,859.378,859.292,859.292,0.085,30.057,32.004,0.2703
2052,46.148,50776.0,obs/smo/vf=off/lk=1,859.977,859.891,859.891,0.086,29.694,26.689,0.2704
2053,46.168,50796.0,obs/smo/vf=off/lk=1,860.566,860.473,860.473,0.094,29.598,28.789,0.2707
2054,46.188,50816.0,obs/smo/vf=off/lk=1,861.154,861.075,861.075,0.079,29.407,32.225,0.2704
2055,46.208,50836.0,obs/smo/vf=off/lk=1,861.744,861.672,861.672,0.072,29.796,27.238,0.2704
2056,46.228,50856.0,obs/smo/vf=off/lk=1,862.353,862.257,862.257,0.097,30.123,28.386,0.2707
2057,46.248,50876.0,obs/smo/vf=off/lk=1,862.962,862.867,862.867,0.095,30.187,32.152,0.2704
2058,46.268,50896.0,obs/smo/vf=off/lk=1,863.547,863.462,863.462,0.084,29.275,27.451,0.2704
2059,46.288,50916.0,obs/smo/vf=off/lk=1,864.125,864.038,864.038,0.087,29.346,27.944,0.2708
2060,46.308,50936.0,obs/smo/vf=off/lk=1,864.72,864.645,864.645,0.075,29.481,32.303,0.2705
2061,46.328,50956.0,obs/smo/vf=off/lk=1,865.322,865.244,865.244,0.078,29.938,27.633,0.2705
2062,46.348,50976.0,obs/smo/vf=off/lk=1,865.917,865.82,865.82,0.097,30.04,27.623,0.2708
2063,46.368,50996.0,obs/smo/vf=off/lk=1,866.518,866.423,866.423,0.095,29.82,32.189,0.2707
2064,46.388,51016.0,obs/smo/vf=off/lk=1,867.095,867.021,867.021,0.074,28.946,28.325,0.2705
2065,46.408,51036.0,obs/smo/vf=off/lk=1,867.687,867.603,867.603,0.084,29.47,27.26,0.2709
2066,46.428,51056.0,obs/smo/vf=off/lk=1,868.285,868.199,868.199,0.086,29.982,32.237,0.2708
2067,46.448,51076.0,obs/smo/vf=off/lk=1,868.88,868.8,868.8,0.081,29.894,29.05,0.2706
2068,46.468,51096.0,obs/smo/vf=off/lk=1,869.482,869.384,869.384,0.098,30.117,26.902,0.271
2069,46.488,51116.0,obs/smo/vf=off/lk=1,870.071,869.976,869.976,0.095,29.285,31.727,0.2709
2070,46.508,51136.0,obs/smo/vf=off/lk=1,870.648,870.576,870.576,0.072,29.01,29.961,0.2706
2071,46.528,51156.0,obs/smo/vf=off/lk=1,871.249,871.164,871.164,0.085,29.918,26.538,0.271
2072,46.548,51176.0,obs/smo/vf=off/lk=1,871.849,871.754,871.754,0.095,29.977,31.224,0.271
2073,46.568,51196.0,obs/smo/vf=off/lk=1,872.449,872.365,872.365,0.083,29.789,30.038,0.2707
2074,46.588,51216.0,obs/smo/vf=off/lk=1,873.031,872.944,872.944,0.087,29.556,26.571,0.271
2075,46.608,51236.0,obs/smo/vf=off/lk=1,873.617,873.533,873.533,0.084,29.257,30.557,0.2711
2076,46.628,51256.0,obs/smo/vf=off/lk=1,874.216,874.144,874.144,0.072,29.571,30.715,0.2708
2077,46.648,51276.0,obs/smo/vf=off/lk=1,874.811,874.726,874.726,0.085,30.033,26.525,0.271
2078,46.668,51296.0,obs/smo/vf=off/lk=1,875.414,875.312,875.312,0.101,30.099,30.036,0.2712
2079,46.688,51316.0,obs/smo/vf=off/lk=1,876.01,875.92,875.92,0.091,29.689,32.058,0.2708
2080,46.708,51336.0,obs/smo/vf=off/lk=1,876.584,876.503,876.503,0.081,29.153,26.633,0.2711
2081,46.728,51356.0,obs/smo/vf=off/lk=1,877.17,877.086,877.086,0.084,29.268,29.329,0.2713
2082,46.748,51376.0,obs/smo/vf=off/lk=1,877.77,877.692,877.692,0.078,29.715,32.107,0.271
2083,46.768,51396.0,obs/smo/vf=off/lk=1,878.371,878.284,878.284,0.087,30.162,26.774,0.2711
2084,46.788,51416.0,obs/smo/vf=off/lk=1,878.966,878.865,878.865,0.101,29.822,28.584,0.2714
2085,46.808,51436.0,obs/smo/vf=off/lk=1,879.559,879.47,879.47,0.088,29.353,32.422,0.2711
2086,46.828,51456.0,obs/smo/vf=off/lk=1,880.134,880.063,880.063,0.071,29.014,27.378,0.2711
2087,46.848,51476.0,obs/smo/vf=off/lk=1,880.738,880.651,880.651,0.087,29.991,27.793,0.2714
2088,46.868,51496.0,obs/smo/vf=off/lk=1,881.346,881.255,881.255,0.091,30.2,32.523,0.2711
2089,46.888,51516.0,obs/smo/vf=off/lk=1,881.938,881.851,881.851,0.087,29.928,27.508,0.2711
2090,46.908,51536.0,obs/smo/vf=off/lk=1,882.525,882.433,882.433,0.093,29.205,27.771,0.2714
2091,46.928,51556.0,obs/smo/vf=off/lk=1,883.11,883.029,883.029,0.081,29.335,32.777,0.2713
2092,46.948,51576.0,obs/smo/vf=off/lk=1,883.705,883.631,883.631,0.073,29.889,28.103,0.2711
2093,46.968,51596.0,obs/smo/vf=off/lk=1,884.311,884.22,884.22,0.091,30.086,27.458,0.2715
2094,46.988,51616.0,obs/smo/vf=off/lk=1,884.912,884.814,884.814,0.098,30.043,32.418,0.2714
2095,47.008,51636.0,obs/smo/vf=off/lk=1,885.507,885.422,885.422,0.085,29.599,28.263,0.2712
2096,47.028,51656.0,obs/smo/vf=off/lk=1,886.089,886.006,886.006,0.083,29.296,27.458,0.2715
2097,47.048,51676.0,obs/smo/vf=off/lk=1,886.681,886.601,886.601,0.08,29.707,32.58,0.2714
2098,47.068,51696.0,obs/smo/vf=off/lk=1,887.284,887.207,887.207,0.077,30.042,28.728,0.2712
2099,47.088,51716.0,obs/smo/vf=off/lk=1,887.89,887.792,887.792,0.098,30.252,27.08,0.2715
2100,47.108,51736.0,obs/smo/vf=off/lk=1,888.485,888.384,888.384,0.101,30.081,32.173,0.2715
2101,47.128,51756.0,obs/smo/vf=off/lk=1,889.069,888.99,888.99,0.079,29.11,29.162,0.2712
2102,47.148,51776.0,obs/smo/vf=off/lk=1,889.651,889.574,889.574,0.077,29.295,26.818,0.2716
2103,47.168,51796.0,obs/smo/vf=off/lk=1,890.263,890.174,890.174,0.089,30.021,32.166,0.2715
2104,47.188,51816.0,obs/smo/vf=off/lk=1,890.855,890.776,890.776,0.079,29.963,29.644,0.2713
2105,47.208,51836.0,obs/smo/vf=off/lk=1,891.455,891.362,891.362,0.093,29.889,26.685,0.2716
2106,47.228,51856.0,obs/smo/vf=off/lk=1,892.051,891.955,891.955,0.096,29.589,31.666,0.2717
2107,47.248,51876.0,obs/smo/vf=off/lk=1,892.636,892.564,892.564,0.072,29.179,29.764,0.2713
2108,47.268,51896.0,obs/smo/vf=off/lk=1,893.231,893.15,893.15,0.081,29.731,26.663,0.2717
2109,47.288,51916.0,obs/smo/vf=off/lk=1,893.832,893.735,893.735,0.097,30.319,31.17,0.2717
2110,47.308,51936.0,obs/smo/vf=off/lk=1,894.437,894.35,894.35,0.087,30.162,30.533,0.2713
2111,47.328,51956.0,obs/smo/vf=off/lk=1,895.029,894.937,894.937,0.092,29.584,26.755,0.2717
2112,47.348,51976.0,obs/smo/vf=off/lk=1,895.615,895.529,895.529,0.086,29.236,31.238,0.2718
2113,47.368,51996.0,obs/smo/vf=off/lk=1,896.204,896.13,896.13,0.073,29.733,30.776,0.2714
2114,47.388,52016.0,obs/smo/vf=off/lk=1,896.802,896.72,896.72,0.082,30.104,26.649,0.2717
2115,47.408,52036.0,obs/smo/vf=off/lk=1,897.413,897.31,897.31,0.102,30.147,30.544,0.2719
2116,47.428,52056.0,obs/smo/vf=off/lk=1,898.006,897.921,897.921,0.085,29.736,31.01,0.2715
2117,47.448,52076.0,obs/smo/vf=off/lk=1,898.589,898.509,898.509,0.08,28.999,26.765,0.2717
2118,47.468,52096.0,obs/smo/vf=off/lk=1,899.175,899.089,899.089,0.086,29.608,29.983,0.2719
2119,47.488,52116.0,obs/smo/vf=off/lk=1,899.776,899.701,899.701,0.076,29.945,31.442,0.2715
2120,47.508,52136.0,obs/smo/vf=off/lk=1,900.381,900.292,900.292,0.089,30.247,26.684,0.2717
2121,47.528,52156.0,obs/smo/vf=off/lk=1,900.984,900.879,900.879,0.105,29.978,29.503,0.272
2122,47.548,52176.0,obs/smo/vf=off/lk=1,901.576,901.49,901.49,0.085,29.391,31.632,0.2716
2123,47.568,52196.0,obs/smo/vf=off/lk=1,902.157,902.084,902.084,0.073,29.276,26.855,0.2718
2124,47.588,52216.0,obs/smo/vf=off/lk=1,902.751,902.663,902.663,0.088,30.052,29.24,0.272
2125,47.608,52236.0,obs/smo/vf=off/lk=1,903.354,903.268,903.268,0.086,29.98,32.168,0.2717
2126,47.628,52256.0,obs/smo/vf=off/lk=1,903.955,903.87,903.87,0.085,29.761,27.082,0.2718
2127,47.648,52276.0,obs/smo/vf=off/lk=1,904.544,904.45,904.45,0.094,29.76,28.884,0.2721
2128,47.668,52296.0,obs/smo/vf=off/lk=1,905.132,905.052,905.052,0.08,29.357,32.271,0.2717
2129,47.688,52316.0,obs/smo/vf=off/lk=1,905.721,905.648,905.648,0.073,29.618,27.325,0.2718
2130,47.708,52336.0,obs/smo/vf=off/lk=1,906.33,906.234,906.234,0.095,30.175,28.388,0.2721
2131,47.728,52356.0,obs/smo/vf=off/lk=1,906.934,906.837,906.837,0.097,30.237,32.544,0.2718
2132,47.748,52376.0,obs/smo/vf=off/lk=1,907.52,907.435,907.435,0.085,29.41,27.716,0.2718
2133,47.768,52396.0,obs/smo/vf=off/lk=1,908.109,908.02,908.02,0.089,29.265,28.172,0.2722
2134,47.788,52416.0,obs/smo/vf=off/lk=1,908.7,908.62,908.62,0.079,29.694,32.281,0.2719
2135,47.808,52436.0,obs/smo/vf=off/lk=1,909.296,909.222,909.222,0.075,29.843,27.918,0.2718
2136,47.828,52456.0,obs/smo/vf=off/lk=1,909.905,909.807,909.807,0.098,30.229,27.685,0.2722
2137,47.848,52476.0,obs/smo/vf=off/lk=1,910.499,910.405,910.405,0.094,30.051,32.501,0.272
2138,47.868,52496.0,obs/smo/vf=off/lk=1,911.089,911.014,911.014,0.075,29.019,27.999,0.2719
2139,47.888,52516.0,obs/smo/vf=off/lk=1,911.672,911.59,911.59,0.082,29.458,27.322,0.2723
2140,47.908,52536.0,obs/smo/vf=off/lk=1,912.272,912.19,912.19,0.083,30.266,32.378,0.2721
2141,47.928,52556.0,obs/smo/vf=off/lk=1,912.875,912.794,912.794,0.081,29.918,28.656,0.2719
2142,47.948,52576.0,obs/smo/vf=off/lk=1,913.479,913.379,913.379,0.1,30.138,27.177,0.2723
2143,47.968,52596.0,obs/smo/vf=off/lk=1,914.068,913.977,913.977,0.092,29.671,32.234,0.2721
2144,47.988,52616.0,obs/smo/vf=off/lk=1,914.653,914.58,914.58,0.073,29.087,29.027,0.2719
2145,48.008,52636.0,obs/smo/vf=off/lk=1,915.251,915.169,915.169,0.083,29.915,27.001,0.2723
2146,48.028,52656.0,obs/smo/vf=off/lk=1,915.856,915.761,915.761,0.094,30.299,31.946,0.2722
2147,48.048,52676.0,obs/smo/vf=off/lk=1,916.455,916.374,916.374,0.081,29.768,28.958,0.272
2148,48.068,52696.0,obs/smo/vf=off/lk=1,917.044,916.953,916.953,0.091,29.494,26.907,0.2723
2149,48.088,52716.0,obs/smo/vf=off/lk=1,917.627,917.546,917.546,0.082,29.41,31.676,0.2723
2150,48.108,52736.0,obs/smo/vf=off/lk=1,918.232,918.16,918.16,0.071,29.682,29.65,0.272
2151,48.128,52756.0,obs/smo/vf=off/lk=1,918.83,918.74,918.74,0.09,30.195,26.847,0.2724
2152,48.148,52776.0,obs/smo/vf=off/lk=1,919.434,919.332,919.332,0.102,30.216,31.413,0.2724
2153,48.168,52796.0,obs/smo/vf=off/lk=1,920.034,919.946,919.946,0.088,29.717,29.724,0.2721
2154,48.188,52816.0,obs/smo/vf=off/lk=1,920.611,920.526,920.526,0.085,29.115,26.802,0.2724
2155,48.208,52836.0,obs/smo/vf=off/lk=1,921.202,921.118,921.118,0.083,29.523,31.249,0.2724
2156,48.228,52856.0,obs/smo/vf=off/lk=1,921.806,921.73,921.73,0.076,29.951,30.368,0.2721
2157,48.248,52876.0,obs/smo/vf=off/lk=1,922.407,922.315,922.315,0.092,30.14,26.616,0.2724
2158,48.268,52896.0,obs/smo/vf=off/lk=1,923.004,922.904,922.904,0.1,30.055,30.899,0.2725
2159,48.288,52916.0,obs/smo/vf=off/lk=1,923.588,923.51,923.51,0.078,29.047,30.822,0.2722
2160,48.308,52936.0,obs/smo/vf=off/lk=1,924.171,924.094,924.094,0.077,29.55,26.519,0.2724
2161,48.328,52956.0,obs/smo/vf=off/lk=1,924.773,924.683,924.683,0.09,29.908,30.263,0.2726
2162,48.348,52976.0,obs/smo/vf=off/lk=1,925.38,925.296,925.296,0.084,30.181,31.321,0.2722
2163,48.368,52996.0,obs/smo/vf=off/lk=1,925.974,925.88,925.88,0.093,29.938,26.584,0.2725
2164,48.388,53016.0,obs/smo/vf=off/lk=1,926.563,926.465,926.465,0.098,29.423,29.616,0.2727
2165,48.408,53036.0,obs/smo/vf=off/lk=1,927.152,927.075,927.075,0.077,29.388,31.912,0.2723
2166,48.428,53056.0,obs/smo/vf=off/lk=1,927.75,927.672,927.672,0.078,29.872,26.77,0.2725
2167,48.448,53076.0,obs/smo/vf=off/lk=1,928.354,928.262,928.262,0.093,30.193,29.794,0.2727
2168,48.468,53096.0,obs/smo/vf=off/lk=1,928.953,928.864,928.864,0.088,30.165,31.912,0.2723
2169,48.488,53116.0,obs/smo/vf=off/lk=1,929.548,929.46,929.46,0.088,29.447,26.741,0.2725
2170,48.508,53136.0,obs/smo/vf=off/lk=1,930.134,930.047,930.047,0.087,29.254,29.374,0.2727
2171,48.528,53156.0,obs/smo/vf=off/lk=1,930.731,930.655,930.655,0.075,29.766,31.856,0.2724
2172,48.548,53176.0,obs/smo/vf=off/lk=1,931.327,931.246,931.246,0.082,30.087,26.961,0.2725
2173,48.568,53196.0,obs/smo/vf=off/lk=1,931.932,931.83,931.83,0.101,30.183,28.886,0.2728
2174,48.588,53216.0,obs/smo/vf=off/lk=1,932.533,932.437,932.437,0.096,30.059,32.479,0.2725
2175,48.608,53236.0,obs/smo/vf=off/lk=1,933.119,933.037,933.037,0.082,29.015,27.003,0.2726
2176,48.628,53256.0,obs/smo/vf=off/lk=1,933.703,933.621,933.621,0.083,29.393,28.735,0.2728
2177,48.648,53276.0,obs/smo/vf=off/lk=1,934.308,934.229,934.229,0.079,30.167,32.243,0.2725
2178,48.668,53296.0,obs/smo/vf=off/lk=1,934.897,934.817,934.817,0.08,30.002,27.424,0.2726
2179,48.688,53316.0,obs/smo/vf=off/lk=1,935.498,935.4,935.4,0.098,29.908,27.967,0.2729
2180,48.708,53336.0,obs/smo/vf=off/lk=1,936.092,936.006,936.006,0.086,29.542,32.619,0.2726
2181,48.728,53356.0,obs/smo/vf=off/lk=1,936.675,936.605,936.605,0.07,29.445,27.65,0.2726
2182,48.748,53376.0,obs/smo/vf=off/lk=1,937.287,937.198,937.198,0.089,29.909,28.286,0.2729
2183,48.768,53396.0,obs/smo/vf=off/lk=1,937.891,937.8,937.8,0.091,30.185,32.767,0.2726
2184,48.788,53416.0,obs/smo/vf=off/lk=1,938.488,938.399,938.399,0.089,30.07,27.621,0.2726
2185,48.808,53436.0,obs/smo/vf=off/lk=1,939.077,938.981,938.981,0.096,29.436,27.849,0.273
2186,48.828,53456.0,obs/smo/vf=off/lk=1,939.663,939.578,939.578,0.085,29.402,32.736,0.2728
2187,48.848,53476.0,obs/smo/vf=off/lk=1,940.257,940.181,940.181,0.075,29.79,28.106,0.2726
2188,48.868,53496.0,obs/smo/vf=off/lk=1,940.864,940.772,940.772,0.092,30.085,27.569,0.273
2189,48.888,53516.0,obs/smo/vf=off/lk=1,941.468,941.372,941.372,0.096,30.315,32.648,0.2728
2190,48.908,53536.0,obs/smo/vf=off/lk=1,942.064,941.98,941.98,0.084,29.755,28.163,0.2727
2191,48.928,53556.0,obs/smo/vf=off/lk=1,942.648,942.564,942.564,0.084,29.195,27.79,0.273
2192,48.948,53576.0,obs/smo/vf=off/lk=1,943.24,943.161,943.161,0.079,29.723,32.67,0.2728
2193,48.968,53596.0,obs/smo/vf=off/lk=1,943.846,943.766,943.766,0.08,30.211,28.295,0.2727
2194,48.988,53616.0,obs/smo/vf=off/lk=1,944.447,944.352,944.352,0.096,30.254,27.628,0.273
2195,49.008,53636.0,obs/smo/vf=off/lk=1,945.047,944.947,944.947,0.1,30.067,32.346,0.2729
2196,49.028,53656.0,obs/smo/vf=off/lk=1,945.635,945.554,945.554,0.081,29.262,28.661,0.2727
2197,49.048,53676.0,obs/smo/vf=off/lk=1,946.219,946.14,946.14,0.079,29.343,27.331,0.273
2198,49.068,53696.0,obs/smo/vf=off/lk=1,946.833,946.748,946.748,0.085,30.173,32.725,0.2729
2199,49.088,53716.0,obs/smo/vf=off/lk=1,947.426,947.348,947.348,0.079,30.308,28.791,0.2727
2200,49.108,53736.0,obs/smo/vf=off/lk=1,948.032,947.935,947.935,0.097,29.949,27.157,0.2731
2201,49.128,53756.0,obs/smo/vf=off/lk=1,948.621,948.528,948.528,0.093,29.566,32.321,0.273
2202,49.148,53776.0,obs/smo/vf=off/lk=1,949.206,949.136,949.136,0.069,29.436,29.015,0.2727
2203,49.168,53796.0,obs/smo/vf=off/lk=1,949.804,949.721,949.721,0.083,29.824,27.022,0.2731
2204,49.188,53816.0,obs/smo/vf=off/lk=1,950.418,950.324,950.324,0.094,30.294,32.445,0.273
2205,49.208,53836.0,obs/smo/vf=off/lk=1,951.018,950.931,950.931,0.086,30.191,29.064,0.2728
2206,49.228,53856.0,obs/smo/vf=off/lk=1,951.61,951.517,951.517,0.093,29.594,26.939,0.2731
2207,49.248,53876.0,obs/smo/vf=off/lk=1,952.194,952.107,952.107,0.087,29.247,31.787,0.2731
2208,49.268,53896.0,obs/smo/vf=off/lk=1,952.789,952.718,952.718,0.071,29.943,29.62,0.2728
2209,49.288,53916.0,obs/smo/vf=off/lk=1,953.398,953.31,953.31,0.088,29.984,27.111,0.2731
2210,49.308,53936.0,obs/smo/vf=off/lk=1,954.006,953.904,953.904,0.101,30.512,32.171,0.2731
2211,49.328,53956.0,obs/smo/vf=off/lk=1,954.599,954.515,954.515,0.084,29.542,29.21,0.2728
2212,49.348,53976.0,obs/smo/vf=off/lk=1,955.185,955.101,955.101,0.084,29.302,27.133,0.2732
2213,49.368,53996.0,obs/smo/vf=off/lk=1,955.781,955.696,955.696,0.084,29.898,32.426,0.2731
2214,49.388,54016.0,obs/smo/vf=off/lk=1,956.382,956.306,956.306,0.076,30.232,29.52,0.2728
2215,49.408,54036.0,obs/smo/vf=off/lk=1,956.989,956.894,956.894,0.095,30.218,27.101,0.2732
2216,49.428,54056.0,obs/smo/vf=off/lk=1,957.588,957.484,957.484,0.104,30.298,31.892,0.2732
2217,49.448,54076.0,obs/smo/vf=off/lk=1,958.174,958.093,958.093,0.08,29.179,29.72,0.2729
2218,49.468,54096.0,obs/smo/vf=off/lk=1,958.758,958.681,958.681,0.077,29.38,26.942,0.2732
2219,49.488,54116.0,obs/smo/vf=off/lk=1,959.367,959.279,959.279,0.088,30.22,32.007,0.2732
2220,49.508,54136.0,obs/smo/vf=off/lk=1,959.964,959.883,959.883,0.08,29.91,29.942,0.2729
2221,49.528,54156.0,obs/smo/vf=off/lk=1,960.565,960.474,960.474,0.091,30.112,26.738,0.2732
2222,49.548,54176.0,obs/smo/vf=off/lk=1,961.16,961.067,961.067,0.093,29.434,31.804,0.2733
2223,49.568,54196.0,obs/smo/vf=off/lk=1,961.742,961.668,961.668,0.074,29.348,30.439,0.273
2224,49.588,54216.0,obs/smo/vf=off/lk=1,962.344,962.264,962.264,0.081,29.688,26.725,0.2733
2225,49.608,54236.0,obs/smo/vf=off/lk=1,962.947,962.849,962.849,0.098,30.374,31.255,0.2734
2226,49.628,54256.0,obs/smo/vf=off/lk=1,963.549,963.461,963.461,0.088,30.014,30.592,0.273
2227,49.648,54276.0,obs/smo/vf=off/lk=1,964.141,964.049,964.049,0.092,29.628,26.778,0.2733
2228,49.668,54296.0,obs/smo/vf=off/lk=1,964.725,964.638,964.638,0.087,29.16,30.879,0.2735
2229,49.688,54316.0,obs/smo/vf=off/lk=1,965.316,965.243,965.243,0.073,29.743,30.94,0.2731
2230,49.708,54336.0,obs/smo/vf=off/lk=1,965.916,965.834,965.834,0.081,30.186,26.726,0.2733
2231,49.728,54356.0,obs/smo/vf=off/lk=1,966.525,966.424,966.424,0.101,30.285,30.388,0.2735
2232,49.748,54376.0,obs/smo/vf=off/lk=1,967.112,967.024,967.024,0.088,29.591,31.425,0.2732
2233,49.768,54396.0,obs/smo/vf=off/lk=1,967.698,967.618,967.618,0.08,29.147,26.947,0.2733
2234,49.788,54416.0,obs/smo/vf=off/lk=1,968.292,968.207,968.207,0.085,29.505,30.104,0.2735
2235,49.808,54436.0,obs/smo/vf=off/lk=1,968.898,968.822,968.822,0.076,30.329,31.35,0.2731
2236,49.828,54456.0,obs/smo/vf=off/lk=1,969.503,969.416,969.416,0.088,30.119,26.689,0.2733
2237,49.848,54476.0,obs/smo/vf=off/lk=1,970.1,969.994,969.994,0.106,30.101,29.573,0.2736
2238,49.868,54496.0,obs/smo/vf=off/lk=1,970.691,970.609,970.609,0.082,29.525,31.646,0.2732
2239,49.888,54516.0,obs/smo/vf=off/lk=1,971.278,971.204,971.204,0.075,29.24,26.807,0.2733
2240,49.908,54536.0,obs/smo/vf=off/lk=1,971.886,971.794,971.794,0.092,30.196,29.885,0.2736
2241,49.928,54556.0,obs/smo/vf=off/lk=1,972.487,972.404,972.404,0.083,30.377,31.799,0.2732
2242,49.948,54576.0,obs/smo/vf=off/lk=1,973.082,972.995,972.995,0.087,29.776,26.822,0.2734
2243,49.968,54596.0,obs/smo/vf=off/lk=1,973.677,973.581,973.581,0.097,29.712,29.492,0.2736
2244,49.988,54616.0,obs/smo/vf=off/lk=1,974.271,974.195,974.195,0.076,29.491,31.882,0.2732
2245,50.008,54636.0,obs/smo/vf=off/lk=1,974.865,974.792,974.792,0.073,29.718,26.946,0.2734
2246,50.028,54656.0,obs/smo/vf=off/lk=1,975.48,975.381,975.381,0.098,30.553,29.874,0.2736
2247,50.048,54676.0,obs/smo/vf=off/lk=1,976.081,975.987,975.987,0.094,30.387,31.926,0.2733
2248,50.068,54696.0,obs/smo/vf=off/lk=1,976.672,976.584,976.584,0.088,29.694,27.116,0.2734
2249,50.088,54716.0,obs/smo/vf=off/lk=1,977.261,977.173,977.173,0.087,29.117,29.7,0.2737
2250,50.108,54736.0,obs/smo/vf=off/lk=1,977.854,977.781,977.781,0.074,30.178,31.883,0.2733
2251,50.128,54756.0,obs/smo/vf=off/lk=1,978.462,978.382,978.382,0.08,30.146,27.164,0.2734
2252,50.148,54776.0,obs/smo/vf=off/lk=1,979.076,978.974,978.974,0.101,30.454,29.947,0.2736
2253,50.168,54796.0,obs/smo/vf=off/lk=1,979.677,979.589,979.589,0.088,30.114,31.665,0.2733
2254,50.188,54816.0,obs/smo/vf=off/lk=1,980.264,980.183,980.183,0.081,29.076,26.87,0.2735
2255,50.208,54836.0,obs/smo/vf=off/lk=1,980.849,980.764,980.764,0.084,29.567,29.683,0.2737
2256,50.228,54856.0,obs/smo/vf=off/lk=1,981.459,981.38,981.38,0.079,30.334,31.641,0.2733
2257,50.248,54876.0,obs/smo/vf=off/lk=1,982.061,981.975,981.975,0.086,30.191,26.951,0.2735
2258,50.268,54896.0,obs/smo/vf=off/lk=1,982.664,982.557,982.557,0.107,30.256,29.405,0.2737
2259,50.288,54916.0,obs/smo/vf=off/lk=1,983.254,983.173,983.173,0.081,29.522,31.677,0.2733
2260,50.308,54936.0,obs/smo/vf=off/lk=1,983.843,983.769,983.769,0.074,29.265,26.953,0.2735
2261,50.328,54956.0,obs/smo/vf=off/lk=1,984.44,984.349,984.349,0.09,30.268,29.491,0.2738
2262,50.348,54976.0,obs/smo/vf=off/lk=1,985.043,984.958,984.958,0.084,30.036,32.174,0.2734
2263,50.368,54996.0,obs/smo/vf=off/lk=1,985.646,985.559,985.559,0.087,29.73,26.885,0.2735
2264,50.388,55016.0,obs/smo/vf=off/lk=1,986.239,986.143,986.143,0.096,29.722,29.287,0.2738
2265,50.408,55036.0,obs/smo/vf=off/lk=1,986.825,986.749,986.749,0.076,29.808,32.084,0.2734
2266,50.428,55056.0,obs/smo/vf=off/lk=1,987.416,987.344,987.344,0.072,29.591,27.178,0.2735
2267,50.448,55076.0,obs/smo/vf=off/lk=1,988.029,987.933,987.933,0.096,30.448,28.95,0.2738
2268,50.468,55096.0,obs/smo/vf=off/lk=1,988.635,988.541,988.541,0.095,30.296,32.15,0.2734
2269,50.488,55116.0,obs/smo/vf=off/lk=1,989.227,989.14,989.14,0.088,29.792,27.296,0.2735
2270,50.508,55136.0,obs/smo/vf=off/lk=1,989.816,989.729,989.729,0.088,29.082,29.199,0.2738
2271,50.528,55156.0,obs/smo/vf=off/lk=1,990.407,990.333,990.333,0.074,29.916,32.223,0.2735
2272,50.548,55176.0,obs/smo/vf=off/lk=1,991.01,990.933,990.933,0.077,30.179,27.268,0.2735
2273,50.568,55196.0,obs/smo/vf=off/lk=1,991.622,991.522,991.522,0.1,30.154,29.102,0.2739
2274,50.588,55216.0,obs/smo/vf=off/lk=1,992.229,992.136,992.136,0.094,30.187,32.169,0.2735
2275,50.608,55236.0,obs/smo/vf=off/lk=1,992.812,992.734,992.734,0.078,29.311,27.107,0.2736
2276,50.628,55256.0,obs/smo/vf=off/lk=1,993.395,993.314,993.314,0.082,29.503,29.172,0.2739
2277,50.648,55276.0,obs/smo/vf=off/lk=1,994.004,993.926,993.926,0.078,30.109,32.213,0.2735
2278,50.668,55296.0,obs/smo/vf=off/lk=1,994.61,994.525,994.525,0.085,30.194,27.139,0.2736
2279,50.688,55316.0,obs/smo/vf=off/lk=1,995.21,995.105,995.105,0.105,30.256,28.791,0.2739
2280,50.708,55336.0,obs/smo/vf=off/lk=1,995.805,995.719,995.719,0.086,29.428,32.245,0.2736
2281,50.728,55356.0,obs/smo/vf=off/lk=1,996.388,996.316,996.316,0.072,29.212,27.271,0.2736
2282,50.748,55376.0,obs/smo/vf=off/lk=1,996.985,996.895,996.895,0.09,30.127,28.605,0.274
2283,50.768,55396.0,obs/smo/vf=off/lk=1,997.591,997.506,997.506,0.085,30.478,32.516,0.2736
2284,50.788,55416.0,obs/smo/vf=off/lk=1,998.198,998.111,998.111,0.087,29.905,27.24,0.2736
2285,50.808,55436.0,obs/smo/vf=off/lk=1,998.789,998.694,998.694,0.095,29.585,28.338,0.274
2286,50.828,55456.0,obs/smo/vf=off/lk=1,999.379,999.299,999.299,0.081,29.739,32.433,0.2736
2287,50.848,55476.0,obs/smo/vf=off/lk=1,999.97,999.899,999.899,0.071,29.758,27.503,0.2736
2288,50.868,55496.0,obs/smo/vf=off/lk=1,1000.583,1000.486,1000.486,0.097,30.301,28.52,0.274
2289,50.888,55516.0,obs/smo/vf=off/lk=1,1001.186,1001.092,1001.092,0.095,30.565,32.473,0.2737
2290,50.908,55536.0,obs/smo/vf=off/lk=1,1001.78,1001.693,1001.693,0.087,29.46,27.494,0.2737
2291,50.928,55556.0,obs/smo/vf=off/lk=1,1002.371,1002.28,1002.28,0.09,29.347,28.337,0.274
2292,50.948,55576.0,obs/smo/vf=off/lk=1,1002.963,1002.887,1002.887,0.076,29.945,32.363,0.2737
2293,50.968,55596.0,obs/smo/vf=off/lk=1,1003.564,1003.488,1003.488,0.076,29.908,27.602,0.2737
2294,50.988,55616.0,obs/smo/vf=off/lk=1,1004.179,1004.077,1004.077,0.102,30.561,28.651,0.274
2295,51.008,55636.0,obs/smo/vf=off/lk=1,1004.771,1004.678,1004.678,0.093,29.755,32.344,0.2737
2296,51.028,55656.0,obs/smo/vf=off/lk=1,1005.365,1005.287,1005.287,0.078,29.344,27.408,0.2737
2297,51.048,55676.0,obs/smo/vf=off/lk=1,1005.951,1005.867,1005.867,0.084,29.711,28.574,0.2741
2298,51.068,55696.0,obs/smo/vf=off/lk=1,1006.561,1006.483,1006.483,0.079,30.313,32.525,0.2737
2299,51.088,55716.0,obs/smo/vf=off/lk=1,1007.164,1007.082,1007.082,0.083,29.953,27.389,0.2737
2300,51.108,55736.0,obs/smo/vf=off/lk=1,1007.766,1007.661,1007.661,0.105,30.344,28.053,0.2741
2301,51.128,55756.0,obs/smo/vf=off/lk=1,1008.364,1008.277,1008.277,0.087,29.798,32.35,0.2737
2302,51.148,55776.0,obs/smo/vf=off/lk=1,1008.95,1008.878,1008.878,0.072,29.175,27.385,0.2737
2303,51.168,55796.0,obs/smo/vf=off/lk=1,1009.545,1009.456,1009.456,0.089,30.013,28.242,0.2741
2304,51.188,55816.0,obs/smo/vf=off/lk=1,1010.152,1010.064,1010.064,0.088,30.246,32.49,0.2738
2305,51.208,55836.0,obs/smo/vf=off/lk=1,1010.746,1010.662,1010.662,0.085,29.892,27.568,0.2738
2306,51.228,55856.0,obs/smo/vf=off/lk=1,1011.347,1011.251,1011.251,0.096,29.651,28.481,0.2742
2307,51.248,55876.0,obs/smo/vf=off/lk=1,1011.933,1011.855,1011.855,0.079,29.71,32.363,0.2738
2308,51.268,55896.0,obs/smo/vf=off/lk=1,1012.532,1012.458,1012.458,0.073,29.726,27.523,0.2738
2309,51.288,55916.0,obs/smo/vf=off/lk=1,1013.145,1013.048,1013.048,0.098,30.459,28.383,0.2741
2310,51.308,55936.0,obs/smo/vf=off/lk=1,1013.748,1013.653,1013.653,0.095,30.487,32.772,0.2738
2311,51.328,55956.0,obs/smo/vf=off/lk=1,1014.342,1014.253,1014.253,0.089,29.494,27.6,0.2738
2312,51.348,55976.0,obs/smo/vf=off/lk=1,1014.926,1014.839,1014.839,0.087,29.353,28.191,0.2742
2313,51.368,55996.0,obs/smo/vf=off/lk=1,1015.518,1015.441,1015.441,0.077,29.569,32.451,0.2739
2314,51.388,56016.0,obs/smo/vf=off/lk=1,1016.118,1016.042,1016.042,0.076,30.214,27.788,0.2738
2315,51.408,56036.0,obs/smo/vf=off/lk=1,1016.732,1016.631,1016.631,0.101,30.311,28.157,0.2742
2316,51.428,56056.0,obs/smo/vf=off/lk=1,1017.324,1017.229,1017.229,0.095,30.025,32.571,0.274
2317,51.448,56076.0,obs/smo/vf=off/lk=1,1017.908,1017.831,1017.831,0.078,29.114,27.935,0.2739
2318,51.468,56096.0,obs/smo/vf=off/lk=1,1018.5,1018.417,1018.417,0.083,29.545,27.928,0.2742
2319,51.488,56116.0,obs/smo/vf=off/lk=1,1019.106,1019.024,1019.024,0.082,30.409,32.556,0.2739
2320,51.508,56136.0,obs/smo/vf=off/lk=1,1019.709,1019.627,1019.627,0.082,30.033,28.098,0.2739
2321,51.528,56156.0,obs/smo/vf=off/lk=1,1020.32,1020.214,1020.214,0.106,30.344,27.872,0.2743
2322,51.548,56176.0,obs/smo/vf=off/lk=1,1020.906,1020.817,1020.817,0.089,29.587,32.648,0.274
2323,51.568,56196.0,obs/smo/vf=off/lk=1,1021.486,1021.418,1021.418,0.068,29.096,28.213,0.2739
2324,51.588,56216.0,obs/smo/vf=off/lk=1,1022.09,1022.003,1022.003,0.087,30.069,27.424,0.2743
2325,51.608,56236.0,obs/smo/vf=off/lk=1,1022.699,1022.611,1022.611,0.087,30.279,32.613,0.274
2326,51.628,56256.0,obs/smo/vf=off/lk=1,1023.302,1023.217,1023.217,0.085,29.967,27.923,0.2739
2327,51.648,56276.0,obs/smo/vf=off/lk=1,1023.892,1023.797,1023.797,0.095,29.702,27.444,0.2743
2328,51.668,56296.0,obs/smo/vf=off/lk=1,1024.48,1024.398,1024.398,0.082,29.506,32.456,0.2741
2329,51.688,56316.0,obs/smo/vf=off/lk=1,1025.073,1025.002,1025.002,0.071,29.872,28.473,0.2739
2330,51.708,56336.0,obs/smo/vf=off/lk=1,1025.686,1025.591,1025.591,0.095,30.275,27.942,0.2743
2331,51.728,56356.0,obs/smo/vf=off/lk=1,1026.293,1026.193,1026.193,0.1,30.493,32.591,0.2741
2332,51.748,56376.0,obs/smo/vf=off/lk=1,1026.884,1026.798,1026.798,0.085,29.763,28.351,0.2739
2333,51.768,56396.0,obs/smo/vf=off/lk=1,1027.474,1027.386,1027.386,0.088,29.174,27.806,0.2743
2334,51.788,56416.0,obs/smo/vf=off/lk=1,1028.066,1027.988,1027.988,0.078,29.716,32.67,0.2741
2335,51.808,56436.0,obs/smo/vf=off/lk=1,1028.669,1028.595,1028.595,0.074,30.337,28.444,0.2739
2336,51.828,56456.0,obs/smo/vf=off/lk=1,1029.281,1029.184,1029.184,0.097,30.441,27.754,0.2744
2337,51.848,56476.0,obs/smo/vf=off/lk=1,1029.879,1029.782,1029.782,0.098,29.931,32.559,0.2741
2338,51.868,56496.0,obs/smo/vf=off/lk=1,1030.472,1030.396,1030.396,0.075,29.377,28.112,0.274
2339,51.888,56516.0,obs/smo/vf=off/lk=1,1031.061,1030.976,1030.976,0.085,29.547,27.619,0.2744
2340,51.908,56536.0,obs/smo/vf=off/lk=1,1031.663,1031.578,1031.578,0.085,30.233,32.621,0.2741
2341,51.928,56556.0,obs/smo/vf=off/lk=1,1032.265,1032.185,1032.185,0.08,30.354,28.447,0.274
2342,51.948,56576.0,obs/smo/vf=off/lk=1,1032.875,1032.772,1032.772,0.104,30.129,27.733,0.2744
2343,51.968,56596.0,obs/smo/vf=off/lk=1,1033.464,1033.372,1033.372,0.093,29.472,32.646,0.2742
2344,51.988,56616.0,obs/smo/vf=off/lk=1,1034.053,1033.985,1033.985,0.068,29.344,28.215,0.274
2345,52.008,56636.0,obs/smo/vf=off/lk=1,1034.653,1034.566,1034.566,0.087,30.078,27.648,0.2744
2346,52.028,56656.0,obs/smo/vf=off/lk=1,1035.264,1035.176,1035.176,0.088,30.391,32.669,0.2741
2347,52.048,56676.0,obs/smo/vf=off/lk=1,1035.862,1035.779,1035.779,0.083,30.049,28.236,0.274
2348,52.068,56696.0,obs/smo/vf=off/lk=1,1036.453,1036.359,1036.359,0.093,29.64,27.476,0.2744
2349,52.088,56716.0,obs/smo/vf=off/lk=1,1037.042,1036.962,1036.962,0.079,29.724,32.442,0.2742
2350,52.108,56736.0,obs/smo/vf=off/lk=1,1037.643,1037.57,1037.57,0.073,29.894,28.433,0.274
2351,52.128,56756.0,obs/smo/vf=off/lk=1,1038.25,1038.159,1038.159,0.091,30.417,27.873,0.2744
2352,52.148,56776.0,obs/smo/vf=off/lk=1,1038.859,1038.762,1038.762,0.098,30.513,32.578,0.2742
2353,52.168,56796.0,obs/smo/vf=off/lk=1,1039.455,1039.368,1039.368,0.087,29.537,28.321,0.2741
2354,52.188,56816.0,obs/smo/vf=off/lk=1,1040.045,1039.956,1039.956,0.089,29.385,27.855,0.2745
2355,52.208,56836.0,obs/smo/vf=off/lk=1,1040.639,1040.559,1040.559,0.08,29.799,32.662,0.2742
2356,52.228,56856.0,obs/smo/vf=off/lk=1,1041.239,1041.165,1041.165,0.073,30.275,28.186,0.2741
2357,52.248,56876.0,obs/smo/vf=off/lk=1,1041.852,1041.754,1041.754,0.098,30.212,27.768,0.2745
2358,52.268,56896.0,obs/smo/vf=off/lk=1,1042.453,1042.358,1042.358,0.096,30.252,32.86,0.2742
2359,52.288,56916.0,obs/smo/vf=off/lk=1,1043.035,1042.96,1042.96,0.075,29.153,28.301,0.2741
2360,52.308,56936.0,obs/smo/vf=off/lk=1,1043.635,1043.549,1043.549,0.085,29.762,27.997,0.2745
2361,52.328,56956.0,obs/smo/vf=off/lk=1,1044.236,1044.154,1044.154,0.082,30.182,32.662,0.2742
2362,52.348,56976.0,obs/smo/vf=off/lk=1,1044.839,1044.758,1044.758,0.081,30.361,28.171,0.2741
2363,52.368,56996.0,obs/smo/vf=off/lk=1,1045.449,1045.345,1045.345,0.104,30.151,27.66,0.2745
2364,52.388,57016.0,obs/smo/vf=off/lk=1,1046.042,1045.95,1045.95,0.091,29.66,32.522,0.2742
2365,52.408,57036.0,obs/smo/vf=off/lk=1,1046.624,1046.554,1046.554,0.07,29.435,28.115,0.2741
2366,52.428,57056.0,obs/smo/vf=off/lk=1,1047.233,1047.144,1047.144,0.09,30.105,28.259,0.2745
2367,52.448,57076.0,obs/smo/vf=off/lk=1,1047.842,1047.754,1047.754,0.088,30.484,32.682,0.2742
2368,52.468,57096.0,obs/smo/vf=off/lk=1,1048.439,1048.356,1048.356,0.083,29.915,27.881,0.2742
2369,52.488,57116.0,obs/smo/vf=off/lk=1,1049.034,1048.938,1048.938,0.097,29.702,28.053,0.2745
2370,52.508,57136.0,obs/smo/vf=off/lk=1,1049.62,1049.541,1049.541,0.079,29.565,32.49,0.2743
2371,52.528,57156.0,obs/smo/vf=off/lk=1,1050.219,1050.146,1050.146,0.073,29.805,27.937,0.2742
2372,52.548,57176.0,obs/smo/vf=off/lk=1,1050.832,1050.735,1050.735,0.097,30.474,28.098,0.2746
2373,52.568,57196.0,obs/smo/vf=off/lk=1,1051.438,1051.338,1051.338,0.1,30.421,32.516,0.2743
2374,52.588,57216.0,obs/smo/vf=off/lk=1,1052.032,1051.946,1051.946,0.085,29.472,27.765,0.2742
2375,52.608,57236.0,obs/smo/vf=off/lk=1,1052.613,1052.526,1052.526,0.087,29.538,27.93,0.2746
2376,52.628,57256.0,obs/smo/vf=off/lk=1,1053.217,1053.141,1053.141,0.077,29.69,32.588,0.2743
2377,52.648,57276.0,obs/smo/vf=off/lk=1,1053.819,1053.743,1053.743,0.076,30.306,27.748,0.2742
2378,52.668,57296.0,obs/smo/vf=off/lk=1,1054.423,1054.324,1054.324,0.099,30.29,28.015,0.2746
2379,52.688,57316.0,obs/smo/vf=off/lk=1,1055.031,1054.935,1054.935,0.095,30.102,32.589,0.2743
2380,52.708,57336.0,obs/smo/vf=off/lk=1,1055.617,1055.539,1055.539,0.078,29.381,27.818,0.2742
2381,52.728,57356.0,obs/smo/vf=off/lk=1,1056.198,1056.115,1056.115,0.083,29.352,28.115,0.2746
2382,52.748,57376.0,obs/smo/vf=off/lk=1,1056.812,1056.728,1056.728,0.084,30.311,32.532,0.2743
2383,52.768,57396.0,obs/smo/vf=off/lk=1,1057.411,1057.33,1057.33,0.082,30.037,27.888,0.2743
2384,52.788,57416.0,obs/smo/vf=off/lk=1,1058.01,1057.907,1057.907,0.102,30.324,27.513,0.2747
2385,52.808,57436.0,obs/smo/vf=off/lk=1,1058.609,1058.519,1058.519,0.09,29.507,32.582,0.2744
2386,52.828,57456.0,obs/smo/vf=off/lk=1,1059.192,1059.123,1059.123,0.07,29.32,27.969,0.2743
2387,52.848,57476.0,obs/smo/vf=off/lk=1,1059.786,1059.699,1059.699,0.087,29.97,27.588,0.2747
2388,52.868,57496.0,obs/smo/vf=off/lk=1,1060.398,1060.307,1060.307,0.091,30.318,32.661,0.2744
2389,52.888,57516.0,obs/smo/vf=off/lk=1,1060.993,1060.91,1060.91,0.083,29.838,28.166,0.2743
2390,52.908,57536.0,obs/smo/vf=off/lk=1,1061.584,1061.489,1061.489,0.095,29.667,27.502,0.2747
2391,52.928,57556.0,obs/smo/vf=off/lk=1,1062.177,1062.097,1062.097,0.08,29.476,32.493,0.2745
2392,52.948,57576.0,obs/smo/vf=off/lk=1,1062.774,1062.703,1062.703,0.071,29.703,28.35,0.2743
2393,52.968,57596.0,obs/smo/vf=off/lk=1,1063.375,1063.282,1063.282,0.094,30.353,27.2,0.2747
2394,52.988,57616.0,obs/smo/vf=off/lk=1,1063.992,1063.891,1063.891,0.101,30.46,32.46,0.2745
2395,53.008,57636.0,obs/smo/vf=off/lk=1,1064.586,1064.502,1064.502,0.084,29.858,28.323,0.2743
2396,53.028,57656.0,obs/smo/vf=off/lk=1,1065.169,1065.082,1065.082,0.086,29.4,27.75,0.2747
2397,53.048,57676.0,obs/smo/vf=off/lk=1,1065.764,1065.684,1065.684,0.08,29.689,32.516,0.2745
2398,53.068,57696.0,obs/smo/vf=off/lk=1,1066.367,1066.291,1066.291,0.076,30.247,28.543,0.2743
2399,53.088,57716.0,obs/smo/vf=off/lk=1,1066.979,1066.88,1066.88,0.099,30.347,27.63,0.2747
2400,53.108,57736.0,obs/smo/vf=off/lk=1,1067.575,1067.479,1067.479,0.097,30.152,32.415,0.2746
2401,53.128,57756.0,obs/smo/vf=off/lk=1,1068.158,1068.081,1068.081,0.077,29.082,28.736,0.2744
2402,53.148,57776.0,obs/smo/vf=off/lk=1,1068.752,1068.67,1068.67,0.083,29.649,27.675,0.2748
2403,53.168,57796.0,obs/smo/vf=off/lk=1,1069.355,1069.271,1069.271,0.084,30.236,32.622,0.2746
2404,53.188,57816.0,obs/smo/vf=off/lk=1,1069.961,1069.878,1069.878,0.082,30.179,28.404,0.2744
2405,53.208,57836.0,obs/smo/vf=off/lk=1,1070.571,1070.469,1070.469,0.103,30.273,27.729,0.2748
2406,53.228,57856.0,obs/smo/vf=off/lk=1,1071.16,1071.069,1071.069,0.091,29.568,32.64,0.2746
2407,53.248,57876.0,obs/smo/vf=off/lk=1,1071.745,1071.675,1071.675,0.07,29.325,28.563,0.2744
2408,53.268,57896.0,obs/smo/vf=off/lk=1,1072.352,1072.264,1072.264,0.088,30.133,27.474,0.2748
2409,53.288,57916.0,obs/smo/vf=off/lk=1,1072.955,1072.865,1072.865,0.09,30.426,32.636,0.2746
2410,53.308,57936.0,obs/smo/vf=off/lk=1,1073.56,1073.478,1073.478,0.082,30.013,28.136,0.2744
2411,53.328,57956.0,obs/smo/vf=off/lk=1,1074.155,1074.06,1074.06,0.095,29.696,27.586,0.2748
2412,53.348,57976.0,obs/smo/vf=off/lk=1,1074.744,1074.662,1074.662,0.082,29.543,32.518,0.2746
2413,53.368,57996.0,obs/smo/vf=off/lk=1,1075.339,1075.268,1075.268,0.071,29.868,28.429,0.2744
2414,53.388,58016.0,obs/smo/vf=off/lk=1,1075.953,1075.857,1075.857,0.095,30.475,27.808,0.2748
2415,53.408,58036.0,obs/smo/vf=off/lk=1,1076.56,1076.461,1076.461,0.099,30.46,32.678,0.2746
2416,53.428,58056.0,obs/smo/vf=off/lk=1,1077.152,1077.067,1077.067,0.085,29.873,28.323,0.2745
2417,53.448,58076.0,obs/smo/vf=off/lk=1,1077.743,1077.655,1077.655,0.088,29.108,27.795,0.2749
2418,53.468,58096.0,obs/smo/vf=off/lk=1,1078.336,1078.258,1078.258,0.078,29.803,32.642,0.2746
2419,53.488,58116.0,obs/smo/vf=off/lk=1,1078.944,1078.867,1078.867,0.077,30.373,28.253,0.2745
2420,53.508,58136.0,obs/smo/vf=off/lk=1,1079.545,1079.448,1079.448,0.097,30.327,27.945,0.2748
2421,53.528,58156.0,obs/smo/vf=off/lk=1,1080.154,1080.058,1080.058,0.096,30.295,32.353,0.2746
2422,53.548,58176.0,obs/smo/vf=off/lk=1,1080.737,1080.662,1080.662,0.075,29.236,28.133,0.2745
2423,53.568,58196.0,obs/smo/vf=off/lk=1,1081.335,1081.251,1081.251,0.084,29.542,27.948,0.2749
2424,53.588,58216.0,obs/smo/vf=off/lk=1,1081.938,1081.857,1081.857,0.082,30.461,32.77,0.2746
2425,53.608,58236.0,obs/smo/vf=off/lk=1,1082.546,1082.462,1082.462,0.083,30.212,27.774,0.2745
2426,53.628,58256.0,obs/smo/vf=off/lk=1,1083.147,1083.044,1083.044,0.103,30.312,27.882,0.2749
2427,53.648,58276.0,obs/smo/vf=off/lk=1,1083.745,1083.657,1083.657,0.088,29.726,32.609,0.2746
2428,53.668,58296.0,obs/smo/vf=off/lk=1,1084.328,1084.26,1084.26,0.069,29.329,27.952,0.2745
2429,53.688,58316.0,obs/smo/vf=off/lk=1,1084.929,1084.84,1084.84,0.089,30.052,27.905,0.2749
2430,53.708,58336.0,obs/smo/vf=off/lk=1,1085.538,1085.452,1085.452,0.087,30.478,32.705,0.2746
2431,53.728,58356.0,obs/smo/vf=off/lk=1,1086.137,1086.054,1086.054,0.083,30.049,27.927,0.2745
2432,53.748,58376.0,obs/smo/vf=off/lk=1,1086.741,1086.647,1086.647,0.094,29.655,28.201,0.2749
2433,53.768,58396.0,obs/smo/vf=off/lk=1,1087.332,1087.252,1087.252,0.08,29.679,32.697,0.2746
2434,53.788,58416.0,obs/smo/vf=off/lk=1,1087.927,1087.856,1087.856,0.071,30.013,27.724,0.2746
2435,53.808,58436.0,obs/smo/vf=off/lk=1,1088.528,1088.436,1088.436,0.092,30.344,28.007,0.2749
2436,53.828,58456.0,obs/smo/vf=off/lk=1,1089.149,1089.052,1089.052,0.098,30.522,32.97,0.2746
2437,53.848,58476.0,obs/smo/vf=off/lk=1,1089.738,1089.653,1089.653,0.085,29.73,27.7,0.2746
2438,53.868,58496.0,obs/smo/vf=off/lk=1,1090.32,1090.234,1090.234,0.086,29.251,28.23,0.2749
2439,53.888,58516.0,obs/smo/vf=off/lk=1,1090.927,1090.85,1090.85,0.077,29.91,32.781,0.2746
2440,53.908,58536.0,obs/smo/vf=off/lk=1,1091.532,1091.454,1091.454,0.077,30.459,27.446,0.2746
2441,53.928,58556.0,obs/smo/vf=off/lk=1,1092.136,1092.035,1092.035,0.101,30.221,28.264,0.2749
2442,53.948,58576.0,obs/smo/vf=off/lk=1,1092.742,1092.649,1092.649,0.093,30.241,32.456,0.2746
2443,53.968,58596.0,obs/smo/vf=off/lk=1,1093.328,1093.252,1093.252,0.076,29.163,27.451,0.2746
2444,53.988,58616.0,obs/smo/vf=off/lk=1,1093.928,1093.842,1093.842,0.085,29.782,29.07,0.2749
2445,54.008,58636.0,obs/smo/vf=off/lk=1,1094.531,1094.453,1094.453,0.078,30.497,32.488,0.2745
2446,54.028,58656.0,obs/smo/vf=off/lk=1,1095.14,1095.054,1095.054,0.085,30.493,27.305,0.2746
2447,54.048,58676.0,obs/smo/vf=off/lk=1,1095.738,1095.636,1095.636,0.102,30.18,28.754,0.2749
2448,54.068,58696.0,obs/smo/vf=off/lk=1,1096.336,1096.252,1096.252,0.084,29.564,32.3,0.2746
2449,54.088,58716.0,obs/smo/vf=off/lk=1,1096.925,1096.854,1096.854,0.071,29.52,27.258,0.2746
2450,54.108,58736.0,obs/smo/vf=off/lk=1,1097.528,1097.436,1097.436,0.092,30.146,29.028,0.2749
2451,54.128,58756.0,obs/smo/vf=off/lk=1,1098.134,1098.05,1098.05,0.084,30.439,32.268,0.2746
2452,54.148,58776.0,obs/smo/vf=off/lk=1,1098.743,1098.656,1098.656,0.087,29.946,27.027,0.2747
2453,54.168,58796.0,obs/smo/vf=off/lk=1,1099.327,1099.234,1099.234,0.093,29.86,29.155,0.2749
2454,54.188,58816.0,obs/smo/vf=off/lk=1,1099.927,1099.853,1099.853,0.075,29.637,32.285,0.2746
2455,54.208,58836.0,obs/smo/vf=off/lk=1,1100.527,1100.452,1100.452,0.075,29.845,27.054,0.2747
2456,54.228,58856.0,obs/smo/vf=off/lk=1,1101.128,1101.035,1101.035,0.094,30.511,29.548,0.2749
2457,54.248,58876.0,obs/smo/vf=off/lk=1,1101.743,1101.651,1101.651,0.092,30.451,31.987,0.2746
2458,54.268,58896.0,obs/smo/vf=off/lk=1,1102.337,1102.249,1102.249,0.088,29.638,27.067,0.2747
2459,54.288,58916.0,obs/smo/vf=off/lk=1,1102.92,1102.831,1102.831,0.089,29.253,29.417,0.275
2460,54.308,58936.0,obs/smo/vf=off/lk=1,1103.524,1103.451,1103.451,0.074,30.123,31.57,0.2746
2461,54.328,58956.0,obs/smo/vf=off/lk=1,1104.13,1104.05,1104.05,0.08,30.286,27.009,0.2747
2462,54.348,58976.0,obs/smo/vf=off/lk=1,1104.736,1104.634,1104.634,0.102,30.372,29.743,0.2749
2463,54.368,58996.0,obs/smo/vf=off/lk=1,1105.339,1105.249,1105.249,0.09,30.018,31.97,0.2746
2464,54.388,59016.0,obs/smo/vf=off/lk=1,1105.93,1105.849,1105.849,0.081,29.482,26.877,0.2747
2465,54.408,59036.0,obs/smo/vf=off/lk=1,1106.519,1106.433,1106.433,0.086,29.756,29.974,0.2749
2466,54.428,59056.0,obs/smo/vf=off/lk=1,1107.125,1107.05,1107.05,0.075,30.283,31.638,0.2745
2467,54.448,59076.0,obs/smo/vf=off/lk=1,1107.735,1107.647,1107.647,0.088,30.511,26.995,0.2747
2468,54.468,59096.0,obs/smo/vf=off/lk=1,1108.347,1108.243,1108.243,0.104,30.441,30.669,0.2749
2469,54.488,59116.0,obs/smo/vf=off/lk=1,1108.933,1108.851,1108.851,0.082,29.412,31.336,0.2745
2470,54.508,59136.0,obs/smo/vf=off/lk=1,1109.519,1109.446,1109.446,0.074,29.478,26.896,0.2747
2471,54.528,59156.0,obs/smo/vf=off/lk=1,1110.133,1110.041,1110.041,0.092,30.236,30.653,0.2749
2472,54.548,59176.0,obs/smo/vf=off/lk=1,1110.737,1110.655,1110.655,0.083,30.364,31.097,0.2745
2473,54.568,59196.0,obs/smo/vf=off/lk=1,1111.34,1111.25,1111.25,0.09,30.086,26.76,0.2748
2474,54.588,59216.0,obs/smo/vf=off/lk=1,1111.929,1111.833,1111.833,0.096,29.757,30.421,0.275
2475,54.608,59236.0,obs/smo/vf=off/lk=1,1112.526,1112.451,1112.451,0.074,29.55,31.279,0.2745
2476,54.628,59256.0,obs/smo/vf=off/lk=1,1113.124,1113.047,1113.047,0.077,30.059,26.855,0.2748
2477,54.648,59276.0,obs/smo/vf=off/lk=1,1113.741,1113.643,1113.643,0.098,30.581,31.138,0.2749
2478,54.668,59296.0,obs/smo/vf=off/lk=1,1114.342,1114.251,1114.251,0.09,30.284,30.808,0.2745
2479,54.688,59316.0,obs/smo/vf=off/lk=1,1114.936,1114.846,1114.846,0.09,29.634,27.11,0.2748
2480,54.708,59336.0,obs/smo/vf=off/lk=1,1115.529,1115.444,1115.444,0.086,29.427,31.426,0.2749
2481,54.728,59356.0,obs/smo/vf=off/lk=1,1116.123,1116.051,1116.051,0.072,30.334,31.07,0.2745
2482,54.748,59376.0,obs/smo/vf=off/lk=1,1116.736,1116.652,1116.652,0.085,30.094,26.857,0.2748
2483,54.768,59396.0,obs/smo/vf=off/lk=1,1117.344,1117.241,1117.241,0.103,30.522,31.468,0.2749
2484,54.788,59416.0,obs/smo/vf=off/lk=1,1117.948,1117.859,1117.859,0.089,29.912,30.142,0.2746
2485,54.808,59436.0,obs/smo/vf=off/lk=1,1118.533,1118.451,1118.451,0.081,29.433,27.096,0.2748
2486,54.828,59456.0,obs/smo/vf=off/lk=1,1119.126,1119.044,1119.044,0.083,29.734,31.911,0.2749
2487,54.848,59476.0,obs/smo/vf=off/lk=1,1119.737,1119.66,1119.66,0.077,30.477,29.914,0.2745
2488,54.868,59496.0,obs/smo/vf=off/lk=1,1120.344,1120.252,1120.252,0.093,30.529,27.049,0.2748
2489,54.888,59516.0,obs/smo/vf=off/lk=1,1120.946,1120.845,1120.845,0.101,30.268,31.985,0.2749
2490,54.908,59536.0,obs/smo/vf=off/lk=1,1121.539,1121.461,1121.461,0.078,29.547,29.778,0.2745
2491,54.928,59556.0,obs/smo/vf=off/lk=1,1122.131,1122.053,1122.053,0.078,29.557,27.069,0.2748
2492,54.948,59576.0,obs/smo/vf=off/lk=1,1122.736,1122.65,1122.65,0.086,30.444,32.771,0.2748
2493,54.968,59596.0,obs/smo/vf=off/lk=1,1123.348,1123.267,1123.267,0.081,30.13,29.405,0.2745
2494,54.988,59616.0,obs/smo/vf=off/lk=1,1123.945,1123.85,1123.85,0.095,30.207,27.015,0.2749
2495,55.008,59636.0,obs/smo/vf=off/lk=1,1124.546,1124.455,1124.455,0.091,29.826,32.383,0.2748
2496,55.028,59656.0,obs/smo/vf=off/lk=1,1125.138,1125.066,1125.066,0.072,29.61,29.142,0.2746
2497,55.048,59676.0,obs/smo/vf=off/lk=1,1125.74,1125.656,1125.656,0.084,29.887,27.244,0.2749
2498,55.068,59696.0,obs/smo/vf=off/lk=1,1126.35,1126.255,1126.255,0.095,30.641,32.775,0.2748
2499,55.088,59716.0,obs/smo/vf=off/lk=1,1126.956,1126.867,1126.867,0.089,30.292,28.984,0.2746
2500,55.108,59736.0,obs/smo/vf=off/lk=1,1127.551,1127.458,1127.458,0.093,29.881,27.33,0.2749
2501,55.128,59756.0,obs/smo/vf=off/lk=1,1128.145,1128.061,1128.061,0.083,29.569,32.712,0.2747
2502,55.148,59776.0,obs/smo/vf=off/lk=1,1128.745,1128.673,1128.673,0.072,30.15,28.506,0.2745
2503,55.168,59796.0,obs/smo/vf=off/lk=1,1129.346,1129.258,1129.258,0.088,30.317,27.61,0.2749
2504,55.188,59816.0,obs/smo/vf=off/lk=1,1129.956,1129.861,1129.861,0.095,30.512,32.95,0.2747
2505,55.208,59836.0,obs/smo/vf=off/lk=1,1130.559,1130.474,1130.474,0.085,29.96,28.366,0.2746
2506,55.228,59856.0,obs/smo/vf=off/lk=1,1131.147,1131.063,1131.063,0.083,29.305,27.975,0.2749
2507,55.248,59876.0,obs/smo/vf=off/lk=1,1131.745,1131.667,1131.667,0.078,30.024,32.876,0.2747
2508,55.268,59896.0,obs/smo/vf=off/lk=1,1132.349,1132.273,1132.273,0.076,30.364,28.145,0.2746
2509,55.288,59916.0,obs/smo/vf=off/lk=1,1132.958,1132.862,1132.862,0.096,30.386,28.069,0.2749
2510,55.308,59936.0,obs/smo/vf=off/lk=1,1133.569,1133.469,1133.469,0.099,30.355,32.753,0.2746
2511,55.328,59956.0,obs/smo/vf=off/lk=1,1134.155,1134.075,1134.075,0.08,29.409,27.876,0.2746
2512,55.348,59976.0,obs/smo/vf=off/lk=1,1134.747,1134.665,1134.665,0.082,29.511,28.253,0.2749
2513,55.368,59996.0,obs/smo/vf=off/lk=1,1135.354,1135.275,1135.275,0.079,30.56,33.26,0.2746
2514,55.388,60016.0,obs/smo/vf=off/lk=1,1135.967,1135.883,1135.883,0.084,30.322,27.474,0.2746
2515,55.408,60036.0,obs/smo/vf=off/lk=1,1136.569,1136.471,1136.471,0.099,30.37,28.374,0.2749
2516,55.428,60056.0,obs/smo/vf=off/lk=1,1137.166,1137.082,1137.082,0.084,29.548,32.846,0.2746
2517,55.448,60076.0,obs/smo/vf=off/lk=1,1137.758,1137.684,1137.684,0.074,29.738,27.435,0.2746
2518,55.468,60096.0,obs/smo/vf=off/lk=1,1138.359,1138.274,1138.274,0.086,30.047,28.99,0.2749
2519,55.488,60116.0,obs/smo/vf=off/lk=1,1138.97,1138.885,1138.885,0.085,30.404,32.688,0.2746
2520,55.508,60136.0,obs/smo/vf=off/lk=1,1139.574,1139.483,1139.483,0.091,30.21,27.365,0.2747
2521,55.528,60156.0,obs/smo/vf=off/lk=1,1140.167,1140.071,1140.071,0.095,29.585,28.888,0.2749
2522,55.548,60176.0,obs/smo/vf=off/lk=1,1140.76,1140.681,1140.681,0.079,29.5,32.44,0.2746
2523,55.568,60196.0,obs/smo/vf=off/lk=1,1141.357,1141.281,1141.281,0.076,30.039,27.241,0.2747
2524,55.588,60216.0,obs/smo/vf=off/lk=1,1141.957,1141.863,1141.863,0.093,30.301,28.629,0.2749
2525,55.608,60236.0,obs/smo/vf=off/lk=1,1142.566,1142.473,1142.473,0.092,30.511,32.533,0.2746
2526,55.628,60256.0,obs/smo/vf=off/lk=1,1143.164,1143.075,1143.075,0.089,29.598,27.194,0.2747
2527,55.648,60276.0,obs/smo/vf=off/lk=1,1143.751,1143.665,1143.665,0.086,29.308,29.295,0.2749
2528,55.668,60296.0,obs/smo/vf=off/lk=1,1144.353,1144.276,1144.276,0.077,30.009,32.539,0.2746
2529,55.688,60316.0,obs/smo/vf=off/lk=1,1144.954,1144.873,1144.873,0.081,30.368,27.054,0.2747
2530,55.708,60336.0,obs/smo/vf=off/lk=1,1145.566,1145.463,1145.463,0.103,30.351,29.369,0.275
2531,55.728,60356.0,obs/smo/vf=off/lk=1,1146.167,1146.074,1146.074,0.094,29.99,32.375,0.2746
2532,55.748,60376.0,obs/smo/vf=off/lk=1,1146.752,1146.67,1146.67,0.082,29.592,27.285,0.2747
2533,55.768,60396.0,obs/smo/vf=off/lk=1,1147.339,1147.256,1147.256,0.083,29.187,29.473,0.275
2534,55.788,60416.0,obs/smo/vf=off/lk=1,1147.948,1147.87,1147.87,0.078,30.501,32.364,0.2746
2535,55.808,60436.0,obs/smo/vf=off/lk=1,1148.554,1148.468,1148.468,0.086,30.107,27.076,0.2748
2536,55.828,60456.0,obs/smo/vf=off/lk=1,1149.156,1149.057,1149.057,0.099,30.253,29.39,0.275
2537,55.848,60476.0,obs/smo/vf=off/lk=1,1149.745,1149.661,1149.661,0.083,29.528,32.359,0.2747
2538,55.868,60496.0,obs/smo/vf=off/lk=1,1150.331,1150.256,1150.256,0.074,29.538,27.182,0.2748
2539,55.888,60516.0,obs/smo/vf=off/lk=1,1150.934,1150.845,1150.845,0.088,30.065,29.032,0.275
2540,55.908,60536.0,obs/smo/vf=off/lk=1,1151.546,1151.46,1151.46,0.086,30.524,32.658,0.2746
2541,55.928,60556.0,obs/smo/vf=off/lk=1,1152.155,1152.064,1152.064,0.09,30.252,26.949,0.2748
2542,55.948,60576.0,obs/smo/vf=off/lk=1,1152.741,1152.645,1152.645,0.096,29.494,29.014,0.275
2543,55.968,60596.0,obs/smo/vf=off/lk=1,1153.334,1153.256,1153.256,0.078,29.601,32.334,0.2747
2544,55.988,60616.0,obs/smo/vf=off/lk=1,1153.939,1153.861,1153.861,0.078,29.951,26.993,0.2748
2545,56.008,60636.0,obs/smo/vf=off/lk=1,1154.548,1154.454,1154.454,0.094,30.418,29.888,0.275
2546,56.028,60656.0,obs/smo/vf=off/lk=1,1155.152,1155.061,1155.061,0.091,30.519,32.163,0.2746
2547,56.048,60676.0,obs/smo/vf=off/lk=1,1155.747,1155.659,1155.659,0.088,29.776,26.937,0.2748
2548,56.068,60696.0,obs/smo/vf=off/lk=1,1156.335,1156.251,1156.251,0.084,29.363,30.045,0.275
2549,56.088,60716.0,obs/smo/vf=off/lk=1,1156.938,1156.865,1156.865,0.073,29.943,31.836,0.2746
2550,56.108,60736.0,obs/smo/vf=off/lk=1,1157.548,1157.46,1157.46,0.088,30.484,26.86,0.2748
2551,56.128,60756.0,obs/smo/vf=off/lk=1,1158.151,1158.051,1158.051,0.1,30.329,30.051,0.275
2552,56.148,60776.0,obs/smo/vf=off/lk=1,1158.748,1158.658,1158.658,0.09,30.098,31.938,0.2746
2553,56.168,60796.0,obs/smo/vf=off/lk=1,1159.343,1159.259,1159.259,0.084,29.494,26.749,0.2749
2554,56.188,60816.0,obs/smo/vf=off/lk=1,1159.933,1159.853,1159.853,0.08,29.547,30.55,0.275
2555,56.208,60836.0,obs/smo/vf=off/lk=1,1160.533,1160.458,1160.458,0.075,30.124,31.736,0.2746
2556,56.228,60856.0,obs/smo/vf=off/lk=1,1161.15,1161.06,1161.06,0.09,30.603,26.698,0.2749
2557,56.248,60876.0,obs/smo/vf=off/lk=1,1161.742,1161.643,1161.643,0.099,30.066,30.268,0.275
2558,56.268,60896.0,obs/smo/vf=off/lk=1,1162.336,1162.255,1162.255,0.08,29.449,31.827,0.2747
2559,56.288,60916.0,obs/smo/vf=off/lk=1,1162.931,1162.853,1162.853,0.078,29.508,26.811,0.2749
2560,56.308,60936.0,obs/smo/vf=off/lk=1,1163.537,1163.445,1163.445,0.091,30.246,30.367,0.275
2561,56.328,60956.0,obs/smo/vf=off/lk=1,1164.136,1164.053,1164.053,0.083,30.418,31.534,0.2747
2562,56.348,60976.0,obs/smo/vf=off/lk=1,1164.747,1164.653,1164.653,0.095,30.126,26.788,0.2749
2563,56.368,60996.0,obs/smo/vf=off/lk=1,1165.339,1165.244,1165.244,0.095,29.657,30.528,0.275
2564,56.388,61016.0,obs/smo/vf=off/lk=1,1165.919,1165.845,1165.845,0.074,29.326,31.874,0.2747
2565,56.408,61036.0,obs/smo/vf=off/lk=1,1166.525,1166.443,1166.443,0.082,29.953,26.695,0.2749
2566,56.428,61056.0,obs/smo/vf=off/lk=1,1167.131,1167.037,1167.037,0.094,30.274,30.58,0.2751
2567,56.448,61076.0,obs/smo/vf=off/lk=1,1167.732,1167.644,1167.644,0.088,30.387,31.683,0.2747
2568,56.468,61096.0,obs/smo/vf=off/lk=1,1168.329,1168.24,1168.24,0.089,29.478,26.757,0.275
2569,56.488,61116.0,obs/smo/vf=off/lk=1,1168.913,1168.829,1168.829,0.084,29.372,30.16,0.2751
2570,56.508,61136.0,obs/smo/vf=off/lk=1,1169.505,1169.432,1169.432,0.073,29.71,31.992,0.2748
2571,56.528,61156.0,obs/smo/vf=off/lk=1,1170.122,1170.033,1170.033,0.089,30.635,26.891,0.275
2572,56.548,61176.0,obs/smo/vf=off/lk=1,1170.73,1170.626,1170.626,0.104,30.305,30.401,0.2751
2573,56.568,61196.0,obs/smo/vf=off/lk=1,1171.331,1171.243,1171.243,0.088,30.032,31.169,0.2747
2574,56.588,61216.0,obs/smo/vf=off/lk=1,1171.92,1171.833,1171.833,0.087,29.455,26.772,0.275
2575,56.608,61236.0,obs/smo/vf=off/lk=1,1172.512,1172.43,1172.43,0.082,29.617,31.053,0.275
2576,56.628,61256.0,obs/smo/vf=off/lk=1,1173.113,1173.038,1173.038,0.075,30.333,31.534,0.2747
2577,56.648,61276.0,obs/smo/vf=off/lk=1,1173.719,1173.631,1173.631,0.088,30.538,26.767,0.275
2578,56.668,61296.0,obs/smo/vf=off/lk=1,1174.325,1174.224,1174.224,0.101,30.104,30.82,0.2751
2579,56.688,61316.0,obs/smo/vf=off/lk=1,1174.914,1174.836,1174.836,0.078,29.386,31.12,0.2747
2580,56.708,61336.0,obs/smo/vf=off/lk=1,1175.513,1175.434,1175.434,0.079,29.666,26.866,0.275
2581,56.728,61356.0,obs/smo/vf=off/lk=1,1176.118,1176.03,1176.03,0.088,30.257,31.291,0.275
2582,56.748,61376.0,obs/smo/vf=off/lk=1,1176.721,1176.639,1176.639,0.082,30.403,30.945,0.2747
2583,56.768,61396.0,obs/smo/vf=off/lk=1,1177.332,1177.236,1177.236,0.096,30.275,26.817,0.275
2584,56.788,61416.0,obs/smo/vf=off/lk=1,1177.929,1177.833,1177.833,0.096,29.811,31.415,0.275
2585,56.808,61436.0,obs/smo/vf=off/lk=1,1178.513,1178.441,1178.441,0.072,29.607,30.654,0.2747
2586,56.828,61456.0,obs/smo/vf=off/lk=1,1179.117,1179.036,1179.036,0.081,29.95,26.945,0.2751
2587,56.848,61476.0,obs/smo/vf=off/lk=1,1179.725,1179.633,1179.633,0.092,30.437,31.482,0.275
2588,56.868,61496.0,obs/smo/vf=off/lk=1,1180.329,1180.243,1180.243,0.086,30.199,30.332,0.2747
2589,56.888,61516.0,obs/smo/vf=off/lk=1,1180.918,1180.828,1180.828,0.09,29.665,26.745,0.2751
2590,56.908,61536.0,obs/smo/vf=off/lk=1,1181.507,1181.423,1181.423,0.084,29.416,31.265,0.2751
2591,56.928,61556.0,obs/smo/vf=off/lk=1,1182.113,1182.042,1182.042,0.072,30.038,30.181,0.2747
2592,56.948,61576.0,obs/smo/vf=off/lk=1,1182.716,1182.627,1182.627,0.089,30.441,26.892,0.2751
2593,56.968,61596.0,obs/smo/vf=off/lk=1,1183.325,1183.224,1183.224,0.101,30.419,31.495,0.275
2594,56.988,61616.0,obs/smo/vf=off/lk=1,1183.929,1183.842,1183.842,0.088,29.938,29.93,0.2747
2595,57.008,61636.0,obs/smo/vf=off/lk=1,1184.514,1184.427,1184.427,0.086,29.311,26.807,0.2751
2596,57.028,61656.0,obs/smo/vf=off/lk=1,1185.106,1185.026,1185.026,0.08,29.811,31.788,0.275
2597,57.048,61676.0,obs/smo/vf=off/lk=1,1185.707,1185.635,1185.635,0.072,30.282,30.053,0.2747
2598,57.068,61696.0,obs/smo/vf=off/lk=1,1186.326,1186.232,1186.232,0.094,30.516,27.008,0.2751
2599,57.088,61716.0,obs/smo/vf=off/lk=1,1186.927,1186.827,1186.827,0.099,30.067,32.007,0.2751
2600,57.108,61736.0,obs/smo/vf=off/lk=1,1187.516,1187.438,1187.438,0.078,29.606,29.857,0.2748
2601,57.128,61756.0,obs/smo/vf=off/lk=1,1188.113,1188.031,1188.031,0.082,29.592,27.222,0.2751
2602,57.148,61776.0,obs/smo/vf=off/lk=1,1188.717,1188.632,1188.632,0.085,30.298,32.202,0.275
2603,57.168,61796.0,obs/smo/vf=off/lk=1,1189.32,1189.241,1189.241,0.079,30.323,29.41,0.2748
2604,57.188,61816.0,obs/smo/vf=off/lk=1,1189.926,1189.826,1189.826,0.1,30.276,27.109,0.2751
2605,57.208,61836.0,obs/smo/vf=off/lk=1,1190.521,1190.43,1190.43,0.091,29.916,32.233,0.275
2606,57.228,61856.0,obs/smo/vf=off/lk=1,1191.119,1191.052,1191.052,0.067,29.603,28.93,0.2747
2607,57.248,61876.0,obs/smo/vf=off/lk=1,1191.724,1191.636,1191.636,0.088,30.249,27.534,0.2751
2608,57.268,61896.0,obs/smo/vf=off/lk=1,1192.337,1192.246,1192.246,0.091,30.42,32.734,0.2749
2609,57.288,61916.0,obs/smo/vf=off/lk=1,1192.935,1192.851,1192.851,0.084,30.001,28.593,0.2748
2610,57.308,61936.0,obs/smo/vf=off/lk=1,1193.526,1193.434,1193.434,0.092,29.66,27.451,0.2751
2611,57.328,61956.0,obs/smo/vf=off/lk=1,1194.118,1194.036,1194.036,0.083,29.603,32.588,0.275
2612,57.348,61976.0,obs/smo/vf=off/lk=1,1194.712,1194.643,1194.643,0.069,30.042,28.734,0.2748
2613,57.368,61996.0,obs/smo/vf=off/lk=1,1195.327,1195.234,1195.234,0.093,30.451,27.777,0.2752
2614,57.388,62016.0,obs/smo/vf=off/lk=1,1195.936,1195.838,1195.838,0.098,30.53,32.663,0.2749
2615,57.408,62036.0,obs/smo/vf=off/lk=1,1196.533,1196.445,1196.445,0.088,29.769,28.405,0.2748
2616,57.428,62056.0,obs/smo/vf=off/lk=1,1197.12,1197.034,1197.034,0.086,29.362,27.85,0.2752
2617,57.448,62076.0,obs/smo/vf=off/lk=1,1197.715,1197.639,1197.639,0.077,29.858,32.693,0.2749
2618,57.468,62096.0,obs/smo/vf=off/lk=1,1198.321,1198.245,1198.245,0.076,30.196,28.281,0.2748
2619,57.488,62116.0,obs/smo/vf=off/lk=1,1198.93,1198.834,1198.834,0.097,30.48,27.872,0.2752
2620,57.508,62136.0,obs/smo/vf=off/lk=1,1199.532,1199.436,1199.436,0.096,30.167,32.508,0.2749
2621,57.528,62156.0,obs/smo/vf=off/lk=1,1200.115,1200.039,1200.039,0.075,29.226,28.371,0.2748
2622,57.548,62176.0,obs/smo/vf=off/lk=1,1200.711,1200.628,1200.628,0.083,29.609,28.005,0.2752
2623,57.568,62196.0,obs/smo/vf=off/lk=1,1201.319,1201.237,1201.237,0.082,30.567,32.941,0.2749
2624,57.588,62216.0,obs/smo/vf=off/lk=1,1201.925,1201.841,1201.841,0.083,30.113,27.952,0.2748
2625,57.608,62236.0,obs/smo/vf=off/lk=1,1202.534,1202.433,1202.433,0.101,30.442,28.19,0.2752
2626,57.628,62256.0,obs/smo/vf=off/lk=1,1203.127,1203.04,1203.04,0.088,29.768,32.689,0.2749
2627,57.648,62276.0,obs/smo/vf=off/lk=1,1203.716,1203.645,1203.645,0.072,29.287,27.901,0.2748
2628,57.668,62296.0,obs/smo/vf=off/lk=1,1204.324,1204.237,1204.237,0.087,30.402,28.732,0.2752
2629,57.688,62316.0,obs/smo/vf=off/lk=1,1204.933,1204.847,1204.847,0.086,30.384,32.657,0.2749
2630,57.708,62336.0,obs/smo/vf=off/lk=1,1205.531,1205.448,1205.448,0.083,30.071,27.509,0.2749
2631,57.728,62356.0,obs/smo/vf=off/lk=1,1206.128,1206.034,1206.034,0.094,29.638,28.699,0.2752
2632,57.748,62376.0,obs/smo/vf=off/lk=1,1206.717,1206.64,1206.64,0.077,29.78,32.59,0.2749
2633,57.768,62396.0,obs/smo/vf=off/lk=1,1207.313,1207.241,1207.241,0.072,29.852,27.687,0.2749
2634,57.788,62416.0,obs/smo/vf=off/lk=1,1207.93,1207.833,1207.833,0.097,30.506,28.332,0.2752
2635,57.808,62436.0,obs/smo/vf=off/lk=1,1208.536,1208.442,1208.442,0.094,30.621,32.402,0.2748
2636,57.828,62456.0,obs/smo/vf=off/lk=1,1209.131,1209.045,1209.045,0.086,29.735,27.453,0.2749
2637,57.848,62476.0,obs/smo/vf=off/lk=1,1209.723,1209.637,1209.637,0.087,29.251,29.24,0.2752
2638,57.868,62496.0,obs/smo/vf=off/lk=1,1210.317,1210.244,1210.244,0.074,30.036,32.571,0.2748
2639,57.888,62516.0,obs/smo/vf=off/lk=1,1210.923,1210.846,1210.846,0.077,30.358,27.313,0.2749
2640,57.908,62536.0,obs/smo/vf=off/lk=1,1211.536,1211.438,1211.438,0.099,30.409,29.265,0.2752
2641,57.928,62556.0,obs/smo/vf=off/lk=1,1212.132,1212.039,1212.039,0.093,29.794,32.336,0.2749
2642,57.948,62576.0,obs/smo/vf=off/lk=1,1212.719,1212.641,1212.641,0.078,29.522,27.311,0.2749
2643,57.968,62596.0,obs/smo/vf=off/lk=1,1213.316,1213.232,1213.232,0.084,29.68,29.331,0.2752
2644,57.988,62616.0,obs/smo/vf=off/lk=1,1213.917,1213.839,1213.839,0.078,30.249,32.327,0.2748
2645,58.008,62636.0,obs/smo/vf=off/lk=1,1214.529,1214.443,1214.443,0.086,30.472,27.205,0.2749
2646,58.028,62656.0,obs/smo/vf=off/lk=1,1215.141,1215.036,1215.036,0.105,30.356,29.65,0.2752
2647,58.048,62676.0,obs/smo/vf=off/lk=1,1215.729,1215.645,1215.645,0.084,29.808,31.9,0.2748
2648,58.068,62696.0,obs/smo/vf=off/lk=1,1216.316,1216.242,1216.242,0.075,29.231,27.043,0.275
2649,58.088,62716.0,obs/smo/vf=off/lk=1,1216.928,1216.836,1216.836,0.092,30.336,29.937,0.2752
2650,58.108,62736.0,obs/smo/vf=off/lk=1,1217.534,1217.452,1217.452,0.082,30.371,31.884,0.2748
2651,58.128,62756.0,obs/smo/vf=off/lk=1,1218.136,1218.048,1218.048,0.087,30.179,27.141,0.275
2652,58.148,62776.0,obs/smo/vf=off/lk=1,1218.731,1218.637,1218.637,0.094,29.698,30.095,0.2752
2653,58.168,62796.0,obs/smo/vf=off/lk=1,1219.331,1219.255,1219.255,0.075,29.773,31.596,0.2748
2654,58.188,62816.0,obs/smo/vf=off/lk=1,1219.915,1219.84,1219.84,0.075,29.667,26.987,0.275
2655,58.208,62836.0,obs/smo/vf=off/lk=1,1220.53,1220.434,1220.434,0.097,30.502,30.219,0.2752
2656,58.228,62856.0,obs/smo/vf=off/lk=1,1221.147,1221.053,1221.053,0.094,30.571,31.365,0.2748
2657,58.248,62876.0,obs/smo/vf=off/lk=1,1221.731,1221.642,1221.642,0.09,29.72,27.093,0.275
2658,58.268,62896.0,obs/smo/vf=off/lk=1,1222.322,1222.235,1222.235,0.087,29.311,30.828,0.2752
2659,58.288,62916.0,obs/smo/vf=off/lk=1,1222.922,1222.85,1222.85,0.071,29.96,31.32,0.2748
2660,58.308,62936.0,obs/smo/vf=off/lk=1,1223.538,1223.453,1223.453,0.085,30.807,26.993,0.275
2661,58.328,62956.0,obs/smo/vf=off/lk=1,1224.143,1224.042,1224.042,0.101,30.24,31.138,0.2752
2662,58.348,62976.0,obs/smo/vf=off/lk=1,1224.738,1224.651,1224.651,0.086,30.142,31.182,0.2748
2663,58.368,62996.0,obs/smo/vf=off/lk=1,1225.327,1225.246,1225.246,0.081,29.402,26.966,0.275
2664,58.388,63016.0,obs/smo/vf=off/lk=1,1225.927,1225.845,1225.845,0.082,29.729,31.537,0.2751
2665,58.408,63036.0,obs/smo/vf=off/lk=1,1226.531,1226.455,1226.455,0.076,30.577,30.838,0.2747
2666,58.428,63056.0,obs/smo/vf=off/lk=1,1227.142,1227.051,1227.051,0.091,30.528,26.918,0.275
2667,58.448,63076.0,obs/smo/vf=off/lk=1,1227.755,1227.651,1227.651,0.104,30.36,31.764,0.2751
2668,58.468,63096.0,obs/smo/vf=off/lk=1,1228.344,1228.266,1228.266,0.078,29.354,30.118,0.2748
2669,58.488,63116.0,obs/smo/vf=off/lk=1,1228.935,1228.858,1228.858,0.077,29.486,26.944,0.2751
2670,58.508,63136.0,obs/smo/vf=off/lk=1,1229.541,1229.453,1229.453,0.088,30.291,32.286,0.2751
2671,58.528,63156.0,obs/smo/vf=off/lk=1,1230.144,1230.065,1230.065,0.078,30.51,30.027,0.2747
2672,58.548,63176.0,obs/smo/vf=off/lk=1,1230.753,1230.66,1230.66,0.093,30.248,27.003,0.2751
2673,58.568,63196.0,obs/smo/vf=off/lk=1,1231.348,1231.255,1231.255,0.093,29.886,32.286,0.2751
2674,58.588,63216.0,obs/smo/vf=off/lk=1,1231.942,1231.871,1231.871,0.071,29.51,29.7,0.2747
2675,58.608,63236.0,obs/smo/vf=off/lk=1,1232.544,1232.461,1232.461,0.084,30.111,27.047,0.2751
2676,58.628,63256.0,obs/smo/vf=off/lk=1,1233.155,1233.058,1233.058,0.097,30.652,32.395,0.275
2677,58.648,63276.0,obs/smo/vf=off/lk=1,1233.764,1233.674,1233.674,0.09,30.336,29.282,0.2748
2678,58.668,63296.0,obs/smo/vf=off/lk=1,1234.358,1234.264,1234.264,0.093,29.704,27.439,0.2751
2679,58.688,63316.0,obs/smo/vf=off/lk=1,1234.948,1234.864,1234.864,0.084,29.576,32.454,0.275
2680,58.708,63336.0,obs/smo/vf=off/lk=1,1235.551,1235.478,1235.478,0.073,30.114,29.011,0.2748
2681,58.728,63356.0,obs/smo/vf=off/lk=1,1236.148,1236.063,1236.063,0.085,30.24,27.254,0.2751
2682,58.748,63376.0,obs/smo/vf=off/lk=1,1236.767,1236.672,1236.672,0.096,30.58,32.752,0.275
2683,58.768,63396.0,obs/smo/vf=off/lk=1,1237.367,1237.281,1237.281,0.086,30.175,28.064,0.2748
2684,58.788,63416.0,obs/smo/vf=off/lk=1,1237.955,1237.873,1237.873,0.082,29.414,27.903,0.2751
2685,58.808,63436.0,obs/smo/vf=off/lk=1,1238.556,1238.477,1238.477,0.079,29.872,32.907,0.2749
2686,58.828,63456.0,obs/smo/vf=off/lk=1,1239.16,1239.085,1239.085,0.075,30.443,28.27,0.2748
2687,58.848,63476.0,obs/smo/vf=off/lk=1,1239.772,1239.676,1239.676,0.097,30.447,27.822,0.2751
2688,58.868,63496.0,obs/smo/vf=off/lk=1,1240.378,1240.28,1240.28,0.098,30.223,32.908,0.2749
2689,58.888,63516.0,obs/smo/vf=off/lk=1,1240.964,1240.884,1240.884,0.08,29.387,28.03,0.2748
2690,58.908,63536.0,obs/smo/vf=off/lk=1,1241.553,1241.471,1241.471,0.083,29.423,27.988,0.2751
2691,58.928,63556.0,obs/smo/vf=off/lk=1,1242.159,1242.078,1242.078,0.082,30.475,32.974,0.2749
2692,58.948,63576.0,obs/smo/vf=off/lk=1,1242.771,1242.689,1242.689,0.083,30.281,27.813,0.2748
2693,58.968,63596.0,obs/smo/vf=off/lk=1,1243.38,1243.279,1243.279,0.101,30.443,28.283,0.2751
2694,58.988,63616.0,obs/smo/vf=off/lk=1,1243.976,1243.889,1243.889,0.087,29.53,32.522,0.2749
2695,59.008,63636.0,obs/smo/vf=off/lk=1,1244.562,1244.492,1244.492,0.07,29.687,27.493,0.2748
2696,59.028,63656.0,obs/smo/vf=off/lk=1,1245.171,1245.082,1245.082,0.089,30.215,28.452,0.2751
2697,59.048,63676.0,obs/smo/vf=off/lk=1,1245.784,1245.697,1245.697,0.088,30.507,32.801,0.2748
2698,59.068,63696.0,obs/smo/vf=off/lk=1,1246.387,1246.296,1246.296,0.091,30.405,27.412,0.2748
2699,59.088,63716.0,obs/smo/vf=off/lk=1,1246.982,1246.886,1246.886,0.096,29.715,29.058,0.2751
2700,59.108,63736.0,obs/smo/vf=off/lk=1,1247.574,1247.499,1247.499,0.076,29.743,32.832,0.2747
2701,59.128,63756.0,obs/smo/vf=off/lk=1,1248.174,1248.098,1248.098,0.076,30.213,27.118,0.2748
2702,59.148,63776.0,obs/smo/vf=off/lk=1,1248.786,1248.692,1248.692,0.094,30.204,29.543,0.2751
2703,59.168,63796.0,obs/smo/vf=off/lk=1,1249.397,1249.307,1249.307,0.09,30.424,32.124,0.2747
2704,59.188,63816.0,obs/smo/vf=off/lk=1,1249.987,1249.899,1249.899,0.089,29.867,27.036,0.2749
2705,59.208,63836.0,obs/smo/vf=off/lk=1,1250.576,1250.49,1250.49,0.086,29.382,29.598,0.2751
2706,59.228,63856.0,obs/smo/vf=off/lk=1,1251.179,1251.105,1251.105,0.074,30.162,31.947,0.2747
2707,59.248,63876.0,obs/smo/vf=off/lk=1,1251.784,1251.699,1251.699,0.085,30.286,26.904,0.2749
2708,59.268,63896.0,obs/smo/vf=off/lk=1,1252.388,1252.289,1252.289,0.099,30.437,29.758,0.2751
2709,59.288,63916.0,obs/smo/vf=off/lk=1,1252.995,1252.903,1252.903,0.093,30.0,31.967,0.2747
2710,59.308,63936.0,obs/smo/vf=off/lk=1,1253.588,1253.503,1253.503,0.085,29.345,26.809,0.275
2711,59.328,63956.0,obs/smo/vf=off/lk=1,1254.166,1254.083,1254.083,0.082,29.576,29.818,0.2751
2712,59.348,63976.0,obs/smo/vf=off/lk=1,1254.773,1254.699,1254.699,0.075,30.16,31.919,0.2747
2713,59.368,63996.0,obs/smo/vf=off/lk=1,1255.382,1255.295,1255.295,0.087,30.534,26.94,0.2749
2714,59.388,64016.0,obs/smo/vf=off/lk=1,1255.984,1255.883,1255.883,0.101,30.046,29.813,0.2752
2715,59.408,64036.0,obs/smo/vf=off/lk=1,1256.574,1256.493,1256.493,0.081,29.427,32.002,0.2748
2716,59.428,64056.0,obs/smo/vf=off/lk=1,1257.174,1257.096,1257.096,0.078,29.647,26.701,0.275
2717,59.448,64076.0,obs/smo/vf=off/lk=1,1257.777,1257.688,1257.688,0.089,30.135,30.307,0.2751
2718,59.468,64096.0,obs/smo/vf=off/lk=1,1258.38,1258.296,1258.296,0.084,30.45,32.004,0.2747
2719,59.488,64116.0,obs/smo/vf=off/lk=1,1258.992,1258.897,1258.897,0.095,30.351,26.856,0.275
2720,59.508,64136.0,obs/smo/vf=off/lk=1,1259.585,1259.49,1259.49,0.095,29.757,30.51,0.2751
2721,59.528,64156.0,obs/smo/vf=off/lk=1,1260.17,1260.097,1260.097,0.073,29.504,31.74,0.2747
2722,59.548,64176.0,obs/smo/vf=off/lk=1,1260.776,1260.697,1260.697,0.079,30.09,26.742,0.275
2723,59.568,64196.0,obs/smo/vf=off/lk=1,1261.377,1261.283,1261.283,0.094,30.31,30.459,0.2751
2724,59.588,64216.0,obs/smo/vf=off/lk=1,1261.988,1261.901,1261.901,0.086,30.199,31.243,0.2747
2725,59.608,64236.0,obs/smo/vf=off/lk=1,1262.578,1262.492,1262.492,0.086,29.913,26.861,0.275
2726,59.628,64256.0,obs/smo/vf=off/lk=1,1263.17,1263.086,1263.086,0.085,29.514,30.666,0.2751
2727,59.648,64276.0,obs/smo/vf=off/lk=1,1263.775,1263.704,1263.704,0.071,29.983,30.939,0.2747
2728,59.668,64296.0,obs/smo/vf=off/lk=1,1264.381,1264.292,1264.292,0.088,30.381,26.772,0.275
2729,59.688,64316.0,obs/smo/vf=off/lk=1,1264.991,1264.887,1264.887,0.104,30.497,30.946,0.2751
2730,59.708,64336.0,obs/smo/vf=off/lk=1,1265.596,1265.506,1265.506,0.09,29.935,30.678,0.2747
2731,59.728,64356.0,obs/smo/vf=off/lk=1,1266.178,1266.095,1266.095,0.084,29.563,26.787,0.275
2732,59.748,64376.0,obs/smo/vf=off/lk=1,1266.774,1266.692,1266.692,0.082,29.65,31.3,0.2751
2733,59.768,64396.0,obs/smo/vf=off/lk=1,1267.376,1267.301,1267.301,0.075,30.199,30.772,0.2747
2734,59.788,64416.0,obs/smo/vf=off/lk=1,1267.984,1267.894,1267.894,0.09,30.604,26.798,0.275
2735,59.808,64436.0,obs/smo/vf=off/lk=1,1268.59,1268.489,1268.489,0.101,30.111,31.37,0.2751
2736,59.828,64456.0,obs/smo/vf=off/lk=1,1269.18,1269.105,1269.105,0.075,29.494,30.32,0.2747
2737,59.848,64476.0,obs/smo/vf=off/lk=1,1269.773,1269.693,1269.693,0.08,29.789,26.727,0.2751
2738,59.868,64496.0,obs/smo/vf=off/lk=1,1270.38,1270.292,1270.292,0.088,30.204,31.621,0.275
2739,59.888,64516.0,obs/smo/vf=off/lk=1,1270.992,1270.912,1270.912,0.08,30.441,29.965,0.2747
2740,59.908,64536.0,obs/smo/vf=off/lk=1,1271.595,1271.497,1271.497,0.098,30.19,26.939,0.2751
2741,59.928,64556.0,obs/smo/vf=off/lk=1,1272.189,1272.095,1272.095,0.094,29.837,31.755,0.275
2742,59.948,64576.0,obs/smo/vf=off/lk=1,1272.773,1272.703,1272.703,0.07,29.387,30.16,0.2747
2743,59.968,64596.0,obs/smo/vf=off/lk=1,1273.382,1273.299,1273.299,0.083,30.233,27.162,0.2751
2744,59.988,64616.0,obs/smo/vf=off/lk=1,1273.988,1273.899,1273.899,0.089,30.419,32.638,0.275
2745,60.008,64636.0,obs/smo/vf=off/lk=1,1274.594,1274.511,1274.511,0.083,30.074,29.522,0.2747
2746,60.028,64656.0,obs/smo/vf=off/lk=1,1275.189,1275.096,1275.096,0.093,29.871,27.112,0.2751
2747,60.048,64676.0,obs/smo/vf=off/lk=1,1275.78,1275.698,1275.698,0.082,29.736,32.228,0.275
2748,60.068,64696.0,obs/smo/vf=off/lk=1,1276.387,1276.316,1276.316,0.072,29.845,29.078,0.2748
2749,60.088,64716.0,obs/smo/vf=off/lk=1,1276.99,1276.901,1276.901,0.088,30.576,27.211,0.2751
2750,60.108,64736.0,obs/smo/vf=off/lk=1,1277.604,1277.503,1277.503,0.101,30.526,32.37,0.2749
2751,60.128,64756.0,obs/smo/vf=off/lk=1,1278.199,1278.112,1278.112,0.087,29.968,29.16,0.2747
2752,60.148,64776.0,obs/smo/vf=off/lk=1,1278.792,1278.705,1278.705,0.087,29.437,27.634,0.2751
2753,60.168,64796.0,obs/smo/vf=off/lk=1,1279.386,1279.309,1279.309,0.077,29.843,32.54,0.2749
2754,60.188,64816.0,obs/smo/vf=off/lk=1,1279.989,1279.917,1279.917,0.072,30.224,28.74,0.2747
2755,60.208,64836.0,obs/smo/vf=off/lk=1,1280.607,1280.51,1280.51,0.097,30.37,27.626,0.2751
2756,60.228,64856.0,obs/smo/vf=off/lk=1,1281.208,1281.111,1281.111,0.097,30.21,32.661,0.2749
2757,60.248,64876.0,obs/smo/vf=off/lk=1,1281.793,1281.717,1281.717,0.076,29.304,28.561,0.2748
2758,60.268,64896.0,obs/smo/vf=off/lk=1,1282.391,1282.306,1282.306,0.085,29.708,27.897,0.2752
2759,60.288,64916.0,obs/smo/vf=off/lk=1,1282.995,1282.912,1282.912,0.083,30.342,32.794,0.2749
2760,60.308,64936.0,obs/smo/vf=off/lk=1,1283.6,1283.519,1283.519,0.08,30.453,28.168,0.2748
2761,60.328,64956.0,obs/smo/vf=off/lk=1,1284.201,1284.101,1284.101,0.1,30.251,27.678,0.2751
2762,60.348,64976.0,obs/smo/vf=off/lk=1,1284.804,1284.715,1284.715,0.089,29.763,32.532,0.2749
2763,60.368,64996.0,obs/smo/vf=off/lk=1,1285.395,1285.323,1285.323,0.072,29.396,27.889,0.2748
2764,60.388,65016.0,obs/smo/vf=off/lk=1,1285.993,1285.905,1285.905,0.088,30.307,28.141,0.2752
2765,60.408,65036.0,obs/smo/vf=off/lk=1,1286.606,1286.519,1286.519,0.087,30.574,32.719,0.2748
2766,60.428,65056.0,obs/smo/vf=off/lk=1,1287.206,1287.124,1287.124,0.083,30.187,27.691,0.2748
2767,60.448,65076.0,obs/smo/vf=off/lk=1,1287.805,1287.71,1287.71,0.095,29.717,28.3,0.2751
2768,60.468,65096.0,obs/smo/vf=off/lk=1,1288.404,1288.327,1288.327,0.078,29.803,32.642,0.2748
2769,60.488,65116.0,obs/smo/vf=off/lk=1,1289.003,1288.93,1288.93,0.073,29.753,27.522,0.2748
2770,60.508,65136.0,obs/smo/vf=off/lk=1,1289.607,1289.512,1289.512,0.095,30.697,28.442,0.2752
2771,60.528,65156.0,obs/smo/vf=off/lk=1,1290.214,1290.12,1290.12,0.094,30.43,32.504,0.2748
2772,60.548,65176.0,obs/smo/vf=off/lk=1,1290.811,1290.724,1290.724,0.087,29.691,27.523,0.2748
2773,60.568,65196.0,obs/smo/vf=off/lk=1,1291.405,1291.316,1291.316,0.089,29.364,28.945,0.2751
2774,60.588,65216.0,obs/smo/vf=off/lk=1,1291.997,1291.923,1291.923,0.074,30.133,32.458,0.2748
2775,60.608,65236.0,obs/smo/vf=off/lk=1,1292.604,1292.526,1292.526,0.078,30.258,27.407,0.2748
2776,60.628,65256.0,obs/smo/vf=off/lk=1,1293.218,1293.118,1293.118,0.1,30.311,29.241,0.2751
2777,60.648,65276.0,obs/smo/vf=off/lk=1,1293.818,1293.725,1293.725,0.092,30.413,32.33,0.2748
2778,60.668,65296.0,obs/smo/vf=off/lk=1,1294.405,1294.327,1294.327,0.078,29.208,27.188,0.2748
2779,60.688,65316.0,obs/smo/vf=off/lk=1,1295.002,1294.92,1294.92,0.082,29.791,29.815,0.2751
2780,60.708,65336.0,obs/smo/vf=off/lk=1,1295.606,1295.529,1295.529,0.077,30.419,32.025,0.2747
2781,60.728,65356.0,obs/smo/vf=off/lk=1,1296.214,1296.127,1296.127,0.086,30.332,27.031,0.2749
2782,60.748,65376.0,obs/smo/vf=off/lk=1,1296.824,1296.72,1296.72,0.104,30.336,29.75,0.2752
2783,60.768,65396.0,obs/smo/vf=off/lk=1,1297.413,1297.33,1297.33,0.083,29.643,32.117,0.2747
2784,60.788,65416.0,obs/smo/vf=off/lk=1,1298.002,1297.929,1297.929,0.073,29.414,27.004,0.2749
2785,60.808,65436.0,obs/smo/vf=off/lk=1,1298.611,1298.523,1298.523,0.088,30.267,30.156,0.2751
2786,60.828,65456.0,obs/smo/vf=off/lk=1,1299.222,1299.14,1299.14,0.082,30.506,31.474,0.2747
2787,60.848,65476.0,obs/smo/vf=off/lk=1,1299.82,1299.733,1299.733,0.087,30.193,26.883,0.2749
2788,60.868,65496.0,obs/smo/vf=off/lk=1,1300.418,1300.325,1300.325,0.094,29.783,30.396,0.2751
2789,60.888,65516.0,obs/smo/vf=off/lk=1,1301.009,1300.933,1300.933,0.076,29.556,31.564,0.2747
2790,60.908,65536.0,obs/smo/vf=off/lk=1,1301.607,1301.531,1301.531,0.076,30.065,26.907,0.2749
2791,60.928,65556.0,obs/smo/vf=off/lk=1,1302.227,1302.129,1302.129,0.098,30.52,30.81,0.2751
2792,60.948,65576.0,obs/smo/vf=off/lk=1,1302.831,1302.74,1302.74,0.091,30.523,31.289,0.2747
2793,60.968,65596.0,obs/smo/vf=off/lk=1,1303.423,1303.336,1303.336,0.087,29.749,27.008,0.2749
2794,60.988,65616.0,obs/smo/vf=off/lk=1,1304.022,1303.934,1303.934,0.088,29.462,31.154,0.2751
2795,61.008,65636.0,obs/smo/vf=off/lk=1,1304.612,1304.544,1304.544,0.068,30.086,30.944,0.2747
2796,61.028,65656.0,obs/smo/vf=off/lk=1,1305.231,1305.146,1305.146,0.084,30.364,26.861,0.2749
2797,61.048,65676.0,obs/smo/vf=off/lk=1,1305.839,1305.739,1305.739,0.1,30.581,31.724,0.275
2798,61.068,65696.0,obs/smo/vf=off/lk=1,1306.445,1306.358,1306.358,0.088,30.099,30.231,0.2747
2799,61.088,65716.0,obs/smo/vf=off/lk=1,1307.021,1306.94,1306.94,0.08,29.326,27.133,0.275
2800,61.108,65736.0,obs/smo/vf=off/lk=1,1307.622,1307.541,1307.541,0.081,29.822,31.949,0.275
2801,61.128,65756.0,obs/smo/vf=off/lk=1,1308.234,1308.159,1308.159,0.075,30.473,29.923,0.2747
2802,61.148,65776.0,obs/smo/vf=off/lk=1,1308.842,1308.751,1308.751,0.091,30.395,27.146,0.275
2803,61.168,65796.0,obs/smo/vf=off/lk=1,1309.444,1309.343,1309.343,0.101,30.32,32.286,0.275
2804,61.188,65816.0,obs/smo/vf=off/lk=1,1310.033,1309.956,1309.956,0.077,29.319,29.706,0.2747
2805,61.208,65836.0,obs/smo/vf=off/lk=1,1310.624,1310.547,1310.547,0.077,29.492,27.198,0.275
2806,61.228,65856.0,obs/smo/vf=off/lk=1,1311.228,1311.141,1311.141,0.088,30.244,32.472,0.275
2807,61.248,65876.0,obs/smo/vf=off/lk=1,1311.84,1311.759,1311.759,0.081,30.476,29.475,0.2747
2808,61.268,65896.0,obs/smo/vf=off/lk=1,1312.436,1312.343,1312.343,0.092,30.098,26.997,0.275
2809,61.288,65916.0,obs/smo/vf=off/lk=1,1313.028,1312.934,1312.934,0.094,29.712,32.054,0.275
2810,61.308,65936.0,obs/smo/vf=off/lk=1,1313.618,1313.546,1313.546,0.072,29.47,29.758,0.2747
2811,61.328,65956.0,obs/smo/vf=off/lk=1,1314.221,1314.139,1314.139,0.082,30.146,26.989,0.275
2812,61.348,65976.0,obs/smo/vf=off/lk=1,1314.832,1314.736,1314.736,0.096,30.592,32.236,0.275
2813,61.368,65996.0,obs/smo/vf=off/lk=1,1315.436,1315.348,1315.348,0.088,30.028,29.488,0.2747
2814,61.388,66016.0,obs/smo/vf=off/lk=1,1316.03,1315.938,1315.938,0.092,29.65,27.219,0.275
2815,61.408,66036.0,obs/smo/vf=off/lk=1,1316.63,1316.543,1316.543,0.086,29.588,32.614,0.275
2816,61.428,66056.0,obs/smo/vf=off/lk=1,1317.219,1317.146,1317.146,0.073,30.122,29.347,0.2747
2817,61.448,66076.0,obs/smo/vf=off/lk=1,1317.828,1317.741,1317.741,0.087,30.042,27.187,0.2751
2818,61.468,66096.0,obs/smo/vf=off/lk=1,1318.437,1318.336,1318.336,0.1,30.384,32.296,0.275
2819,61.488,66116.0,obs/smo/vf=off/lk=1,1319.027,1318.94,1318.94,0.087,29.928,29.416,0.2748
2820,61.508,66136.0,obs/smo/vf=off/lk=1,1319.613,1319.53,1319.53,0.084,29.235,27.138,0.2751
2821,61.528,66156.0,obs/smo/vf=off/lk=1,1320.218,1320.135,1320.135,0.082,29.699,32.783,0.275
2822,61.548,66176.0,obs/smo/vf=off/lk=1,1320.813,1320.738,1320.738,0.075,30.411,29.241,0.2748
2823,61.568,66196.0,obs/smo/vf=off/lk=1,1321.423,1321.328,1321.328,0.095,30.453,27.017,0.2751
2824,61.588,66216.0,obs/smo/vf=off/lk=1,1322.025,1321.925,1321.925,0.1,30.153,32.369,0.275
2825,61.608,66236.0,obs/smo/vf=off/lk=1,1322.615,1322.535,1322.535,0.08,29.489,29.194,0.2748
2826,61.628,66256.0,obs/smo/vf=off/lk=1,1323.203,1323.123,1323.123,0.08,29.382,27.039,0.2751
2827,61.648,66276.0,obs/smo/vf=off/lk=1,1323.816,1323.731,1323.731,0.086,30.05,32.567,0.275
2828,61.668,66296.0,obs/smo/vf=off/lk=1,1324.416,1324.336,1324.336,0.08,30.508,29.022,0.2748
2829,61.688,66316.0,obs/smo/vf=off/lk=1,1325.019,1324.924,1324.924,0.094,29.93,27.091,0.2752
2830,61.708,66336.0,obs/smo/vf=off/lk=1,1325.614,1325.522,1325.522,0.092,29.774,32.681,0.2751
2831,61.728,66356.0,obs/smo/vf=off/lk=1,1326.205,1326.133,1326.133,0.072,29.338,28.888,0.2748
2832,61.748,66376.0,obs/smo/vf=off/lk=1,1326.806,1326.722,1326.722,0.084,30.137,27.193,0.2752
2833,61.768,66396.0,obs/smo/vf=off/lk=1,1327.413,1327.319,1327.319,0.094,30.484,32.493,0.2751
2834,61.788,66416.0,obs/smo/vf=off/lk=1,1328.018,1327.93,1327.93,0.088,30.066,28.821,0.2748
2835,61.808,66436.0,obs/smo/vf=off/lk=1,1328.611,1328.52,1328.52,0.092,29.804,27.299,0.2752
2836,61.828,66456.0,obs/smo/vf=off/lk=1,1329.199,1329.117,1329.117,0.082,29.383,32.398,0.2751
2837,61.848,66476.0,obs/smo/vf=off/lk=1,1329.802,1329.729,1329.729,0.073,30.012,28.725,0.2748
2838,61.868,66496.0,obs/smo/vf=off/lk=1,1330.405,1330.316,1330.316,0.089,30.281,27.484,0.2752
2839,61.888,66516.0,obs/smo/vf=off/lk=1,1331.012,1330.916,1330.916,0.096,30.571,32.823,0.275
2840,61.908,66536.0,obs/smo/vf=off/lk=1,1331.617,1331.53,1331.53,0.086,30.039,28.517,0.2749
2841,61.928,66556.0,obs/smo/vf=off/lk=1,1332.203,1332.119,1332.119,0.084,29.305,27.542,0.2752
2842,61.948,66576.0,obs/smo/vf=off/lk=1,1332.799,1332.72,1332.72,0.079,29.807,32.702,0.275
2843,61.968,66596.0,obs/smo/vf=off/lk=1,1333.41,1333.331,1333.331,0.079,30.415,28.49,0.2748
2844,61.988,66616.0,obs/smo/vf=off/lk=1,1334.019,1333.922,1333.922,0.097,30.573,28.038,0.2752
2845,62.008,66636.0,obs/smo/vf=off/lk=1,1334.626,1334.528,1334.528,0.098,30.183,32.619,0.275
2846,62.028,66656.0,obs/smo/vf=off/lk=1,1335.215,1335.135,1335.135,0.08,29.749,28.017,0.2749
2847,62.048,66676.0,obs/smo/vf=off/lk=1,1335.807,1335.726,1335.726,0.081,29.542,28.239,0.2752
2848,62.068,66696.0,obs/smo/vf=off/lk=1,1336.412,1336.333,1336.333,0.079,30.162,33.034,0.2749
2849,62.088,66716.0,obs/smo/vf=off/lk=1,1337.015,1336.934,1336.934,0.08,30.489,27.943,0.2749
2850,62.108,66736.0,obs/smo/vf=off/lk=1,1337.621,1337.523,1337.523,0.098,30.37,28.15,0.2752
2851,62.128,66756.0,obs/smo/vf=off/lk=1,1338.22,1338.132,1338.132,0.089,29.522,32.976,0.2749
2852,62.148,66776.0,obs/smo/vf=off/lk=1,1338.808,1338.735,1338.735,0.073,29.679,27.501,0.2749
2853,62.168,66796.0,obs/smo/vf=off/lk=1,1339.412,1339.325,1339.325,0.088,30.167,28.813,0.2752
2854,62.188,66816.0,obs/smo/vf=off/lk=1,1340.023,1339.932,1339.932,0.09,30.295,32.636,0.2749
2855,62.208,66836.0,obs/smo/vf=off/lk=1,1340.624,1340.535,1340.535,0.089,30.236,27.645,0.2749
2856,62.228,66856.0,obs/smo/vf=off/lk=1,1341.219,1341.124,1341.124,0.095,29.688,28.616,0.2752
2857,62.248,66876.0,obs/smo/vf=off/lk=1,1341.814,1341.735,1341.735,0.079,29.747,33.062,0.2749
2858,62.268,66896.0,obs/smo/vf=off/lk=1,1342.413,1342.337,1342.337,0.076,30.015,27.373,0.2749
2859,62.288,66916.0,obs/smo/vf=off/lk=1,1343.022,1342.931,1342.931,0.091,30.501,28.982,0.2752
2860,62.308,66936.0,obs/smo/vf=off/lk=1,1343.638,1343.545,1343.545,0.093,30.519,32.29,0.2748
2861,62.328,66956.0,obs/smo/vf=off/lk=1,1344.227,1344.139,1344.139,0.089,29.751,27.253,0.2749
2862,62.348,66976.0,obs/smo/vf=off/lk=1,1344.815,1344.73,1344.73,0.085,29.272,29.324,0.2752
2863,62.368,66996.0,obs/smo/vf=off/lk=1,1345.419,1345.346,1345.346,0.074,30.325,32.434,0.2748
2864,62.388,67016.0,obs/smo/vf=off/lk=1,1346.024,1345.943,1345.943,0.081,30.362,27.052,0.275
2865,62.408,67036.0,obs/smo/vf=off/lk=1,1346.633,1346.532,1346.532,0.101,30.375,29.51,0.2752
2866,62.428,67056.0,obs/smo/vf=off/lk=1,1347.24,1347.149,1347.149,0.092,29.93,32.402,0.2748
2867,62.448,67076.0,obs/smo/vf=off/lk=1,1347.823,1347.741,1347.741,0.082,29.571,26.986,0.275
2868,62.468,67096.0,obs/smo/vf=off/lk=1,1348.414,1348.333,1348.333,0.081,29.533,29.836,0.2752
2869,62.488,67116.0,obs/smo/vf=off/lk=1,1349.024,1348.948,1348.948,0.076,30.186,32.089,0.2748
2870,62.508,67136.0,obs/smo/vf=off/lk=1,1349.632,1349.545,1349.545,0.087,30.506,26.885,0.275
2871,62.528,67156.0,obs/smo/vf=off/lk=1,1350.236,1350.136,1350.136,0.1,30.287,30.069,0.2752
2872,62.548,67176.0,obs/smo/vf=off/lk=1,1350.83,1350.749,1350.749,0.081,29.564,31.616,0.2748
2873,62.568,67196.0,obs/smo/vf=off/lk=1,1351.419,1351.341,1351.341,0.078,29.51,26.958,0.275
2874,62.588,67216.0,obs/smo/vf=off/lk=1,1352.025,1351.935,1351.935,0.089,30.222,30.507,0.2752
2875,62.608,67236.0,obs/smo/vf=off/lk=1,1352.64,1352.556,1352.556,0.084,30.41,31.203,0.2748
2876,62.628,67256.0,obs/smo/vf=off/lk=1,1353.24,1353.147,1353.147,0.092,30.545,26.86,0.275
2877,62.648,67276.0,obs/smo/vf=off/lk=1,1353.835,1353.741,1353.741,0.094,29.689,30.843,0.2752
2878,62.668,67296.0,obs/smo/vf=off/lk=1,1354.422,1354.351,1354.351,0.071,29.549,31.706,0.2748
2879,62.688,67316.0,obs/smo/vf=off/lk=1,1355.033,1354.95,1354.95,0.083,30.118,26.693,0.2751
2880,62.708,67336.0,obs/smo/vf=off/lk=1,1355.637,1355.545,1355.545,0.092,30.443,31.057,0.2751
2881,62.728,67356.0,obs/smo/vf=off/lk=1,1356.24,1356.156,1356.156,0.084,30.188,31.106,0.2748
2882,62.748,67376.0,obs/smo/vf=off/lk=1,1356.841,1356.753,1356.753,0.089,29.798,26.874,0.2751
2883,62.768,67396.0,obs/smo/vf=off/lk=1,1357.423,1357.338,1357.338,0.084,29.354,31.0,0.2751
2884,62.788,67416.0,obs/smo/vf=off/lk=1,1358.027,1357.955,1357.955,0.073,29.953,30.8,0.2748
2885,62.808,67436.0,obs/smo/vf=off/lk=1,1358.633,1358.544,1358.544,0.089,30.484,26.696,0.2751
2886,62.828,67456.0,obs/smo/vf=off/lk=1,1359.24,1359.139,1359.139,0.101,30.392,31.261,0.2751
2887,62.848,67476.0,obs/smo/vf=off/lk=1,1359.848,1359.758,1359.758,0.09,29.95,30.558,0.2748
2888,62.868,67496.0,obs/smo/vf=off/lk=1,1360.428,1360.345,1360.345,0.082,29.525,26.773,0.2751
2889,62.888,67516.0,obs/smo/vf=off/lk=1,1361.021,1360.94,1360.94,0.081,29.654,31.345,0.2751
2890,62.908,67536.0,obs/smo/vf=off/lk=1,1361.623,1361.548,1361.548,0.074,30.012,30.738,0.2748
2891,62.928,67556.0,obs/smo/vf=off/lk=1,1362.229,1362.139,1362.139,0.09,30.443,26.636,0.2751
2892,62.948,67576.0,obs/smo/vf=off/lk=1,1362.83,1362.73,1362.73,0.1,30.179,30.877,0.2752
2893,62.968,67596.0,obs/smo/vf=off/lk=1,1363.424,1363.345,1363.345,0.079,29.258,30.729,0.2749
2894,62.988,67616.0,obs/smo/vf=off/lk=1,1364.022,1363.941,1363.941,0.081,29.652,26.748,0.2752
2895,63.008,67636.0,obs/smo/vf=off/lk=1,1364.614,1364.53,1364.53,0.084,30.27,31.298,0.2751
2896,63.028,67656.0,obs/smo/vf=off/lk=1,1365.229,1365.151,1365.151,0.079,30.362,30.343,0.2748
2897,63.048,67676.0,obs/smo/vf=off/lk=1,1365.832,1365.737,1365.737,0.095,30.326,26.877,0.2752
2898,63.068,67696.0,obs/smo/vf=off/lk=1,1366.426,1366.332,1366.332,0.093,29.707,31.437,0.2752
2899,63.088,67716.0,obs/smo/vf=off/lk=1,1367.013,1366.941,1366.941,0.072,29.471,30.56,0.2748
2900,63.108,67736.0,obs/smo/vf=off/lk=1,1367.619,1367.537,1367.537,0.082,30.097,26.772,0.2752
2901,63.128,67756.0,obs/smo/vf=off/lk=1,1368.23,1368.135,1368.135,0.095,30.342,31.772,0.2752
2902,63.148,67776.0,obs/smo/vf=off/lk=1,1368.829,1368.745,1368.745,0.084,30.052,30.098,0.2748
2903,63.168,67796.0,obs/smo/vf=off/lk=1,1369.422,1369.331,1369.331,0.091,29.737,26.946,0.2752
2904,63.188,67816.0,obs/smo/vf=off/lk=1,1370.01,1369.926,1369.926,0.085,29.436,31.485,0.2752
2905,63.208,67836.0,obs/smo/vf=off/lk=1,1370.61,1370.538,1370.538,0.073,30.092,30.282,0.2749
2906,63.228,67856.0,obs/smo/vf=off/lk=1,1371.222,1371.132,1371.132,0.09,30.366,26.972,0.2752
2907,63.248,67876.0,obs/smo/vf=off/lk=1,1371.83,1371.731,1371.731,0.099,30.601,31.95,0.2752
2908,63.268,67896.0,obs/smo/vf=off/lk=1,1372.423,1372.339,1372.339,0.085,29.737,29.941,0.2749
2909,63.288,67916.0,obs/smo/vf=off/lk=1,1373.02,1372.932,1372.932,0.088,29.313,27.147,0.2752
2910,63.308,67936.0,obs/smo/vf=off/lk=1,1373.611,1373.533,1373.533,0.078,29.746,31.93,0.2751
2911,63.328,67956.0,obs/smo/vf=off/lk=1,1374.218,1374.144,1374.144,0.075,30.286,29.594,0.2749
2912,63.348,67976.0,obs/smo/vf=off/lk=1,1374.823,1374.729,1374.729,0.093,30.527,26.906,0.2753
2913,63.368,67996.0,obs/smo/vf=off/lk=1,1375.424,1375.326,1375.326,0.098,30.078,31.983,0.2752
2914,63.388,68016.0,obs/smo/vf=off/lk=1,1376.007,1375.932,1375.932,0.075,29.244,29.82,0.2749
2915,63.408,68036.0,obs/smo/vf=off/lk=1,1376.61,1376.526,1376.526,0.084,29.712,27.083,0.2753
2916,63.428,68056.0,obs/smo/vf=off/lk=1,1377.211,1377.126,1377.126,0.085,30.236,32.305,0.2752
2917,63.448,68076.0,obs/smo/vf=off/lk=1,1377.814,1377.734,1377.734,0.08,30.316,29.61,0.2749
2918,63.468,68096.0,obs/smo/vf=off/lk=1,1378.415,1378.318,1378.318,0.097,30.228,27.065,0.2753
2919,63.488,68116.0,obs/smo/vf=off/lk=1,1379.012,1378.918,1378.918,0.094,29.721,31.958,0.2752
2920,63.508,68136.0,obs/smo/vf=off/lk=1,1379.596,1379.527,1379.527,0.069,29.313,29.685,0.2749
2921,63.528,68156.0,obs/smo/vf=off/lk=1,1380.205,1380.119,1380.119,0.087,30.012,27.152,0.2753
2922,63.548,68176.0,obs/smo/vf=off/lk=1,1380.813,1380.719,1380.719,0.094,30.51,32.34,0.2752
2923,63.568,68196.0,obs/smo/vf=off/lk=1,1381.411,1381.326,1381.326,0.085,29.998,29.376,0.2749
2924,63.588,68216.0,obs/smo/vf=off/lk=1,1382.002,1381.91,1381.91,0.092,29.63,27.209,0.2753
2925,63.608,68236.0,obs/smo/vf=off/lk=1,1382.592,1382.508,1382.508,0.084,29.492,31.847,0.2752
2926,63.628,68256.0,obs/smo/vf=off/lk=1,1383.2,1383.127,1383.127,0.073,29.965,29.139,0.275
2927,63.648,68276.0,obs/smo/vf=off/lk=1,1383.803,1383.711,1383.711,0.092,30.511,27.054,0.2753
2928,63.668,68296.0,obs/smo/vf=off/lk=1,1384.415,1384.313,1384.313,0.102,30.454,32.184,0.2752
2929,63.688,68316.0,obs/smo/vf=off/lk=1,1385.008,1384.923,1384.923,0.085,29.92,29.353,0.2749
2930,63.708,68336.0,obs/smo/vf=off/lk=1,1385.604,1385.516,1385.516,0.087,29.501,27.619,0.2753
2931,63.728,68356.0,obs/smo/vf=off/lk=1,1386.2,1386.121,1386.121,0.08,29.72,32.449,0.2751
2932,63.748,68376.0,obs/smo/vf=off/lk=1,1386.803,1386.729,1386.729,0.074,30.42,28.768,0.275
2933,63.768,68396.0,obs/smo/vf=off/lk=1,1387.411,1387.314,1387.314,0.097,30.322,27.426,0.2753
2934,63.788,68416.0,obs/smo/vf=off/lk=1,1388.015,1387.917,1387.917,0.098,30.327,32.727,0.2751
2935,63.808,68436.0,obs/smo/vf=off/lk=1,1388.612,1388.534,1388.534,0.077,29.35,28.389,0.275
2936,63.828,68456.0,obs/smo/vf=off/lk=1,1389.199,1389.118,1389.118,0.081,29.806,27.867,0.2753
2937,63.848,68476.0,obs/smo/vf=off/lk=1,1389.811,1389.726,1389.726,0.085,30.533,32.715,0.2751
2938,63.868,68496.0,obs/smo/vf=off/lk=1,1390.416,1390.336,1390.336,0.079,30.329,28.147,0.2749
2939,63.888,68516.0,obs/smo/vf=off/lk=1,1391.021,1390.919,1390.919,0.102,30.52,27.767,0.2753
2940,63.908,68536.0,obs/smo/vf=off/lk=1,1391.624,1391.535,1391.535,0.09,29.562,32.692,0.275
2941,63.928,68556.0,obs/smo/vf=off/lk=1,1392.21,1392.141,1392.141,0.069,29.559,27.948,0.275
2942,63.948,68576.0,obs/smo/vf=off/lk=1,1392.812,1392.724,1392.724,0.087,30.142,28.323,0.2753
2943,63.968,68596.0,obs/smo/vf=off/lk=1,1393.427,1393.339,1393.339,0.088,30.683,32.656,0.275
2944,63.988,68616.0,obs/smo/vf=off/lk=1,1394.025,1393.942,1393.942,0.083,30.206,27.671,0.275
2945,64.008,68636.0,obs/smo/vf=off/lk=1,1394.622,1394.529,1394.529,0.093,29.601,28.599,0.2753
2946,64.028,68656.0,obs/smo/vf=off/lk=1,1395.222,1395.145,1395.145,0.077,29.8,32.587,0.275
2947,64.048,68676.0,obs/smo/vf=off/lk=1,1395.815,1395.741,1395.741,0.074,29.974,27.552,0.275
2948,64.068,68696.0,obs/smo/vf=off/lk=1,1396.432,1396.334,1396.334,0.098,30.552,28.892,0.2753
2949,64.088,68716.0,obs/smo/vf=off/lk=1,1397.036,1396.944,1396.944,0.092,30.552,32.44,0.275
2950,64.108,68736.0,obs/smo/vf=off/lk=1,1397.631,1397.546,1397.546,0.086,29.703,27.324,0.275
2951,64.128,68756.0,obs/smo/vf=off/lk=1,1398.227,1398.14,1398.14,0.087,29.35,29.549,0.2753
2952,64.148,68776.0,obs/smo/vf=off/lk=1,1398.823,1398.75,1398.75,0.074,30.184,32.082,0.2749
2953,64.168,68796.0,obs/smo/vf=off/lk=1,1399.429,1399.351,1399.351,0.078,30.219,27.195,0.275
2954,64.188,68816.0,obs/smo/vf=off/lk=1,1400.037,1399.935,1399.935,0.101,30.653,29.263,0.2753
2955,64.208,68836.0,obs/smo/vf=off/lk=1,1400.643,1400.552,1400.552,0.091,29.859,31.961,0.275
2956,64.228,68856.0,obs/smo/vf=off/lk=1,1401.232,1401.153,1401.153,0.079,29.388,26.984,0.2751
2957,64.248,68876.0,obs/smo/vf=off/lk=1,1401.822,1401.739,1401.739,0.084,29.919,29.887,0.2753
2958,64.268,68896.0,obs/smo/vf=off/lk=1,1402.439,1402.362,1402.362,0.077,30.602,31.622,0.2749
2959,64.288,68916.0,obs/smo/vf=off/lk=1,1403.049,1402.961,1402.961,0.089,30.468,26.904,0.2751
2960,64.308,68936.0,obs/smo/vf=off/lk=1,1403.652,1403.547,1403.547,0.105,30.184,30.193,0.2753
2961,64.328,68956.0,obs/smo/vf=off/lk=1,1404.24,1404.158,1404.158,0.082,29.757,31.621,0.2749
2962,64.348,68976.0,obs/smo/vf=off/lk=1,1404.829,1404.756,1404.756,0.073,29.495,26.989,0.2751
2963,64.368,68996.0,obs/smo/vf=off/lk=1,1405.442,1405.354,1405.354,0.088,30.361,31.029,0.2752
2964,64.388,69016.0,obs/smo/vf=off/lk=1,1406.047,1405.969,1405.969,0.078,30.243,31.075,0.2749
2965,64.408,69036.0,obs/smo/vf=off/lk=1,1406.647,1406.559,1406.559,0.088,30.22,26.769,0.2751
2966,64.428,69056.0,obs/smo/vf=off/lk=1,1407.246,1407.153,1407.153,0.094,29.793,31.031,0.2753
2967,64.448,69076.0,obs/smo/vf=off/lk=1,1407.834,1407.761,1407.761,0.072,29.598,31.056,0.2749
2968,64.468,69096.0,obs/smo/vf=off/lk=1,1408.434,1408.357,1408.357,0.076,29.994,26.957,0.2751
2969,64.488,69116.0,obs/smo/vf=off/lk=1,1409.057,1408.959,1408.959,0.098,30.593,31.457,0.2752
2970,64.508,69136.0,obs/smo/vf=off/lk=1,1409.655,1409.568,1409.568,0.087,30.405,30.8,0.2748
2971,64.528,69156.0,obs/smo/vf=off/lk=1,1410.253,1410.161,1410.161,0.092,29.598,26.864,0.2751
2972,64.548,69176.0,obs/smo/vf=off/lk=1,1410.847,1410.76,1410.76,0.086,29.479,31.63,0.2752
2973,64.568,69196.0,obs/smo/vf=off/lk=1,1411.443,1411.37,1411.37,0.073,30.198,30.346,0.2748
2974,64.588,69216.0,obs/smo/vf=off/lk=1,1412.048,1411.964,1411.964,0.084,30.5,26.916,0.2751
2975,64.608,69236.0,obs/smo/vf=off/lk=1,1412.664,1412.567,1412.567,0.098,30.487,31.752,0.2752
2976,64.628,69256.0,obs/smo/vf=off/lk=1,1413.263,1413.177,1413.177,0.086,30.049,29.928,0.2748
2977,64.648,69276.0,obs/smo/vf=off/lk=1,1413.85,1413.768,1413.768,0.082,29.298,26.973,0.2752
2978,64.668,69296.0,obs/smo/vf=off/lk=1,1414.445,1414.363,1414.363,0.082,30.001,32.127,0.2752
2979,64.688,69316.0,obs/smo/vf=off/lk=1,1415.053,1414.979,1414.979,0.074,30.277,29.671,0.2748
2980,64.708,69336.0,obs/smo/vf=off/lk=1,1415.665,1415.572,1415.572,0.093,30.453,27.276,0.2752
2981,64.728,69356.0,obs/smo/vf=off/lk=1,1416.271,1416.17,1416.17,0.101,30.41,32.484,0.2751
2982,64.748,69376.0,obs/smo/vf=off/lk=1,1416.861,1416.784,1416.784,0.078,29.489,29.31,0.2748
2983,64.768,69396.0,obs/smo/vf=off/lk=1,1417.455,1417.376,1417.376,0.079,29.601,27.372,0.2752
2984,64.788,69416.0,obs/smo/vf=off/lk=1,1418.066,1417.979,1417.979,0.086,30.415,32.748,0.275
2985,64.808,69436.0,obs/smo/vf=off/lk=1,1418.679,1418.597,1418.597,0.082,30.427,28.622,0.2748
2986,64.828,69456.0,obs/smo/vf=off/lk=1,1419.276,1419.179,1419.179,0.097,30.198,27.51,0.2752
2987,64.848,69476.0,obs/smo/vf=off/lk=1,1419.871,1419.782,1419.782,0.089,29.898,32.967,0.275
2988,64.868,69496.0,obs/smo/vf=off/lk=1,1420.465,1420.394,1420.394,0.07,29.743,28.67,0.2748
2989,64.888,69516.0,obs/smo/vf=off/lk=1,1421.068,1420.985,1420.985,0.083,29.997,27.942,0.2752
