sample,t_s,ms,meta,the,thc,tho,dth,we,wo,iq
0,0.0,4749.0,enc/off/vf=off/lk=0,2.562,2.562,2.562,0.0,0.0,0.0,0.0
1,0.05,4799.0,enc/off/vf=off/lk=0,2.562,2.562,2.562,0.0,0.0,0.0,0.0
2,0.1,4849.0,enc/off/vf=off/lk=0,2.562,2.562,2.562,0.0,0.0,0.0,0.0
3,0.15,4899.0,enc/off/vf=off/lk=0,2.562,2.562,2.562,0.0,0.0,0.0,0.0
4,0.2,4949.0,enc/off/vf=off/lk=0,2.562,2.562,2.562,0.0,0.0,0.0,0.0
5,0.25,4999.0,enc/off/vf=off/lk=0,2.562,2.562,2.562,0.0,0.0,0.0,0.0
6,0.3,5049.0,enc/off/vf=off/lk=0,2.562,2.562,2.562,0.0,0.0,0.0,0.0
7,0.35,5099.0,enc/off/vf=off/lk=0,2.562,2.562,2.562,0.0,0.0,0.0,0.0
8,0.4,5149.0,enc/off/vf=off/lk=0,2.562,2.562,2.562,0.0,0.0,0.0,0.0
9,0.45,5199.0,enc/off/vf=off/lk=0,2.562,2.562,2.562,0.0,0.0,0.0,0.0
10,0.5,5249.0,enc/off/vf=off/lk=0,2.562,2.562,2.562,0.0,0.0,0.0,0.0
11,0.55,5299.0,enc/off/vf=off/lk=0,2.562,2.562,2.562,0.0,0.0,0.0,0.0
12,0.6,5349.0,enc/off/vf=off/lk=0,2.562,2.562,2.562,0.0,0.0,0.0,0.0
13,0.65,5399.0,enc/off/vf=off/lk=0,2.562,2.562,2.562,0.0,0.0,0.0,0.0
14,0.7,5449.0,enc/off/vf=off/lk=0,2.562,2.562,2.562,0.0,0.0,0.0,0.0
15,0.75,5499.0,enc/off/vf=off/lk=0,2.562,2.562,2.562,0.0,0.0,0.0,0.0
16,0.8,5549.0,enc/off/vf=off/lk=0,2.562,2.562,2.562,0.0,0.0,0.0,0.0
17,0.85,5599.0,enc/off/vf=off/lk=0,2.562,2.562,2.562,0.0,0.0,0.0,0.0
18,0.9,5649.0,enc/off/vf=off/lk=0,2.562,2.562,2.562,0.0,0.0,0.0,0.0
19,0.95,5699.0,enc/off/vf=off/lk=0,2.562,2.562,2.562,0.0,0.0,0.0,0.0
20,1.0,5749.0,enc/off/vf=off/lk=0,2.562,2.562,2.562,0.0,0.0,0.0,0.0
21,1.05,5799.0,enc/off/vf=off/lk=0,2.562,2.562,2.562,0.0,0.0,0.0,0.0
22,1.1,5849.0,enc/off/vf=off/lk=0,2.562,2.562,2.562,0.0,0.0,0.0,0.0
23,1.15,5899.0,enc/off/vf=off/lk=0,2.562,2.562,2.562,0.0,0.0,0.0,0.0
24,1.2,5949.0,enc/off/vf=off/lk=0,2.562,2.562,2.562,0.0,0.0,0.0,0.0
25,1.25,5999.0,enc/off/vf=off/lk=0,2.562,2.562,2.562,0.0,0.0,0.0,0.0
26,1.3,6049.0,enc/off/vf=off/lk=0,2.562,2.562,2.562,0.0,0.0,0.0,0.0
27,1.35,6099.0,enc/off/vf=off/lk=0,2.562,2.562,2.562,0.0,0.0,0.0,0.0
28,1.4,6149.0,enc/off/vf=off/lk=0,2.562,2.562,2.562,0.0,0.0,0.0,0.0
29,1.45,6199.0,enc/off/vf=off/lk=0,2.562,2.562,2.562,0.0,0.0,0.0,0.0
30,1.5,6249.0,enc/off/vf=off/lk=0,2.562,2.562,2.562,0.0,0.0,0.0,0.0
31,1.55,6299.0,enc/off/vf=off/lk=0,2.562,2.562,2.562,0.0,0.0,0.0,0.0
32,1.6,6349.0,enc/off/vf=off/lk=0,2.562,2.562,2.562,0.0,0.0,0.0,0.0
33,1.65,6399.0,enc/off/vf=off/lk=0,2.562,2.562,2.562,0.0,0.0,0.0,0.0
34,1.7,6449.0,enc/off/vf=off/lk=0,2.562,2.562,2.562,0.0,0.0,0.0,0.0
35,1.75,6499.0,enc/off/vf=off/lk=0,2.562,2.562,2.562,0.0,0.0,0.0,0.0
36,1.8,6549.0,enc/off/vf=off/lk=0,2.562,2.562,2.562,0.0,0.0,0.0,0.0
37,1.85,6599.0,enc/off/vf=off/lk=0,2.562,2.562,2.562,0.0,0.0,0.0,0.0
38,1.9,6649.0,enc/off/vf=off/lk=0,2.562,2.562,2.562,0.0,0.0,0.0,0.0
39,1.95,6699.0,enc/off/vf=off/lk=0,2.562,2.562,2.562,0.0,0.0,0.0,0.0
40,2.0,6749.0,enc/off/vf=off/lk=0,2.562,2.562,2.562,0.0,0.0,0.0,0.0
41,2.05,6799.0,enc/off/vf=off/lk=0,2.562,2.562,2.562,0.0,0.0,0.0,0.0
42,2.1,6849.0,enc/off/vf=off/lk=0,2.562,2.562,2.562,0.0,0.0,0.0,0.0
43,2.15,6899.0,enc/off/vf=off/lk=0,2.562,2.562,2.562,0.0,0.0,0.0,0.0
44,2.2,6949.0,enc/off/vf=off/lk=0,2.562,2.562,2.562,0.0,0.0,0.0,0.0
45,2.25,6999.0,enc/off/vf=off/lk=0,2.562,2.562,2.562,0.0,0.0,0.0,0.0
46,2.3,7049.0,enc/off/vf=off/lk=0,2.562,2.562,2.562,0.0,0.0,0.0,0.0
47,2.35,7099.0,enc/off/vf=off/lk=0,2.562,2.562,2.562,0.0,0.0,0.0,0.0
48,2.4,7149.0,enc/off/vf=off/lk=0,2.562,2.562,2.562,0.0,0.0,0.0,0.0
49,2.45,7199.0,enc/off/vf=off/lk=0,2.562,2.562,2.562,0.0,0.0,0.0,0.0
50,2.5,7249.0,enc/off/vf=off/lk=0,2.562,2.562,2.562,0.0,0.0,0.0,0.0
51,2.55,7299.0,enc/off/vf=off/lk=0,2.562,2.562,2.562,0.0,0.0,0.0,0.0
52,2.6,7349.0,enc/off/vf=off/lk=0,2.562,2.562,2.562,0.0,0.0,0.0,0.0
53,2.65,7399.0,enc/off/vf=off/lk=0,2.562,2.562,2.562,0.0,0.0,0.0,0.0
54,2.7,7449.0,enc/off/vf=off/lk=0,2.562,2.562,2.562,0.0,0.0,0.0,0.0
55,2.75,7499.0,enc/off/vf=off/lk=0,2.562,2.562,2.562,0.0,0.0,0.0,0.0
56,2.8,7549.0,enc/off/vf=off/lk=0,2.562,2.562,2.562,0.0,0.0,0.0,0.0
57,2.85,7599.0,enc/off/vf=off/lk=0,2.562,2.562,2.562,0.0,0.0,0.0,0.0
58,2.9,7649.0,enc/off/vf=off/lk=0,2.562,2.562,2.562,0.0,0.0,0.0,0.0
59,2.95,7699.0,enc/off/vf=off/lk=0,2.562,2.562,2.562,0.0,0.0,0.0,0.0
60,3.0,7749.0,enc/off/vf=off/lk=0,2.562,2.562,2.562,0.0,0.0,0.0,0.0
61,3.05,7799.0,enc/off/vf=off/lk=0,2.562,2.562,2.562,0.0,0.0,0.0,0.0
62,3.1,7849.0,enc/off/vf=off/lk=0,2.562,2.562,2.562,0.0,0.0,0.0,0.0
63,3.15,7899.0,enc/off/vf=off/lk=0,2.562,2.562,2.562,0.0,0.0,0.0,0.0
64,3.2,7949.0,enc/off/vf=off/lk=0,2.562,2.562,2.562,0.0,0.0,0.0,0.0
65,3.25,7999.0,enc/off/vf=off/lk=0,2.562,2.562,2.562,0.0,0.0,0.0,0.0
66,3.3,8049.0,enc/off/vf=off/lk=0,2.562,2.562,2.562,0.0,0.0,0.0,0.0
67,3.35,8099.0,enc/off/vf=off/lk=0,2.562,2.562,2.562,0.0,0.0,0.0,0.0
68,3.4,8149.0,enc/off/vf=off/lk=0,2.562,2.562,2.562,0.0,0.0,0.0,0.0
69,3.45,8199.0,enc/off/vf=off/lk=0,2.562,2.562,2.562,0.0,0.0,0.0,0.0
70,3.5,8249.0,enc/off/vf=off/lk=0,2.562,2.562,2.562,0.0,0.0,0.0,0.0
71,3.55,8299.0,enc/off/vf=off/lk=0,2.562,2.562,2.562,0.0,0.0,0.0,0.0
72,3.6,8349.0,enc/off/vf=off/lk=0,2.562,2.562,2.562,0.0,0.0,0.0,0.0
73,3.65,8399.0,enc/off/vf=off/lk=0,2.562,2.562,2.562,0.0,0.0,0.0,0.0
74,3.7,8449.0,enc/off/vf=off/lk=0,2.562,2.562,2.562,0.0,0.0,0.0,0.0
75,3.75,8499.0,enc/off/vf=off/lk=0,2.562,2.562,2.562,0.0,0.0,0.0,0.0
76,3.8,8549.0,enc/off/vf=off/lk=0,2.562,2.562,2.562,0.0,0.0,0.0,0.0
77,3.85,8599.0,enc/off/vf=off/lk=0,2.562,2.562,2.562,0.0,0.0,0.0,0.0
78,3.9,8649.0,enc/off/vf=off/lk=0,2.562,2.562,2.562,0.0,0.0,0.0,0.0
79,3.95,8699.0,enc/off/vf=off/lk=0,2.562,2.562,2.562,0.0,0.0,0.0,0.0
80,4.0,8749.0,enc/off/vf=off/lk=0,2.562,2.562,2.562,0.0,0.0,0.0,0.0
81,4.05,8799.0,enc/off/vf=off/lk=0,2.562,2.562,2.562,0.0,0.0,0.0,0.0
82,4.1,8849.0,enc/off/vf=off/lk=0,2.562,2.562,2.562,0.0,0.0,0.0,0.0
83,4.15,8899.0,enc/off/vf=off/lk=0,2.562,2.562,2.562,0.0,0.0,0.0,0.0
84,4.2,8949.0,enc/off/vf=off/lk=0,2.562,2.562,2.562,0.0,0.0,0.0,0.0
85,4.25,8999.0,enc/off/vf=off/lk=0,2.562,2.562,2.562,0.0,0.0,0.0,0.0
86,4.3,9049.0,enc/off/vf=off/lk=0,2.562,2.562,2.562,0.0,0.0,0.0,0.0
87,4.35,9099.0,enc/off/vf=off/lk=0,2.562,2.562,2.562,0.0,0.0,0.0,0.0
88,4.4,9149.0,enc/off/vf=off/lk=0,2.562,2.562,2.562,0.0,0.0,0.0,0.0
89,4.45,9199.0,enc/off/vf=off/lk=0,2.562,2.562,2.562,0.0,0.0,0.0,0.0
90,4.5,9249.0,enc/off/vf=off/lk=0,2.562,2.562,2.562,0.0,0.0,0.0,0.0
91,4.55,9299.0,enc/off/vf=off/lk=0,2.562,2.562,2.562,0.0,0.0,0.0,0.0
92,4.6,9349.0,enc/off/vf=off/lk=0,2.562,2.562,2.562,0.0,0.0,0.0,0.0
93,4.65,9399.0,enc/off/vf=off/lk=0,2.562,2.562,2.562,0.0,0.0,0.0,0.0
94,4.7,9449.0,enc/off/vf=off/lk=0,2.562,2.562,2.562,0.0,0.0,0.0,0.0
95,4.75,9499.0,enc/off/vf=off/lk=0,2.562,2.562,2.562,0.0,0.0,0.0,0.0
96,4.8,9549.0,enc/off/vf=off/lk=0,2.562,2.562,2.562,0.0,0.0,0.0,0.0
97,4.85,9599.0,enc/off/vf=off/lk=0,2.562,2.562,2.562,0.0,0.0,0.0,0.0
98,4.9,9649.0,enc/off/vf=off/lk=0,2.562,2.562,2.562,0.0,0.0,0.0,0.0
99,4.95,9699.0,enc/off/vf=off/lk=0,2.562,2.562,2.562,0.0,0.0,0.0,0.0
100,5.0,9749.0,enc/off/vf=off/lk=0,2.562,2.562,2.562,0.0,0.0,0.0,0.0
101,5.05,9799.0,enc/off/vf=off/lk=0,2.562,2.562,2.562,0.0,0.0,0.0,0.0
102,5.1,9849.0,enc/off/vf=off/lk=0,2.562,2.562,2.562,0.0,0.0,0.0,0.0
103,5.15,9899.0,enc/off/vf=off/lk=0,2.562,2.562,2.562,0.0,0.0,0.0,0.0
104,5.2,9949.0,enc/off/vf=off/lk=0,2.562,2.562,2.562,0.0,0.0,0.0,0.0
105,4.829,9578.0,enc/off/vf=off/lk=0,2.562,2.562,2.562,0.0,0.0,0.0,0.0
106,4.879,9628.0,enc/off/vf=off/lk=0,2.562,2.562,2.562,0.0,0.0,0.0,0.0
107,4.929,9678.0,enc/off/vf=off/lk=0,2.562,2.562,2.562,0.0,0.0,0.0,0.0
108,4.979,9728.0,enc/off/vf=off/lk=0,2.562,2.562,2.562,0.0,0.0,0.0,0.0
109,5.029,9778.0,enc/off/vf=off/lk=0,2.562,2.562,2.562,0.0,0.0,0.0,0.0
110,5.079,9828.0,enc/off/vf=off/lk=0,2.562,2.562,2.562,0.0,0.0,0.0,0.0
111,5.129,9878.0,enc/off/vf=off/lk=0,2.562,2.562,2.562,0.0,0.0,0.0,0.0
112,5.179,9928.0,enc/off/vf=off/lk=0,2.562,2.562,2.562,0.0,0.0,0.0,0.0
113,5.229,9978.0,enc/off/vf=off/lk=0,2.562,2.562,2.562,0.0,0.0,0.0,0.0
114,5.279,10028.0,enc/off/vf=off/lk=0,2.562,2.562,2.562,0.0,0.0,0.0,0.0
115,5.329,10078.0,enc/off/vf=off/lk=0,2.562,2.562,2.562,0.0,0.0,0.0,0.0
116,5.379,10128.0,enc/off/vf=off/lk=0,2.562,2.562,2.562,0.0,0.0,0.0,0.0
117,5.429,10178.0,enc/off/vf=off/lk=0,2.562,2.562,2.562,0.0,0.0,0.0,0.0
118,5.479,10228.0,enc/off/vf=off/lk=0,2.562,2.562,2.562,0.0,0.0,0.0,0.0
119,5.529,10278.0,enc/off/vf=off/lk=0,2.562,2.562,2.562,0.0,0.0,0.0,0.0
120,5.579,10328.0,enc/off/vf=off/lk=0,2.562,2.562,2.562,0.0,0.0,0.0,0.0
121,5.629,10378.0,enc/off/vf=off/lk=0,2.562,2.562,2.562,0.0,0.0,0.0,0.0
122,5.679,10428.0,enc/off/vf=off/lk=0,2.562,2.562,2.562,0.0,0.0,0.0,0.0
123,5.729,10478.0,enc/off/vf=off/lk=0,2.562,2.562,2.562,0.0,0.0,0.0,0.0
124,5.779,10528.0,enc/off/vf=off/lk=0,2.562,2.562,2.562,0.0,0.0,0.0,0.0
125,5.829,10578.0,enc/off/vf=off/lk=0,2.562,2.562,2.562,0.0,0.0,0.0,0.0
126,5.879,10628.0,enc/off/vf=off/lk=0,2.562,2.562,2.562,0.0,0.0,0.0,0.0
127,5.929,10678.0,enc/off/vf=off/lk=0,2.562,2.562,2.562,0.0,0.0,0.0,0.0
128,5.979,10728.0,enc/off/vf=off/lk=0,2.562,2.562,2.562,0.0,0.0,0.0,0.0
129,6.029,10778.0,enc/off/vf=off/lk=0,2.562,2.562,2.562,0.0,0.0,0.0,0.0
130,6.079,10828.0,enc/off/vf=off/lk=0,2.56,2.56,2.56,0.0,0.0,0.0,0.0
131,6.129,10878.0,enc/off/vf=off/lk=0,2.562,2.562,2.562,0.0,0.0,0.0,0.0
132,6.179,10928.0,enc/off/vf=off/lk=0,2.562,2.562,2.562,0.0,0.0,0.0,0.0
133,6.229,10978.0,enc/off/vf=off/lk=0,2.562,2.562,2.562,0.0,0.0,0.0,0.0
134,6.279,11028.0,enc/off/vf=off/lk=0,2.562,2.562,2.562,0.0,0.0,0.0,0.0
135,6.329,11078.0,enc/off/vf=off/lk=0,2.562,2.562,2.562,0.0,0.0,0.0,0.0
136,6.379,11128.0,enc/off/vf=off/lk=0,2.562,2.562,2.562,0.0,0.0,0.0,0.0
137,6.429,11178.0,enc/off/vf=off/lk=0,2.562,2.562,2.562,0.0,0.0,0.0,0.0
138,6.479,11228.0,enc/off/vf=off/lk=0,2.562,2.562,2.562,0.0,0.0,0.0,0.0
139,6.529,11278.0,enc/off/vf=off/lk=0,2.562,2.562,2.562,0.0,0.0,0.0,0.0
140,6.579,11328.0,enc/off/vf=off/lk=0,2.562,2.562,2.562,0.0,0.0,0.0,0.0
141,6.629,11378.0,enc/off/vf=off/lk=0,2.562,2.562,2.562,0.0,0.0,0.0,0.0
142,6.679,11428.0,enc/off/vf=off/lk=0,2.562,2.562,2.562,0.0,0.0,0.0,0.0
143,6.729,11478.0,enc/off/vf=off/lk=0,2.562,2.562,2.562,0.0,0.0,0.0,0.0
144,6.779,11528.0,enc/off/vf=off/lk=0,2.562,2.562,2.562,0.0,0.0,0.0,0.0
145,6.829,11578.0,enc/off/vf=off/lk=0,2.562,2.562,2.562,0.0,0.0,0.0,0.0
146,6.879,11628.0,enc/off/vf=off/lk=0,2.562,2.562,2.562,0.0,0.0,0.0,0.0
147,6.929,11678.0,enc/off/vf=off/lk=0,2.562,2.562,2.562,0.0,0.0,0.0,0.0
148,6.979,11728.0,enc/off/vf=off/lk=0,2.562,2.562,2.562,0.0,0.0,0.0,0.0
149,7.029,11778.0,enc/off/vf=off/lk=0,2.562,2.562,2.562,0.0,0.0,0.0,0.0
150,7.079,11828.0,enc/off/vf=off/lk=0,2.562,2.562,2.562,0.0,0.0,0.0,0.0
151,7.129,11878.0,enc/off/vf=off/lk=0,2.562,2.562,2.562,0.0,0.0,0.0,0.0
152,7.179,11928.0,enc/off/vf=off/lk=0,2.562,2.562,2.562,0.0,0.0,0.0,0.0
153,7.229,11978.0,enc/off/vf=off/lk=0,2.562,2.562,2.562,0.0,0.0,0.0,0.0
154,7.279,12028.0,enc/off/vf=off/lk=0,2.562,2.562,2.562,0.0,-3.08,0.0,0.0
155,7.329,12078.0,enc/off/vf=off/lk=0,2.562,2.562,2.562,0.0,0.0,0.0,0.0
156,7.379,12128.0,enc/off/vf=off/lk=0,2.562,2.562,2.562,0.0,0.0,0.0,0.0
157,7.429,12178.0,enc/off/vf=off/lk=0,2.562,2.562,2.562,0.0,0.0,0.0,0.0
158,7.479,12228.0,enc/off/vf=off/lk=0,2.562,2.562,2.562,0.0,0.0,0.0,0.0
159,7.529,12278.0,enc/off/vf=off/lk=0,2.562,2.562,2.562,0.0,0.0,0.0,0.0
160,7.579,12328.0,enc/off/vf=off/lk=0,2.562,2.562,2.562,0.0,0.0,0.0,0.0
161,7.629,12378.0,enc/off/vf=off/lk=0,2.562,2.562,2.562,0.0,0.0,0.0,0.0
162,7.679,12428.0,enc/off/vf=off/lk=0,2.562,2.562,2.562,0.0,0.0,0.0,0.0
163,7.729,12478.0,enc/off/vf=off/lk=0,2.562,2.562,2.562,0.0,0.0,0.0,0.0
164,7.779,12528.0,enc/off/vf=off/lk=0,2.562,2.562,2.562,0.0,0.0,0.0,0.0
165,7.829,12578.0,enc/off/vf=off/lk=0,2.562,2.562,2.562,0.0,0.0,0.0,0.0
166,7.879,12628.0,enc/off/vf=off/lk=0,2.562,2.562,2.562,0.0,-3.093,0.0,0.0
167,7.929,12678.0,enc/off/vf=off/lk=0,2.562,2.562,2.562,0.0,0.0,0.0,0.0
168,7.979,12728.0,enc/off/vf=off/lk=0,2.562,2.562,2.562,0.0,0.0,0.0,0.0
169,8.029,12778.0,enc/off/vf=off/lk=0,2.562,2.562,2.562,0.0,0.0,0.0,0.0
170,8.079,12828.0,enc/off/vf=off/lk=0,2.562,2.562,2.562,0.0,0.0,0.0,0.0
171,8.129,12878.0,enc/off/vf=off/lk=0,2.562,2.562,2.562,0.0,0.0,0.0,0.0
172,8.179,12928.0,enc/off/vf=off/lk=0,2.562,2.562,2.562,0.0,0.0,0.0,0.0
173,8.229,12978.0,enc/off/vf=off/lk=0,2.56,2.56,2.56,0.0,0.0,0.0,0.0
174,8.279,13028.0,enc/off/vf=off/lk=0,2.562,2.562,2.562,0.0,0.0,0.0,0.0
175,8.329,13078.0,enc/off/vf=off/lk=0,2.562,2.562,2.562,0.0,0.0,0.0,0.0
176,8.379,13128.0,enc/off/vf=off/lk=0,2.562,2.562,2.562,0.0,0.0,0.0,0.0
177,8.429,13178.0,enc/off/vf=off/lk=0,2.562,2.562,2.562,0.0,0.0,0.0,0.0
178,8.479,13228.0,enc/off/vf=off/lk=0,2.562,2.562,2.562,0.0,0.0,0.0,0.0
179,8.529,13278.0,enc/off/vf=off/lk=0,2.562,2.562,2.562,0.0,0.0,0.0,0.0
180,8.579,13328.0,enc/off/vf=off/lk=0,2.562,2.562,2.562,0.0,0.0,0.0,0.0
181,8.629,13378.0,enc/off/vf=off/lk=0,2.562,2.562,2.562,0.0,0.0,0.0,0.0
182,8.679,13428.0,enc/off/vf=off/lk=0,2.562,2.562,2.562,0.0,0.0,0.0,0.0
183,8.729,13478.0,enc/off/vf=off/lk=0,2.562,2.562,2.562,0.0,0.0,0.0,0.0
184,8.779,13528.0,enc/off/vf=off/lk=0,2.562,2.562,2.562,0.0,0.0,0.0,0.0
185,8.829,13578.0,enc/off/vf=off/lk=0,2.562,2.562,2.562,0.0,0.0,0.0,0.0
186,8.879,13628.0,enc/off/vf=off/lk=0,2.562,2.562,2.562,0.0,-3.131,0.0,0.0
187,8.929,13678.0,enc/off/vf=off/lk=0,2.56,2.56,2.56,0.0,3.143,0.0,0.0
188,8.979,13728.0,enc/off/vf=off/lk=0,2.562,2.562,2.562,0.0,0.0,0.0,0.0
189,9.029,13778.0,enc/off/vf=off/lk=0,2.562,2.562,2.562,0.0,0.0,0.0,0.0
190,9.079,13828.0,enc/off/vf=off/lk=0,2.562,2.562,2.562,0.0,0.0,0.0,0.0
191,9.129,13878.0,enc/off/vf=off/lk=0,2.562,2.562,2.562,0.0,0.0,0.0,0.0
192,9.179,13928.0,enc/off/vf=off/lk=0,2.562,2.562,2.562,0.0,0.0,0.0,0.0
193,9.229,13978.0,enc/off/vf=off/lk=0,2.562,2.562,2.562,0.0,0.0,0.0,0.0
194,9.279,14028.0,enc/off/vf=off/lk=0,2.562,2.562,2.562,0.0,0.0,0.0,0.0
195,9.329,14078.0,enc/off/vf=off/lk=0,2.562,2.562,2.562,0.0,0.0,0.0,0.0
196,9.379,14128.0,enc/off/vf=off/lk=0,2.562,2.562,2.562,0.0,0.0,0.0,0.0
197,9.429,14178.0,enc/off/vf=off/lk=0,2.562,2.562,2.562,0.0,0.0,0.0,0.0
198,9.479,14228.0,enc/off/vf=off/lk=0,2.562,2.562,2.562,0.0,0.0,0.0,0.0
199,9.529,14278.0,enc/off/vf=off/lk=0,2.562,2.562,2.562,0.0,0.0,0.0,0.0
200,9.579,14328.0,enc/off/vf=off/lk=0,2.562,2.562,2.562,0.0,0.0,0.0,0.0
201,9.629,14378.0,enc/off/vf=off/lk=0,2.56,2.56,2.56,0.0,-3.074,0.0,0.0
202,9.679,14428.0,enc/off/vf=off/lk=0,2.562,2.562,2.562,0.0,0.0,0.0,0.0
203,9.729,14478.0,enc/off/vf=off/lk=0,2.56,2.56,2.56,0.0,-3.086,0.0,0.0
204,9.779,14528.0,enc/off/vf=off/lk=0,2.562,2.562,2.562,0.0,0.0,0.0,0.0
205,9.829,14578.0,enc/off/vf=off/lk=0,2.562,2.562,2.562,0.0,3.086,0.0,0.0
206,9.879,14628.0,enc/off/vf=off/lk=0,2.56,2.56,2.56,0.0,-3.112,0.0,0.0
207,9.929,14678.0,enc/off/vf=off/lk=0,2.562,2.562,2.562,0.0,0.0,0.0,0.0
208,9.979,14728.0,enc/off/vf=off/lk=0,2.562,2.562,2.562,0.0,0.0,0.0,0.0
209,10.029,14778.0,enc/off/vf=off/lk=0,2.562,2.562,2.562,0.0,0.0,0.0,0.0
210,10.079,14828.0,enc/off/vf=off/lk=0,2.562,2.562,2.562,0.0,0.0,0.0,0.0
211,10.129,14878.0,enc/off/vf=off/lk=0,2.56,2.56,2.56,0.0,0.0,0.0,0.0
212,10.179,14928.0,enc/off/vf=off/lk=0,2.562,2.562,2.562,0.0,0.0,0.0,0.0
213,10.229,14978.0,enc/off/vf=off/lk=0,2.562,2.562,2.562,0.0,3.176,0.0,0.0
214,10.279,15028.0,enc/off/vf=off/lk=0,2.56,2.56,2.56,0.0,3.143,0.0,0.0
215,10.329,15078.0,enc/off/vf=off/lk=0,2.562,2.562,2.562,0.0,0.0,0.0,0.0
216,10.379,15128.0,enc/off/vf=off/lk=0,2.562,2.562,2.562,0.0,0.0,0.0,0.0
217,10.429,15178.0,enc/off/vf=off/lk=0,2.562,2.562,2.562,0.0,0.0,0.0,0.0
218,10.479,15228.0,enc/off/vf=off/lk=0,2.562,2.562,2.562,0.0,0.0,0.0,0.0
219,10.529,15278.0,enc/off/vf=off/lk=0,2.56,2.56,2.56,0.0,0.0,0.0,0.0
220,10.579,15328.0,enc/off/vf=off/lk=0,2.562,2.562,2.562,0.0,0.0,0.0,0.0
221,10.629,15378.0,enc/off/vf=off/lk=0,2.562,2.562,2.562,0.0,-3.156,0.0,0.0
222,10.679,15428.0,enc/off/vf=off/lk=0,2.562,2.562,2.562,0.0,0.0,0.0,0.0
223,10.729,15478.0,enc/off/vf=off/lk=0,2.562,2.562,2.562,0.0,0.0,0.0,0.0
224,10.779,15528.0,enc/off/vf=off/lk=0,2.562,2.562,2.562,0.0,0.0,0.0,0.0
225,10.829,15578.0,enc/off/vf=off/lk=0,2.562,2.562,2.562,0.0,0.0,0.0,0.0
226,10.879,15628.0,enc/off/vf=off/lk=0,2.562,2.562,2.562,0.0,0.0,0.0,0.0
227,10.929,15678.0,enc/off/vf=off/lk=0,2.562,2.562,2.562,0.0,0.0,0.0,0.0
228,10.979,15728.0,enc/off/vf=off/lk=0,2.562,2.562,2.562,0.0,0.0,0.0,0.0
229,11.029,15778.0,enc/off/vf=off/lk=0,2.562,2.562,2.562,0.0,0.0,0.0,0.0
230,11.079,15828.0,enc/off/vf=off/lk=0,2.562,2.562,2.562,0.0,0.0,0.0,0.0
231,11.129,15878.0,enc/off/vf=off/lk=0,2.562,2.562,2.562,0.0,0.0,0.0,0.0
232,11.179,15928.0,enc/off/vf=off/lk=0,2.562,2.562,2.562,0.0,3.183,0.0,0.0
233,11.229,15978.0,enc/off/vf=off/lk=0,2.562,2.562,2.562,0.0,0.0,0.0,0.0
234,11.279,16028.0,enc/off/vf=off/lk=0,2.562,2.562,2.562,0.0,0.0,0.0,0.0
235,11.329,16078.0,enc/off/vf=off/lk=0,2.562,2.562,2.562,0.0,0.0,0.0,0.0
236,11.379,16128.0,enc/off/vf=off/lk=0,2.562,2.562,2.562,0.0,0.0,0.0,0.0
237,11.429,16178.0,enc/off/vf=off/lk=0,2.562,2.562,2.562,0.0,0.0,0.0,0.0
238,11.479,16228.0,enc/off/vf=off/lk=0,2.562,2.562,2.562,0.0,0.0,0.0,0.0
239,11.529,16278.0,enc/off/vf=off/lk=0,2.562,2.562,2.562,0.0,0.0,0.0,0.0
240,11.579,16328.0,enc/off/vf=off/lk=0,2.56,2.56,2.56,0.0,0.0,0.0,0.0
241,11.629,16378.0,enc/off/vf=off/lk=0,2.56,2.56,2.56,0.0,0.0,0.0,0.0
242,11.679,16428.0,enc/off/vf=off/lk=0,2.562,2.562,2.562,0.0,0.0,0.0,0.0
243,11.729,16478.0,enc/off/vf=off/lk=0,2.562,2.562,2.562,0.0,0.0,0.0,0.0
244,11.779,16528.0,enc/off/vf=off/lk=0,2.56,2.56,2.56,0.0,0.0,0.0,0.0
245,11.829,16578.0,enc/off/vf=off/lk=0,2.56,2.56,2.56,0.0,-3.093,0.0,0.0
246,11.879,16628.0,enc/off/vf=off/lk=0,2.562,2.562,2.562,0.0,0.0,0.0,0.0
247,11.929,16678.0,enc/off/vf=off/lk=0,2.562,2.562,2.562,0.0,0.0,0.0,0.0
248,11.979,16728.0,enc/off/vf=off/lk=0,2.562,2.562,2.562,0.0,0.0,0.0,0.0
249,12.029,16778.0,enc/off/vf=off/lk=0,2.562,2.562,2.562,0.0,0.0,0.0,0.0
250,12.079,16828.0,enc/off/vf=off/lk=0,2.562,2.562,2.562,0.0,0.0,0.0,0.0
251,12.129,16878.0,enc/off/vf=off/lk=0,2.562,2.562,2.562,0.0,0.0,0.0,0.0
252,12.179,16928.0,enc/off/vf=off/lk=0,2.562,2.562,2.562,0.0,0.0,0.0,0.0
253,12.229,16978.0,enc/off/vf=off/lk=0,2.562,2.562,2.562,0.0,0.0,0.0,0.0
254,12.279,17028.0,enc/off/vf=off/lk=0,2.562,2.562,2.562,0.0,0.0,0.0,0.0
255,12.329,17078.0,enc/off/vf=off/lk=0,2.562,2.562,2.562,0.0,0.0,0.0,0.0
256,12.379,17128.0,enc/off/vf=off/lk=0,2.562,2.562,2.562,0.0,3.131,0.0,0.0
257,12.429,17178.0,enc/off/vf=off/lk=0,2.562,2.562,2.562,0.0,0.0,0.0,0.0
258,12.479,17228.0,enc/off/vf=off/lk=0,2.562,2.562,2.562,0.0,3.093,0.0,0.0
259,12.529,17278.0,enc/off/vf=off/lk=0,2.562,2.562,2.562,0.0,0.0,0.0,0.0
260,12.579,17328.0,enc/off/vf=off/lk=0,2.562,2.562,2.562,0.0,0.0,0.0,0.0
261,12.629,17378.0,enc/off/vf=off/lk=0,2.56,2.56,2.56,0.0,0.0,0.0,0.0
262,12.679,17428.0,enc/off/vf=off/lk=0,2.562,2.562,2.562,0.0,0.0,0.0,0.0
263,12.729,17478.0,enc/off/vf=off/lk=0,2.562,2.562,2.562,0.0,0.0,0.0,0.0
264,12.779,17528.0,enc/off/vf=off/lk=0,2.562,2.562,2.562,0.0,0.0,0.0,0.0
265,12.829,17578.0,enc/off/vf=off/lk=0,2.562,2.562,2.562,0.0,0.0,0.0,0.0
266,12.879,17628.0,enc/off/vf=off/lk=0,2.562,2.562,2.562,0.0,0.0,0.0,0.0
267,12.929,17678.0,enc/off/vf=off/lk=0,2.562,2.562,2.562,0.0,0.0,0.0,0.0
268,12.979,17728.0,enc/off/vf=off/lk=0,2.562,2.562,2.562,0.0,0.0,0.0,0.0
269,13.029,17778.0,enc/off/vf=off/lk=0,2.562,2.562,2.562,0.0,0.0,0.0,0.0
270,13.079,17828.0,enc/off/vf=off/lk=0,2.562,2.562,2.562,0.0,3.112,0.0,0.0
271,13.129,17878.0,enc/off/vf=off/lk=0,2.562,2.562,2.562,0.0,0.0,0.0,0.0
272,13.179,17928.0,enc/off/vf=off/lk=0,2.562,2.562,2.562,0.0,0.0,0.0,0.0
273,13.229,17978.0,enc/off/vf=off/lk=0,2.562,2.562,2.562,0.0,0.0,0.0,0.0
274,13.279,18028.0,enc/off/vf=off/lk=0,2.562,2.562,2.562,0.0,0.0,0.0,0.0
275,13.329,18078.0,enc/off/vf=off/lk=0,2.562,2.562,2.562,0.0,3.143,0.0,0.0
276,13.379,18128.0,enc/off/vf=off/lk=0,2.562,2.562,2.562,0.0,0.0,0.0,0.0
277,13.429,18178.0,enc/off/vf=off/lk=0,2.562,2.562,2.562,0.0,0.0,0.0,0.0
278,13.479,18228.0,enc/off/vf=off/lk=0,2.56,2.56,2.56,0.0,0.0,0.0,0.0
279,13.529,18278.0,enc/off/vf=off/lk=0,2.562,2.562,2.562,0.0,0.0,0.0,0.0
280,13.579,18328.0,enc/off/vf=off/lk=0,2.562,2.562,2.562,0.0,0.0,0.0,0.0
281,13.629,18378.0,enc/off/vf=off/lk=0,2.562,2.562,2.562,0.0,0.0,0.0,0.0
282,13.679,18428.0,enc/off/vf=off/lk=0,2.56,2.56,2.56,0.0,0.0,0.0,0.0
283,13.729,18478.0,enc/off/vf=off/lk=0,2.562,2.562,2.562,0.0,0.0,0.0,0.0
284,13.779,18528.0,enc/off/vf=off/lk=0,2.562,2.562,2.562,0.0,0.0,0.0,0.0
285,13.829,18578.0,enc/off/vf=off/lk=0,2.56,2.56,2.56,0.0,0.0,0.0,0.0
286,13.879,18628.0,enc/off/vf=off/lk=0,2.562,2.562,2.562,0.0,0.0,0.0,0.0
287,13.929,18678.0,enc/off/vf=off/lk=0,2.562,2.562,2.562,0.0,0.0,0.0,0.0
288,13.979,18728.0,enc/off/vf=off/lk=0,2.562,2.562,2.562,0.0,0.0,0.0,0.0
289,14.029,18778.0,enc/off/vf=off/lk=0,2.562,2.562,2.562,0.0,0.0,0.0,0.0
290,14.079,18828.0,enc/off/vf=off/lk=0,2.562,2.562,2.562,0.0,0.0,0.0,0.0
291,14.129,18878.0,enc/off/vf=off/lk=0,2.562,2.562,2.562,0.0,0.0,0.0,0.0
292,14.179,18928.0,enc/off/vf=off/lk=0,2.56,2.56,2.56,0.0,-3.156,0.0,0.0
293,14.229,18978.0,enc/off/vf=off/lk=0,2.562,2.562,2.562,0.0,0.0,0.0,0.0
294,14.279,19028.0,enc/off/vf=off/lk=0,2.56,2.56,2.56,0.0,3.143,0.0,0.0
295,14.329,19078.0,enc/off/vf=off/lk=0,2.562,2.562,2.562,0.0,0.0,0.0,0.0
296,14.379,19128.0,enc/off/vf=off/lk=0,2.562,2.562,2.562,0.0,0.0,0.0,0.0
297,14.429,19178.0,enc/off/vf=off/lk=0,2.562,2.562,2.562,0.0,0.0,0.0,0.0
298,14.479,19228.0,enc/off/vf=off/lk=0,2.562,2.562,2.562,0.0,0.0,0.0,0.0
299,14.529,19278.0,enc/off/vf=off/lk=0,2.562,2.562,2.562,0.0,0.0,0.0,0.0
300,14.579,19328.0,enc/off/vf=off/lk=0,2.562,2.562,2.562,0.0,0.0,0.0,0.0
301,14.629,19378.0,enc/off/vf=off/lk=0,2.562,2.562,2.562,0.0,0.0,0.0,0.0
302,14.679,19428.0,enc/off/vf=off/lk=0,2.562,2.562,2.562,0.0,0.0,0.0,0.0
303,14.729,19478.0,enc/off/vf=off/lk=0,2.56,2.56,2.56,0.0,0.0,0.0,0.0
304,14.779,19528.0,enc/off/vf=off/lk=0,2.562,2.562,2.562,0.0,0.0,0.0,0.0
305,14.829,19578.0,enc/off/vf=off/lk=0,2.562,2.562,2.562,0.0,0.0,0.0,0.0
306,14.879,19628.0,enc/off/vf=off/lk=0,2.562,2.562,2.562,0.0,0.0,0.0,0.0
307,14.929,19678.0,enc/off/vf=off/lk=0,2.562,2.562,2.562,0.0,0.0,0.0,0.0
308,14.979,19728.0,enc/off/vf=off/lk=0,2.562,2.562,2.562,0.0,0.0,0.0,0.0
309,15.029,19778.0,enc/off/vf=off/lk=0,2.562,2.562,2.562,0.0,0.0,0.0,0.0
310,15.079,19828.0,enc/off/vf=off/lk=0,2.562,2.562,2.562,0.0,0.0,0.0,0.0
311,15.129,19878.0,enc/off/vf=off/lk=0,2.562,2.562,2.562,0.0,0.0,0.0,0.0
312,15.179,19928.0,enc/off/vf=off/lk=0,2.562,2.562,2.562,0.0,0.0,0.0,0.0
313,15.229,19978.0,enc/off/vf=off/lk=0,2.562,2.562,2.562,0.0,0.0,0.0,0.0
314,15.279,20028.0,enc/off/vf=off/lk=0,2.562,2.562,2.562,0.0,0.0,0.0,0.0
315,15.329,20078.0,enc/off/vf=off/lk=0,2.56,2.56,2.56,0.0,3.093,0.0,0.0
316,15.379,20128.0,enc/off/vf=off/lk=0,2.562,2.562,2.562,0.0,0.0,0.0,0.0
317,15.429,20178.0,enc/off/vf=off/lk=0,2.56,2.56,2.56,0.0,0.0,0.0,0.0
318,15.479,20228.0,enc/off/vf=off/lk=0,2.562,2.562,2.562,0.0,0.0,0.0,0.0
319,15.529,20278.0,enc/off/vf=off/lk=0,2.56,2.56,2.56,0.0,-3.15,0.0,0.0
320,15.579,20328.0,enc/off/vf=off/lk=0,2.56,2.56,2.56,0.0,3.15,0.0,0.0
321,15.629,20378.0,enc/off/vf=off/lk=0,2.562,2.562,2.562,0.0,0.0,0.0,0.0
322,15.679,20428.0,enc/off/vf=off/lk=0,2.562,2.562,2.562,0.0,0.0,0.0,0.0
323,15.729,20478.0,enc/off/vf=off/lk=0,2.56,2.56,2.56,0.0,-3.086,0.0,0.0
324,15.779,20528.0,enc/off/vf=off/lk=0,2.56,2.56,2.56,0.0,0.0,0.0,0.0
325,15.829,20578.0,enc/off/vf=off/lk=0,2.562,2.562,2.562,0.0,0.0,0.0,0.0
326,15.879,20628.0,enc/off/vf=off/lk=0,2.562,2.562,2.562,0.0,0.0,0.0,0.0
327,15.929,20678.0,enc/off/vf=off/lk=0,2.56,2.56,2.56,0.0,0.0,0.0,0.0
328,15.979,20728.0,enc/off/vf=off/lk=0,2.562,2.562,2.562,0.0,0.0,0.0,0.0
329,16.029,20778.0,enc/off/vf=off/lk=0,2.562,2.562,2.562,0.0,3.074,0.0,0.0
330,16.079,20828.0,enc/off/vf=off/lk=0,2.562,2.562,2.562,0.0,0.0,0.0,0.0
331,16.129,20878.0,enc/off/vf=off/lk=0,2.562,2.562,2.562,0.0,0.0,0.0,0.0
332,16.179,20928.0,enc/off/vf=off/lk=0,2.562,2.562,2.562,0.0,0.0,0.0,0.0
333,16.229,20978.0,enc/off/vf=off/lk=0,2.56,2.56,2.56,0.0,0.0,0.0,0.0
334,16.279,21028.0,enc/off/vf=off/lk=0,2.562,2.562,2.562,0.0,-3.105,0.0,0.0
335,16.329,21078.0,enc/off/vf=off/lk=0,2.562,2.562,2.562,0.0,0.0,0.0,0.0
336,16.379,21128.0,enc/off/vf=off/lk=0,2.562,2.562,2.562,0.0,0.0,0.0,0.0
337,16.429,21178.0,enc/off/vf=off/lk=0,2.562,2.562,2.562,0.0,0.0,0.0,0.0
338,16.479,21228.0,enc/off/vf=off/lk=0,2.562,2.562,2.562,0.0,0.0,0.0,0.0
339,16.529,21278.0,enc/off/vf=off/lk=0,2.562,2.562,2.562,0.0,0.0,0.0,0.0
340,16.579,21328.0,enc/off/vf=off/lk=0,2.562,2.562,2.562,0.0,0.0,0.0,0.0
341,16.629,21378.0,enc/off/vf=off/lk=0,2.562,2.562,2.562,0.0,0.0,0.0,0.0
342,16.679,21428.0,enc/off/vf=off/lk=0,2.56,2.56,2.56,0.0,0.0,0.0,0.0
343,16.729,21478.0,enc/off/vf=off/lk=0,2.562,2.562,2.562,0.0,0.0,0.0,0.0
344,16.779,21528.0,enc/off/vf=off/lk=0,2.562,2.562,2.562,0.0,0.0,0.0,0.0
345,16.829,21578.0,enc/off/vf=off/lk=0,2.562,2.562,2.562,0.0,0.0,0.0,0.0
346,16.879,21628.0,enc/off/vf=off/lk=0,2.562,2.562,2.562,0.0,0.0,0.0,0.0
347,16.929,21678.0,enc/off/vf=off/lk=0,2.562,2.562,2.562,0.0,0.0,0.0,0.0
348,16.979,21728.0,enc/off/vf=off/lk=0,2.562,2.562,2.562,0.0,0.0,0.0,0.0
349,17.029,21778.0,enc/off/vf=off/lk=0,2.562,2.562,2.562,0.0,0.0,0.0,0.0
350,17.079,21828.0,enc/off/vf=off/lk=0,2.562,2.562,2.562,0.0,0.0,0.0,0.0
351,17.129,21878.0,enc/off/vf=off/lk=0,2.562,2.562,2.562,0.0,0.0,0.0,0.0
352,17.179,21928.0,enc/off/vf=off/lk=0,2.562,2.562,2.562,0.0,0.0,0.0,0.0
353,17.229,21978.0,enc/off/vf=off/lk=0,2.562,2.562,2.562,0.0,-3.137,0.0,0.0
354,17.279,22028.0,enc/off/vf=off/lk=0,2.562,2.562,2.562,0.0,0.0,0.0,0.0
355,17.329,22078.0,enc/off/vf=off/lk=0,2.562,2.562,2.562,0.0,0.0,0.0,0.0
356,17.379,22128.0,enc/off/vf=off/lk=0,2.562,2.562,2.562,0.0,0.0,0.0,0.0
357,17.429,22178.0,enc/off/vf=off/lk=0,2.562,2.562,2.562,0.0,0.0,0.0,0.0
358,17.479,22228.0,enc/off/vf=off/lk=0,2.562,2.562,2.562,0.0,0.0,0.0,0.0
359,17.529,22278.0,enc/off/vf=off/lk=0,2.562,2.562,2.562,0.0,0.0,0.0,0.0
360,17.579,22328.0,enc/off/vf=off/lk=0,2.562,2.562,2.562,0.0,0.0,0.0,0.0
361,17.629,22378.0,enc/off/vf=off/lk=0,2.562,2.562,2.562,0.0,0.0,0.0,0.0
362,17.679,22428.0,enc/off/vf=off/lk=0,2.562,2.562,2.562,0.0,0.0,0.0,0.0
363,17.729,22478.0,enc/off/vf=off/lk=0,2.562,2.562,2.562,0.0,0.0,0.0,0.0
364,17.779,22528.0,enc/off/vf=off/lk=0,2.562,2.562,2.562,0.0,0.0,0.0,0.0
365,17.829,22578.0,enc/off/vf=off/lk=0,2.562,2.562,2.562,0.0,0.0,0.0,0.0
366,17.879,22628.0,enc/off/vf=off/lk=0,2.562,2.562,2.562,0.0,0.0,0.0,0.0
367,17.929,22678.0,enc/off/vf=off/lk=0,2.562,2.562,2.562,0.0,0.0,0.0,0.0
368,17.979,22728.0,enc/off/vf=off/lk=0,2.56,2.56,2.56,0.0,0.0,0.0,0.0
369,18.029,22778.0,enc/off/vf=off/lk=0,2.562,2.562,2.562,0.0,0.0,0.0,0.0
370,18.079,22828.0,enc/off/vf=off/lk=0,2.562,2.562,2.562,0.0,0.0,0.0,0.0
371,18.129,22878.0,enc/off/vf=off/lk=0,2.562,2.562,2.562,0.0,0.0,0.0,0.0
372,18.179,22928.0,enc/off/vf=off/lk=0,2.562,2.562,2.562,0.0,0.0,0.0,0.0
373,18.229,22978.0,enc/off/vf=off/lk=0,2.562,2.562,2.562,0.0,0.0,0.0,0.0
374,18.279,23028.0,enc/off/vf=off/lk=0,2.562,2.562,2.562,0.0,0.0,0.0,0.0
375,18.329,23078.0,enc/off/vf=off/lk=0,2.562,2.562,2.562,0.0,0.0,0.0,0.0
376,18.379,23128.0,enc/off/vf=off/lk=0,2.562,2.562,2.562,0.0,-3.112,0.0,0.0
377,18.429,23178.0,enc/off/vf=off/lk=0,2.562,2.562,2.562,0.0,0.0,0.0,0.0
378,18.479,23228.0,enc/off/vf=off/lk=0,2.562,2.562,2.562,0.0,3.131,0.0,0.0
379,18.529,23278.0,enc/off/vf=off/lk=0,2.562,2.562,2.562,0.0,3.099,0.0,0.0
380,18.579,23328.0,enc/off/vf=off/lk=0,2.562,2.562,2.562,0.0,0.0,0.0,0.0
381,18.629,23378.0,enc/off/vf=off/lk=0,2.562,2.562,2.562,0.0,0.0,0.0,0.0
382,18.679,23428.0,enc/off/vf=off/lk=0,2.562,2.562,2.562,0.0,0.0,0.0,0.0
383,18.729,23478.0,enc/off/vf=off/lk=0,2.562,2.562,2.562,0.0,0.0,0.0,0.0
384,18.779,23528.0,enc/off/vf=off/lk=0,2.562,2.562,2.562,0.0,0.0,0.0,0.0
385,18.829,23578.0,enc/off/vf=off/lk=0,2.562,2.562,2.562,0.0,0.0,0.0,0.0
386,18.879,23628.0,enc/off/vf=off/lk=0,2.562,2.562,2.562,0.0,0.0,0.0,0.0
387,18.929,23678.0,enc/off/vf=off/lk=0,2.562,2.562,2.562,0.0,0.0,0.0,0.0
388,18.979,23728.0,enc/off/vf=off/lk=0,2.562,2.562,2.562,0.0,0.0,0.0,0.0
389,19.029,23778.0,enc/off/vf=off/lk=0,2.562,2.562,2.562,0.0,0.0,0.0,0.0
390,19.079,23828.0,enc/off/vf=off/lk=0,2.562,2.562,2.562,0.0,0.0,0.0,0.0
391,19.129,23878.0,enc/off/vf=off/lk=0,2.562,2.562,2.562,0.0,0.0,0.0,0.0
392,19.179,23928.0,enc/off/vf=off/lk=0,2.56,2.56,2.56,0.0,-3.093,0.0,0.0
393,19.229,23978.0,enc/off/vf=off/lk=0,2.562,2.562,2.562,0.0,0.0,0.0,0.0
394,19.279,24028.0,enc/off/vf=off/lk=0,2.562,2.562,2.562,0.0,0.0,0.0,0.0
395,19.329,24078.0,enc/off/vf=off/lk=0,2.562,2.562,2.562,0.0,0.0,0.0,0.0
396,19.379,24128.0,enc/off/vf=off/lk=0,2.562,2.562,2.562,0.0,0.0,0.0,0.0
397,19.429,24178.0,enc/off/vf=off/lk=0,2.562,2.562,2.562,0.0,0.0,0.0,0.0
398,19.45,24199.0,enc/off/vf=off/lk=0,2.562,2.562,2.562,0.0,0.0,0.0,0.0
399,19.47,24219.0,enc/off/vf=off/lk=0,2.569,2.569,2.569,0.0,0.0,0.0,0.0109
400,19.49,24239.0,enc/off/vf=off/lk=0,2.569,2.569,2.569,0.0,0.0,0.0,0.0127
401,19.51,24259.0,enc/off/vf=off/lk=0,2.571,2.571,2.571,0.0,0.0,0.0,0.0145
402,19.53,24279.0,enc/off/vf=off/lk=0,2.572,2.572,2.572,0.0,0.0,0.0,0.0164
403,19.55,24299.0,enc/off/vf=off/lk=0,2.576,2.576,2.576,0.0,0.0,0.0,0.0182
404,19.57,24319.0,enc/off/vf=off/lk=0,2.579,2.579,2.579,0.0,0.0,0.0,0.02
405,19.59,24339.0,enc/off/vf=off/lk=0,2.582,2.582,2.582,0.0,0.0,0.0,0.0219
406,19.61,24359.0,enc/off/vf=off/lk=0,2.585,2.585,2.585,0.0,0.0,0.0,0.0237
407,19.63,24379.0,enc/off/vf=off/lk=0,2.589,2.589,2.589,0.0,3.687,0.0,0.0255
408,19.65,24399.0,enc/off/vf=off/lk=0,2.595,2.595,2.595,0.0,0.0,0.0,0.0274
409,19.67,24419.0,enc/off/vf=off/lk=0,2.602,2.602,2.602,0.0,0.0,0.0,0.0292
410,19.69,24439.0,enc/off/vf=off/lk=0,2.609,2.609,2.609,0.0,0.0,0.0,0.031
411,19.71,24459.0,enc/off/vf=off/lk=0,2.62,2.62,2.62,0.0,0.0,0.0,0.0327
412,19.73,24479.0,enc/off/vf=off/lk=0,2.637,2.637,2.637,0.0,0.0,0.0,0.0344
413,19.75,24499.0,enc/off/vf=off/lk=0,2.665,2.665,2.665,0.0,0.0,0.0,0.0361
414,19.77,24519.0,enc/off/vf=off/lk=0,2.703,2.703,2.703,0.0,3.687,0.0,0.0375
415,19.79,24539.0,enc/off/vf=off/lk=0,2.749,2.749,2.749,0.0,3.687,0.0,0.0394
416,19.81,24559.0,enc/off/vf=off/lk=0,2.815,2.815,2.815,0.0,3.652,0.0,0.0408
417,19.83,24579.0,enc/off/vf=off/lk=0,2.958,2.958,2.958,0.0,7.305,0.0,0.041
418,19.85,24599.0,enc/off/vf=off/lk=0,3.059,3.059,3.059,0.0,3.788,0.0,0.043
419,19.87,24619.0,enc/off/vf=off/lk=0,3.135,3.135,3.135,0.0,7.465,0.0,0.0451
420,19.89,24639.0,enc/off/vf=off/lk=0,3.237,3.237,3.237,0.0,3.626,0.0,0.0463
421,19.91,24659.0,enc/off/vf=off/lk=0,3.356,3.356,3.356,0.0,7.393,0.0,0.0474
422,19.93,24679.0,enc/off/vf=off/lk=0,3.519,3.519,3.519,0.0,3.696,0.0,0.049
423,19.95,24699.0,enc/off/vf=off/lk=0,3.626,3.626,3.626,0.0,7.375,0.0,0.0504
424,19.97,24719.0,enc/off/vf=off/lk=0,3.771,3.771,3.771,0.0,11.062,0.0,0.0516
425,19.99,24739.0,enc/off/vf=off/lk=0,3.947,3.947,3.947,0.0,11.062,0.0,0.0522
426,20.01,24759.0,enc/off/vf=off/lk=0,4.093,4.093,4.093,0.0,7.375,0.0,0.0544
427,20.03,24779.0,enc/off/vf=off/lk=0,4.264,4.264,4.264,0.0,11.089,0.0,0.0551
428,20.05,24799.0,enc/off/vf=off/lk=0,4.433,4.433,4.433,0.0,7.483,0.0,0.0565
429,20.07,24819.0,enc/off/vf=off/lk=0,4.603,4.603,4.603,0.0,7.287,0.0,0.0579
430,20.09,24839.0,enc/off/vf=off/lk=0,4.8,4.8,4.8,0.0,7.447,0.0,0.0587
431,20.11,24859.0,enc/off/vf=off/lk=0,4.933,4.933,4.933,0.0,7.357,0.0,0.0609
432,20.13,24879.0,enc/off/vf=off/lk=0,5.125,5.125,5.125,0.0,7.219,0.0,0.0617
433,20.15,24899.0,enc/off/vf=off/lk=0,5.323,5.323,5.323,0.0,3.696,0.0,0.0628
434,20.17,24919.0,enc/off/vf=off/lk=0,5.469,5.469,5.469,0.0,7.375,0.0,0.0645
435,20.19,24939.0,enc/off/vf=off/lk=0,5.69,5.69,5.69,0.0,11.061,0.0,0.0653
436,20.21,24959.0,enc/off/vf=off/lk=0,5.875,5.875,5.875,0.0,11.089,0.0,0.0668
437,20.23,24979.0,enc/off/vf=off/lk=0,6.081,6.081,6.081,0.0,10.983,0.0,0.0675
438,20.25,24999.0,enc/off/vf=off/lk=0,6.282,6.282,6.282,0.0,11.17,0.0,0.0691
439,20.27,25019.0,enc/off/vf=off/lk=0,6.478,6.478,6.478,0.0,10.983,0.0,0.0702
440,20.29,25039.0,enc/off/vf=off/lk=0,6.708,6.708,6.708,0.0,11.009,0.0,0.0711
441,20.31,25059.0,enc/off/vf=off/lk=0,6.92,6.92,6.92,0.0,11.224,0.0,0.0724
442,20.33,25079.0,enc/off/vf=off/lk=0,7.156,7.156,7.156,0.0,11.197,0.0,0.0731
443,20.35,25099.0,enc/off/vf=off/lk=0,7.395,7.395,7.395,0.0,11.036,0.0,0.0743
444,20.37,25119.0,enc/off/vf=off/lk=0,7.627,7.627,7.627,0.0,10.854,0.0,0.0755
445,20.39,25139.0,enc/off/vf=off/lk=0,7.877,7.877,7.877,0.0,14.75,0.0,0.076
446,20.41,25159.0,enc/off/vf=off/lk=0,8.11,8.11,8.11,0.0,14.75,0.0,0.0778
447,20.43,25179.0,enc/off/vf=off/lk=0,8.377,8.377,8.377,0.0,14.75,0.0,0.0783
448,20.45,25199.0,enc/off/vf=off/lk=0,8.606,8.606,8.606,0.0,14.785,0.0,0.0802
449,20.47,25219.0,enc/off/vf=off/lk=0,8.88,8.88,8.88,0.0,11.089,0.0,0.0802
450,20.49,25239.0,enc/off/vf=off/lk=0,9.109,9.109,9.109,0.0,11.197,0.0,0.0818
451,20.51,25259.0,enc/off/vf=off/lk=0,9.382,9.382,9.382,0.0,14.644,0.0,0.0828
452,20.53,25279.0,enc/off/vf=off/lk=0,9.618,9.618,9.618,0.0,14.929,0.0,0.0841
453,20.55,25299.0,enc/off/vf=off/lk=0,9.893,9.893,9.893,0.0,11.196,0.0,0.0845
454,20.57,25319.0,enc/off/vf=off/lk=0,10.17,10.17,10.17,0.0,18.437,0.0,0.0853
455,20.59,25339.0,enc/off/vf=off/lk=0,10.449,10.449,10.449,0.0,11.062,0.0,0.0866
456,20.61,25359.0,enc/off/vf=off/lk=0,10.741,10.741,10.741,0.0,11.062,0.0,0.0873
457,20.63,25379.0,enc/off/vf=off/lk=0,11.035,11.035,11.035,0.0,14.75,0.0,0.0878
458,20.65,25399.0,enc/off/vf=off/lk=0,11.313,11.313,11.313,0.0,14.893,0.0,0.0891
459,20.67,25419.0,enc/off/vf=off/lk=0,11.605,11.605,11.605,0.0,18.662,0.0,0.0903
460,20.69,25439.0,enc/off/vf=off/lk=0,11.884,11.884,11.884,0.0,22.125,0.0,0.0909
461,20.71,25459.0,enc/off/vf=off/lk=0,12.172,12.172,12.172,0.0,11.062,0.0,0.0919
462,20.73,25479.0,enc/off/vf=off/lk=0,12.48,12.48,12.48,0.0,14.749,0.0,0.0924
463,20.75,25499.0,enc/off/vf=off/lk=0,12.766,12.766,12.766,0.0,18.437,0.0,0.0937
464,20.77,25519.0,enc/off/vf=off/lk=0,13.073,13.073,13.073,0.0,14.75,0.0,0.0943
465,20.79,25539.0,enc/off/vf=off/lk=0,13.387,13.387,13.387,0.0,22.125,0.0,0.0948
466,20.81,25559.0,enc/off/vf=off/lk=0,13.7,13.7,13.7,0.0,14.75,0.0,0.0961
467,20.83,25579.0,enc/off/vf=off/lk=0,14.018,14.018,14.018,0.0,10.983,0.0,0.0967
468,20.85,25599.0,enc/off/vf=off/lk=0,14.327,14.327,14.327,0.0,18.089,0.0,0.0979
469,20.87,25619.0,enc/off/vf=off/lk=0,14.66,14.66,14.66,0.0,14.438,0.0,0.098
470,20.89,25639.0,enc/off/vf=off/lk=0,14.973,14.973,14.973,0.0,18.393,0.0,0.0994
471,20.91,25659.0,enc/off/vf=off/lk=0,15.306,15.306,15.306,0.0,18.437,0.0,0.101
472,20.93,25679.0,enc/off/vf=off/lk=0,15.637,15.637,15.637,0.0,14.75,0.0,0.101
473,20.95,25699.0,enc/off/vf=off/lk=0,15.96,15.96,15.96,0.0,22.125,0.0,0.1021
474,20.97,25719.0,enc/off/vf=off/lk=0,16.295,16.295,16.295,0.0,18.349,0.0,0.1025
475,20.99,25739.0,enc/off/vf=off/lk=0,16.639,16.639,16.639,0.0,14.893,0.0,0.1029
476,21.01,25759.0,enc/off/vf=off/lk=0,16.973,16.973,16.973,0.0,21.759,0.0,0.1046
477,21.03,25779.0,enc/off/vf=off/lk=0,17.329,17.329,17.329,0.0,22.178,0.0,0.1057
478,21.05,25799.0,enc/off/vf=off/lk=0,17.679,17.679,17.679,0.0,14.75,0.0,0.1056
479,21.07,25819.0,enc/off/vf=off/lk=0,18.027,18.027,18.027,0.0,18.437,0.0,0.1064
480,21.09,25839.0,enc/off/vf=off/lk=0,18.388,18.388,18.388,0.0,14.54,0.0,0.108
481,21.11,25859.0,enc/off/vf=off/lk=0,18.744,18.744,18.744,0.0,14.893,0.0,0.1079
482,21.13,25879.0,enc/off/vf=off/lk=0,19.072,19.072,19.072,0.0,18.089,0.0,0.1088
483,21.15,25899.0,enc/off/vf=off/lk=0,19.429,19.429,19.429,0.0,21.707,0.0,0.1098
484,21.17,25919.0,enc/off/vf=off/lk=0,19.796,19.796,19.796,0.0,21.707,0.0,0.1101
485,21.19,25939.0,enc/off/vf=off/lk=0,20.167,20.167,20.167,0.0,18.437,0.0,0.1109
486,21.21,25959.0,enc/off/vf=off/lk=0,20.548,20.548,20.548,0.0,18.437,0.0,0.1112
487,21.23,25979.0,enc/off/vf=off/lk=0,20.923,20.923,20.923,0.0,18.437,0.0,0.1119
488,21.25,25999.0,enc/off/vf=off/lk=0,21.295,21.295,21.295,0.0,18.437,0.0,0.1127
489,21.27,26019.0,enc/off/vf=off/lk=0,21.664,21.664,21.664,0.0,21.914,0.0,0.1139
490,21.29,26039.0,enc/off/vf=off/lk=0,22.043,22.043,22.043,0.0,18.616,0.0,0.1142
491,21.31,26059.0,enc/off/vf=off/lk=0,22.405,22.405,22.405,0.0,22.072,0.0,0.1152
492,21.33,26079.0,enc/off/vf=off/lk=0,22.787,22.787,22.787,0.0,18.089,0.0,0.1152
493,21.35,26099.0,enc/off/vf=off/lk=0,23.175,23.175,23.175,0.0,14.784,0.0,0.1164
494,21.37,26119.0,enc/off/vf=off/lk=0,23.567,23.567,23.567,0.0,18.437,0.0,0.1165
495,21.39,26139.0,enc/off/vf=off/lk=0,23.959,23.959,23.959,0.0,18.437,0.0,0.117
496,21.41,26159.0,enc/off/vf=off/lk=0,24.35,24.35,24.35,0.0,18.305,0.0,0.1186
497,21.43,26179.0,enc/off/vf=off/lk=0,24.735,24.735,24.735,0.0,21.707,0.0,0.1195
498,21.45,26199.0,enc/off/vf=off/lk=0,25.131,25.131,25.131,0.0,18.089,0.0,0.1192
499,21.47,26219.0,enc/off/vf=off/lk=0,25.522,25.522,25.522,0.0,14.75,0.0,0.1201
500,21.49,26239.0,enc/off/vf=off/lk=0,25.915,25.915,25.915,0.0,18.437,0.0,0.1205
501,21.51,26259.0,enc/off/vf=off/lk=0,26.317,26.317,26.317,0.0,25.812,0.0,0.1211
502,21.53,26279.0,enc/off/vf=off/lk=0,26.727,26.727,26.727,0.0,25.812,0.0,0.1215
503,21.55,26299.0,enc/off/vf=off/lk=0,27.139,27.139,27.139,0.0,18.482,0.0,0.1219
504,21.57,26319.0,enc/off/vf=off/lk=0,27.547,27.547,27.547,0.0,18.437,0.0,0.1229
505,21.59,26339.0,enc/off/vf=off/lk=0,27.957,27.957,27.957,0.0,25.812,0.0,0.1238
506,21.61,26359.0,enc/off/vf=off/lk=0,28.369,28.369,28.369,0.0,22.072,0.0,0.1238
507,21.63,26379.0,enc/off/vf=off/lk=0,28.761,28.761,28.761,0.0,18.616,0.0,0.1242
508,21.65,26399.0,enc/off/vf=off/lk=0,29.178,29.178,29.178,0.0,18.482,0.0,0.125
509,21.67,26419.0,enc/off/vf=off/lk=0,29.6,29.6,29.6,0.0,22.125,0.0,0.1251
510,21.69,26439.0,enc/off/vf=off/lk=0,30.028,30.028,30.028,0.0,18.218,0.0,0.1256
511,21.71,26459.0,enc/off/vf=off/lk=0,30.459,30.459,30.459,0.0,18.662,0.0,0.1269
512,21.73,26479.0,enc/off/vf=off/lk=0,30.868,30.868,30.868,0.0,25.325,0.0,0.1275
513,21.75,26499.0,enc/off/vf=off/lk=0,31.29,31.29,31.29,0.0,25.812,0.0,0.1278
514,21.77,26519.0,enc/off/vf=off/lk=0,31.706,31.706,31.706,0.0,29.5,0.0,0.1286
515,21.79,26539.0,enc/off/vf=off/lk=0,32.129,32.129,32.129,0.0,22.125,0.0,0.1292
516,21.81,26559.0,enc/off/vf=off/lk=0,32.56,32.56,32.56,0.0,22.125,0.0,0.1292
517,21.83,26579.0,enc/off/vf=off/lk=0,32.997,32.997,32.997,0.0,21.966,0.0,0.13
518,21.85,26599.0,enc/off/vf=off/lk=0,33.439,33.439,33.439,0.0,22.019,0.0,0.1306
519,21.87,26619.0,enc/off/vf=off/lk=0,33.864,33.864,33.864,0.0,28.943,0.0,0.1306
520,21.89,26639.0,enc/off/vf=off/lk=0,34.297,34.297,34.297,0.0,21.707,0.0,0.131
521,21.91,26659.0,enc/off/vf=off/lk=0,34.728,34.728,34.728,0.0,22.178,0.0,0.1316
522,21.93,26679.0,enc/off/vf=off/lk=0,35.165,35.165,35.165,0.0,22.178,0.0,0.1332
523,21.95,26699.0,enc/off/vf=off/lk=0,35.611,35.611,35.611,0.0,29.5,0.0,0.1328
524,21.97,26719.0,enc/off/vf=off/lk=0,36.061,36.061,36.061,0.0,18.305,0.0,0.1332
525,21.99,26739.0,enc/off/vf=off/lk=0,36.495,36.495,36.495,0.0,21.707,0.0,0.1333
526,22.01,26759.0,enc/off/vf=off/lk=0,36.941,36.941,36.941,0.0,22.125,0.0,0.1339
527,22.03,26779.0,enc/off/vf=off/lk=0,37.391,37.391,37.391,0.0,18.437,0.0,0.1345
528,22.05,26799.0,enc/off/vf=off/lk=0,37.836,37.836,37.836,0.0,18.437,0.0,0.1353
529,22.07,26819.0,enc/off/vf=off/lk=0,38.28,38.28,38.28,0.0,22.125,0.0,0.1353
530,22.09,26839.0,enc/off/vf=off/lk=0,38.733,38.733,38.733,0.0,21.966,0.0,0.1356
531,22.11,26859.0,enc/off/vf=off/lk=0,39.173,39.173,39.173,0.0,18.089,0.0,0.1363
532,22.13,26879.0,enc/off/vf=off/lk=0,39.637,39.637,39.637,0.0,29.499,0.0,0.1369
533,22.15,26899.0,enc/off/vf=off/lk=0,40.101,40.101,40.101,0.0,22.125,0.0,0.1373
534,22.17,26919.0,enc/off/vf=off/lk=0,40.562,40.562,40.562,0.0,18.482,0.0,0.1374
535,22.19,26939.0,enc/off/vf=off/lk=0,41.013,41.013,41.013,0.0,22.125,0.0,0.1384
536,22.21,26959.0,enc/off/vf=off/lk=0,41.47,41.47,41.47,0.0,25.812,0.0,0.1384
537,22.23,26979.0,enc/off/vf=off/lk=0,41.918,41.918,41.918,0.0,25.325,0.0,0.1395
538,22.25,26999.0,enc/off/vf=off/lk=0,42.388,42.388,42.388,0.0,22.125,0.0,0.1391
539,22.27,27019.0,enc/off/vf=off/lk=0,42.858,42.858,42.858,0.0,29.5,0.0,0.1396
540,22.29,27039.0,enc/off/vf=off/lk=0,43.33,43.33,43.33,0.0,22.125,0.0,0.1398
541,22.31,27059.0,enc/off/vf=off/lk=0,43.798,43.798,43.798,0.0,21.81,0.0,0.1403
542,22.33,27079.0,enc/off/vf=off/lk=0,44.257,44.257,44.257,0.0,29.288,0.0,0.1408
543,22.35,27099.0,enc/off/vf=off/lk=0,44.7,44.7,44.7,0.0,21.759,0.0,0.1414
544,22.37,27119.0,enc/off/vf=off/lk=0,45.173,45.173,45.173,0.0,28.943,0.0,0.1417
545,22.39,27139.0,enc/off/vf=off/lk=0,45.656,45.656,45.656,0.0,29.571,0.0,0.1426
546,22.41,27159.0,enc/off/vf=off/lk=0,46.141,46.141,46.141,0.0,22.125,0.0,0.142
547,22.43,27179.0,enc/off/vf=off/lk=0,46.622,46.622,46.622,0.0,22.125,0.0,0.1424
548,22.45,27199.0,enc/off/vf=off/lk=0,47.095,47.095,47.095,0.0,18.175,0.0,0.1427
549,22.47,27219.0,enc/off/vf=off/lk=0,47.546,47.546,47.546,0.0,18.662,0.0,0.1433
550,22.49,27239.0,enc/off/vf=off/lk=0,48.021,48.021,48.021,0.0,28.943,0.0,0.1437
551,22.51,27259.0,enc/off/vf=off/lk=0,48.501,48.501,48.501,0.0,22.125,0.0,0.144
552,22.53,27279.0,enc/off/vf=off/lk=0,48.988,48.988,48.988,0.0,22.125,0.0,0.1441
553,22.55,27299.0,enc/off/vf=off/lk=0,49.472,49.472,49.472,0.0,22.125,0.0,0.1445
554,22.57,27319.0,enc/off/vf=off/lk=0,49.957,49.957,49.957,0.0,29.288,0.0,0.1451
555,22.59,27339.0,enc/off/vf=off/lk=0,50.433,50.433,50.433,0.0,22.448,0.0,0.1456
556,22.61,27359.0,enc/off/vf=off/lk=0,50.894,50.894,50.894,0.0,22.072,0.0,0.1456
557,22.63,27379.0,enc/off/vf=off/lk=0,51.376,51.376,51.376,0.0,29.359,0.0,0.1463
558,22.65,27399.0,enc/off/vf=off/lk=0,51.872,51.872,51.872,0.0,33.187,0.0,0.147
559,22.67,27419.0,enc/off/vf=off/lk=0,52.375,52.375,52.375,0.0,29.5,0.0,0.1466
560,22.69,27439.0,enc/off/vf=off/lk=0,52.872,52.872,52.872,0.0,22.125,0.0,0.1468
561,22.71,27459.0,enc/off/vf=off/lk=0,53.361,53.361,53.361,0.0,22.34,0.0,0.1472
562,22.73,27479.0,enc/off/vf=off/lk=0,53.843,53.843,53.843,0.0,29.931,0.0,0.1479
563,22.75,27499.0,enc/off/vf=off/lk=0,54.314,54.314,54.314,0.0,25.385,0.0,0.1487
564,22.77,27519.0,enc/off/vf=off/lk=0,54.812,54.812,54.812,0.0,29.5,0.0,0.1487
565,22.79,27539.0,enc/off/vf=off/lk=0,55.312,55.312,55.312,0.0,33.187,0.0,0.1491
566,22.81,27559.0,enc/off/vf=off/lk=0,55.815,55.815,55.815,0.0,22.394,0.0,0.149
567,22.83,27579.0,enc/off/vf=off/lk=0,56.294,56.294,56.294,0.0,21.758,0.0,0.1493
568,22.85,27599.0,enc/off/vf=off/lk=0,56.786,56.786,56.786,0.0,21.81,0.0,0.1495
569,22.87,27619.0,enc/off/vf=off/lk=0,57.279,57.279,57.279,0.0,25.812,0.0,0.1502
570,22.89,27639.0,enc/off/vf=off/lk=0,57.773,57.773,57.773,0.0,29.5,0.0,0.1505
571,22.91,27659.0,enc/off/vf=off/lk=0,58.282,58.282,58.282,0.0,22.125,0.0,0.1504
572,22.93,27679.0,enc/off/vf=off/lk=0,58.796,58.796,58.796,0.0,22.178,0.0,0.1505
573,22.95,27699.0,enc/off/vf=off/lk=0,59.301,59.301,59.301,0.0,22.125,0.0,0.1515
574,22.97,27719.0,enc/off/vf=off/lk=0,59.799,59.799,59.799,0.0,21.914,0.0,0.1513
575,22.99,27739.0,enc/off/vf=off/lk=0,60.278,60.278,60.278,0.0,21.759,0.0,0.1515
576,23.01,27759.0,enc/off/vf=off/lk=0,60.779,60.779,60.779,0.0,22.125,0.0,0.1516
577,23.03,27779.0,enc/off/vf=off/lk=0,61.293,61.293,61.293,0.0,29.5,0.0,0.1528
578,23.05,27799.0,enc/off/vf=off/lk=0,61.81,61.81,61.81,0.0,33.187,0.0,0.1537
579,23.07,27819.0,enc/off/vf=off/lk=0,62.327,62.327,62.327,0.0,21.966,0.0,0.1529
580,23.09,27839.0,enc/off/vf=off/lk=0,62.83,62.83,62.83,0.0,21.81,0.0,0.153
581,23.11,27859.0,enc/off/vf=off/lk=0,63.314,63.314,63.314,0.0,21.707,0.0,0.1534
582,23.13,27879.0,enc/off/vf=off/lk=0,63.818,63.818,63.818,0.0,33.267,0.0,0.1539
583,23.15,27899.0,enc/off/vf=off/lk=0,64.334,64.334,64.334,0.0,22.125,0.0,0.1538
584,23.17,27919.0,enc/off/vf=off/lk=0,64.858,64.858,64.858,0.0,22.125,0.0,0.1537
585,23.19,27939.0,enc/off/vf=off/lk=0,65.38,65.38,65.38,0.0,22.125,0.0,0.1548
586,23.21,27959.0,enc/off/vf=off/lk=0,65.895,65.895,65.895,0.0,33.267,0.0,0.155
587,23.23,27979.0,enc/off/vf=off/lk=0,66.383,66.383,66.383,0.0,21.81,0.0,0.1564
588,23.25,27999.0,enc/off/vf=off/lk=0,66.897,66.897,66.897,0.0,29.5,0.0,0.1567
589,23.27,28019.0,enc/off/vf=off/lk=0,67.418,67.418,67.418,0.0,29.571,0.0,0.1566
590,23.29,28039.0,enc/off/vf=off/lk=0,67.945,67.945,67.945,0.0,32.793,0.0,0.1561
591,23.31,28059.0,enc/off/vf=off/lk=0,68.474,68.474,68.474,0.0,22.019,0.0,0.1561
592,23.33,28079.0,enc/off/vf=off/lk=0,68.975,68.975,68.975,0.0,33.267,0.0,0.1566
593,23.35,28099.0,enc/off/vf=off/lk=0,69.485,69.485,69.485,0.0,25.812,0.0,0.1567
594,23.37,28119.0,enc/off/vf=off/lk=0,69.999,69.999,69.999,0.0,25.812,0.0,0.1573
595,23.39,28139.0,enc/off/vf=off/lk=0,70.52,70.52,70.52,0.0,33.267,0.0,0.1572
596,23.41,28159.0,enc/off/vf=off/lk=0,71.051,71.051,71.051,0.0,25.812,0.0,0.1571
597,23.43,28179.0,enc/off/vf=off/lk=0,71.586,71.586,71.586,0.0,21.966,0.0,0.1572
598,23.45,28199.0,enc/off/vf=off/lk=0,72.094,72.094,72.094,0.0,26.126,0.0,0.1575
599,23.47,28219.0,enc/off/vf=off/lk=0,72.609,72.609,72.609,0.0,29.012,0.0,0.1585
600,23.49,28239.0,enc/off/vf=off/lk=0,73.129,73.129,73.129,0.0,33.187,0.0,0.1593
601,23.51,28259.0,enc/off/vf=off/lk=0,73.657,73.657,73.657,0.0,25.812,0.0,0.1604
602,23.53,28279.0,enc/off/vf=off/lk=0,74.194,74.194,74.194,0.0,32.871,0.0,0.1604
603,23.55,28299.0,enc/off/vf=off/lk=0,74.734,74.734,74.734,0.0,26.254,0.0,0.1598
604,23.57,28319.0,enc/off/vf=off/lk=0,75.249,75.249,75.249,0.0,25.266,0.0,0.1596
605,23.59,28339.0,enc/off/vf=off/lk=0,75.771,75.771,75.771,0.0,25.812,0.0,0.16
606,23.61,28359.0,enc/off/vf=off/lk=0,76.291,76.291,76.291,0.0,25.874,0.0,0.16
607,23.63,28379.0,enc/off/vf=off/lk=0,76.823,76.823,76.823,0.0,33.187,0.0,0.1608
608,23.65,28399.0,enc/off/vf=off/lk=0,77.365,77.365,77.365,0.0,25.812,0.0,0.1604
609,23.67,28419.0,enc/off/vf=off/lk=0,77.911,77.911,77.911,0.0,25.812,0.0,0.1605
610,23.69,28439.0,enc/off/vf=off/lk=0,78.446,78.446,78.446,0.0,25.874,0.0,0.161
611,23.71,28459.0,enc/off/vf=off/lk=0,78.952,78.952,78.952,0.0,29.859,0.0,0.1619
612,23.73,28479.0,enc/off/vf=off/lk=0,79.483,79.483,79.483,0.0,22.125,0.0,0.1615
613,23.75,28499.0,enc/off/vf=off/lk=0,80.022,80.022,80.022,0.0,22.125,0.0,0.1613
614,23.77,28519.0,enc/off/vf=off/lk=0,80.566,80.566,80.566,0.0,25.812,0.0,0.1613
615,23.79,28539.0,enc/off/vf=off/lk=0,81.111,81.111,81.111,0.0,25.627,0.0,0.1618
616,23.81,28559.0,enc/off/vf=off/lk=0,81.626,81.626,81.626,0.0,33.108,0.0,0.1625
617,23.83,28579.0,enc/off/vf=off/lk=0,82.154,82.154,82.154,0.0,21.759,0.0,0.1623
618,23.85,28599.0,enc/off/vf=off/lk=0,82.688,82.688,82.688,0.0,25.75,0.0,0.1625
619,23.87,28619.0,enc/off/vf=off/lk=0,83.231,83.231,83.231,0.0,33.187,0.0,0.1629
620,23.89,28639.0,enc/off/vf=off/lk=0,83.781,83.781,83.781,0.0,25.812,0.0,0.1627
621,23.91,28659.0,enc/off/vf=off/lk=0,84.332,84.332,84.332,0.0,25.874,0.0,0.1627
622,23.93,28679.0,enc/off/vf=off/lk=0,84.869,84.869,84.869,0.0,33.267,0.0,0.1634
623,23.95,28699.0,enc/off/vf=off/lk=0,85.4,85.4,85.4,0.0,32.95,0.0,0.1634
624,23.97,28719.0,enc/off/vf=off/lk=0,85.92,85.92,85.92,0.0,32.561,0.0,0.1644
625,23.99,28739.0,enc/off/vf=off/lk=0,86.47,86.47,86.47,0.0,25.874,0.0,0.1639
626,24.01,28759.0,enc/off/vf=off/lk=0,87.024,87.024,87.024,0.0,22.125,0.0,0.1637
627,24.03,28779.0,enc/off/vf=off/lk=0,87.569,87.569,87.569,0.0,33.187,0.0,0.1641
628,24.05,28799.0,enc/off/vf=off/lk=0,88.107,88.107,88.107,0.0,25.874,0.0,0.1644
629,24.07,28819.0,enc/off/vf=off/lk=0,88.641,88.641,88.641,0.0,34.005,0.0,0.1646
630,24.09,28839.0,enc/off/vf=off/lk=0,89.186,89.186,89.186,0.0,32.95,0.0,0.1649
631,24.11,28859.0,enc/off/vf=off/lk=0,89.719,89.719,89.719,0.0,32.638,0.0,0.1643
632,24.13,28879.0,enc/off/vf=off/lk=0,90.276,90.276,90.276,0.0,25.812,0.0,0.1644
633,24.15,28899.0,enc/off/vf=off/lk=0,90.827,90.827,90.827,0.0,22.125,0.0,0.1646
634,24.17,28919.0,enc/off/vf=off/lk=0,91.367,91.367,91.367,0.0,25.812,0.0,0.1649
635,24.19,28939.0,enc/off/vf=off/lk=0,91.912,91.912,91.912,0.0,32.715,0.0,0.1658
636,24.21,28959.0,enc/off/vf=off/lk=0,92.438,92.438,92.438,0.0,29.859,0.0,0.1656
637,24.23,28979.0,enc/off/vf=off/lk=0,92.993,92.993,92.993,0.0,25.812,0.0,0.1653
638,24.25,28999.0,enc/off/vf=off/lk=0,93.547,93.547,93.547,0.0,33.187,0.0,0.1661
639,24.27,29019.0,enc/off/vf=off/lk=0,94.102,94.102,94.102,0.0,33.187,0.0,0.1663
640,24.29,29039.0,enc/off/vf=off/lk=0,94.642,94.642,94.642,0.0,25.812,0.0,0.166
641,24.31,29059.0,enc/off/vf=off/lk=0,95.187,95.187,95.187,0.0,26.063,0.0,0.1666
642,24.33,29079.0,enc/off/vf=off/lk=0,95.739,95.739,95.739,0.0,25.627,0.0,0.1666
643,24.35,29099.0,enc/off/vf=off/lk=0,96.282,96.282,96.282,0.0,32.638,0.0,0.167
644,24.37,29119.0,enc/off/vf=off/lk=0,96.848,96.848,96.848,0.0,33.187,0.0,0.1667
645,24.39,29139.0,enc/off/vf=off/lk=0,97.4,97.4,97.4,0.0,25.812,0.0,0.1667
646,24.41,29159.0,enc/off/vf=off/lk=0,97.94,97.94,97.94,0.0,25.812,0.0,0.1668
647,24.43,29179.0,enc/off/vf=off/lk=0,98.492,98.492,98.492,0.0,25.627,0.0,0.1679
648,24.45,29199.0,enc/off/vf=off/lk=0,99.034,99.034,99.034,0.0,33.591,0.0,0.168
649,24.47,29219.0,enc/off/vf=off/lk=0,99.597,99.597,99.597,0.0,33.266,0.0,0.1675
650,24.49,29239.0,enc/off/vf=off/lk=0,100.155,100.155,100.155,0.0,33.187,0.0,0.1674
651,24.51,29259.0,enc/off/vf=off/lk=0,100.701,100.701,100.701,0.0,25.812,0.0,0.168
652,24.53,29279.0,enc/off/vf=off/lk=0,101.25,101.25,101.25,0.0,25.812,0.0,0.1685
653,24.55,29299.0,enc/off/vf=off/lk=0,101.804,101.804,101.804,0.0,25.566,0.0,0.1681
654,24.57,29319.0,enc/off/vf=off/lk=0,102.369,102.369,102.369,0.0,25.689,0.0,0.1679
655,24.59,29339.0,enc/off/vf=off/lk=0,102.916,102.916,102.916,0.0,33.187,0.0,0.1678
656,24.61,29359.0,enc/off/vf=off/lk=0,103.479,103.479,103.479,0.0,36.963,0.0,0.1678
657,24.63,29379.0,enc/off/vf=off/lk=0,104.032,104.032,104.032,0.0,25.874,0.0,0.1683
658,24.65,29399.0,enc/off/vf=off/lk=0,104.582,104.582,104.582,0.0,21.914,0.0,0.1683
659,24.67,29419.0,enc/off/vf=off/lk=0,105.119,105.119,105.119,0.0,26.126,0.0,0.1681
660,24.69,29439.0,enc/off/vf=off/lk=0,105.684,105.684,105.684,0.0,36.875,0.0,0.1682
661,24.71,29459.0,enc/off/vf=off/lk=0,106.251,106.251,106.251,0.0,36.875,0.0,0.1684
662,24.73,29479.0,enc/off/vf=off/lk=0,106.808,106.808,106.808,0.0,26.126,0.0,0.1703
663,24.75,29499.0,enc/off/vf=off/lk=0,107.359,107.359,107.359,0.0,25.689,0.0,0.1695
664,24.77,29519.0,enc/off/vf=off/lk=0,107.909,107.909,107.909,0.0,26.19,0.0,0.1694
665,24.79,29539.0,enc/off/vf=off/lk=0,108.462,108.462,108.462,0.0,25.385,0.0,0.1691
666,24.81,29559.0,enc/off/vf=off/lk=0,109.032,109.032,109.032,0.0,33.267,0.0,0.1703
667,24.83,29579.0,enc/off/vf=off/lk=0,109.6,109.6,109.6,0.0,33.187,0.0,0.1697
668,24.85,29599.0,enc/off/vf=off/lk=0,110.158,110.158,110.158,0.0,32.715,0.0,0.1715
669,24.87,29619.0,enc/off/vf=off/lk=0,110.715,110.715,110.715,0.0,25.874,0.0,0.1709
670,24.89,29639.0,enc/off/vf=off/lk=0,111.275,111.275,111.275,0.0,25.266,0.0,0.1703
671,24.91,29659.0,enc/off/vf=off/lk=0,111.821,111.821,111.821,0.0,25.324,0.0,0.1701
672,24.93,29679.0,enc/off/vf=off/lk=0,112.395,112.395,112.395,0.0,25.812,0.0,0.1709
673,24.95,29699.0,enc/off/vf=off/lk=0,112.964,112.964,112.964,0.0,36.963,0.0,0.1709
674,24.97,29719.0,enc/off/vf=off/lk=0,113.518,113.518,113.518,0.0,25.874,0.0,0.171
675,24.99,29739.0,enc/off/vf=off/lk=0,114.073,114.073,114.073,0.0,33.187,0.0,0.1715
676,25.01,29759.0,enc/off/vf=off/lk=0,114.644,114.644,114.644,0.0,26.126,0.0,0.1713
677,25.03,29779.0,enc/off/vf=off/lk=0,115.22,115.22,115.22,0.0,25.75,0.0,0.1706
678,25.05,29799.0,enc/off/vf=off/lk=0,115.776,115.776,115.776,0.0,25.325,0.0,0.1718
679,25.07,29819.0,enc/off/vf=off/lk=0,116.34,116.34,116.34,0.0,33.187,0.0,0.1719
680,25.09,29839.0,enc/off/vf=off/lk=0,116.899,116.899,116.899,0.0,36.875,0.0,0.1719
681,25.11,29859.0,enc/off/vf=off/lk=0,117.466,117.466,117.466,0.0,36.523,0.0,0.172
682,25.13,29879.0,enc/off/vf=off/lk=0,118.04,118.04,118.04,0.0,25.689,0.0,0.1722
683,25.15,29899.0,enc/off/vf=off/lk=0,118.595,118.595,118.595,0.0,33.187,0.0,0.1735
684,25.17,29919.0,enc/off/vf=off/lk=0,119.17,119.17,119.17,0.0,36.875,0.0,0.1735
685,25.19,29939.0,enc/off/vf=off/lk=0,119.738,119.738,119.738,0.0,25.874,0.0,0.1729
686,25.21,29959.0,enc/off/vf=off/lk=0,120.298,120.298,120.298,0.0,25.812,0.0,0.1728
687,25.23,29979.0,enc/off/vf=off/lk=0,120.868,120.868,120.868,0.0,32.715,0.0,0.1737
688,25.25,29999.0,enc/off/vf=off/lk=0,121.454,121.454,121.454,0.0,37.414,0.0,0.1737
689,25.27,30019.0,enc/off/vf=off/lk=0,122.019,122.019,122.019,0.0,32.715,0.0,0.1728
690,25.29,30039.0,enc/off/vf=off/lk=0,122.587,122.587,122.587,0.0,25.812,0.0,0.1731
691,25.31,30059.0,enc/off/vf=off/lk=0,123.15,123.15,123.15,0.0,25.812,0.0,0.1731
692,25.33,30079.0,enc/off/vf=off/lk=0,123.723,123.723,123.723,0.0,29.359,0.0,0.173
693,25.35,30099.0,enc/off/vf=off/lk=0,124.28,124.28,124.28,0.0,25.325,0.0,0.1728
694,25.37,30119.0,enc/off/vf=off/lk=0,124.858,124.858,124.858,0.0,25.812,0.0,0.1729
695,25.39,30139.0,enc/off/vf=off/lk=0,125.434,125.434,125.434,0.0,36.875,0.0,0.1731
696,25.41,30159.0,enc/off/vf=off/lk=0,126.003,126.003,126.003,0.0,25.812,0.0,0.1734
697,25.43,30179.0,enc/off/vf=off/lk=0,126.564,126.564,126.564,0.0,32.949,0.0,0.174
698,25.45,30199.0,enc/off/vf=off/lk=0,127.139,127.139,127.139,0.0,26.126,0.0,0.1737
699,25.47,30219.0,enc/off/vf=off/lk=0,127.704,127.704,127.704,0.0,28.943,0.0,0.1732
700,25.49,30239.0,enc/off/vf=off/lk=0,128.291,128.291,128.291,0.0,25.812,0.0,0.173
701,25.51,30259.0,enc/off/vf=off/lk=0,128.861,128.861,128.861,0.0,33.187,0.0,0.1733
702,25.53,30279.0,enc/off/vf=off/lk=0,129.423,129.423,129.423,0.0,36.523,0.0,0.1746
703,25.55,30299.0,enc/off/vf=off/lk=0,129.976,129.976,129.976,0.0,37.323,0.0,0.1749
704,25.57,30319.0,enc/off/vf=off/lk=0,130.556,130.556,130.556,0.0,36.875,0.0,0.1749
705,25.59,30339.0,enc/off/vf=off/lk=0,131.138,131.138,131.138,0.0,33.267,0.0,0.1742
706,25.61,30359.0,enc/off/vf=off/lk=0,131.718,131.718,131.718,0.0,29.5,0.0,0.1743
707,25.63,30379.0,enc/off/vf=off/lk=0,132.289,132.289,132.289,0.0,26.0,0.0,0.1743
708,25.65,30399.0,enc/off/vf=off/lk=0,132.853,132.853,132.853,0.0,26.19,0.0,0.1746
709,25.67,30419.0,enc/off/vf=off/lk=0,133.41,133.41,133.41,0.0,25.325,0.0,0.1742
710,25.69,30439.0,enc/off/vf=off/lk=0,133.999,133.999,133.999,0.0,25.874,0.0,0.174
711,25.71,30459.0,enc/off/vf=off/lk=0,134.588,134.588,134.588,0.0,25.812,0.0,0.1739
712,25.73,30479.0,enc/off/vf=off/lk=0,135.158,135.158,135.158,0.0,21.966,0.0,0.1742
713,25.75,30499.0,enc/off/vf=off/lk=0,135.724,135.724,135.724,0.0,33.428,0.0,0.1749
714,25.77,30519.0,enc/off/vf=off/lk=0,136.277,136.277,136.277,0.0,26.125,0.0,0.1748
715,25.79,30539.0,enc/off/vf=off/lk=0,136.854,136.854,136.854,0.0,25.874,0.0,0.1743
716,25.81,30559.0,enc/off/vf=off/lk=0,137.439,137.439,137.439,0.0,36.875,0.0,0.1754
717,25.83,30579.0,enc/off/vf=off/lk=0,138.023,138.023,138.023,0.0,36.875,0.0,0.1757
718,25.85,30599.0,enc/off/vf=off/lk=0,138.597,138.597,138.597,0.0,25.627,0.0,0.1757
719,25.87,30619.0,enc/off/vf=off/lk=0,139.163,139.163,139.163,0.0,33.028,0.0,0.1756
720,25.89,30639.0,enc/off/vf=off/lk=0,139.74,139.74,139.74,0.0,36.523,0.0,0.1751
721,25.91,30659.0,enc/off/vf=off/lk=0,140.31,140.31,140.31,0.0,25.812,0.0,0.1752
722,25.93,30679.0,enc/off/vf=off/lk=0,140.902,140.902,140.902,0.0,33.187,0.0,0.1753
723,25.95,30699.0,enc/off/vf=off/lk=0,141.478,141.478,141.478,0.0,22.125,0.0,0.1759
724,25.97,30719.0,enc/off/vf=off/lk=0,142.05,142.05,142.05,0.0,36.611,0.0,0.1763
725,25.99,30739.0,enc/off/vf=off/lk=0,142.607,142.607,142.607,0.0,33.028,0.0,0.1767
726,26.01,30759.0,enc/off/vf=off/lk=0,143.193,143.193,143.193,0.0,33.187,0.0,0.176
727,26.03,30779.0,enc/off/vf=off/lk=0,143.78,143.78,143.78,0.0,29.571,0.0,0.1756
728,26.05,30799.0,enc/off/vf=off/lk=0,144.363,144.363,144.363,0.0,29.571,0.0,0.1756
729,26.07,30819.0,enc/off/vf=off/lk=0,144.932,144.932,144.932,0.0,25.812,0.0,0.1759
730,26.09,30839.0,enc/off/vf=off/lk=0,145.501,145.501,145.501,0.0,25.874,0.0,0.1761
731,26.11,30859.0,enc/off/vf=off/lk=0,146.089,146.089,146.089,0.0,37.876,0.0,0.1757
732,26.13,30879.0,enc/off/vf=off/lk=0,146.661,146.661,146.661,0.0,36.786,0.0,0.1755
733,26.15,30899.0,enc/off/vf=off/lk=0,147.248,147.248,147.248,0.0,25.812,0.0,0.1754
734,26.17,30919.0,enc/off/vf=off/lk=0,147.824,147.824,147.824,0.0,25.812,0.0,0.1759
735,26.19,30939.0,enc/off/vf=off/lk=0,148.397,148.397,148.397,0.0,25.812,0.0,0.1759
736,26.21,30959.0,enc/off/vf=off/lk=0,148.977,148.977,148.977,0.0,25.874,0.0,0.1758
737,26.23,30979.0,enc/off/vf=off/lk=0,149.54,149.54,149.54,0.0,36.179,0.0,0.1759
738,26.25,30999.0,enc/off/vf=off/lk=0,150.131,150.131,150.131,0.0,36.875,0.0,0.1756
739,26.27,31019.0,enc/off/vf=off/lk=0,150.714,150.714,150.714,0.0,25.811,0.0,0.1757
740,26.29,31039.0,enc/off/vf=off/lk=0,151.281,151.281,151.281,0.0,33.187,0.0,0.1764
741,26.31,31059.0,enc/off/vf=off/lk=0,151.852,151.852,151.852,0.0,33.187,0.0,0.1767
742,26.33,31079.0,enc/off/vf=off/lk=0,152.441,152.441,152.441,0.0,25.627,0.0,0.176
743,26.35,31099.0,enc/off/vf=off/lk=0,153.013,153.013,153.013,0.0,25.325,0.0,0.1756
744,26.37,31119.0,enc/off/vf=off/lk=0,153.596,153.596,153.596,0.0,25.812,0.0,0.1758
745,26.39,31139.0,enc/off/vf=off/lk=0,154.173,154.173,154.173,0.0,25.812,0.0,0.1771
746,26.41,31159.0,enc/off/vf=off/lk=0,154.751,154.751,154.751,0.0,36.874,0.0,0.177
747,26.43,31179.0,enc/off/vf=off/lk=0,155.332,155.332,155.332,0.0,32.95,0.0,0.1779
748,26.45,31199.0,enc/off/vf=off/lk=0,155.902,155.902,155.902,0.0,32.561,0.0,0.1779
749,26.47,31219.0,enc/off/vf=off/lk=0,156.5,156.5,156.5,0.0,33.187,0.0,0.1787
750,26.49,31239.0,enc/off/vf=off/lk=0,157.086,157.086,157.086,0.0,25.812,0.0,0.1777
751,26.51,31259.0,enc/off/vf=off/lk=0,157.659,157.659,157.659,0.0,25.812,0.0,0.1775
752,26.53,31279.0,enc/off/vf=off/lk=0,158.235,158.235,158.235,0.0,29.571,0.0,0.1774
753,26.55,31299.0,enc/off/vf=off/lk=0,158.828,158.828,158.828,0.0,25.566,0.0,0.1776
754,26.57,31319.0,enc/off/vf=off/lk=0,159.404,159.404,159.404,0.0,36.179,0.0,0.1781
755,26.59,31339.0,enc/off/vf=off/lk=0,159.997,159.997,159.997,0.0,36.963,0.0,0.1785
756,26.61,31359.0,enc/off/vf=off/lk=0,160.582,160.582,160.582,0.0,25.812,0.0,0.179
757,26.63,31379.0,enc/off/vf=off/lk=0,161.165,161.165,161.165,0.0,29.859,0.0,0.178
758,26.65,31399.0,enc/off/vf=off/lk=0,161.751,161.751,161.751,0.0,25.999,0.0,0.1782
759,26.67,31419.0,enc/off/vf=off/lk=0,162.326,162.326,162.326,0.0,36.094,0.0,0.1776
760,26.69,31439.0,enc/off/vf=off/lk=0,162.919,162.919,162.919,0.0,25.874,0.0,0.1776
761,26.71,31459.0,enc/off/vf=off/lk=0,163.495,163.495,163.495,0.0,25.874,0.0,0.178
762,26.73,31479.0,enc/off/vf=off/lk=0,164.075,164.075,164.075,0.0,36.875,0.0,0.1783
763,26.75,31499.0,enc/off/vf=off/lk=0,164.661,164.661,164.661,0.0,29.931,0.0,0.178
764,26.77,31519.0,enc/off/vf=off/lk=0,165.23,165.23,165.23,0.0,25.325,0.0,0.1777
765,26.79,31539.0,enc/off/vf=off/lk=0,165.836,165.836,165.836,0.0,25.812,0.0,0.1775
766,26.81,31559.0,enc/off/vf=off/lk=0,166.425,166.425,166.425,0.0,25.812,0.0,0.1776
767,26.83,31579.0,enc/off/vf=off/lk=0,167.003,167.003,167.003,0.0,25.812,0.0,0.1782
768,26.85,31599.0,enc/off/vf=off/lk=0,167.586,167.586,167.586,0.0,25.874,0.0,0.1783
769,26.87,31619.0,enc/off/vf=off/lk=0,168.16,168.16,168.16,0.0,33.591,0.0,0.178
770,26.89,31639.0,enc/off/vf=off/lk=0,168.75,168.75,168.75,0.0,28.943,0.0,0.178
771,26.91,31659.0,enc/off/vf=off/lk=0,169.341,169.341,169.341,0.0,25.874,0.0,0.178
772,26.93,31679.0,enc/off/vf=off/lk=0,169.925,169.925,169.925,0.0,36.875,0.0,0.1781
773,26.95,31699.0,enc/off/vf=off/lk=0,170.502,170.502,170.502,0.0,25.812,0.0,0.1784
774,26.97,31719.0,enc/off/vf=off/lk=0,171.089,171.089,171.089,0.0,29.5,0.0,0.1783
775,26.99,31739.0,enc/off/vf=off/lk=0,171.688,171.688,171.688,0.0,29.288,0.0,0.1778
776,27.01,31759.0,enc/off/vf=off/lk=0,172.266,172.266,172.266,0.0,32.638,0.0,0.1786
777,27.03,31779.0,enc/off/vf=off/lk=0,172.854,172.854,172.854,0.0,33.267,0.0,0.1799
778,27.05,31799.0,enc/off/vf=off/lk=0,173.433,173.433,173.433,0.0,25.812,0.0,0.1799
779,27.07,31819.0,enc/off/vf=off/lk=0,174.024,174.024,174.024,0.0,25.689,0.0,0.1799
780,27.09,31839.0,enc/off/vf=off/lk=0,174.621,174.621,174.621,0.0,26.063,0.0,0.1794
781,27.11,31859.0,enc/off/vf=off/lk=0,175.194,175.194,175.194,0.0,28.943,0.0,0.1788
782,27.13,31879.0,enc/off/vf=off/lk=0,175.791,175.791,175.791,0.0,25.812,0.0,0.1786
783,27.15,31899.0,enc/off/vf=off/lk=0,176.373,176.373,176.373,0.0,33.187,0.0,0.1794
784,27.17,31919.0,enc/off/vf=off/lk=0,176.952,176.952,176.952,0.0,25.812,0.0,0.1796
785,27.19,31939.0,enc/off/vf=off/lk=0,177.546,177.546,177.546,0.0,29.5,0.0,0.1797
786,27.21,31959.0,enc/off/vf=off/lk=0,178.15,178.15,178.15,0.0,25.627,0.0,0.1788
787,27.23,31979.0,enc/off/vf=off/lk=0,178.73,178.73,178.73,0.0,29.859,0.0,0.1787
788,27.25,31999.0,enc/off/vf=off/lk=0,179.318,179.318,179.318,0.0,25.812,0.0,0.179
789,27.27,32019.0,enc/off/vf=off/lk=0,179.902,179.902,179.902,0.0,25.874,0.0,0.179
790,27.29,32039.0,enc/off/vf=off/lk=0,180.488,180.488,180.488,0.0,25.812,0.0,0.1793
791,27.31,32059.0,enc/off/vf=off/lk=0,181.086,181.086,181.086,0.0,29.786,0.0,0.1795
792,27.33,32079.0,enc/off/vf=off/lk=0,181.666,181.666,181.666,0.0,25.385,0.0,0.1801
793,27.35,32099.0,enc/off/vf=off/lk=0,182.257,182.257,182.257,0.0,25.874,0.0,0.1794
794,27.37,32119.0,enc/off/vf=off/lk=0,182.837,182.837,182.837,0.0,25.812,0.0,0.1795
795,27.39,32139.0,enc/off/vf=off/lk=0,183.424,183.424,183.424,0.0,36.874,0.0,0.1795
796,27.41,32159.0,enc/off/vf=off/lk=0,184.021,184.021,184.021,0.0,25.566,0.0,0.1792
797,27.43,32179.0,enc/off/vf=off/lk=0,184.625,184.625,184.625,0.0,29.359,0.0,0.1789
798,27.45,32199.0,enc/off/vf=off/lk=0,185.201,185.201,185.201,0.0,29.5,0.0,0.1788
799,27.47,32219.0,enc/off/vf=off/lk=0,185.783,185.783,185.783,0.0,25.812,0.0,0.1791
800,27.49,32239.0,enc/off/vf=off/lk=0,186.365,186.365,186.365,0.0,25.812,0.0,0.1791
801,27.51,32259.0,enc/off/vf=off/lk=0,186.957,186.957,186.957,0.0,29.219,0.0,0.1789
802,27.53,32279.0,enc/off/vf=off/lk=0,187.538,187.538,187.538,0.0,29.859,0.0,0.1786
803,27.55,32299.0,enc/off/vf=off/lk=0,188.129,188.129,188.129,0.0,25.812,0.0,0.1789
804,27.57,32319.0,enc/off/vf=off/lk=0,188.713,188.713,188.713,0.0,36.963,0.0,0.1793
805,27.59,32339.0,enc/off/vf=off/lk=0,189.298,189.298,189.298,0.0,25.812,0.0,0.1793
806,27.61,32359.0,enc/off/vf=off/lk=0,189.884,189.884,189.884,0.0,29.571,0.0,0.1792
807,27.63,32379.0,enc/off/vf=off/lk=0,190.485,190.485,190.485,0.0,29.08,0.0,0.1789
808,27.65,32399.0,enc/off/vf=off/lk=0,191.067,191.067,191.067,0.0,28.943,0.0,0.1786
809,27.67,32419.0,enc/off/vf=off/lk=0,191.66,191.66,191.66,0.0,25.812,0.0,0.1789
810,27.69,32439.0,enc/off/vf=off/lk=0,192.24,192.24,192.24,0.0,25.812,0.0,0.1789
811,27.71,32459.0,enc/off/vf=off/lk=0,192.826,192.826,192.826,0.0,29.499,0.0,0.1788
812,27.73,32479.0,enc/off/vf=off/lk=0,193.42,193.42,193.42,0.0,25.506,0.0,0.1786
813,27.75,32499.0,enc/off/vf=off/lk=0,193.993,193.993,193.993,0.0,32.715,0.0,0.1787
814,27.77,32519.0,enc/off/vf=off/lk=0,194.589,194.589,194.589,0.0,36.875,0.0,0.1787
815,27.79,32539.0,enc/off/vf=off/lk=0,195.171,195.171,195.171,0.0,25.812,0.0,0.1792
816,27.81,32559.0,enc/off/vf=off/lk=0,195.75,195.75,195.75,0.0,33.187,0.0,0.1795
817,27.83,32579.0,enc/off/vf=off/lk=0,196.342,196.342,196.342,0.0,36.875,0.0,0.1793
818,27.85,32599.0,enc/off/vf=off/lk=0,196.926,196.926,196.926,0.0,29.012,0.0,0.1787
819,27.87,32619.0,enc/off/vf=off/lk=0,197.52,197.52,197.52,0.0,29.5,0.0,0.1786
820,27.89,32639.0,enc/off/vf=off/lk=0,198.104,198.104,198.104,0.0,25.874,0.0,0.1791
821,27.91,32659.0,enc/off/vf=off/lk=0,198.687,198.687,198.687,0.0,25.812,0.0,0.1788
822,27.93,32679.0,enc/off/vf=off/lk=0,199.276,199.276,199.276,0.0,29.287,0.0,0.1787
823,27.95,32699.0,enc/off/vf=off/lk=0,199.85,199.85,199.85,0.0,29.859,0.0,0.1786
824,27.97,32719.0,enc/off/vf=off/lk=0,200.451,200.451,200.451,0.0,29.5,0.0,0.1784
825,27.99,32739.0,enc/off/vf=off/lk=0,201.04,201.04,201.04,0.0,25.812,0.0,0.1784
826,28.01,32759.0,enc/off/vf=off/lk=0,201.616,201.616,201.616,0.0,25.874,0.0,0.1792
827,28.03,32779.0,enc/off/vf=off/lk=0,202.197,202.197,202.197,0.0,36.963,0.0,0.1794
828,28.05,32799.0,enc/off/vf=off/lk=0,202.795,202.795,202.795,0.0,29.288,0.0,0.18
829,28.07,32819.0,enc/off/vf=off/lk=0,203.377,203.377,203.377,0.0,26.126,0.0,0.179
830,28.09,32839.0,enc/off/vf=off/lk=0,203.975,203.975,203.975,0.0,25.812,0.0,0.1795
831,28.11,32859.0,enc/off/vf=off/lk=0,204.564,204.564,204.564,0.0,25.812,0.0,0.1803
832,28.13,32879.0,enc/off/vf=off/lk=0,205.15,205.15,205.15,0.0,26.126,0.0,0.1794
833,28.15,32899.0,enc/off/vf=off/lk=0,205.721,205.721,205.721,0.0,25.325,0.0,0.1791
834,28.17,32919.0,enc/off/vf=off/lk=0,206.322,206.322,206.322,0.0,25.812,0.0,0.1788
835,28.19,32939.0,enc/off/vf=off/lk=0,206.917,206.917,206.917,0.0,25.811,0.0,0.1788
836,28.21,32959.0,enc/off/vf=off/lk=0,207.499,207.499,207.499,0.0,25.812,0.0,0.1788
837,28.23,32979.0,enc/off/vf=off/lk=0,208.083,208.083,208.083,0.0,37.142,0.0,0.1795
838,28.25,32999.0,enc/off/vf=off/lk=0,208.669,208.669,208.669,0.0,29.714,0.0,0.1793
839,28.27,33019.0,enc/off/vf=off/lk=0,209.246,209.246,209.246,0.0,25.325,0.0,0.1792
840,28.29,33039.0,enc/off/vf=off/lk=0,209.852,209.852,209.852,0.0,29.499,0.0,0.1787
841,28.31,33059.0,enc/off/vf=off/lk=0,210.447,210.447,210.447,0.0,29.499,0.0,0.1788
842,28.33,33079.0,enc/off/vf=off/lk=0,211.028,211.028,211.028,0.0,25.812,0.0,0.1792
843,28.35,33099.0,enc/off/vf=off/lk=0,211.611,211.611,211.611,0.0,29.219,0.0,0.179
844,28.37,33119.0,enc/off/vf=off/lk=0,212.186,212.186,212.186,0.0,25.749,0.0,0.1792
845,28.39,33139.0,enc/off/vf=off/lk=0,212.785,212.785,212.785,0.0,25.812,0.0,0.1804
846,28.41,33159.0,enc/off/vf=off/lk=0,213.38,213.38,213.38,0.0,25.812,0.0,0.181
847,28.43,33179.0,enc/off/vf=off/lk=0,213.972,213.972,213.972,0.0,25.812,0.0,0.1801
848,28.45,33199.0,enc/off/vf=off/lk=0,214.555,214.555,214.555,0.0,25.445,0.0,0.1795
849,28.47,33219.0,enc/off/vf=off/lk=0,215.144,215.144,215.144,0.0,37.233,0.0,0.1799
850,28.49,33239.0,enc/off/vf=off/lk=0,215.728,215.728,215.728,0.0,36.179,0.0,0.1796
851,28.51,33259.0,enc/off/vf=off/lk=0,216.331,216.331,216.331,0.0,25.812,0.0,0.1795
852,28.53,33279.0,enc/off/vf=off/lk=0,216.917,216.917,216.917,0.0,22.125,0.0,0.1796
853,28.55,33299.0,enc/off/vf=off/lk=0,217.502,217.502,217.502,0.0,25.812,0.0,0.1796
854,28.57,33319.0,enc/off/vf=off/lk=0,218.088,218.088,218.088,0.0,25.566,0.0,0.1793
855,28.59,33339.0,enc/off/vf=off/lk=0,218.667,218.667,218.667,0.0,25.325,0.0,0.1792
856,28.61,33359.0,enc/off/vf=off/lk=0,219.266,219.266,219.266,0.0,29.5,0.0,0.1793
857,28.63,33379.0,enc/off/vf=off/lk=0,219.861,219.861,219.861,0.0,29.5,0.0,0.1802
858,28.65,33399.0,enc/off/vf=off/lk=0,220.441,220.441,220.441,0.0,25.812,0.0,0.1796
859,28.67,33419.0,enc/off/vf=off/lk=0,221.024,221.024,221.024,0.0,25.812,0.0,0.1796
860,28.69,33439.0,enc/off/vf=off/lk=0,221.62,221.62,221.62,0.0,29.219,0.0,0.1807
861,28.71,33459.0,enc/off/vf=off/lk=0,222.203,222.203,222.203,0.0,29.012,0.0,0.1797
862,28.73,33479.0,enc/off/vf=off/lk=0,222.805,222.805,222.805,0.0,36.875,0.0,0.1802
863,28.75,33499.0,enc/off/vf=off/lk=0,223.395,223.395,223.395,0.0,36.875,0.0,0.1798
864,28.77,33519.0,enc/off/vf=off/lk=0,223.978,223.978,223.978,0.0,36.963,0.0,0.1798
865,28.79,33539.0,enc/off/vf=off/lk=0,224.57,224.57,224.57,0.0,36.35,0.0,0.181
866,28.81,33559.0,enc/off/vf=off/lk=0,225.153,225.153,225.153,0.0,29.5,0.0,0.1802
867,28.83,33579.0,enc/off/vf=off/lk=0,225.759,225.759,225.759,0.0,25.874,0.0,0.1798
868,28.85,33599.0,enc/off/vf=off/lk=0,226.342,226.342,226.342,0.0,25.812,0.0,0.1798
869,28.87,33619.0,enc/off/vf=off/lk=0,226.926,226.926,226.926,0.0,29.08,0.0,0.1806
870,28.89,33639.0,enc/off/vf=off/lk=0,227.512,227.512,227.512,0.0,36.875,0.0,0.1801
871,28.91,33659.0,enc/off/vf=off/lk=0,228.112,228.112,228.112,0.0,29.288,0.0,0.1799
872,28.93,33679.0,enc/off/vf=off/lk=0,228.698,228.698,228.698,0.0,36.264,0.0,0.1797
873,28.95,33699.0,enc/off/vf=off/lk=0,229.29,229.29,229.29,0.0,25.874,0.0,0.1797
874,28.97,33719.0,enc/off/vf=off/lk=0,229.878,229.878,229.878,0.0,25.812,0.0,0.18
875,28.99,33739.0,enc/off/vf=off/lk=0,230.468,230.468,230.468,0.0,25.812,0.0,0.1798
876,29.01,33759.0,enc/off/vf=off/lk=0,231.065,231.065,231.065,0.0,25.566,0.0,0.1796
877,29.03,33779.0,enc/off/vf=off/lk=0,231.642,231.642,231.642,0.0,25.385,0.0,0.1803
878,29.05,33799.0,enc/off/vf=off/lk=0,232.24,232.24,232.24,0.0,25.812,0.0,0.1801
879,29.07,33819.0,enc/off/vf=off/lk=0,232.831,232.831,232.831,0.0,36.875,0.0,0.1804
880,29.09,33839.0,enc/off/vf=off/lk=0,233.411,233.411,233.411,0.0,33.187,0.0,0.1804
881,29.11,33859.0,enc/off/vf=off/lk=0,234.001,234.001,234.001,0.0,36.963,0.0,0.1806
882,29.13,33879.0,enc/off/vf=off/lk=0,234.61,234.61,234.61,0.0,37.323,0.0,0.1798
883,29.15,33899.0,enc/off/vf=off/lk=0,235.208,235.208,235.208,0.0,25.445,0.0,0.1798
884,29.17,33919.0,enc/off/vf=off/lk=0,235.779,235.779,235.779,0.0,25.812,0.0,0.18
885,29.19,33939.0,enc/off/vf=off/lk=0,236.36,236.36,236.36,0.0,25.812,0.0,0.1798
886,29.21,33959.0,enc/off/vf=off/lk=0,236.952,236.952,236.952,0.0,29.5,0.0,0.1797
887,29.23,33979.0,enc/off/vf=off/lk=0,237.555,237.555,237.555,0.0,26.063,0.0,0.1797
888,29.25,33999.0,enc/off/vf=off/lk=0,238.134,238.134,238.134,0.0,25.325,0.0,0.1802
889,29.27,34019.0,enc/off/vf=off/lk=0,238.729,238.729,238.729,0.0,29.5,0.0,0.1804
890,29.29,34039.0,enc/off/vf=off/lk=0,239.312,239.312,239.312,0.0,25.874,0.0,0.18
891,29.31,34059.0,enc/off/vf=off/lk=0,239.895,239.895,239.895,0.0,36.875,0.0,0.1805
892,29.33,34079.0,enc/off/vf=off/lk=0,240.496,240.496,240.496,0.0,25.874,0.0,0.18
893,29.35,34099.0,enc/off/vf=off/lk=0,241.1,241.1,241.1,0.0,25.812,0.0,0.1797
894,29.37,34119.0,enc/off/vf=off/lk=0,241.702,241.702,241.702,0.0,29.786,0.0,0.1796
895,29.39,34139.0,enc/off/vf=off/lk=0,242.268,242.268,242.268,0.0,29.859,0.0,0.1795
896,29.41,34159.0,enc/off/vf=off/lk=0,242.848,242.848,242.848,0.0,25.812,0.0,0.18
897,29.43,34179.0,enc/off/vf=off/lk=0,243.441,243.441,243.441,0.0,29.5,0.0,0.1815
898,29.45,34199.0,enc/off/vf=off/lk=0,244.047,244.047,244.047,0.0,36.875,0.0,0.1812
899,29.47,34219.0,enc/off/vf=off/lk=0,244.648,244.648,244.648,0.0,36.875,0.0,0.1818
900,29.49,34239.0,enc/off/vf=off/lk=0,245.216,245.216,245.216,0.0,26.126,0.0,0.1816
901,29.51,34259.0,enc/off/vf=off/lk=0,245.802,245.802,245.802,0.0,25.812,0.0,0.1806
902,29.53,34279.0,enc/off/vf=off/lk=0,246.394,246.394,246.394,0.0,29.5,0.0,0.1805
903,29.55,34299.0,enc/off/vf=off/lk=0,246.999,246.999,246.999,0.0,29.5,0.0,0.1818
904,29.57,34319.0,enc/off/vf=off/lk=0,247.612,247.612,247.612,0.0,29.5,0.0,0.1814
905,29.59,34339.0,enc/off/vf=off/lk=0,248.207,248.207,248.207,0.0,26.063,0.0,0.1825
906,29.61,34359.0,enc/off/vf=off/lk=0,248.773,248.773,248.773,0.0,36.179,0.0,0.1826
907,29.63,34379.0,enc/off/vf=off/lk=0,249.369,249.369,249.369,0.0,29.571,0.0,0.1821
908,29.65,34399.0,enc/off/vf=off/lk=0,249.971,249.971,249.971,0.0,25.812,0.0,0.1813
909,29.67,34419.0,enc/off/vf=off/lk=0,250.577,250.577,250.577,0.0,29.571,0.0,0.181
910,29.69,34439.0,enc/off/vf=off/lk=0,251.182,251.182,251.182,0.0,26.0,0.0,0.1809
911,29.71,34459.0,enc/off/vf=off/lk=0,251.743,251.743,251.743,0.0,32.638,0.0,0.1819
912,29.73,34479.0,enc/off/vf=off/lk=0,252.329,252.329,252.329,0.0,37.876,0.0,0.1819
913,29.75,34499.0,enc/off/vf=off/lk=0,252.929,252.929,252.929,0.0,36.179,0.0,0.1815
914,29.77,34519.0,enc/off/vf=off/lk=0,253.541,253.541,253.541,0.0,33.187,0.0,0.1821
915,29.79,34539.0,enc/off/vf=off/lk=0,254.145,254.145,254.145,0.0,36.875,0.0,0.1818
916,29.81,34559.0,enc/off/vf=off/lk=0,254.739,254.739,254.739,0.0,36.698,0.0,0.1825
917,29.83,34579.0,enc/off/vf=off/lk=0,255.308,255.308,255.308,0.0,36.786,0.0,0.1826
918,29.85,34599.0,enc/off/vf=off/lk=0,255.905,255.905,255.905,0.0,36.264,0.0,0.182
919,29.87,34619.0,enc/off/vf=off/lk=0,256.514,256.514,256.514,0.0,40.561,0.0,0.183
920,29.89,34639.0,enc/off/vf=off/lk=0,257.118,257.118,257.118,0.0,36.875,0.0,0.1831
921,29.91,34659.0,enc/off/vf=off/lk=0,257.713,257.713,257.713,0.0,36.875,0.0,0.1836
922,29.93,34679.0,enc/off/vf=off/lk=0,258.306,258.306,258.306,0.0,25.627,0.0,0.1828
923,29.95,34699.0,enc/off/vf=off/lk=0,258.901,258.901,258.901,0.0,32.715,0.0,0.1826
924,29.97,34719.0,enc/off/vf=off/lk=0,259.488,259.488,259.488,0.0,36.35,0.0,0.1839
925,29.99,34739.0,enc/off/vf=off/lk=0,260.106,260.106,260.106,0.0,40.562,0.0,0.1841
926,30.01,34759.0,enc/off/vf=off/lk=0,260.715,260.715,260.715,0.0,25.812,0.0,0.184
927,30.03,34779.0,enc/off/vf=off/lk=0,261.306,261.306,261.306,0.0,36.523,0.0,0.1843
928,30.05,34799.0,enc/off/vf=off/lk=0,261.883,261.883,261.883,0.0,25.385,0.0,0.1846
929,30.07,34819.0,enc/off/vf=off/lk=0,262.493,262.493,262.493,0.0,25.812,0.0,0.184
930,30.09,34839.0,enc/off/vf=off/lk=0,263.105,263.105,263.105,0.0,29.5,0.0,0.1836
931,30.11,34859.0,enc/off/vf=off/lk=0,263.716,263.716,263.716,0.0,36.875,0.0,0.1834
932,30.13,34879.0,enc/off/vf=off/lk=0,264.31,264.31,264.31,0.0,29.149,0.0,0.1835
933,30.15,34899.0,enc/off/vf=off/lk=0,264.903,264.903,264.903,0.0,25.627,0.0,0.1837
934,30.17,34919.0,enc/off/vf=off/lk=0,265.486,265.486,265.486,0.0,29.011,0.0,0.1831
935,30.19,34939.0,enc/off/vf=off/lk=0,266.106,266.106,266.106,0.0,29.5,0.0,0.1829
936,30.21,34959.0,enc/off/vf=off/lk=0,266.713,266.713,266.713,0.0,36.875,0.0,0.185
937,30.23,34979.0,enc/off/vf=off/lk=0,267.315,267.315,267.315,0.0,29.5,0.0,0.1851
938,30.25,34999.0,enc/off/vf=off/lk=0,267.913,267.913,267.913,0.0,25.689,0.0,0.184
939,30.27,35019.0,enc/off/vf=off/lk=0,268.499,268.499,268.499,0.0,29.571,0.0,0.1836
940,30.29,35039.0,enc/off/vf=off/lk=0,269.111,269.111,269.111,0.0,29.5,0.0,0.1838
941,30.31,35059.0,enc/off/vf=off/lk=0,269.724,269.724,269.724,0.0,36.875,0.0,0.1843
942,30.33,35079.0,enc/off/vf=off/lk=0,270.323,270.323,270.323,0.0,25.506,0.0,0.1848
943,30.35,35099.0,enc/off/vf=off/lk=0,270.916,270.916,270.916,0.0,36.61,0.0,0.1844
944,30.37,35119.0,enc/off/vf=off/lk=0,271.516,271.516,271.516,0.0,36.61,0.0,0.1844
945,30.39,35139.0,enc/off/vf=off/lk=0,272.107,272.107,272.107,0.0,36.093,0.0,0.1853
946,30.41,35159.0,enc/off/vf=off/lk=0,272.731,272.731,272.731,0.0,36.963,0.0,0.1848
947,30.43,35179.0,enc/off/vf=off/lk=0,273.339,273.339,273.339,0.0,36.875,0.0,0.1845
948,30.45,35199.0,enc/off/vf=off/lk=0,273.932,273.932,273.932,0.0,36.698,0.0,0.1848
949,30.47,35219.0,enc/off/vf=off/lk=0,274.514,274.514,274.514,0.0,36.263,0.0,0.1855
950,30.49,35239.0,enc/off/vf=off/lk=0,275.124,275.124,275.124,0.0,36.963,0.0,0.186
951,30.51,35259.0,enc/off/vf=off/lk=0,275.744,275.744,275.744,0.0,29.5,0.0,0.1846
952,30.53,35279.0,enc/off/vf=off/lk=0,276.362,276.362,276.362,0.0,25.812,0.0,0.1843
953,30.55,35299.0,enc/off/vf=off/lk=0,276.956,276.956,276.956,0.0,32.871,0.0,0.1857
954,30.57,35319.0,enc/off/vf=off/lk=0,277.552,277.552,277.552,0.0,28.875,0.0,0.1853
955,30.59,35339.0,enc/off/vf=off/lk=0,278.146,278.146,278.146,0.0,29.571,0.0,0.1846
956,30.61,35359.0,enc/off/vf=off/lk=0,278.766,278.766,278.766,0.0,25.812,0.0,0.1851
957,30.63,35379.0,enc/off/vf=off/lk=0,279.381,279.381,279.381,0.0,40.562,0.0,0.1852
958,30.65,35399.0,enc/off/vf=off/lk=0,279.985,279.985,279.985,0.0,25.627,0.0,0.1858
959,30.67,35419.0,enc/off/vf=off/lk=0,280.562,280.562,280.562,0.0,25.385,0.0,0.1849
960,30.69,35439.0,enc/off/vf=off/lk=0,281.177,281.177,281.177,0.0,25.812,0.0,0.1845
961,30.71,35459.0,enc/off/vf=off/lk=0,281.795,281.795,281.795,0.0,29.5,0.0,0.1842
962,30.73,35479.0,enc/off/vf=off/lk=0,282.406,282.406,282.406,0.0,25.627,0.0,0.1843
963,30.75,35499.0,enc/off/vf=off/lk=0,283.004,283.004,283.004,0.0,36.523,0.0,0.1849
964,30.77,35519.0,enc/off/vf=off/lk=0,283.576,283.576,283.576,0.0,28.943,0.0,0.185
965,30.79,35539.0,enc/off/vf=off/lk=0,284.178,284.178,284.178,0.0,26.126,0.0,0.1851
966,30.81,35559.0,enc/off/vf=off/lk=0,284.799,284.799,284.799,0.0,36.875,0.0,0.1852
967,30.83,35579.0,enc/off/vf=off/lk=0,285.42,285.42,285.42,0.0,36.874,0.0,0.1857
968,30.85,35599.0,enc/off/vf=off/lk=0,286.025,286.025,286.025,0.0,33.187,0.0,0.1852
969,30.87,35619.0,enc/off/vf=off/lk=0,286.624,286.624,286.624,0.0,37.142,0.0,0.1855
970,30.89,35639.0,enc/off/vf=off/lk=0,287.226,287.226,287.226,0.0,25.689,0.0,0.1855
971,30.91,35659.0,enc/off/vf=off/lk=0,287.815,287.815,287.815,0.0,28.943,0.0,0.1847
972,30.93,35679.0,enc/off/vf=off/lk=0,288.434,288.434,288.434,0.0,29.499,0.0,0.1844
973,30.95,35699.0,enc/off/vf=off/lk=0,289.04,289.04,289.04,0.0,25.812,0.0,0.1844
974,30.97,35719.0,enc/off/vf=off/lk=0,289.631,289.631,289.631,0.0,29.5,0.0,0.1848
975,30.99,35739.0,enc/off/vf=off/lk=0,290.235,290.235,290.235,0.0,25.627,0.0,0.1851
976,31.01,35759.0,enc/off/vf=off/lk=0,290.826,290.826,290.826,0.0,25.325,0.0,0.1844
977,31.03,35779.0,enc/off/vf=off/lk=0,291.446,291.446,291.446,0.0,29.499,0.0,0.1841
978,31.05,35799.0,enc/off/vf=off/lk=0,292.058,292.058,292.058,0.0,29.5,0.0,0.1849
979,31.07,35819.0,enc/off/vf=off/lk=0,292.654,292.654,292.654,0.0,25.812,0.0,0.1845
980,31.09,35839.0,enc/off/vf=off/lk=0,293.256,293.256,293.256,0.0,36.698,0.0,0.1851
981,31.11,35859.0,enc/off/vf=off/lk=0,293.869,293.869,293.869,0.0,26.062,0.0,0.1842
982,31.13,35879.0,enc/off/vf=off/lk=0,294.46,294.46,294.46,0.0,25.385,0.0,0.184
983,31.15,35899.0,enc/off/vf=off/lk=0,295.066,295.066,295.066,0.0,25.812,0.0,0.1839
984,31.17,35919.0,enc/off/vf=off/lk=0,295.669,295.669,295.669,0.0,29.5,0.0,0.185
985,31.19,35939.0,enc/off/vf=off/lk=0,296.262,296.262,296.262,0.0,33.267,0.0,0.1848
986,31.21,35959.0,enc/off/vf=off/lk=0,296.867,296.867,296.867,0.0,25.812,0.0,0.1843
987,31.23,35979.0,enc/off/vf=off/lk=0,297.49,297.49,297.49,0.0,25.566,0.0,0.1854
988,31.25,35999.0,enc/off/vf=off/lk=0,298.083,298.083,298.083,0.0,25.385,0.0,0.1853
989,31.27,36019.0,enc/off/vf=off/lk=0,298.686,298.686,298.686,0.0,29.5,0.0,0.1845
990,31.29,36039.0,enc/off/vf=off/lk=0,299.292,299.292,299.292,0.0,29.5,0.0,0.1843
991,31.31,36059.0,enc/off/vf=off/lk=0,299.898,299.898,299.898,0.0,25.566,0.0,0.1841
992,31.33,36079.0,enc/off/vf=off/lk=0,300.485,300.485,300.485,0.0,28.942,0.0,0.1839
993,31.35,36099.0,enc/off/vf=off/lk=0,301.105,301.105,301.105,0.0,25.812,0.0,0.1838
994,31.37,36119.0,enc/off/vf=off/lk=0,301.702,301.702,301.702,0.0,29.5,0.0,0.1839
995,31.39,36139.0,enc/off/vf=off/lk=0,302.297,302.297,302.297,0.0,36.963,0.0,0.1845
996,31.41,36159.0,enc/off/vf=off/lk=0,302.898,302.898,302.898,0.0,29.5,0.0,0.1849
997,31.43,36179.0,enc/off/vf=off/lk=0,303.512,303.512,303.512,0.0,39.985,0.0,0.1849
998,31.45,36199.0,enc/off/vf=off/lk=0,304.11,304.11,304.11,0.0,28.943,0.0,0.186
999,31.47,36219.0,enc/off/vf=off/lk=0,304.721,304.721,304.721,0.0,36.963,0.0,0.1858
1000,31.49,36239.0,enc/off/vf=off/lk=0,305.319,305.319,305.319,0.0,36.875,0.0,0.1849
1001,31.51,36259.0,enc/off/vf=off/lk=0,305.922,305.922,305.922,0.0,29.499,0.0,0.1847
1002,31.53,36279.0,enc/off/vf=off/lk=0,306.532,306.532,306.532,0.0,29.288,0.0,0.1843
1003,31.55,36299.0,enc/off/vf=off/lk=0,307.124,307.124,307.124,0.0,28.943,0.0,0.1841
1004,31.57,36319.0,enc/off/vf=off/lk=0,307.737,307.737,307.737,0.0,29.5,0.0,0.184
1005,31.59,36339.0,enc/off/vf=off/lk=0,308.33,308.33,308.33,0.0,29.5,0.0,0.1841
1006,31.61,36359.0,enc/off/vf=off/lk=0,308.928,308.928,308.928,0.0,25.812,0.0,0.1842
1007,31.63,36379.0,enc/off/vf=off/lk=0,309.539,309.539,309.539,0.0,29.219,0.0,0.1839
1008,31.65,36399.0,enc/off/vf=off/lk=0,310.157,310.157,310.157,0.0,33.267,0.0,0.1843
1009,31.67,36419.0,enc/off/vf=off/lk=0,310.746,310.746,310.746,0.0,28.943,0.0,0.184
1010,31.69,36439.0,enc/off/vf=off/lk=0,311.346,311.346,311.346,0.0,29.5,0.0,0.1839
1011,31.71,36459.0,enc/off/vf=off/lk=0,311.943,311.943,311.943,0.0,29.5,0.0,0.1849
1012,31.73,36479.0,enc/off/vf=off/lk=0,312.549,312.549,312.549,0.0,25.811,0.0,0.1846
1013,31.75,36499.0,enc/off/vf=off/lk=0,313.162,313.162,313.162,0.0,25.566,0.0,0.1836
1014,31.77,36519.0,enc/off/vf=off/lk=0,313.773,313.773,313.773,0.0,25.325,0.0,0.1837
1015,31.79,36539.0,enc/off/vf=off/lk=0,314.349,314.349,314.349,0.0,36.094,0.0,0.1844
1016,31.81,36559.0,enc/off/vf=off/lk=0,314.948,314.948,314.948,0.0,25.812,0.0,0.1843
1017,31.83,36579.0,enc/off/vf=off/lk=0,315.549,315.549,315.549,0.0,29.5,0.0,0.1841
1018,31.85,36599.0,enc/off/vf=off/lk=0,316.164,316.164,316.164,0.0,29.499,0.0,0.1836
1019,31.87,36619.0,enc/off/vf=off/lk=0,316.784,316.784,316.784,0.0,30.376,0.0,0.1848
1020,31.89,36639.0,enc/off/vf=off/lk=0,317.382,317.382,317.382,0.0,29.219,0.0,0.1857
1021,31.91,36659.0,enc/off/vf=off/lk=0,317.956,317.956,317.956,0.0,36.179,0.0,0.1855
1022,31.93,36679.0,enc/off/vf=off/lk=0,318.56,318.56,318.56,0.0,36.875,0.0,0.1865
1023,31.95,36699.0,enc/off/vf=off/lk=0,319.174,319.174,319.174,0.0,25.874,0.0,0.1854
1024,31.97,36719.0,enc/off/vf=off/lk=0,319.795,319.795,319.795,0.0,29.786,0.0,0.1848
1025,31.99,36739.0,enc/off/vf=off/lk=0,320.383,320.383,320.383,0.0,25.75,0.0,0.186
1026,32.01,36759.0,enc/off/vf=off/lk=0,320.981,320.981,320.981,0.0,25.265,0.0,0.1853
1027,32.03,36779.0,enc/off/vf=off/lk=0,321.581,321.581,321.581,0.0,36.875,0.0,0.1851
1028,32.05,36799.0,enc/off/vf=off/lk=0,322.194,322.194,322.194,0.0,33.187,0.0,0.1845
1029,32.07,36819.0,enc/off/vf=off/lk=0,322.811,322.811,322.811,0.0,40.562,0.0,0.1846
1030,32.09,36839.0,enc/off/vf=off/lk=0,323.426,323.426,323.426,0.0,36.523,0.0,0.1846
1031,32.11,36859.0,enc/off/vf=off/lk=0,324.003,324.003,324.003,0.0,26.126,0.0,0.1849
1032,32.13,36879.0,enc/off/vf=off/lk=0,324.601,324.601,324.601,0.0,29.499,0.0,0.1845
1033,32.15,36899.0,enc/off/vf=off/lk=0,325.212,325.212,325.212,0.0,36.875,0.0,0.1843
1034,32.17,36919.0,enc/off/vf=off/lk=0,325.825,325.825,325.825,0.0,36.437,0.0,0.1859
1035,32.19,36939.0,enc/off/vf=off/lk=0,326.437,326.437,326.437,0.0,25.627,0.0,0.1853
1036,32.21,36959.0,enc/off/vf=off/lk=0,327.019,327.019,327.019,0.0,29.429,0.0,0.1846
1037,32.23,36979.0,enc/off/vf=off/lk=0,327.615,327.615,327.615,0.0,33.187,0.0,0.1851
1038,32.25,36999.0,enc/off/vf=off/lk=0,328.218,328.218,328.218,0.0,25.812,0.0,0.1855
1039,32.27,37019.0,enc/off/vf=off/lk=0,328.843,328.843,328.843,0.0,36.875,0.0,0.1851
1040,32.29,37039.0,enc/off/vf=off/lk=0,329.462,329.462,329.462,0.0,25.812,0.0,0.1849
1041,32.31,37059.0,enc/off/vf=off/lk=0,330.064,330.064,330.064,0.0,26.0,0.0,0.1848
1042,32.33,37079.0,enc/off/vf=off/lk=0,330.64,330.64,330.64,0.0,36.179,0.0,0.1846
1043,32.35,37099.0,enc/off/vf=off/lk=0,331.243,331.243,331.243,0.0,29.5,0.0,0.1846
1044,32.37,37119.0,enc/off/vf=off/lk=0,331.857,331.857,331.857,0.0,25.812,0.0,0.1842
1045,32.39,37139.0,enc/off/vf=off/lk=0,332.475,332.475,332.475,0.0,40.272,0.0,0.1841
1046,32.41,37159.0,enc/off/vf=off/lk=0,333.055,333.055,333.055,0.0,32.561,0.0,0.1845
1047,32.43,37179.0,enc/off/vf=off/lk=0,333.648,333.648,333.648,0.0,25.812,0.0,0.1843
1048,32.45,37199.0,enc/off/vf=off/lk=0,334.25,334.25,334.25,0.0,25.812,0.0,0.1844
1049,32.47,37219.0,enc/off/vf=off/lk=0,334.86,334.86,334.86,0.0,36.874,0.0,0.1841
1050,32.49,37239.0,enc/off/vf=off/lk=0,335.482,335.482,335.482,0.0,29.5,0.0,0.1839
1051,32.51,37259.0,enc/off/vf=off/lk=0,336.092,336.092,336.092,0.0,25.874,0.0,0.1838
1052,32.53,37279.0,enc/off/vf=off/lk=0,336.66,336.66,336.66,0.0,25.325,0.0,0.184
1053,32.55,37299.0,enc/off/vf=off/lk=0,337.264,337.264,337.264,0.0,25.874,0.0,0.1838
1054,32.57,37319.0,enc/off/vf=off/lk=0,337.875,337.875,337.875,0.0,25.874,0.0,0.1837
1055,32.59,37339.0,enc/off/vf=off/lk=0,338.487,338.487,338.487,0.0,25.506,0.0,0.1835
1056,32.61,37359.0,enc/off/vf=off/lk=0,339.073,339.073,339.073,0.0,29.012,0.0,0.1836
1057,32.63,37379.0,enc/off/vf=off/lk=0,339.669,339.669,339.669,0.0,32.484,0.0,0.1847
1058,32.65,37399.0,enc/off/vf=off/lk=0,340.26,340.26,340.26,0.0,25.812,0.0,0.1842
1059,32.67,37419.0,enc/off/vf=off/lk=0,340.869,340.869,340.869,0.0,25.812,0.0,0.1845
1060,32.69,37439.0,enc/off/vf=off/lk=0,341.49,341.49,341.49,0.0,25.812,0.0,0.1841
1061,32.71,37459.0,enc/off/vf=off/lk=0,342.102,342.102,342.102,0.0,25.627,0.0,0.1845
1062,32.73,37479.0,enc/off/vf=off/lk=0,342.682,342.682,342.682,0.0,25.75,0.0,0.1846
1063,32.75,37499.0,enc/off/vf=off/lk=0,343.28,343.28,343.28,0.0,36.875,0.0,0.1853
1064,32.77,37519.0,enc/off/vf=off/lk=0,343.885,343.885,343.885,0.0,25.874,0.0,0.1842
1065,32.79,37539.0,enc/off/vf=off/lk=0,344.5,344.5,344.5,0.0,40.562,0.0,0.1837
1066,32.81,37559.0,enc/off/vf=off/lk=0,345.112,345.112,345.112,0.0,36.698,0.0,0.1838
1067,32.83,37579.0,enc/off/vf=off/lk=0,345.687,345.687,345.687,0.0,26.19,0.0,0.1839
1068,32.85,37599.0,enc/off/vf=off/lk=0,346.279,346.279,346.279,0.0,25.812,0.0,0.1844
1069,32.87,37619.0,enc/off/vf=off/lk=0,346.884,346.884,346.884,0.0,25.812,0.0,0.1839
1070,32.89,37639.0,enc/off/vf=off/lk=0,347.493,347.493,347.493,0.0,29.5,0.0,0.1836
1071,32.91,37659.0,enc/off/vf=off/lk=0,348.112,348.112,348.112,0.0,29.5,0.0,0.1833
1072,32.93,37679.0,enc/off/vf=off/lk=0,348.717,348.717,348.717,0.0,29.219,0.0,0.1833
1073,32.95,37699.0,enc/off/vf=off/lk=0,349.307,349.307,349.307,0.0,28.943,0.0,0.1839
1074,32.97,37719.0,enc/off/vf=off/lk=0,349.886,349.886,349.886,0.0,36.264,0.0,0.1849
1075,32.99,37739.0,enc/off/vf=off/lk=0,350.495,350.495,350.495,0.0,25.812,0.0,0.1847
1076,33.01,37759.0,enc/off/vf=off/lk=0,351.11,351.11,351.11,0.0,36.875,0.0,0.1847
1077,33.03,37779.0,enc/off/vf=off/lk=0,351.722,351.722,351.722,0.0,25.506,0.0,0.1838
1078,33.05,37799.0,enc/off/vf=off/lk=0,352.312,352.312,352.312,0.0,25.566,0.0,0.1841
1079,33.07,37819.0,enc/off/vf=off/lk=0,352.905,352.905,352.905,0.0,25.627,0.0,0.1842
1080,33.09,37839.0,enc/off/vf=off/lk=0,353.494,353.494,353.494,0.0,29.011,0.0,0.1851
1081,33.11,37859.0,enc/off/vf=off/lk=0,354.113,354.113,354.113,0.0,25.874,0.0,0.1847
1082,33.13,37879.0,enc/off/vf=off/lk=0,354.727,354.727,354.727,0.0,36.875,0.0,0.1843
1083,33.15,37899.0,enc/off/vf=off/lk=0,355.331,355.331,355.331,0.0,37.323,0.0,0.1851
1084,33.17,37919.0,enc/off/vf=off/lk=0,355.905,355.905,355.905,0.0,36.179,0.0,0.1846
1085,33.19,37939.0,enc/off/vf=off/lk=0,356.509,356.509,356.509,0.0,36.875,0.0,0.1843
1086,33.21,37959.0,enc/off/vf=off/lk=0,357.126,357.126,357.126,0.0,36.875,0.0,0.1838
1087,33.23,37979.0,enc/off/vf=off/lk=0,357.737,357.737,357.737,0.0,25.812,0.0,0.1838
1088,33.25,37999.0,enc/off/vf=off/lk=0,358.332,358.332,358.332,0.0,36.875,0.0,0.1844
1089,33.27,38019.0,enc/off/vf=off/lk=0,358.93,358.93,358.93,0.0,25.506,0.0,0.1845
1090,33.29,38039.0,enc/off/vf=off/lk=0,359.531,359.531,359.531,0.0,25.689,0.0,0.1846
1091,33.31,38059.0,enc/off/vf=off/lk=0,360.123,360.123,360.123,0.0,36.875,0.0,0.1839
1092,33.33,38079.0,enc/off/vf=off/lk=0,360.745,360.745,360.745,0.0,36.875,0.0,0.1835
1093,33.35,38099.0,enc/off/vf=off/lk=0,361.346,361.346,361.346,0.0,33.187,0.0,0.1841
1094,33.37,38119.0,enc/off/vf=off/lk=0,361.94,361.94,361.94,0.0,29.08,0.0,0.184
1095,33.39,38139.0,enc/off/vf=off/lk=0,362.52,362.52,362.52,0.0,36.698,0.0,0.1844
1096,33.41,38159.0,enc/off/vf=off/lk=0,363.129,363.129,363.129,0.0,25.874,0.0,0.1844
1097,33.43,38179.0,enc/off/vf=off/lk=0,363.745,363.745,363.745,0.0,29.571,0.0,0.184
1098,33.45,38199.0,enc/off/vf=off/lk=0,364.354,364.354,364.354,0.0,25.566,0.0,0.1836
1099,33.47,38219.0,enc/off/vf=off/lk=0,364.926,364.926,364.926,0.0,33.591,0.0,0.1846
1100,33.49,38239.0,enc/off/vf=off/lk=0,365.545,365.545,365.545,0.0,26.126,0.0,0.1841
1101,33.51,38259.0,enc/off/vf=off/lk=0,366.135,366.135,366.135,0.0,25.385,0.0,0.1836
1102,33.53,38279.0,enc/off/vf=off/lk=0,366.75,366.75,366.75,0.0,29.571,0.0,0.1835
1103,33.55,38299.0,enc/off/vf=off/lk=0,367.362,367.362,367.362,0.0,25.812,0.0,0.1834
1104,33.57,38319.0,enc/off/vf=off/lk=0,367.961,367.961,367.961,0.0,33.028,0.0,0.1835
1105,33.59,38339.0,enc/off/vf=off/lk=0,368.533,368.533,368.533,0.0,26.126,0.0,0.1836
1106,33.61,38359.0,enc/off/vf=off/lk=0,369.137,369.137,369.137,0.0,36.875,0.0,0.1833
1107,33.63,38379.0,enc/off/vf=off/lk=0,369.749,369.749,369.749,0.0,36.963,0.0,0.1837
1108,33.65,38399.0,enc/off/vf=off/lk=0,370.357,370.357,370.357,0.0,36.523,0.0,0.1836
1109,33.67,38419.0,enc/off/vf=off/lk=0,370.953,370.953,370.953,0.0,29.219,0.0,0.184
1110,33.69,38439.0,enc/off/vf=off/lk=0,371.524,371.524,371.524,0.0,25.325,0.0,0.1839
1111,33.71,38459.0,enc/off/vf=off/lk=0,372.127,372.127,372.127,0.0,25.812,0.0,0.1838
1112,33.73,38479.0,enc/off/vf=off/lk=0,372.742,372.742,372.742,0.0,40.562,0.0,0.1833
1113,33.75,38499.0,enc/off/vf=off/lk=0,373.36,373.36,373.36,0.0,25.874,0.0,0.1833
1114,33.77,38519.0,enc/off/vf=off/lk=0,373.957,373.957,373.957,0.0,36.698,0.0,0.1839
1115,33.79,38539.0,enc/off/vf=off/lk=0,374.551,374.551,374.551,0.0,29.288,0.0,0.1838
1116,33.81,38559.0,enc/off/vf=off/lk=0,375.132,375.132,375.132,0.0,25.266,0.0,0.1834
1117,33.83,38579.0,enc/off/vf=off/lk=0,375.739,375.739,375.739,0.0,29.571,0.0,0.1833
1118,33.85,38599.0,enc/off/vf=off/lk=0,376.351,376.351,376.351,0.0,25.812,0.0,0.1831
1119,33.87,38619.0,enc/off/vf=off/lk=0,376.957,376.957,376.957,0.0,25.445,0.0,0.1829
1120,33.89,38639.0,enc/off/vf=off/lk=0,377.545,377.545,377.545,0.0,36.698,0.0,0.184
1121,33.91,38659.0,enc/off/vf=off/lk=0,378.139,378.139,378.139,0.0,26.383,0.0,0.1836
1122,33.93,38679.0,enc/off/vf=off/lk=0,378.728,378.728,378.728,0.0,37.323,0.0,0.1838
1123,33.95,38699.0,enc/off/vf=off/lk=0,379.343,379.343,379.343,0.0,33.187,0.0,0.1845
1124,33.97,38719.0,enc/off/vf=off/lk=0,379.956,379.956,379.956,0.0,29.5,0.0,0.1835
1125,33.99,38739.0,enc/off/vf=off/lk=0,380.553,380.553,380.553,0.0,25.812,0.0,0.1833
1126,34.01,38759.0,enc/off/vf=off/lk=0,381.147,381.147,381.147,0.0,37.141,0.0,0.1834
1127,34.03,38779.0,enc/off/vf=off/lk=0,381.731,381.731,381.731,0.0,36.179,0.0,0.1831
1128,34.05,38799.0,enc/off/vf=off/lk=0,382.343,382.343,382.343,0.0,33.186,0.0,0.1828
1129,34.07,38819.0,enc/off/vf=off/lk=0,382.948,382.948,382.948,0.0,36.875,0.0,0.183
1130,34.09,38839.0,enc/off/vf=off/lk=0,383.54,383.54,383.54,0.0,25.812,0.0,0.1833
1131,34.11,38859.0,enc/off/vf=off/lk=0,384.136,384.136,384.136,0.0,25.627,0.0,0.1835
1132,34.13,38879.0,enc/off/vf=off/lk=0,384.733,384.733,384.733,0.0,25.325,0.0,0.1831
1133,34.15,38899.0,enc/off/vf=off/lk=0,385.33,385.33,385.33,0.0,29.571,0.0,0.1828
1134,34.17,38919.0,enc/off/vf=off/lk=0,385.945,385.945,385.945,0.0,29.499,0.0,0.1827
1135,34.19,38939.0,enc/off/vf=off/lk=0,386.543,386.543,386.543,0.0,25.812,0.0,0.1828
1136,34.21,38959.0,enc/off/vf=off/lk=0,387.137,387.137,387.137,0.0,25.445,0.0,0.1828
1137,34.23,38979.0,enc/off/vf=off/lk=0,387.711,387.711,387.711,0.0,29.859,0.0,0.1828
1138,34.25,38999.0,enc/off/vf=off/lk=0,388.318,388.318,388.318,0.0,29.5,0.0,0.1833
1139,34.27,39019.0,enc/off/vf=off/lk=0,388.932,388.932,388.932,0.0,36.875,0.0,0.1836
1140,34.29,39039.0,enc/off/vf=off/lk=0,389.534,389.534,389.534,0.0,33.267,0.0,0.1839
1141,34.31,39059.0,enc/off/vf=off/lk=0,390.124,390.124,390.124,0.0,25.874,0.0,0.1834
1142,34.33,39079.0,enc/off/vf=off/lk=0,390.72,390.72,390.72,0.0,29.288,0.0,0.1833
1143,34.35,39099.0,enc/off/vf=off/lk=0,391.329,391.329,391.329,0.0,29.219,0.0,0.1837
1144,34.37,39119.0,enc/off/vf=off/lk=0,391.923,391.923,391.923,0.0,28.943,0.0,0.1829
1145,34.39,39139.0,enc/off/vf=off/lk=0,392.535,392.535,392.535,0.0,29.5,0.0,0.1827
1146,34.41,39159.0,enc/off/vf=off/lk=0,393.13,393.13,393.13,0.0,29.5,0.0,0.1828
1147,34.43,39179.0,enc/off/vf=off/lk=0,393.724,393.724,393.724,0.0,29.079,0.0,0.1828
1148,34.45,39199.0,enc/off/vf=off/lk=0,394.308,394.308,394.308,0.0,25.325,0.0,0.1827
1149,34.47,39219.0,enc/off/vf=off/lk=0,394.919,394.919,394.919,0.0,25.812,0.0,0.1823
1150,34.49,39239.0,enc/off/vf=off/lk=0,395.523,395.523,395.523,0.0,25.812,0.0,0.1824
1151,34.51,39259.0,enc/off/vf=off/lk=0,396.117,396.117,396.117,0.0,36.875,0.0,0.1828
1152,34.53,39279.0,enc/off/vf=off/lk=0,396.707,396.707,396.707,0.0,33.267,0.0,0.1833
1153,34.55,39299.0,enc/off/vf=off/lk=0,397.304,397.304,397.304,0.0,25.874,0.0,0.1832
1154,34.57,39319.0,enc/off/vf=off/lk=0,397.921,397.921,397.921,0.0,29.57,0.0,0.1833
1155,34.59,39339.0,enc/off/vf=off/lk=0,398.513,398.513,398.513,0.0,36.178,0.0,0.1834
1156,34.61,39359.0,enc/off/vf=off/lk=0,399.11,399.11,399.11,0.0,36.874,0.0,0.1832
1157,34.63,39379.0,enc/off/vf=off/lk=0,399.702,399.702,399.702,0.0,33.267,0.0,0.184
1158,34.65,39399.0,enc/off/vf=off/lk=0,400.303,400.303,400.303,0.0,36.35,0.0,0.1849
1159,34.67,39419.0,enc/off/vf=off/lk=0,400.891,400.891,400.891,0.0,36.179,0.0,0.1843
1160,34.69,39439.0,enc/off/vf=off/lk=0,401.507,401.507,401.507,0.0,29.5,0.0,0.1837
1161,34.71,39459.0,enc/off/vf=off/lk=0,402.112,402.112,402.112,0.0,25.812,0.0,0.1847
1162,34.73,39479.0,enc/off/vf=off/lk=0,402.705,402.705,402.705,0.0,29.5,0.0,0.184
1163,34.75,39499.0,enc/off/vf=off/lk=0,403.3,403.3,403.3,0.0,29.5,0.0,0.1838
1164,34.77,39519.0,enc/off/vf=off/lk=0,403.911,403.911,403.911,0.0,25.506,0.0,0.1846
1165,34.79,39539.0,enc/off/vf=off/lk=0,404.529,404.529,404.529,0.0,25.627,0.0,0.1844
1166,34.81,39559.0,enc/off/vf=off/lk=0,405.118,405.118,405.118,0.0,36.264,0.0,0.1836
1167,34.83,39579.0,enc/off/vf=off/lk=0,405.715,405.715,405.715,0.0,25.812,0.0,0.1836
1168,34.85,39599.0,enc/off/vf=off/lk=0,406.309,406.309,406.309,0.0,25.812,0.0,0.1834
1169,34.87,39619.0,enc/off/vf=off/lk=0,406.914,406.914,406.914,0.0,25.812,0.0,0.1838
1170,34.89,39639.0,enc/off/vf=off/lk=0,407.523,407.523,407.523,0.0,25.627,0.0,0.1838
1171,34.91,39659.0,enc/off/vf=off/lk=0,408.108,408.108,408.108,0.0,25.325,0.0,0.1835
1172,34.93,39679.0,enc/off/vf=off/lk=0,408.708,408.708,408.708,0.0,25.385,0.0,0.1836
1173,34.95,39699.0,enc/off/vf=off/lk=0,409.3,409.3,409.3,0.0,29.571,0.0,0.1839
1174,34.97,39719.0,enc/off/vf=off/lk=0,409.903,409.903,409.903,0.0,36.875,0.0,0.1835
1175,34.99,39739.0,enc/off/vf=off/lk=0,410.521,410.521,410.521,0.0,29.5,0.0,0.1833
1176,35.01,39759.0,enc/off/vf=off/lk=0,411.131,411.131,411.131,0.0,25.445,0.0,0.1831
1177,35.03,39779.0,enc/off/vf=off/lk=0,411.708,411.708,411.708,0.0,26.126,0.0,0.1833
1178,35.05,39799.0,enc/off/vf=off/lk=0,412.305,412.305,412.305,0.0,29.859,0.0,0.1837
1179,35.07,39819.0,enc/off/vf=off/lk=0,412.906,412.906,412.906,0.0,29.57,0.0,0.1832
1180,35.09,39839.0,enc/off/vf=off/lk=0,413.515,413.515,413.515,0.0,36.875,0.0,0.1842
1181,35.11,39859.0,enc/off/vf=off/lk=0,414.132,414.132,414.132,0.0,25.445,0.0,0.1842
1182,35.13,39879.0,enc/off/vf=off/lk=0,414.713,414.713,414.713,0.0,25.75,0.0,0.1834
1183,35.15,39899.0,enc/off/vf=off/lk=0,415.305,415.305,415.305,0.0,33.187,0.0,0.1846
1184,35.17,39919.0,enc/off/vf=off/lk=0,415.905,415.905,415.905,0.0,25.812,0.0,0.1843
1185,35.19,39939.0,enc/off/vf=off/lk=0,416.516,416.516,416.516,0.0,36.875,0.0,0.1849
1186,35.21,39959.0,enc/off/vf=off/lk=0,417.135,417.135,417.135,0.0,29.5,0.0,0.1839
1187,35.23,39979.0,enc/off/vf=off/lk=0,417.747,417.747,417.747,0.0,37.142,0.0,0.1838
1188,35.25,39999.0,enc/off/vf=off/lk=0,418.32,418.32,418.32,0.0,26.126,0.0,0.184
1189,35.27,40019.0,enc/off/vf=off/lk=0,418.915,418.915,418.915,0.0,25.812,0.0,0.184
1190,35.29,40039.0,enc/off/vf=off/lk=0,419.524,419.524,419.524,0.0,36.962,0.0,0.1843
1191,35.31,40059.0,enc/off/vf=off/lk=0,420.134,420.134,420.134,0.0,37.323,0.0,0.184
1192,35.33,40079.0,enc/off/vf=off/lk=0,420.72,420.72,420.72,0.0,36.263,0.0,0.1846
1193,35.35,40099.0,enc/off/vf=off/lk=0,421.323,421.323,421.323,0.0,25.385,0.0,0.1849
1194,35.37,40119.0,enc/off/vf=off/lk=0,421.915,421.915,421.915,0.0,25.812,0.0,0.1844
1195,35.39,40139.0,enc/off/vf=off/lk=0,422.523,422.523,422.523,0.0,29.571,0.0,0.1839
1196,35.41,40159.0,enc/off/vf=off/lk=0,423.141,423.141,423.141,0.0,29.499,0.0,0.1835
1197,35.43,40179.0,enc/off/vf=off/lk=0,423.756,423.756,423.756,0.0,25.566,0.0,0.1836
1198,35.45,40199.0,enc/off/vf=off/lk=0,424.334,424.334,424.334,0.0,25.325,0.0,0.1837
1199,35.47,40219.0,enc/off/vf=off/lk=0,424.933,424.933,424.933,0.0,29.5,0.0,0.1836
1200,35.49,40239.0,enc/off/vf=off/lk=0,425.534,425.534,425.534,0.0,25.874,0.0,0.1834
1201,35.51,40259.0,enc/off/vf=off/lk=0,426.144,426.144,426.144,0.0,29.149,0.0,0.1833
1202,35.53,40279.0,enc/off/vf=off/lk=0,426.755,426.755,426.755,0.0,26.063,0.0,0.1832
1203,35.55,40299.0,enc/off/vf=off/lk=0,427.332,427.332,427.332,0.0,36.264,0.0,0.1849
1204,35.57,40319.0,enc/off/vf=off/lk=0,427.925,427.925,427.925,0.0,25.874,0.0,0.1839
1205,35.59,40339.0,enc/off/vf=off/lk=0,428.524,428.524,428.524,0.0,25.874,0.0,0.1837
1206,35.61,40359.0,enc/off/vf=off/lk=0,429.133,429.133,429.133,0.0,36.963,0.0,0.1836
1207,35.63,40379.0,enc/off/vf=off/lk=0,429.751,429.751,429.751,0.0,29.219,0.0,0.1832
1208,35.65,40399.0,enc/off/vf=off/lk=0,430.358,430.358,430.358,0.0,25.325,0.0,0.1832
1209,35.67,40419.0,enc/off/vf=off/lk=0,430.929,430.929,430.929,0.0,25.445,0.0,0.1832
1210,35.69,40439.0,enc/off/vf=off/lk=0,431.527,431.527,431.527,0.0,25.874,0.0,0.1832
1211,35.71,40459.0,enc/off/vf=off/lk=0,432.135,432.135,432.135,0.0,25.812,0.0,0.1828
1212,35.73,40479.0,enc/off/vf=off/lk=0,432.741,432.741,432.741,0.0,29.359,0.0,0.1832
1213,35.75,40499.0,enc/off/vf=off/lk=0,433.325,433.325,433.325,0.0,26.126,0.0,0.1845
1214,35.77,40519.0,enc/off/vf=off/lk=0,433.925,433.925,433.925,0.0,25.627,0.0,0.1842
1215,35.79,40539.0,enc/off/vf=off/lk=0,434.515,434.515,434.515,0.0,36.875,0.0,0.1841
1216,35.81,40559.0,enc/off/vf=off/lk=0,435.123,435.123,435.123,0.0,36.875,0.0,0.1835
1217,35.83,40579.0,enc/off/vf=off/lk=0,435.741,435.741,435.741,0.0,29.5,0.0,0.1832
1218,35.85,40599.0,enc/off/vf=off/lk=0,436.352,436.352,436.352,0.0,25.445,0.0,0.1831
1219,35.87,40619.0,enc/off/vf=off/lk=0,436.924,436.924,436.924,0.0,25.325,0.0,0.1832
1220,35.89,40639.0,enc/off/vf=off/lk=0,437.52,437.52,437.52,0.0,25.325,0.0,0.1832
1221,35.91,40659.0,enc/off/vf=off/lk=0,438.122,438.122,438.122,0.0,25.812,0.0,0.183
1222,35.93,40679.0,enc/off/vf=off/lk=0,438.732,438.732,438.732,0.0,25.812,0.0,0.1828
1223,35.95,40699.0,enc/off/vf=off/lk=0,439.343,439.343,439.343,0.0,25.689,0.0,0.1827
1224,35.97,40719.0,enc/off/vf=off/lk=0,439.915,439.915,439.915,0.0,25.75,0.0,0.1828
1225,35.99,40739.0,enc/off/vf=off/lk=0,440.504,440.504,440.504,0.0,37.323,0.0,0.1837
1226,36.01,40759.0,enc/off/vf=off/lk=0,441.105,441.105,441.105,0.0,25.812,0.0,0.1829
1227,36.03,40779.0,enc/off/vf=off/lk=0,441.711,441.711,441.711,0.0,25.874,0.0,0.183
1228,36.05,40799.0,enc/off/vf=off/lk=0,442.331,442.331,442.331,0.0,29.499,0.0,0.1825
1229,36.07,40819.0,enc/off/vf=off/lk=0,442.942,442.942,442.942,0.0,25.566,0.0,0.1825
1230,36.09,40839.0,enc/off/vf=off/lk=0,443.506,443.506,443.506,0.0,25.75,0.0,0.1827
1231,36.11,40859.0,enc/off/vf=off/lk=0,444.103,444.103,444.103,0.0,36.875,0.0,0.1835
1232,36.13,40879.0,enc/off/vf=off/lk=0,444.71,444.71,444.71,0.0,29.5,0.0,0.1827
1233,36.15,40899.0,enc/off/vf=off/lk=0,445.315,445.315,445.315,0.0,25.812,0.0,0.1825
1234,36.17,40919.0,enc/off/vf=off/lk=0,445.922,445.922,445.922,0.0,25.566,0.0,0.1828
1235,36.19,40939.0,enc/off/vf=off/lk=0,446.517,446.517,446.517,0.0,25.627,0.0,0.1832
1236,36.21,40959.0,enc/off/vf=off/lk=0,447.105,447.105,447.105,0.0,26.063,0.0,0.1831
1237,36.23,40979.0,enc/off/vf=off/lk=0,447.685,447.685,447.685,0.0,28.943,0.0,0.1826
1238,36.25,40999.0,enc/off/vf=off/lk=0,448.301,448.301,448.301,0.0,25.874,0.0,0.1825
1239,36.27,41019.0,enc/off/vf=off/lk=0,448.91,448.91,448.91,0.0,29.5,0.0,0.1824
1240,36.29,41039.0,enc/off/vf=off/lk=0,449.509,449.509,449.509,0.0,36.875,0.0,0.1832
1241,36.31,41059.0,enc/off/vf=off/lk=0,450.104,450.104,450.104,0.0,36.61,0.0,0.1832
1242,36.33,41079.0,enc/off/vf=off/lk=0,450.681,450.681,450.681,0.0,36.094,0.0,0.1826
1243,36.35,41099.0,enc/off/vf=off/lk=0,451.289,451.289,451.289,0.0,25.811,0.0,0.1824
1244,36.37,41119.0,enc/off/vf=off/lk=0,451.897,451.897,451.897,0.0,25.874,0.0,0.1824
1245,36.39,41139.0,enc/off/vf=off/lk=0,452.494,452.494,452.494,0.0,25.812,0.0,0.1826
1246,36.41,41159.0,enc/off/vf=off/lk=0,453.084,453.084,453.084,0.0,29.786,0.0,0.1829
1247,36.43,41179.0,enc/off/vf=off/lk=0,453.681,453.681,453.681,0.0,29.358,0.0,0.1831
1248,36.45,41199.0,enc/off/vf=off/lk=0,454.262,454.262,454.262,0.0,25.689,0.0,0.1824
1249,36.47,41219.0,enc/off/vf=off/lk=0,454.879,454.879,454.879,0.0,36.875,0.0,0.1829
1250,36.49,41239.0,enc/off/vf=off/lk=0,455.485,455.485,455.485,0.0,36.874,0.0,0.1836
1251,36.51,41259.0,enc/off/vf=off/lk=0,456.077,456.077,456.077,0.0,25.812,0.0,0.1841
1252,36.53,41279.0,enc/off/vf=off/lk=0,456.675,456.675,456.675,0.0,25.566,0.0,0.183
1253,36.55,41299.0,enc/off/vf=off/lk=0,457.28,457.28,457.28,0.0,36.611,0.0,0.1831
1254,36.57,41319.0,enc/off/vf=off/lk=0,457.87,457.87,457.87,0.0,29.5,0.0,0.1826
1255,36.59,41339.0,enc/off/vf=off/lk=0,458.478,458.478,458.478,0.0,25.812,0.0,0.1825
1256,36.61,41359.0,enc/off/vf=off/lk=0,459.07,459.07,459.07,0.0,29.5,0.0,0.183
1257,36.63,41379.0,enc/off/vf=off/lk=0,459.66,459.66,459.66,0.0,29.5,0.0,0.1831
1258,36.65,41399.0,enc/off/vf=off/lk=0,460.263,460.263,460.263,0.0,29.786,0.0,0.1825
1259,36.67,41419.0,enc/off/vf=off/lk=0,460.86,460.86,460.86,0.0,29.012,0.0,0.1828
1260,36.69,41439.0,enc/off/vf=off/lk=0,461.467,461.467,461.467,0.0,25.812,0.0,0.1825
1261,36.71,41459.0,enc/off/vf=off/lk=0,462.066,462.066,462.066,0.0,29.5,0.0,0.1835
1262,36.73,41479.0,enc/off/vf=off/lk=0,462.661,462.661,462.661,0.0,29.571,0.0,0.1843
1263,36.75,41499.0,enc/off/vf=off/lk=0,463.262,463.262,463.262,0.0,37.142,0.0,0.1845
1264,36.77,41519.0,enc/off/vf=off/lk=0,463.851,463.851,463.851,0.0,40.271,0.0,0.1835
1265,36.79,41539.0,enc/off/vf=off/lk=0,464.466,464.466,464.466,0.0,25.812,0.0,0.1831
1266,36.81,41559.0,enc/off/vf=off/lk=0,465.063,465.063,465.063,0.0,25.812,0.0,0.1831
1267,36.83,41579.0,enc/off/vf=off/lk=0,465.652,465.652,465.652,0.0,29.5,0.0,0.1836
1268,36.85,41599.0,enc/off/vf=off/lk=0,466.253,466.253,466.253,0.0,25.627,0.0,0.1837
1269,36.87,41619.0,enc/off/vf=off/lk=0,466.841,466.841,466.841,0.0,25.325,0.0,0.1829
1270,36.89,41639.0,enc/off/vf=off/lk=0,467.455,467.455,467.455,0.0,36.264,0.0,0.1828
1271,36.91,41659.0,enc/off/vf=off/lk=0,468.061,468.061,468.061,0.0,25.812,0.0,0.1827
1272,36.93,41679.0,enc/off/vf=off/lk=0,468.648,468.648,468.648,0.0,25.812,0.0,0.1829
1273,36.95,41699.0,enc/off/vf=off/lk=0,469.248,469.248,469.248,0.0,36.875,0.0,0.184
1274,36.97,41719.0,enc/off/vf=off/lk=0,469.855,469.855,469.855,0.0,25.566,0.0,0.1845
1275,36.99,41739.0,enc/off/vf=off/lk=0,470.449,470.449,470.449,0.0,28.875,0.0,0.1831
1276,37.01,41759.0,enc/off/vf=off/lk=0,471.056,471.056,471.056,0.0,29.5,0.0,0.1828
1277,37.03,41779.0,enc/off/vf=off/lk=0,471.652,471.652,471.652,0.0,36.875,0.0,0.1833
1278,37.05,41799.0,enc/off/vf=off/lk=0,472.242,472.242,472.242,0.0,36.875,0.0,0.1835
1279,37.07,41819.0,enc/off/vf=off/lk=0,472.85,472.85,472.85,0.0,29.288,0.0,0.1842
1280,37.09,41839.0,enc/off/vf=off/lk=0,473.443,473.443,473.443,0.0,32.561,0.0,0.184
1281,37.11,41859.0,enc/off/vf=off/lk=0,474.054,474.054,474.054,0.0,36.963,0.0,0.1839
1282,37.13,41879.0,enc/off/vf=off/lk=0,474.655,474.655,474.655,0.0,36.875,0.0,0.1855
1283,37.15,41899.0,enc/off/vf=off/lk=0,475.255,475.255,475.255,0.0,25.812,0.0,0.1845
1284,37.17,41919.0,enc/off/vf=off/lk=0,475.855,475.855,475.855,0.0,29.08,0.0,0.1837
1285,37.19,41939.0,enc/off/vf=off/lk=0,476.47,476.47,476.47,0.0,36.611,0.0,0.1841
1286,37.21,41959.0,enc/off/vf=off/lk=0,477.063,477.063,477.063,0.0,29.5,0.0,0.1835
1287,37.23,41979.0,enc/off/vf=off/lk=0,477.662,477.662,477.662,0.0,25.812,0.0,0.1836
1288,37.25,41999.0,enc/off/vf=off/lk=0,478.254,478.254,478.254,0.0,36.875,0.0,0.1843
1289,37.27,42019.0,enc/off/vf=off/lk=0,478.852,478.852,478.852,0.0,25.812,0.0,0.1835
1290,37.29,42039.0,enc/off/vf=off/lk=0,479.466,479.466,479.466,0.0,29.219,0.0,0.1846
1291,37.31,42059.0,enc/off/vf=off/lk=0,480.065,480.065,480.065,0.0,28.943,0.0,0.1834
1292,37.33,42079.0,enc/off/vf=off/lk=0,480.673,480.673,480.673,0.0,29.5,0.0,0.1845
1293,37.35,42099.0,enc/off/vf=off/lk=0,481.267,481.267,481.267,0.0,29.5,0.0,0.1854
1294,37.37,42119.0,enc/off/vf=off/lk=0,481.874,481.874,481.874,0.0,26.126,0.0,0.184
1295,37.39,42139.0,enc/off/vf=off/lk=0,482.457,482.457,482.457,0.0,26.126,0.0,0.1836
1296,37.41,42159.0,enc/off/vf=off/lk=0,483.072,483.072,483.072,0.0,36.264,0.0,0.1846
1297,37.43,42179.0,enc/off/vf=off/lk=0,483.684,483.684,483.684,0.0,25.874,0.0,0.1844
1298,37.45,42199.0,enc/off/vf=off/lk=0,484.279,484.279,484.279,0.0,33.187,0.0,0.1843
1299,37.47,42219.0,enc/off/vf=off/lk=0,484.871,484.871,484.871,0.0,36.875,0.0,0.1842
1300,37.49,42239.0,enc/off/vf=off/lk=0,485.483,485.483,485.483,0.0,37.597,0.0,0.1846
1301,37.51,42259.0,enc/off/vf=off/lk=0,486.077,486.077,486.077,0.0,36.698,0.0,0.184
1302,37.53,42279.0,enc/off/vf=off/lk=0,486.688,486.688,486.688,0.0,29.571,0.0,0.1838
1303,37.55,42299.0,enc/off/vf=off/lk=0,487.289,487.289,487.289,0.0,36.875,0.0,0.1839
1304,37.57,42319.0,enc/off/vf=off/lk=0,487.884,487.884,487.884,0.0,29.5,0.0,0.1837
1305,37.59,42339.0,enc/off/vf=off/lk=0,488.489,488.489,488.489,0.0,25.937,0.0,0.1835
1306,37.61,42359.0,enc/off/vf=off/lk=0,489.079,489.079,489.079,0.0,28.875,0.0,0.1832
1307,37.63,42379.0,enc/off/vf=off/lk=0,489.688,489.688,489.688,0.0,25.874,0.0,0.1832
1308,37.65,42399.0,enc/off/vf=off/lk=0,490.282,490.282,490.282,0.0,29.5,0.0,0.1839
1309,37.67,42419.0,enc/off/vf=off/lk=0,490.878,490.878,490.878,0.0,25.812,0.0,0.1838
1310,37.69,42439.0,enc/off/vf=off/lk=0,491.477,491.477,491.477,0.0,36.875,0.0,0.1834
1311,37.71,42459.0,enc/off/vf=off/lk=0,492.089,492.089,492.089,0.0,36.61,0.0,0.1839
1312,37.73,42479.0,enc/off/vf=off/lk=0,492.682,492.682,492.682,0.0,29.858,0.0,0.183
1313,37.75,42499.0,enc/off/vf=off/lk=0,493.285,493.285,493.285,0.0,25.874,0.0,0.1839
1314,37.77,42519.0,enc/off/vf=off/lk=0,493.877,493.877,493.877,0.0,25.812,0.0,0.1849
1315,37.79,42539.0,enc/off/vf=off/lk=0,494.482,494.482,494.482,0.0,25.812,0.0,0.1846
1316,37.81,42559.0,enc/off/vf=off/lk=0,495.091,495.091,495.091,0.0,37.231,0.0,0.1841
1317,37.83,42579.0,enc/off/vf=off/lk=0,495.681,495.681,495.681,0.0,39.797,0.0,0.1841
1318,37.85,42599.0,enc/off/vf=off/lk=0,496.292,496.292,496.292,0.0,36.962,0.0,0.1851
1319,37.87,42619.0,enc/off/vf=off/lk=0,496.884,496.884,496.884,0.0,25.874,0.0,0.1842
1320,37.89,42639.0,enc/off/vf=off/lk=0,497.479,497.479,497.479,0.0,36.875,0.0,0.1844
1321,37.91,42659.0,enc/off/vf=off/lk=0,498.091,498.091,498.091,0.0,29.499,0.0,0.1843
1322,37.93,42679.0,enc/off/vf=off/lk=0,498.708,498.708,498.708,0.0,25.75,0.0,0.1837
1323,37.95,42699.0,enc/off/vf=off/lk=0,499.297,499.297,499.297,0.0,28.943,0.0,0.1836
1324,37.97,42719.0,enc/off/vf=off/lk=0,499.894,499.894,499.894,0.0,25.874,0.0,0.1835
1325,37.99,42739.0,enc/off/vf=off/lk=0,500.49,500.49,500.49,0.0,33.187,0.0,0.1843
1326,38.01,42759.0,enc/off/vf=off/lk=0,501.098,501.098,501.098,0.0,25.812,0.0,0.1843
1327,38.03,42779.0,enc/off/vf=off/lk=0,501.718,501.718,501.718,0.0,29.287,0.0,0.184
1328,38.05,42799.0,enc/off/vf=off/lk=0,502.305,502.305,502.305,0.0,25.385,0.0,0.1834
1329,38.07,42819.0,enc/off/vf=off/lk=0,502.9,502.9,502.9,0.0,29.5,0.0,0.1838
1330,38.09,42839.0,enc/off/vf=off/lk=0,503.492,503.492,503.492,0.0,25.874,0.0,0.184
1331,38.11,42859.0,enc/off/vf=off/lk=0,504.097,504.097,504.097,0.0,25.874,0.0,0.1836
1332,38.13,42879.0,enc/off/vf=off/lk=0,504.709,504.709,504.709,0.0,25.812,0.0,0.1837
1333,38.15,42899.0,enc/off/vf=off/lk=0,505.327,505.327,505.327,0.0,25.566,0.0,0.1833
1334,38.17,42919.0,enc/off/vf=off/lk=0,505.907,505.907,505.907,0.0,32.561,0.0,0.1848
1335,38.19,42939.0,enc/off/vf=off/lk=0,506.504,506.504,506.504,0.0,25.812,0.0,0.1845
1336,38.21,42959.0,enc/off/vf=off/lk=0,507.108,507.108,507.108,0.0,36.875,0.0,0.1844
1337,38.23,42979.0,enc/off/vf=off/lk=0,507.719,507.719,507.719,0.0,29.5,0.0,0.1856
1338,38.25,42999.0,enc/off/vf=off/lk=0,508.337,508.337,508.337,0.0,25.811,0.0,0.1846
1339,38.27,43019.0,enc/off/vf=off/lk=0,508.92,508.92,508.92,0.0,25.75,0.0,0.1843
1340,38.29,43039.0,enc/off/vf=off/lk=0,509.512,509.512,509.512,0.0,29.571,0.0,0.1839
1341,38.31,43059.0,enc/off/vf=off/lk=0,510.105,510.105,510.105,0.0,36.963,0.0,0.1846
1342,38.33,43079.0,enc/off/vf=off/lk=0,510.717,510.717,510.717,0.0,36.963,0.0,0.1861
1343,38.35,43099.0,enc/off/vf=off/lk=0,511.339,511.339,511.339,0.0,36.875,0.0,0.1849
1344,38.37,43119.0,enc/off/vf=off/lk=0,511.955,511.955,511.955,0.0,25.75,0.0,0.1841
1345,38.39,43139.0,enc/off/vf=off/lk=0,512.547,512.547,512.547,0.0,25.75,0.0,0.1841
1346,38.41,43159.0,enc/off/vf=off/lk=0,513.127,513.127,513.127,0.0,29.5,0.0,0.184
1347,38.43,43179.0,enc/off/vf=off/lk=0,513.739,513.739,513.739,0.0,29.5,0.0,0.1838
1348,38.45,43199.0,enc/off/vf=off/lk=0,514.351,514.351,514.351,0.0,25.812,0.0,0.1836
1349,38.47,43219.0,enc/off/vf=off/lk=0,514.959,514.959,514.959,0.0,25.566,0.0,0.1837
1350,38.49,43239.0,enc/off/vf=off/lk=0,515.533,515.533,515.533,0.0,36.264,0.0,0.184
1351,38.51,43259.0,enc/off/vf=off/lk=0,516.128,516.128,516.128,0.0,25.325,0.0,0.1846
1352,38.53,43279.0,enc/off/vf=off/lk=0,516.732,516.732,516.732,0.0,36.874,0.0,0.1843
1353,38.55,43299.0,enc/off/vf=off/lk=0,517.353,517.353,517.353,0.0,40.562,0.0,0.1836
1354,38.57,43319.0,enc/off/vf=off/lk=0,517.966,517.966,517.966,0.0,29.5,0.0,0.1835
1355,38.59,43339.0,enc/off/vf=off/lk=0,518.564,518.564,518.564,0.0,36.875,0.0,0.1837
1356,38.61,43359.0,enc/off/vf=off/lk=0,519.136,519.136,519.136,0.0,29.859,0.0,0.1837
1357,38.63,43379.0,enc/off/vf=off/lk=0,519.733,519.733,519.733,0.0,25.812,0.0,0.1834
1358,38.65,43399.0,enc/off/vf=off/lk=0,520.345,520.345,520.345,0.0,36.963,0.0,0.1844
1359,38.67,43419.0,enc/off/vf=off/lk=0,520.963,520.963,520.963,0.0,36.875,0.0,0.1851
1360,38.69,43439.0,enc/off/vf=off/lk=0,521.566,521.566,521.566,0.0,36.437,0.0,0.1842
1361,38.71,43459.0,enc/off/vf=off/lk=0,522.156,522.156,522.156,0.0,26.126,0.0,0.1838
1362,38.73,43479.0,enc/off/vf=off/lk=0,522.738,522.738,522.738,0.0,28.943,0.0,0.184
1363,38.75,43499.0,enc/off/vf=off/lk=0,523.345,523.345,523.345,0.0,25.812,0.0,0.1835
1364,38.77,43519.0,enc/off/vf=off/lk=0,523.966,523.966,523.966,0.0,29.5,0.0,0.1834
1365,38.79,43539.0,enc/off/vf=off/lk=0,524.577,524.577,524.577,0.0,25.874,0.0,0.1833
1366,38.81,43559.0,enc/off/vf=off/lk=0,525.172,525.172,525.172,0.0,29.149,0.0,0.1835
1367,38.83,43579.0,enc/off/vf=off/lk=0,525.749,525.749,525.749,0.0,29.012,0.0,0.1835
1368,38.85,43599.0,enc/off/vf=off/lk=0,526.358,526.358,526.358,0.0,25.812,0.0,0.1844
1369,38.87,43619.0,enc/off/vf=off/lk=0,526.97,526.97,526.97,0.0,36.875,0.0,0.1845
1370,38.89,43639.0,enc/off/vf=off/lk=0,527.576,527.576,527.576,0.0,29.5,0.0,0.1849
1371,38.91,43659.0,enc/off/vf=off/lk=0,528.173,528.173,528.173,0.0,29.5,0.0,0.1841
1372,38.93,43679.0,enc/off/vf=off/lk=0,528.768,528.768,528.768,0.0,36.35,0.0,0.1848
1373,38.95,43699.0,enc/off/vf=off/lk=0,529.374,529.374,529.374,0.0,29.571,0.0,0.1843
1374,38.97,43719.0,enc/off/vf=off/lk=0,529.972,529.972,529.972,0.0,25.627,0.0,0.1846
1375,38.99,43739.0,enc/off/vf=off/lk=0,530.584,530.584,530.584,0.0,33.187,0.0,0.1853
1376,39.01,43759.0,enc/off/vf=off/lk=0,531.188,531.188,531.188,0.0,36.875,0.0,0.1862
1377,39.03,43779.0,enc/off/vf=off/lk=0,531.79,531.79,531.79,0.0,25.566,0.0,0.186
1378,39.05,43799.0,enc/off/vf=off/lk=0,532.374,532.374,532.374,0.0,28.943,0.0,0.1855
1379,39.07,43819.0,enc/off/vf=off/lk=0,532.992,532.992,532.992,0.0,29.5,0.0,0.1843
1380,39.09,43839.0,enc/off/vf=off/lk=0,533.612,533.612,533.612,0.0,25.874,0.0,0.1841
1381,39.11,43859.0,enc/off/vf=off/lk=0,534.21,534.21,534.21,0.0,25.812,0.0,0.1843
1382,39.13,43879.0,enc/off/vf=off/lk=0,534.804,534.804,534.804,0.0,30.152,0.0,0.1848
1383,39.15,43899.0,enc/off/vf=off/lk=0,535.404,535.404,535.404,0.0,25.688,0.0,0.1844
1384,39.17,43919.0,enc/off/vf=off/lk=0,535.997,535.997,535.997,0.0,29.08,0.0,0.184
1385,39.19,43939.0,enc/off/vf=off/lk=0,536.625,536.625,536.625,0.0,29.571,0.0,0.1838
1386,39.21,43959.0,enc/off/vf=off/lk=0,537.228,537.228,537.228,0.0,29.5,0.0,0.1843
1387,39.23,43979.0,enc/off/vf=off/lk=0,537.821,537.821,537.821,0.0,32.871,0.0,0.1852
1388,39.25,43999.0,enc/off/vf=off/lk=0,538.424,538.424,538.424,0.0,25.689,0.0,0.1846
1389,39.27,44019.0,enc/off/vf=off/lk=0,539.01,539.01,539.01,0.0,36.875,0.0,0.184
1390,39.29,44039.0,enc/off/vf=off/lk=0,539.622,539.622,539.622,0.0,29.5,0.0,0.184
1391,39.31,44059.0,enc/off/vf=off/lk=0,540.233,540.233,540.233,0.0,36.875,0.0,0.184
1392,39.33,44079.0,enc/off/vf=off/lk=0,540.823,540.823,540.823,0.0,25.874,0.0,0.1848
1393,39.35,44099.0,enc/off/vf=off/lk=0,541.422,541.422,541.422,0.0,25.506,0.0,0.1843
1394,39.37,44119.0,enc/off/vf=off/lk=0,542.008,542.008,542.008,0.0,30.301,0.0,0.1837
1395,39.39,44139.0,enc/off/vf=off/lk=0,542.627,542.627,542.627,0.0,25.812,0.0,0.1836
1396,39.41,44159.0,enc/off/vf=off/lk=0,543.239,543.239,543.239,0.0,25.874,0.0,0.185
1397,39.43,44179.0,enc/off/vf=off/lk=0,543.844,543.844,543.844,0.0,29.571,0.0,0.1845
1398,39.45,44199.0,enc/off/vf=off/lk=0,544.44,544.44,544.44,0.0,29.5,0.0,0.1849
1399,39.5,44249.0,enc/off/vf=off/lk=0,545.263,545.263,545.263,0.0,31.629,0.0,0.175
1400,39.55,44299.0,enc/off/vf=off/lk=0,546.7,546.7,546.7,0.0,28.233,0.0,0.1695
1401,39.6,44349.0,enc/off/vf=off/lk=0,548.096,548.096,548.096,0.0,31.052,0.0,0.1653
1402,39.65,44399.0,enc/off/vf=off/lk=0,549.473,549.473,549.473,0.0,28.061,0.0,0.1613
1403,39.7,44449.0,enc/off/vf=off/lk=0,550.81,550.81,550.81,0.0,25.303,0.0,0.1574
1404,39.75,44499.0,enc/off/vf=off/lk=0,552.12,552.12,552.12,0.0,28.466,0.0,0.1534
1405,39.8,44549.0,enc/off/vf=off/lk=0,553.379,553.379,553.379,0.0,27.723,0.0,0.1499
1406,39.85,44599.0,enc/off/vf=off/lk=0,554.635,554.635,554.635,0.0,24.892,0.0,0.1459
1407,39.9,44649.0,enc/off/vf=off/lk=0,555.856,555.856,555.856,0.0,27.89,0.0,0.1426
1408,39.95,44699.0,enc/off/vf=off/lk=0,557.036,557.036,557.036,0.0,21.781,0.0,0.139
1409,40.0,44749.0,enc/off/vf=off/lk=0,558.206,558.206,558.206,0.0,25.096,0.0,0.1354
1410,40.05,44799.0,enc/off/vf=off/lk=0,559.329,559.329,559.329,0.0,21.914,0.0,0.1324
1411,40.1,44849.0,enc/off/vf=off/lk=0,560.429,560.429,560.429,0.0,22.094,0.0,0.1289
1412,40.15,44899.0,enc/off/vf=off/lk=0,561.511,561.511,561.511,0.0,22.278,0.0,0.1259
1413,40.2,44949.0,enc/off/vf=off/lk=0,562.543,562.543,562.543,0.0,18.482,0.0,0.123
1414,40.25,44999.0,enc/off/vf=off/lk=0,563.575,563.575,563.575,0.0,19.016,0.0,0.1197
1415,40.3,45049.0,enc/off/vf=off/lk=0,564.577,564.577,564.577,0.0,18.707,0.0,0.1168
1416,40.35,45099.0,enc/off/vf=off/lk=0,565.54,565.54,565.54,0.0,18.669,0.0,0.1141
1417,40.4,45149.0,enc/off/vf=off/lk=0,566.478,566.478,566.478,0.0,19.056,0.0,0.1113
1418,40.45,45199.0,enc/off/vf=off/lk=0,567.404,567.404,567.404,0.0,18.822,0.0,0.1086
1419,40.5,45249.0,enc/off/vf=off/lk=0,568.303,568.303,568.303,0.0,15.749,0.0,0.1062
1420,40.55,45299.0,enc/off/vf=off/lk=0,569.165,569.165,569.165,0.0,18.86,0.0,0.1035
1421,40.6,45349.0,enc/off/vf=off/lk=0,570.033,570.033,570.033,0.0,15.782,0.0,0.1008
1422,40.65,45399.0,enc/off/vf=off/lk=0,570.866,570.866,570.866,0.0,12.599,0.0,0.0984
1423,40.7,45449.0,enc/off/vf=off/lk=0,571.662,571.662,571.662,0.0,15.946,0.0,0.096
1424,40.75,45499.0,enc/off/vf=off/lk=0,572.428,572.428,572.428,0.0,15.464,0.0,0.0939
1425,40.8,45549.0,enc/off/vf=off/lk=0,573.21,573.21,573.21,0.0,12.625,0.0,0.0915
1426,40.85,45599.0,enc/off/vf=off/lk=0,573.976,573.976,573.976,0.0,12.625,0.0,0.0892
1427,40.9,45649.0,enc/off/vf=off/lk=0,574.671,574.671,574.671,0.0,15.526,0.0,0.0875
1428,40.95,45699.0,enc/off/vf=off/lk=0,575.369,575.369,575.369,0.0,12.574,0.0,0.0853
1429,41.0,45749.0,enc/off/vf=off/lk=0,576.073,576.073,576.073,0.0,15.814,0.0,0.0831
1430,41.05,45799.0,enc/off/vf=off/lk=0,576.735,576.735,576.735,0.0,15.526,0.0,0.0815
1431,41.1,45849.0,enc/off/vf=off/lk=0,577.389,577.389,577.389,0.0,15.814,0.0,0.0793
1432,41.15,45899.0,enc/off/vf=off/lk=0,578.009,578.009,578.009,0.0,12.421,0.0,0.0776
1433,41.2,45949.0,enc/off/vf=off/lk=0,578.607,578.607,578.607,0.0,12.574,0.0,0.0759
1434,41.25,45999.0,enc/off/vf=off/lk=0,579.224,579.224,579.224,0.0,12.421,0.0,0.0738
1435,41.3,46049.0,enc/off/vf=off/lk=0,579.814,579.814,579.814,0.0,12.625,0.0,0.0724
1436,41.35,46099.0,enc/off/vf=off/lk=0,580.359,580.359,580.359,0.0,9.43,0.0,0.0711
1437,41.4,46149.0,enc/off/vf=off/lk=0,580.889,580.889,580.889,0.0,9.489,0.0,0.0695
1438,41.45,46199.0,enc/off/vf=off/lk=0,581.414,581.414,581.414,0.0,12.497,0.0,0.0678
1439,41.5,46249.0,enc/off/vf=off/lk=0,581.956,581.956,581.956,0.0,12.396,0.0,0.0658
1440,41.55,46299.0,enc/off/vf=off/lk=0,582.476,582.476,582.476,0.0,9.241,0.0,0.0644
1441,41.6,46349.0,enc/off/vf=off/lk=0,582.968,582.968,582.968,0.0,6.223,0.0,0.0634
1442,41.65,46399.0,enc/off/vf=off/lk=0,583.436,583.436,583.436,0.0,6.339,0.0,0.0621
1443,41.7,46449.0,enc/off/vf=off/lk=0,583.888,583.888,583.888,0.0,6.261,0.0,0.0607
1444,41.75,46499.0,enc/off/vf=off/lk=0,584.318,584.318,584.318,0.0,6.124,0.0,0.0593
1445,41.8,46549.0,enc/off/vf=off/lk=0,584.752,584.752,584.752,0.0,9.335,0.0,0.0579
1446,41.85,46599.0,enc/off/vf=off/lk=0,585.191,585.191,585.191,0.0,6.21,0.0,0.0564
1447,41.9,46649.0,enc/off/vf=off/lk=0,585.614,585.614,585.614,0.0,6.378,0.0,0.0553
1448,41.95,46699.0,enc/off/vf=off/lk=0,586.041,586.041,586.041,0.0,6.313,0.0,0.054
1449,42.0,46749.0,enc/off/vf=off/lk=0,586.422,586.422,586.422,0.0,9.316,0.0,0.0526
1450,42.05,46799.0,enc/off/vf=off/lk=0,586.737,586.737,586.737,0.0,9.45,0.0,0.0521
1451,42.1,46849.0,enc/off/vf=off/lk=0,587.084,587.084,587.084,0.0,6.173,0.0,0.0516
1452,42.15,46899.0,enc/off/vf=off/lk=0,587.443,587.443,587.443,0.0,3.169,0.0,0.0502
1453,42.2,46949.0,enc/off/vf=off/lk=0,587.785,587.785,587.785,0.0,9.354,0.0,0.0486
1454,42.25,46999.0,enc/off/vf=off/lk=0,588.107,588.107,588.107,0.0,6.198,0.0,0.048
1455,42.3,47049.0,enc/off/vf=off/lk=0,588.46,588.46,588.46,0.0,6.287,0.0,0.0471
1456,42.35,47099.0,enc/off/vf=off/lk=0,588.805,588.805,588.805,0.0,6.236,0.0,0.0461
1457,42.4,47149.0,enc/off/vf=off/lk=0,589.156,589.156,589.156,0.0,6.236,0.0,0.0448
1458,42.45,47199.0,enc/off/vf=off/lk=0,589.382,589.382,589.382,0.0,6.326,0.0,0.0443
1459,42.5,47249.0,enc/off/vf=off/lk=0,589.673,589.673,589.673,0.0,3.137,0.0,0.0441
1460,42.55,47299.0,enc/off/vf=off/lk=0,589.859,589.859,589.859,0.0,9.489,0.0,0.043
1461,42.6,47349.0,enc/off/vf=off/lk=0,590.138,590.138,590.138,0.0,3.189,0.0,0.0427
1462,42.65,47399.0,enc/off/vf=off/lk=0,590.336,590.336,590.336,0.0,9.278,0.0,0.0417
1463,42.7,47449.0,enc/off/vf=off/lk=0,590.603,590.603,590.603,0.0,6.21,0.0,0.0412
1464,42.75,47499.0,enc/off/vf=off/lk=0,590.836,590.836,590.836,0.0,9.469,0.0,0.04
1465,42.8,47549.0,enc/off/vf=off/lk=0,591.058,591.058,591.058,0.0,6.313,0.0,0.0401
1466,42.85,47599.0,enc/off/vf=off/lk=0,591.33,591.33,591.33,0.0,9.411,0.0,0.0384
1467,42.9,47649.0,enc/off/vf=off/lk=0,591.563,591.563,591.563,0.0,3.163,0.0,0.0383
1468,42.95,47699.0,enc/off/vf=off/lk=0,591.84,591.84,591.84,0.0,3.156,0.0,0.0371
1469,43.0,47749.0,enc/off/vf=off/lk=0,592.052,592.052,592.052,0.0,3.099,0.0,0.0365
1470,43.05,47799.0,enc/off/vf=off/lk=0,592.301,592.301,592.301,0.0,0.0,0.0,0.0359
1471,43.1,47849.0,enc/off/vf=off/lk=0,592.331,592.331,592.331,0.0,0.0,0.0,0.0368
1472,43.15,47899.0,enc/off/vf=off/lk=0,592.41,592.41,592.41,0.0,3.156,0.0,0.0361
1473,43.2,47949.0,enc/off/vf=off/lk=0,592.666,592.666,592.666,0.0,6.274,0.0,0.0344
1474,43.25,47999.0,enc/off/vf=off/lk=0,592.793,592.793,592.793,0.0,0.0,0.0,0.0353
1475,43.3,48049.0,enc/off/vf=off/lk=0,592.804,592.804,592.804,0.0,0.0,0.0,0.0355
1476,43.35,48099.0,enc/off/vf=off/lk=0,592.808,592.808,592.808,0.0,0.0,0.0,0.0355
1477,43.4,48149.0,enc/off/vf=off/lk=0,592.812,592.812,592.812,0.0,0.0,0.0,0.0355
1478,43.45,48199.0,enc/off/vf=off/lk=0,592.812,592.812,592.812,0.0,0.0,0.0,0.0355
1479,43.5,48249.0,enc/off/vf=off/lk=0,592.813,592.813,592.813,0.0,0.0,0.0,0.0355
1480,43.55,48299.0,enc/off/vf=off/lk=0,592.813,592.813,592.813,0.0,0.0,0.0,0.0355
1481,43.6,48349.0,enc/off/vf=off/lk=0,592.813,592.813,592.813,0.0,0.0,0.0,0.0355
1482,43.65,48399.0,enc/off/vf=off/lk=0,592.812,592.812,592.812,0.0,3.118,0.0,0.0355
1483,43.7,48449.0,enc/off/vf=off/lk=0,592.813,592.813,592.813,0.0,0.0,0.0,0.0355
1484,43.75,48499.0,enc/off/vf=off/lk=0,592.813,592.813,592.813,0.0,-3.105,0.0,0.0355
1485,43.8,48549.0,enc/off/vf=off/lk=0,592.813,592.813,592.813,0.0,0.0,0.0,0.0355
1486,43.85,48599.0,enc/off/vf=off/lk=0,592.813,592.813,592.813,0.0,0.0,0.0,0.0355
1487,43.9,48649.0,enc/off/vf=off/lk=0,592.813,592.813,592.813,0.0,0.0,0.0,0.0355
1488,43.95,48699.0,enc/off/vf=off/lk=0,592.813,592.813,592.813,0.0,0.0,0.0,0.0355
1489,44.0,48749.0,enc/off/vf=off/lk=0,592.813,592.813,592.813,0.0,0.0,0.0,0.0355
1490,44.05,48799.0,enc/off/vf=off/lk=0,592.813,592.813,592.813,0.0,0.0,0.0,0.0355
1491,44.1,48849.0,enc/off/vf=off/lk=0,592.813,592.813,592.813,0.0,0.0,0.0,0.0355
1492,44.15,48899.0,enc/off/vf=off/lk=0,592.813,592.813,592.813,0.0,0.0,0.0,0.0355
1493,44.2,48949.0,enc/off/vf=off/lk=0,592.813,592.813,592.813,0.0,0.0,0.0,0.0355
1494,44.25,48999.0,enc/off/vf=off/lk=0,592.813,592.813,592.813,0.0,0.0,0.0,0.0355
1495,44.3,49049.0,enc/off/vf=off/lk=0,592.812,592.812,592.812,0.0,0.0,0.0,0.0355
1496,44.35,49099.0,enc/off/vf=off/lk=0,592.813,592.813,592.813,0.0,0.0,0.0,0.0355
1497,44.4,49149.0,enc/off/vf=off/lk=0,592.813,592.813,592.813,0.0,0.0,0.0,0.0355
1498,44.45,49199.0,enc/off/vf=off/lk=0,592.813,592.813,592.813,0.0,0.0,0.0,0.0355
1499,44.5,49249.0,enc/off/vf=off/lk=0,592.813,592.813,592.813,0.0,0.0,0.0,0.0355
1500,44.55,49299.0,enc/off/vf=off/lk=0,592.812,592.812,592.812,0.0,0.0,0.0,0.0355
1501,44.6,49349.0,enc/off/vf=off/lk=0,592.813,592.813,592.813,0.0,0.0,0.0,0.0355
1502,44.65,49399.0,enc/off/vf=off/lk=0,592.813,592.813,592.813,0.0,0.0,0.0,0.0355
1503,44.7,49449.0,enc/off/vf=off/lk=0,592.813,592.813,592.813,0.0,0.0,0.0,0.0355
1504,44.75,49499.0,enc/off/vf=off/lk=0,592.813,592.813,592.813,0.0,0.0,0.0,0.0355
1505,44.8,49549.0,enc/off/vf=off/lk=0,592.813,592.813,592.813,0.0,0.0,0.0,0.0355
1506,44.85,49599.0,enc/off/vf=off/lk=0,592.813,592.813,592.813,0.0,0.0,0.0,0.0355
1507,44.9,49649.0,enc/off/vf=off/lk=0,592.813,592.813,592.813,0.0,0.0,0.0,0.0355
1508,44.95,49699.0,enc/off/vf=off/lk=0,592.813,592.813,592.813,0.0,0.0,0.0,0.0355
1509,45.0,49749.0,enc/off/vf=off/lk=0,592.813,592.813,592.813,0.0,3.118,0.0,0.0355
1510,45.05,49799.0,enc/off/vf=off/lk=0,592.813,592.813,592.813,0.0,0.0,0.0,0.0355
1511,45.1,49849.0,enc/off/vf=off/lk=0,592.813,592.813,592.813,0.0,0.0,0.0,0.0355
1512,45.15,49899.0,enc/off/vf=off/lk=0,592.813,592.813,592.813,0.0,0.0,0.0,0.0355
1513,45.2,49949.0,enc/off/vf=off/lk=0,592.813,592.813,592.813,0.0,0.0,0.0,0.0355
1514,45.25,49999.0,enc/off/vf=off/lk=0,592.812,592.812,592.812,0.0,3.163,0.0,0.0355
1515,45.3,50049.0,enc/off/vf=off/lk=0,592.813,592.813,592.813,0.0,0.0,0.0,0.0355
1516,45.35,50099.0,enc/off/vf=off/lk=0,592.813,592.813,592.813,0.0,0.0,0.0,0.0355
1517,45.4,50149.0,enc/off/vf=off/lk=0,592.813,592.813,592.813,0.0,0.0,0.0,0.0355
1518,45.45,50199.0,enc/off/vf=off/lk=0,592.813,592.813,592.813,0.0,0.0,0.0,0.0355
1519,45.5,50249.0,enc/off/vf=off/lk=0,592.813,592.813,592.813,0.0,0.0,0.0,0.0355
1520,45.55,50299.0,enc/off/vf=off/lk=0,592.813,592.813,592.813,0.0,0.0,0.0,0.0355
1521,45.6,50349.0,enc/off/vf=off/lk=0,592.813,592.813,592.813,0.0,3.156,0.0,0.0355
1522,45.65,50399.0,enc/off/vf=off/lk=0,592.813,592.813,592.813,0.0,0.0,0.0,0.0355
1523,45.7,50449.0,enc/off/vf=off/lk=0,592.813,592.813,592.813,0.0,0.0,0.0,0.0355
1524,45.75,50499.0,enc/off/vf=off/lk=0,592.813,592.813,592.813,0.0,0.0,0.0,0.0355
1525,45.8,50549.0,enc/off/vf=off/lk=0,592.813,592.813,592.813,0.0,3.137,0.0,0.0355
1526,45.85,50599.0,enc/off/vf=off/lk=0,592.813,592.813,592.813,0.0,0.0,0.0,0.0355
1527,45.9,50649.0,enc/off/vf=off/lk=0,592.813,592.813,592.813,0.0,0.0,0.0,0.0355
1528,45.95,50699.0,enc/off/vf=off/lk=0,592.813,592.813,592.813,0.0,0.0,0.0,0.0355
1529,46.0,50749.0,enc/off/vf=off/lk=0,592.813,592.813,592.813,0.0,0.0,0.0,0.0355
1530,46.05,50799.0,enc/off/vf=off/lk=0,592.813,592.813,592.813,0.0,0.0,0.0,0.0355
1531,46.1,50849.0,enc/off/vf=off/lk=0,592.813,592.813,592.813,0.0,0.0,0.0,0.0355
1532,46.15,50899.0,enc/off/vf=off/lk=0,592.813,592.813,592.813,0.0,0.0,0.0,0.0355
1533,46.2,50949.0,enc/off/vf=off/lk=0,592.813,592.813,592.813,0.0,0.0,0.0,0.0355
1534,46.25,50999.0,enc/off/vf=off/lk=0,592.812,592.812,592.812,0.0,-3.183,0.0,0.0355
1535,46.3,51049.0,enc/off/vf=off/lk=0,592.813,592.813,592.813,0.0,0.0,0.0,0.0355
1536,46.35,51099.0,enc/off/vf=off/lk=0,592.813,592.813,592.813,0.0,0.0,0.0,0.0355
1537,46.4,51149.0,enc/off/vf=off/lk=0,592.813,592.813,592.813,0.0,0.0,0.0,0.0355
1538,46.45,51199.0,enc/off/vf=off/lk=0,592.813,592.813,592.813,0.0,0.0,0.0,0.0355
1539,46.5,51249.0,enc/off/vf=off/lk=0,592.812,592.812,592.812,0.0,-3.131,0.0,0.0355
1540,46.55,51299.0,enc/off/vf=off/lk=0,592.813,592.813,592.813,0.0,0.0,0.0,0.0355
1541,46.6,51349.0,enc/off/vf=off/lk=0,592.813,592.813,592.813,0.0,0.0,0.0,0.0355
1542,46.65,51399.0,enc/off/vf=off/lk=0,592.813,592.813,592.813,0.0,0.0,0.0,0.0355
1543,46.7,51449.0,enc/off/vf=off/lk=0,592.813,592.813,592.813,0.0,0.0,0.0,0.0355
1544,46.75,51499.0,enc/off/vf=off/lk=0,592.813,592.813,592.813,0.0,0.0,0.0,0.0355
1545,46.8,51549.0,enc/off/vf=off/lk=0,592.813,592.813,592.813,0.0,0.0,0.0,0.0355
1546,46.85,51599.0,enc/off/vf=off/lk=0,592.813,592.813,592.813,0.0,0.0,0.0,0.0355
1547,46.9,51649.0,enc/off/vf=off/lk=0,592.813,592.813,592.813,0.0,0.0,0.0,0.0355
1548,46.95,51699.0,enc/off/vf=off/lk=0,592.813,592.813,592.813,0.0,0.0,0.0,0.0355
1549,47.0,51749.0,enc/off/vf=off/lk=0,592.813,592.813,592.813,0.0,0.0,0.0,0.0355
1550,47.05,51799.0,enc/off/vf=off/lk=0,592.813,592.813,592.813,0.0,0.0,0.0,0.0355
1551,47.1,51849.0,enc/off/vf=off/lk=0,592.813,592.813,592.813,0.0,0.0,0.0,0.0355
1552,47.15,51899.0,enc/off/vf=off/lk=0,592.813,592.813,592.813,0.0,0.0,0.0,0.0355
1553,47.2,51949.0,enc/off/vf=off/lk=0,592.812,592.812,592.812,0.0,0.0,0.0,0.0355
1554,47.25,51999.0,enc/off/vf=off/lk=0,592.813,592.813,592.813,0.0,0.0,0.0,0.0355
1555,47.3,52049.0,enc/off/vf=off/lk=0,592.813,592.813,592.813,0.0,0.0,0.0,0.0355
1556,47.35,52099.0,enc/off/vf=off/lk=0,592.813,592.813,592.813,0.0,0.0,0.0,0.0355
1557,47.4,52149.0,enc/off/vf=off/lk=0,592.813,592.813,592.813,0.0,0.0,0.0,0.0355
1558,47.45,52199.0,enc/off/vf=off/lk=0,592.813,592.813,592.813,0.0,0.0,0.0,0.0355
1559,47.5,52249.0,enc/off/vf=off/lk=0,592.813,592.813,592.813,0.0,0.0,0.0,0.0355
1560,47.55,52299.0,enc/off/vf=off/lk=0,592.813,592.813,592.813,0.0,0.0,0.0,0.0355
1561,47.6,52349.0,enc/off/vf=off/lk=0,592.813,592.813,592.813,0.0,0.0,0.0,0.0355
1562,47.65,52399.0,enc/off/vf=off/lk=0,592.813,592.813,592.813,0.0,0.0,0.0,0.0355
1563,47.7,52449.0,enc/off/vf=off/lk=0,592.813,592.813,592.813,0.0,0.0,0.0,0.0355
1564,47.75,52499.0,enc/off/vf=off/lk=0,592.813,592.813,592.813,0.0,0.0,0.0,0.0355
1565,47.8,52549.0,enc/off/vf=off/lk=0,592.813,592.813,592.813,0.0,0.0,0.0,0.0355
1566,47.85,52599.0,enc/off/vf=off/lk=0,592.813,592.813,592.813,0.0,0.0,0.0,0.0355
1567,47.9,52649.0,enc/off/vf=off/lk=0,592.813,592.813,592.813,0.0,0.0,0.0,0.0355
1568,47.95,52699.0,enc/off/vf=off/lk=0,592.813,592.813,592.813,0.0,0.0,0.0,0.0355
1569,48.0,52749.0,enc/off/vf=off/lk=0,592.813,592.813,592.813,0.0,0.0,0.0,0.0355
1570,48.05,52799.0,enc/off/vf=off/lk=0,592.813,592.813,592.813,0.0,0.0,0.0,0.0355
1571,48.1,52849.0,enc/off/vf=off/lk=0,592.813,592.813,592.813,0.0,0.0,0.0,0.0355
1572,48.15,52899.0,enc/off/vf=off/lk=0,592.813,592.813,592.813,0.0,0.0,0.0,0.0355
1573,48.2,52949.0,enc/off/vf=off/lk=0,592.813,592.813,592.813,0.0,0.0,0.0,0.0355
1574,48.25,52999.0,enc/off/vf=off/lk=0,592.813,592.813,592.813,0.0,0.0,0.0,0.0355
1575,48.3,53049.0,enc/off/vf=off/lk=0,592.813,592.813,592.813,0.0,0.0,0.0,0.0355
1576,48.35,53099.0,enc/off/vf=off/lk=0,592.813,592.813,592.813,0.0,0.0,0.0,0.0355
1577,48.4,53149.0,enc/off/vf=off/lk=0,592.813,592.813,592.813,0.0,0.0,0.0,0.0355
1578,48.45,53199.0,enc/off/vf=off/lk=0,592.813,592.813,592.813,0.0,0.0,0.0,0.0355
1579,48.5,53249.0,enc/off/vf=off/lk=0,592.813,592.813,592.813,0.0,0.0,0.0,0.0355
1580,48.55,53299.0,enc/off/vf=off/lk=0,592.813,592.813,592.813,0.0,0.0,0.0,0.0355
1581,48.6,53349.0,enc/off/vf=off/lk=0,592.813,592.813,592.813,0.0,0.0,0.0,0.0355
1582,48.65,53399.0,enc/off/vf=off/lk=0,592.813,592.813,592.813,0.0,0.0,0.0,0.0355
1583,48.7,53449.0,enc/off/vf=off/lk=0,592.813,592.813,592.813,0.0,0.0,0.0,0.0355
1584,48.75,53499.0,enc/off/vf=off/lk=0,592.813,592.813,592.813,0.0,0.0,0.0,0.0355
1585,48.8,53549.0,enc/off/vf=off/lk=0,592.813,592.813,592.813,0.0,0.0,0.0,0.0355
1586,48.85,53599.0,enc/off/vf=off/lk=0,592.813,592.813,592.813,0.0,0.0,0.0,0.0355
1587,48.9,53649.0,enc/off/vf=off/lk=0,592.813,592.813,592.813,0.0,0.0,0.0,0.0355
1588,48.95,53699.0,enc/off/vf=off/lk=0,592.813,592.813,592.813,0.0,0.0,0.0,0.0355
1589,49.0,53749.0,enc/off/vf=off/lk=0,592.813,592.813,592.813,0.0,0.0,0.0,0.0355
1590,49.05,53799.0,enc/off/vf=off/lk=0,592.813,592.813,592.813,0.0,0.0,0.0,0.0355
1591,49.1,53849.0,enc/off/vf=off/lk=0,592.813,592.813,592.813,0.0,0.0,0.0,0.0355
1592,49.15,53899.0,enc/off/vf=off/lk=0,592.813,592.813,592.813,0.0,0.0,0.0,0.0355
1593,49.2,53949.0,enc/off/vf=off/lk=0,592.813,592.813,592.813,0.0,0.0,0.0,0.0355
1594,49.25,53999.0,enc/off/vf=off/lk=0,592.813,592.813,592.813,0.0,0.0,0.0,0.0355
1595,49.3,54049.0,enc/off/vf=off/lk=0,592.813,592.813,592.813,0.0,0.0,0.0,0.0355
1596,49.35,54099.0,enc/off/vf=off/lk=0,592.813,592.813,592.813,0.0,0.0,0.0,0.0355
1597,49.4,54149.0,enc/off/vf=off/lk=0,592.813,592.813,592.813,0.0,0.0,0.0,0.0355
1598,49.45,54199.0,enc/off/vf=off/lk=0,592.813,592.813,592.813,0.0,0.0,0.0,0.0355
1599,49.5,54249.0,enc/off/vf=off/lk=0,592.813,592.813,592.813,0.0,0.0,0.0,0.0355
1600,49.55,54299.0,enc/off/vf=off/lk=0,592.813,592.813,592.813,0.0,0.0,0.0,0.0355
1601,49.6,54349.0,enc/off/vf=off/lk=0,592.813,592.813,592.813,0.0,0.0,0.0,0.0355
1602,49.65,54399.0,enc/off/vf=off/lk=0,592.813,592.813,592.813,0.0,0.0,0.0,0.0355
1603,49.7,54449.0,enc/off/vf=off/lk=0,592.813,592.813,592.813,0.0,0.0,0.0,0.0355
1604,49.75,54499.0,enc/off/vf=off/lk=0,592.813,592.813,592.813,0.0,-3.068,0.0,0.0355
1605,49.8,54549.0,enc/off/vf=off/lk=0,592.813,592.813,592.813,0.0,0.0,0.0,0.0355
1606,49.85,54599.0,enc/off/vf=off/lk=0,592.813,592.813,592.813,0.0,0.0,0.0,0.0355
1607,49.9,54649.0,enc/off/vf=off/lk=0,592.813,592.813,592.813,0.0,0.0,0.0,0.0355
1608,49.95,54699.0,enc/off/vf=off/lk=0,592.813,592.813,592.813,0.0,0.0,0.0,0.0355
1609,50.0,54749.0,enc/off/vf=off/lk=0,592.813,592.813,592.813,0.0,0.0,0.0,0.0355
1610,50.05,54799.0,enc/off/vf=off/lk=0,592.813,592.813,592.813,0.0,0.0,0.0,0.0355
1611,50.1,54849.0,enc/off/vf=off/lk=0,592.812,592.812,592.812,0.0,0.0,0.0,0.0355
1612,50.15,54899.0,enc/off/vf=off/lk=0,592.813,592.813,592.813,0.0,0.0,0.0,0.0355
1613,50.2,54949.0,enc/off/vf=off/lk=0,592.813,592.813,592.813,0.0,0.0,0.0,0.0355
1614,50.25,54999.0,enc/off/vf=off/lk=0,592.813,592.813,592.813,0.0,0.0,0.0,0.0355
1615,50.3,55049.0,enc/off/vf=off/lk=0,592.813,592.813,592.813,0.0,0.0,0.0,0.0355
1616,50.35,55099.0,enc/off/vf=off/lk=0,592.812,592.812,592.812,0.0,-3.143,0.0,0.0355
1617,50.4,55149.0,enc/off/vf=off/lk=0,592.813,592.813,592.813,0.0,0.0,0.0,0.0355
1618,50.45,55199.0,enc/off/vf=off/lk=0,592.813,592.813,592.813,0.0,0.0,0.0,0.0355
1619,50.5,55249.0,enc/off/vf=off/lk=0,592.813,592.813,592.813,0.0,0.0,0.0,0.0355
1620,50.55,55299.0,enc/off/vf=off/lk=0,592.813,592.813,592.813,0.0,3.223,0.0,0.0355
1621,50.6,55349.0,enc/off/vf=off/lk=0,592.813,592.813,592.813,0.0,0.0,0.0,0.0355
1622,50.65,55399.0,enc/off/vf=off/lk=0,592.813,592.813,592.813,0.0,0.0,0.0,0.0355
1623,50.7,55449.0,enc/off/vf=off/lk=0,592.813,592.813,592.813,0.0,0.0,0.0,0.0355
1624,50.75,55499.0,enc/off/vf=off/lk=0,592.813,592.813,592.813,0.0,0.0,0.0,0.0355
1625,50.8,55549.0,enc/off/vf=off/lk=0,592.813,592.813,592.813,0.0,0.0,0.0,0.0355
1626,50.85,55599.0,enc/off/vf=off/lk=0,592.813,592.813,592.813,0.0,0.0,0.0,0.0355
1627,50.9,55649.0,enc/off/vf=off/lk=0,592.813,592.813,592.813,0.0,0.0,0.0,0.0355
1628,50.95,55699.0,enc/off/vf=off/lk=0,592.813,592.813,592.813,0.0,0.0,0.0,0.0355
1629,51.0,55749.0,enc/off/vf=off/lk=0,592.813,592.813,592.813,0.0,0.0,0.0,0.0355
1630,51.05,55799.0,enc/off/vf=off/lk=0,592.813,592.813,592.813,0.0,0.0,0.0,0.0355
1631,51.1,55849.0,enc/off/vf=off/lk=0,592.813,592.813,592.813,0.0,0.0,0.0,0.0355
1632,51.15,55899.0,enc/off/vf=off/lk=0,592.813,592.813,592.813,0.0,0.0,0.0,0.0355
1633,51.2,55949.0,enc/off/vf=off/lk=0,592.813,592.813,592.813,0.0,0.0,0.0,0.0355
1634,51.25,55999.0,enc/off/vf=off/lk=0,592.813,592.813,592.813,0.0,0.0,0.0,0.0355
1635,51.3,56049.0,enc/off/vf=off/lk=0,592.813,592.813,592.813,0.0,0.0,0.0,0.0355
1636,51.35,56099.0,enc/off/vf=off/lk=0,592.813,592.813,592.813,0.0,0.0,0.0,0.0355
1637,51.4,56149.0,enc/off/vf=off/lk=0,592.813,592.813,592.813,0.0,0.0,0.0,0.0355
1638,51.45,56199.0,enc/off/vf=off/lk=0,592.813,592.813,592.813,0.0,-3.163,0.0,0.0355
1639,51.5,56249.0,enc/off/vf=off/lk=0,592.813,592.813,592.813,0.0,0.0,0.0,0.0355
1640,51.55,56299.0,enc/off/vf=off/lk=0,592.813,592.813,592.813,0.0,0.0,0.0,0.0355
1641,51.6,56349.0,enc/off/vf=off/lk=0,592.813,592.813,592.813,0.0,0.0,0.0,0.0355
1642,51.65,56399.0,enc/off/vf=off/lk=0,592.813,592.813,592.813,0.0,0.0,0.0,0.0355
1643,51.7,56449.0,enc/off/vf=off/lk=0,592.813,592.813,592.813,0.0,0.0,0.0,0.0355
1644,51.75,56499.0,enc/off/vf=off/lk=0,592.813,592.813,592.813,0.0,3.143,0.0,0.0355
1645,51.8,56549.0,enc/off/vf=off/lk=0,592.813,592.813,592.813,0.0,0.0,0.0,0.0355
1646,51.85,56599.0,enc/off/vf=off/lk=0,592.813,592.813,592.813,0.0,0.0,0.0,0.0355
1647,51.9,56649.0,enc/off/vf=off/lk=0,592.813,592.813,592.813,0.0,0.0,0.0,0.0355
1648,51.95,56699.0,enc/off/vf=off/lk=0,592.813,592.813,592.813,0.0,0.0,0.0,0.0355
1649,52.0,56749.0,enc/off/vf=off/lk=0,592.813,592.813,592.813,0.0,0.0,0.0,0.0355
1650,52.05,56799.0,enc/off/vf=off/lk=0,592.812,592.812,592.812,0.0,3.163,0.0,0.0355
1651,52.1,56849.0,enc/off/vf=off/lk=0,592.813,592.813,592.813,0.0,0.0,0.0,0.0355
1652,52.15,56899.0,enc/off/vf=off/lk=0,592.813,592.813,592.813,0.0,0.0,0.0,0.0355
1653,52.2,56949.0,enc/off/vf=off/lk=0,592.813,592.813,592.813,0.0,0.0,0.0,0.0355
1654,52.25,56999.0,enc/off/vf=off/lk=0,592.813,592.813,592.813,0.0,0.0,0.0,0.0355
1655,52.3,57049.0,enc/off/vf=off/lk=0,592.813,592.813,592.813,0.0,0.0,0.0,0.0355
1656,52.35,57099.0,enc/off/vf=off/lk=0,592.813,592.813,592.813,0.0,0.0,0.0,0.0355
1657,52.4,57149.0,enc/off/vf=off/lk=0,592.813,592.813,592.813,0.0,0.0,0.0,0.0355
1658,52.45,57199.0,enc/off/vf=off/lk=0,592.813,592.813,592.813,0.0,0.0,0.0,0.0355
1659,52.5,57249.0,enc/off/vf=off/lk=0,592.813,592.813,592.813,0.0,0.0,0.0,0.0355
1660,52.55,57299.0,enc/off/vf=off/lk=0,592.813,592.813,592.813,0.0,0.0,0.0,0.0355
1661,52.6,57349.0,enc/off/vf=off/lk=0,592.813,592.813,592.813,0.0,0.0,0.0,0.0355
1662,52.65,57399.0,enc/off/vf=off/lk=0,592.813,592.813,592.813,0.0,0.0,0.0,0.0355
1663,52.7,57449.0,enc/off/vf=off/lk=0,592.813,592.813,592.813,0.0,0.0,0.0,0.0355
1664,52.75,57499.0,enc/off/vf=off/lk=0,592.813,592.813,592.813,0.0,0.0,0.0,0.0355
1665,52.8,57549.0,enc/off/vf=off/lk=0,592.813,592.813,592.813,0.0,0.0,0.0,0.0355
1666,52.85,57599.0,enc/off/vf=off/lk=0,592.813,592.813,592.813,0.0,0.0,0.0,0.0355
1667,52.9,57649.0,enc/off/vf=off/lk=0,592.813,592.813,592.813,0.0,0.0,0.0,0.0355
1668,52.95,57699.0,enc/off/vf=off/lk=0,592.813,592.813,592.813,0.0,0.0,0.0,0.0355
1669,53.0,57749.0,enc/off/vf=off/lk=0,592.813,592.813,592.813,0.0,0.0,0.0,0.0355
1670,53.05,57799.0,enc/off/vf=off/lk=0,592.813,592.813,592.813,0.0,0.0,0.0,0.0355
1671,53.1,57849.0,enc/off/vf=off/lk=0,592.813,592.813,592.813,0.0,0.0,0.0,0.0355
1672,53.15,57899.0,enc/off/vf=off/lk=0,592.813,592.813,592.813,0.0,0.0,0.0,0.0355
1673,53.2,57949.0,enc/off/vf=off/lk=0,592.813,592.813,592.813,0.0,0.0,0.0,0.0355
1674,53.25,57999.0,enc/off/vf=off/lk=0,592.813,592.813,592.813,0.0,0.0,0.0,0.0355
1675,53.3,58049.0,enc/off/vf=off/lk=0,592.813,592.813,592.813,0.0,0.0,0.0,0.0355
1676,53.35,58099.0,enc/off/vf=off/lk=0,592.813,592.813,592.813,0.0,0.0,0.0,0.0355
1677,53.4,58149.0,enc/off/vf=off/lk=0,592.813,592.813,592.813,0.0,0.0,0.0,0.0355
1678,53.45,58199.0,enc/off/vf=off/lk=0,592.813,592.813,592.813,0.0,0.0,0.0,0.0355
1679,53.5,58249.0,enc/off/vf=off/lk=0,592.813,592.813,592.813,0.0,0.0,0.0,0.0355
1680,53.55,58299.0,enc/off/vf=off/lk=0,592.813,592.813,592.813,0.0,0.0,0.0,0.0355
1681,53.6,58349.0,enc/off/vf=off/lk=0,592.813,592.813,592.813,0.0,0.0,0.0,0.0355
1682,53.65,58399.0,enc/off/vf=off/lk=0,592.813,592.813,592.813,0.0,0.0,0.0,0.0355
1683,53.7,58449.0,enc/off/vf=off/lk=0,592.813,592.813,592.813,0.0,0.0,0.0,0.0355
1684,53.75,58499.0,enc/off/vf=off/lk=0,592.813,592.813,592.813,0.0,0.0,0.0,0.0355
1685,53.8,58549.0,enc/off/vf=off/lk=0,592.813,592.813,592.813,0.0,0.0,0.0,0.0355
1686,53.85,58599.0,enc/off/vf=off/lk=0,592.813,592.813,592.813,0.0,0.0,0.0,0.0355
1687,53.9,58649.0,enc/off/vf=off/lk=0,592.813,592.813,592.813,0.0,0.0,0.0,0.0355
1688,53.95,58699.0,enc/off/vf=off/lk=0,592.813,592.813,592.813,0.0,0.0,0.0,0.0355
1689,54.0,58749.0,enc/off/vf=off/lk=0,592.813,592.813,592.813,0.0,0.0,0.0,0.0355
1690,54.05,58799.0,enc/off/vf=off/lk=0,592.813,592.813,592.813,0.0,0.0,0.0,0.0355
1691,54.1,58849.0,enc/off/vf=off/lk=0,592.813,592.813,592.813,0.0,0.0,0.0,0.0355
1692,54.15,58899.0,enc/off/vf=off/lk=0,592.813,592.813,592.813,0.0,0.0,0.0,0.0355
1693,54.2,58949.0,enc/off/vf=off/lk=0,592.813,592.813,592.813,0.0,0.0,0.0,0.0355
1694,54.25,58999.0,enc/off/vf=off/lk=0,592.813,592.813,592.813,0.0,0.0,0.0,0.0355
1695,54.3,59049.0,enc/off/vf=off/lk=0,592.813,592.813,592.813,0.0,0.0,0.0,0.0355
1696,54.35,59099.0,enc/off/vf=off/lk=0,592.813,592.813,592.813,0.0,0.0,0.0,0.0355
1697,54.4,59149.0,enc/off/vf=off/lk=0,592.813,592.813,592.813,0.0,0.0,0.0,0.0355
1698,54.45,59199.0,enc/off/vf=off/lk=0,592.813,592.813,592.813,0.0,0.0,0.0,0.0355
1699,54.5,59249.0,enc/off/vf=off/lk=0,592.813,592.813,592.813,0.0,0.0,0.0,0.0355
1700,54.55,59299.0,enc/off/vf=off/lk=0,592.813,592.813,592.813,0.0,0.0,0.0,0.0355
1701,54.6,59349.0,enc/off/vf=off/lk=0,592.813,592.813,592.813,0.0,0.0,0.0,0.0355
1702,54.65,59399.0,enc/off/vf=off/lk=0,592.813,592.813,592.813,0.0,0.0,0.0,0.0355
1703,54.7,59449.0,enc/off/vf=off/lk=0,592.813,592.813,592.813,0.0,0.0,0.0,0.0355
1704,54.75,59499.0,enc/off/vf=off/lk=0,592.813,592.813,592.813,0.0,0.0,0.0,0.0355
1705,54.8,59549.0,enc/off/vf=off/lk=0,592.813,592.813,592.813,0.0,0.0,0.0,0.0355
1706,54.85,59599.0,enc/off/vf=off/lk=0,592.813,592.813,592.813,0.0,0.0,0.0,0.0355
1707,54.9,59649.0,enc/off/vf=off/lk=0,592.813,592.813,592.813,0.0,0.0,0.0,0.0355
1708,54.95,59699.0,enc/off/vf=off/lk=0,592.813,592.813,592.813,0.0,0.0,0.0,0.0355
1709,55.0,59749.0,enc/off/vf=off/lk=0,592.813,592.813,592.813,0.0,0.0,0.0,0.0355
1710,55.05,59799.0,enc/off/vf=off/lk=0,592.813,592.813,592.813,0.0,0.0,0.0,0.0355
1711,55.1,59849.0,enc/off/vf=off/lk=0,592.813,592.813,592.813,0.0,0.0,0.0,0.0355
1712,55.15,59899.0,enc/off/vf=off/lk=0,592.813,592.813,592.813,0.0,0.0,0.0,0.0355
1713,55.2,59949.0,enc/off/vf=off/lk=0,592.813,592.813,592.813,0.0,0.0,0.0,0.0355
1714,55.25,59999.0,enc/off/vf=off/lk=0,592.813,592.813,592.813,0.0,0.0,0.0,0.0355
1715,55.3,60049.0,enc/off/vf=off/lk=0,592.813,592.813,592.813,0.0,0.0,0.0,0.0355
1716,55.35,60099.0,enc/off/vf=off/lk=0,592.813,592.813,592.813,0.0,0.0,0.0,0.0355
1717,55.4,60149.0,enc/off/vf=off/lk=0,592.813,592.813,592.813,0.0,0.0,0.0,0.0355
1718,55.45,60199.0,enc/off/vf=off/lk=0,592.813,592.813,592.813,0.0,0.0,0.0,0.0355
1719,55.5,60249.0,enc/off/vf=off/lk=0,592.813,592.813,592.813,0.0,0.0,0.0,0.0355
1720,55.55,60299.0,enc/off/vf=off/lk=0,592.813,592.813,592.813,0.0,0.0,0.0,0.0355
1721,55.6,60349.0,enc/off/vf=off/lk=0,592.813,592.813,592.813,0.0,0.0,0.0,0.0355
1722,55.65,60399.0,enc/off/vf=off/lk=0,592.813,592.813,592.813,0.0,0.0,0.0,0.0355
1723,55.7,60449.0,enc/off/vf=off/lk=0,592.813,592.813,592.813,0.0,0.0,0.0,0.0355
1724,55.75,60499.0,enc/off/vf=off/lk=0,592.813,592.813,592.813,0.0,0.0,0.0,0.0355
1725,55.8,60549.0,enc/off/vf=off/lk=0,592.813,592.813,592.813,0.0,0.0,0.0,0.0355
1726,55.85,60599.0,enc/off/vf=off/lk=0,592.813,592.813,592.813,0.0,0.0,0.0,0.0355
1727,55.9,60649.0,enc/off/vf=off/lk=0,592.813,592.813,592.813,0.0,0.0,0.0,0.0355
1728,55.95,60699.0,enc/off/vf=off/lk=0,592.813,592.813,592.813,0.0,0.0,0.0,0.0355
1729,56.0,60749.0,enc/off/vf=off/lk=0,592.813,592.813,592.813,0.0,0.0,0.0,0.0355
1730,56.05,60799.0,enc/off/vf=off/lk=0,592.813,592.813,592.813,0.0,0.0,0.0,0.0355
1731,56.1,60849.0,enc/off/vf=off/lk=0,592.813,592.813,592.813,0.0,0.0,0.0,0.0355
1732,56.15,60899.0,enc/off/vf=off/lk=0,592.813,592.813,592.813,0.0,0.0,0.0,0.0355
1733,56.2,60949.0,enc/off/vf=off/lk=0,592.813,592.813,592.813,0.0,0.0,0.0,0.0355
1734,56.25,60999.0,enc/off/vf=off/lk=0,592.813,592.813,592.813,0.0,0.0,0.0,0.0355
1735,56.3,61049.0,enc/off/vf=off/lk=0,592.813,592.813,592.813,0.0,0.0,0.0,0.0355
1736,56.35,61099.0,enc/off/vf=off/lk=0,592.813,592.813,592.813,0.0,0.0,0.0,0.0355
1737,56.4,61149.0,enc/off/vf=off/lk=0,592.813,592.813,592.813,0.0,0.0,0.0,0.0355
1738,56.45,61199.0,enc/off/vf=off/lk=0,592.813,592.813,592.813,0.0,0.0,0.0,0.0355
1739,56.5,61249.0,enc/off/vf=off/lk=0,592.813,592.813,592.813,0.0,0.0,0.0,0.0355
1740,56.55,61299.0,enc/off/vf=off/lk=0,592.813,592.813,592.813,0.0,0.0,0.0,0.0355
1741,56.6,61349.0,enc/off/vf=off/lk=0,592.813,592.813,592.813,0.0,0.0,0.0,0.0355
1742,56.65,61399.0,enc/off/vf=off/lk=0,592.813,592.813,592.813,0.0,0.0,0.0,0.0355
1743,56.7,61449.0,enc/off/vf=off/lk=0,592.813,592.813,592.813,0.0,0.0,0.0,0.0355
