sample,t_s,ms,mode,th,tp,sv,iq,tc
0,0.0,4651.0,raw,2.562,0.0,0.0,0.0,0.0
1,0.05,4701.0,raw,2.56,0.0,-0.0,0.0,0.0
2,0.1,4751.0,raw,2.56,0.0,-0.0,0.0,0.0
3,0.15,4801.0,raw,2.56,0.0,-0.0,0.0,0.0
4,0.2,4851.0,raw,2.56,0.0,-0.0,0.0,0.0
5,0.25,4901.0,raw,2.56,0.0,-0.0,0.0,0.0
6,0.3,4951.0,raw,2.56,0.0,-0.0,0.0,0.0
7,0.35,5001.0,raw,2.56,0.0,-0.0,0.0,0.0
8,0.4,5051.0,raw,2.56,0.0,-0.0,0.0,0.0
9,0.45,5101.0,raw,2.56,0.0,-0.0,0.0,0.0
10,0.5,5151.0,raw,2.56,0.0,-0.0,0.0,0.0
11,0.55,5201.0,raw,2.56,0.0,-0.0,0.0,0.0
12,0.6,5251.0,raw,2.56,0.0,-0.0,0.0,0.0
13,0.65,5301.0,raw,2.56,0.0,-0.0,0.0,0.0
14,0.7,5351.0,raw,2.56,0.0,-0.0,0.0,0.0
15,0.75,5401.0,raw,2.56,0.0,-0.0,0.0,0.0
16,0.8,5451.0,raw,2.56,0.0,-0.0,0.0,0.0
17,0.85,5501.0,raw,2.56,0.0,-0.0,0.0,0.0
18,0.9,5551.0,raw,2.56,0.0,-0.0,0.0,0.0
19,0.95,5601.0,raw,2.56,0.0,-0.0,0.0,0.0
20,1.0,5651.0,raw,2.56,0.0,-0.0,0.0,0.0
21,1.05,5701.0,raw,2.56,0.0,-0.0,0.0,0.0
22,1.1,5751.0,raw,2.56,0.0,-0.0,0.0,0.0
23,1.15,5801.0,raw,2.56,0.0,-0.0,0.0,0.0
24,1.2,5851.0,raw,2.56,0.0,-0.0,0.0,0.0
25,1.25,5901.0,raw,2.56,0.0,-0.0,0.0,0.0
26,1.3,5951.0,raw,2.56,0.0,-0.0,0.0,0.0
27,1.35,6001.0,raw,2.56,0.0,-0.0,0.0,0.0
28,1.4,6051.0,raw,2.56,0.0,-0.0,0.0,0.0
29,1.45,6101.0,raw,2.56,0.0,-0.0,0.0,0.0
30,1.5,6151.0,raw,2.56,0.0,-0.0,0.0,0.0
31,1.55,6201.0,raw,2.56,0.0,-0.0,0.0,0.0
32,1.6,6251.0,raw,2.56,0.0,-0.0,0.0,0.0
33,1.65,6301.0,raw,2.56,0.0,-0.0,0.0,0.0
34,1.7,6351.0,raw,2.56,0.0,-0.0,0.0,0.0
35,1.75,6401.0,raw,2.56,0.0,-0.0,0.0,0.0
36,1.8,6451.0,raw,2.56,0.0,-0.0,0.0,0.0
37,1.85,6501.0,raw,2.56,0.0,-0.0,0.0,0.0
38,1.9,6551.0,raw,2.56,0.0,-0.0,0.0,0.0
39,1.95,6601.0,raw,2.56,0.0,-0.0,0.0,0.0
40,2.0,6651.0,raw,2.56,0.0,-0.0,0.0,0.0
41,2.05,6701.0,raw,2.56,0.0,-0.0,0.0,0.0
42,2.1,6751.0,raw,2.56,0.0,-0.0,0.0,0.0
43,2.15,6801.0,raw,2.56,0.0,-0.0,0.0,0.0
44,2.2,6851.0,raw,2.56,0.0,-0.0,0.0,0.0
45,2.25,6901.0,raw,2.56,0.0,-0.0,0.0,0.0
46,2.3,6951.0,raw,2.56,0.0,-0.0,0.0,0.0
47,2.35,7001.0,raw,2.56,0.0,-0.0,0.0,0.0
48,2.4,7051.0,raw,2.56,0.0,-0.0,0.0,0.0
49,2.45,7101.0,raw,2.56,0.0,-0.0,0.0,0.0
50,2.5,7151.0,raw,2.56,0.0,-0.0,0.0,0.0
51,2.55,7201.0,raw,2.56,0.0,-0.0,0.0,0.0
52,2.6,7251.0,raw,2.56,0.0,-0.0,0.0,0.0
53,2.65,7301.0,raw,2.56,0.0,-0.0,0.0,0.0
54,2.7,7351.0,raw,2.56,0.0,-0.0,0.0,0.0
55,2.75,7401.0,raw,2.56,0.0,-0.0,0.0,0.0
56,2.8,7451.0,raw,2.56,0.0,-0.0,0.0,0.0
57,2.85,7501.0,raw,2.56,0.0,-0.0,0.0,0.0
58,2.9,7551.0,raw,2.56,0.0,-0.0,0.0,0.0
59,2.95,7601.0,raw,2.56,0.0,-0.0,0.0,0.0
60,3.0,7651.0,raw,2.56,0.0,-0.0,0.0,0.0
61,3.05,7701.0,raw,2.56,0.0,-0.0,0.0,0.0
62,3.1,7751.0,raw,2.56,0.0,-0.0,0.0,0.0
63,3.15,7801.0,raw,2.56,0.0,-0.0,0.0,0.0
64,3.2,7851.0,raw,2.56,0.0,-0.0,0.0,0.0
65,3.25,7901.0,raw,2.56,0.0,-0.0,0.0,0.0
66,3.3,7951.0,raw,2.56,0.0,-0.0,0.0,0.0
67,3.35,8001.0,raw,2.56,0.0,-0.0,0.0,0.0
68,3.4,8051.0,raw,2.56,0.0,-0.0,0.0,0.0
69,3.45,8101.0,raw,2.56,0.0,-0.0,0.0,0.0
70,3.5,8151.0,raw,2.56,0.0,-0.0,0.0,0.0
71,3.55,8201.0,raw,2.56,0.0,-0.0,0.0,0.0
72,3.6,8251.0,raw,2.56,0.0,-0.0,0.0,0.0
73,3.65,8301.0,raw,2.56,0.0,-0.0,0.0,0.0
74,3.7,8351.0,raw,2.56,0.0,-0.0,0.0,0.0
75,3.75,8401.0,raw,2.56,0.0,-0.0,0.0,0.0
76,3.8,8451.0,raw,2.56,0.0,-0.0,0.0,0.0
77,3.85,8501.0,raw,2.56,0.0,-0.0,0.0,0.0
78,3.9,8551.0,raw,2.56,0.0,-0.0,0.0,0.0
79,3.95,8601.0,raw,2.56,0.0,-0.0,0.0,0.0
80,4.0,8651.0,raw,2.56,0.0,-0.0,0.0,0.0
81,4.05,8701.0,raw,2.56,0.0,-0.041,0.0,0.0
82,4.1,8751.0,raw,2.56,0.0,-0.0,0.0,0.0
83,4.15,8801.0,raw,2.56,0.0,-0.0,0.0,0.0
84,4.2,8851.0,raw,2.56,0.0,-0.0,0.0,0.0
85,4.25,8901.0,raw,2.56,0.0,-0.0,0.0,0.0
86,4.3,8951.0,raw,2.56,0.0,-0.0,0.0,0.0
87,4.35,9001.0,raw,2.56,0.0,-0.0,0.0,0.0
88,4.4,9051.0,raw,2.56,0.0,-0.0,0.0,0.0
89,4.45,9101.0,raw,2.56,0.0,-0.0,0.0,0.0
90,4.5,9151.0,raw,2.56,0.0,-0.0,0.0,0.0
91,4.55,9201.0,raw,2.56,0.0,-0.0,0.0,0.0
92,4.6,9251.0,raw,2.56,0.0,-0.0,0.0,0.0
93,4.65,9301.0,raw,2.56,0.0,-0.0,0.0,0.0
94,4.7,9351.0,raw,2.56,0.0,-0.0,0.0,0.0
95,4.75,9401.0,raw,2.56,0.0,-0.0,0.0,0.0
96,4.8,9451.0,raw,2.56,0.0,-0.0,0.0,0.0
97,4.85,9501.0,raw,2.56,0.0,-0.0,0.0,0.0
98,4.9,9551.0,raw,2.56,0.0,-0.0,0.0,0.0
99,4.95,9601.0,raw,2.56,0.0,-0.0,0.0,0.0
100,5.0,9651.0,raw,2.56,0.0,-0.0,0.0,0.0
101,5.05,9701.0,raw,2.56,0.0,-0.0,0.0,0.0
102,5.105,9756.0,id,2.56,0.0,-0.0,0.0,0.0
103,5.155,9806.0,id,2.56,0.0,-0.0,0.0,0.0
104,5.205,9856.0,id,2.56,0.0,-0.0,0.0,0.0
105,5.255,9906.0,id,2.56,0.0,-0.0,0.0,0.0
106,5.305,9956.0,id,2.56,0.0,-0.0,0.0,0.0
107,5.355,10006.0,id,2.56,0.0,-0.0,0.0,0.0
108,5.405,10056.0,id,2.56,0.0,-0.0,0.0,0.0
109,5.455,10106.0,id,2.56,0.0,-0.0,0.0,0.0
110,5.505,10156.0,id,2.56,0.0,-0.0,0.0,0.0
111,5.555,10206.0,id,2.56,0.0,-0.0,0.0,0.0
112,5.605,10256.0,id,2.56,0.0,-0.0,0.0,0.0
113,5.655,10306.0,id,2.56,0.0,-0.0,0.0,0.0
114,5.705,10356.0,id,2.56,0.0,-0.0,0.0,0.0
115,5.755,10406.0,id,2.56,0.0,-0.0,0.0,0.0
116,5.805,10456.0,id,2.56,0.0,-0.0,0.0,0.0
117,5.855,10506.0,id,2.56,0.0,-0.0,0.0,0.0
118,5.905,10556.0,id,2.56,0.0,-0.0,0.0,0.0
119,5.955,10606.0,id,2.56,0.0,-0.0,0.0,0.0
120,6.005,10656.0,id,2.56,0.0,-0.0,0.0,0.0
121,6.055,10706.0,id,2.56,0.0,-0.0,0.0,0.0
122,6.105,10756.0,id,2.56,0.0,-0.0,0.0,0.0
123,6.155,10806.0,id,2.56,0.0,-0.0,0.0,0.0
124,6.205,10856.0,id,2.56,0.0,-0.0,0.0,0.0
125,6.255,10906.0,id,2.56,0.0,-0.0,0.0,0.0
126,6.305,10956.0,id,2.56,0.0,-0.0,0.0,0.0
127,6.355,11006.0,id,2.56,0.0,-0.0,0.0,0.0
128,6.405,11056.0,id,2.56,0.0,-0.0,0.0,0.0
129,6.455,11106.0,id,2.56,0.0,-0.0,0.0,0.0
130,6.505,11156.0,id,2.56,0.0,-0.0,0.0,0.0
131,6.555,11206.0,id,2.56,0.0,-0.0,0.0,0.0
132,6.605,11256.0,id,2.56,0.0,-0.0,0.0,0.0
133,6.655,11306.0,id,2.56,0.0,-0.0,0.0,0.0
134,6.719,11370.0,id,2.56,0.0,-0.0,0.0,0.0
135,6.769,11420.0,id,2.56,0.0,-0.0,0.0,0.0
136,6.819,11470.0,id,2.56,0.0,-0.0,0.0,0.0
137,6.869,11520.0,id,2.56,0.0,-0.0,0.0,0.0
138,6.919,11570.0,id,2.56,0.0,-0.0,0.0,0.0
139,6.969,11620.0,id,2.56,0.0,-0.0,0.0,0.0
140,7.019,11670.0,id,2.56,0.0,-0.0,0.0,0.0
141,7.069,11720.0,id,2.56,0.0,-0.0,0.0,0.0
142,7.119,11770.0,id,2.56,0.0,-0.0,0.0,0.0
143,7.169,11820.0,id,2.56,0.0,-0.0,0.0,0.0
144,7.219,11870.0,id,2.56,0.0,-0.0,0.0,0.0
145,7.269,11920.0,id,2.56,0.0,-0.0,0.0,0.0
146,7.319,11970.0,id,2.56,0.0,-0.0,0.0,0.0
147,7.369,12020.0,id,2.56,0.0,-0.0,0.0,0.0
148,7.419,12070.0,id,2.56,0.0,-0.0,0.0,0.0
149,7.469,12120.0,id,2.56,0.0,-0.0,0.0,0.0
150,7.519,12170.0,id,2.56,0.0,-0.0,0.0,0.0
151,7.569,12220.0,id,2.56,0.0,-0.0,0.0,0.0
152,7.619,12270.0,id,2.56,0.0,-0.0,0.0,0.0
153,7.669,12320.0,id,2.56,0.0,-0.0,0.0,0.0
154,7.719,12370.0,id,2.56,0.0,-0.0,0.0,0.0
155,7.769,12420.0,id,2.56,0.0,-0.0,0.0,0.0
156,7.819,12470.0,id,2.56,0.0,-0.0,0.0,0.0
157,7.869,12520.0,id,2.56,0.0,-0.0,0.0,0.0
158,7.919,12570.0,id,2.56,0.0,-0.0,0.0,0.0
159,7.969,12620.0,id,2.56,0.0,-0.0,0.0,0.0
160,8.019,12670.0,id,2.56,0.0,-0.0,0.0,0.0
161,8.069,12720.0,id,2.56,0.0,-0.0,0.0,0.0
162,8.119,12770.0,id,2.56,0.0,-0.0,0.0,0.0
163,8.169,12820.0,id,2.56,0.0,-0.0,0.0,0.0
164,8.219,12870.0,id,2.56,0.0,-0.0,0.0,0.0
165,8.269,12920.0,id,2.56,0.0,-0.0,0.0,0.0
166,8.319,12970.0,id,2.56,0.0,-0.0,0.0,0.0
167,8.369,13020.0,id,2.56,0.0,-0.0,0.0,0.0
168,8.419,13070.0,id,2.56,0.0,-0.0,0.0,0.0
169,8.469,13120.0,id,2.56,0.0,-0.0,0.0,0.0
170,8.536,13187.0,id,2.56,0.0,-0.0,0.0,0.0
171,8.586,13237.0,id,2.56,0.0,0.0,0.0,0.0
172,8.636,13287.0,id,2.56,0.0,0.0,0.0,0.0
173,8.686,13337.0,id,2.56,0.0,0.0,0.0,0.0
174,8.736,13387.0,id,2.56,0.0,0.0,0.0,0.0
175,8.786,13437.0,id,2.56,0.0,0.0,0.0,0.0
176,8.836,13487.0,id,2.56,0.0,0.0,0.0,0.0
177,8.886,13537.0,id,2.56,0.0,0.0,0.0,0.0
178,8.936,13587.0,id,2.56,0.0,0.0,0.0,0.0
179,8.986,13637.0,id,2.56,0.0,0.0,0.0,0.0
180,9.036,13687.0,id,2.56,0.0,0.0,0.0,0.0
181,9.086,13737.0,id,2.56,0.0,0.0,0.0,0.0
182,9.136,13787.0,id,2.56,0.0,0.0,0.0,0.0
183,9.186,13837.0,id,2.56,0.0,0.0,0.0,0.0
184,9.236,13887.0,id,2.56,0.0,0.0,0.0,0.0
185,9.286,13937.0,id,2.56,0.0,0.0,0.0,0.0
186,9.336,13987.0,id,2.56,0.0,0.0,0.0,0.0
187,9.386,14037.0,id,2.56,0.0,0.0,0.0,0.0
188,9.436,14087.0,id,2.56,0.0,0.0,0.0,0.0
189,9.486,14137.0,id,2.56,0.0,0.0,0.0,0.0
190,9.536,14187.0,id,2.56,0.0,0.0,0.0,0.0
191,9.586,14237.0,id,2.56,0.0,0.0,0.0,0.0
192,9.636,14287.0,id,2.56,0.0,0.0,0.0,0.0
193,9.686,14337.0,id,2.56,0.0,0.0,0.0,0.0
194,9.736,14387.0,id,2.56,0.0,0.0,0.0,0.0
195,9.786,14437.0,id,2.56,0.0,0.0,0.0,0.0
196,9.836,14487.0,id,2.56,0.0,0.0,0.0,0.0
197,9.886,14537.0,id,2.56,0.0,0.0,0.0,0.0
198,9.936,14587.0,id,2.56,0.0,0.0,0.0,0.0
199,9.986,14637.0,id,2.56,0.0,0.0,0.0,0.0
200,10.036,14687.0,id,2.56,0.0,0.0,0.0,0.0
201,10.086,14737.0,id,2.56,0.0,0.0,0.0,0.0
202,10.136,14787.0,id,2.56,0.0,0.0,0.0,0.0
203,10.186,14837.0,id,2.56,0.0,0.0,0.0,0.0
204,10.236,14887.0,id,2.56,0.0,0.0,0.0,0.0
205,10.286,14937.0,id,2.56,0.0,0.0,0.0,0.0
206,10.336,14987.0,id,2.56,0.0,0.0,0.0,0.0
207,10.386,15037.0,id,2.56,0.0,0.0,0.0,0.0
208,10.436,15087.0,id,2.56,0.0,0.0,0.0,0.0
209,10.486,15137.0,id,2.56,0.0,0.0,0.0,0.0
210,10.536,15187.0,id,2.56,0.0,0.0,0.0,0.0
211,10.586,15237.0,id,2.56,0.0,0.0,0.0,0.0
212,10.636,15287.0,id,2.56,0.0,0.0,0.0,0.0
213,10.686,15337.0,id,2.56,0.0,0.0,0.0,0.0
214,10.736,15387.0,id,2.56,0.0,0.0,0.0,0.0
215,10.786,15437.0,id,2.56,0.0,0.0,0.0,0.0
216,10.836,15487.0,id,2.56,0.0,0.0,0.0,0.0
217,10.886,15537.0,id,2.56,0.0,0.0,0.0,0.0
218,10.936,15587.0,id,2.56,0.0,0.0,0.0,0.0
219,10.986,15637.0,id,2.56,0.0,0.0,0.0,0.0
220,11.036,15687.0,id,2.56,0.0,0.0,0.0,0.0
221,11.086,15737.0,id,2.56,0.0,0.0,0.0,0.0
222,11.136,15787.0,id,2.56,0.0,0.0,0.0,0.0
223,11.186,15837.0,id,2.56,0.0,0.0,0.0,0.0
224,11.236,15887.0,id,2.56,0.0,0.0,0.0,0.0
225,11.286,15937.0,id,2.56,0.0,0.0,0.0,0.0
226,11.336,15987.0,id,2.56,0.0,0.0,0.0,0.0
227,11.386,16037.0,id,2.56,0.0,0.0,0.0,0.0
228,11.436,16087.0,id,2.56,0.0,0.0,0.0,0.0
229,11.486,16137.0,id,2.56,0.0,0.0,0.0,0.0
230,11.536,16187.0,id,2.56,0.0,0.0,0.0,0.0
231,11.586,16237.0,id,2.56,0.0,0.0,0.0,0.0
232,11.636,16287.0,id,2.56,0.0,0.0,0.0,0.0
233,11.686,16337.0,id,2.56,0.0,0.0,0.0,0.0
234,11.736,16387.0,id,2.56,0.0,0.0,0.0,0.0
235,11.786,16437.0,id,2.56,0.0,0.0,0.0,0.0
236,11.836,16487.0,id,2.56,0.0,0.0,0.0,0.0
237,11.886,16537.0,id,2.56,0.0,0.0,0.0,0.0
238,11.936,16587.0,id,2.56,0.0,0.0,0.0,0.0
239,11.986,16637.0,id,2.56,0.0,0.0,0.0,0.0
240,12.036,16687.0,id,2.56,0.0,0.0,0.0,0.0
241,12.086,16737.0,id,2.56,0.0,0.0,0.0,0.0
242,12.136,16787.0,id,2.56,0.0,0.0,0.0,0.0
243,12.186,16837.0,id,2.56,0.0,0.0,0.0,0.0
244,12.236,16887.0,id,2.56,0.0,0.0,0.0,0.0
245,12.286,16937.0,id,2.56,0.0,0.0,0.0,0.0
246,12.336,16987.0,id,2.56,0.0,0.0,0.0,0.0
247,12.386,17037.0,id,2.56,0.0,0.0,0.0,0.0
248,12.436,17087.0,id,2.56,0.0,0.0,0.0,0.0
249,12.486,17137.0,id,2.56,0.0,0.0,0.0,0.0
250,12.539,17190.0,id,2.56,0.0,0.0,0.0,0.0
251,12.549,17200.0,id,2.56,0.0,0.0,0.0033,0.00011
252,12.559,17210.0,id,2.562,0.0,0.081,0.00736,0.00024
253,12.569,17220.0,id,2.565,0.0,0.199,0.01135,0.00037
254,12.579,17230.0,id,2.568,0.0,0.256,0.01537,0.0005
255,12.589,17240.0,id,2.572,0.0,0.4,0.01941,0.00062
256,12.599,17250.0,id,2.579,0.0,0.568,0.02348,0.00075
257,12.609,17260.0,id,2.585,0.0,0.591,0.02754,0.00088
258,12.619,17270.0,id,2.594,0.0,0.767,0.03161,0.00101
259,12.629,17280.0,id,2.606,0.0,1.053,0.03569,0.00115
260,12.639,17290.0,id,2.622,0.0,1.368,0.03976,0.00128
261,12.649,17300.0,id,2.643,0.0,1.904,0.04382,0.00141
262,12.659,17310.0,id,2.671,0.0,2.475,0.04786,0.00153
263,12.669,17320.0,id,2.709,0.0,3.344,0.05188,0.00166
264,12.679,17330.0,id,2.757,0.0,4.233,0.05587,0.00179
265,12.689,17340.0,id,2.819,0.0,5.622,0.05982,0.00192
266,12.699,17350.0,id,2.913,0.0,8.164,0.06373,0.00204
267,12.709,17360.0,id,3.028,0.0,10.074,0.0676,0.00217
268,12.719,17370.0,id,3.122,0.0,9.547,0.0714,0.00229
269,12.729,17380.0,id,3.218,0.0,9.597,0.07514,0.00241
270,12.739,17390.0,id,3.324,0.0,10.221,0.0788,0.00252
271,12.749,17400.0,id,3.464,0.0,12.631,0.08238,0.00264
272,12.759,17410.0,id,3.591,0.0,12.527,0.08587,0.00275
273,12.769,17420.0,id,3.723,0.0,12.911,0.08928,0.00286
274,12.779,17430.0,id,3.873,0.0,14.207,0.09259,0.00297
275,12.789,17440.0,id,4.031,0.0,14.974,0.09579,0.00307
276,12.799,17450.0,id,4.183,0.0,15.266,0.09879,0.00316
277,12.809,17460.0,id,4.357,0.0,16.447,0.10175,0.00326
278,12.819,17470.0,id,4.525,0.0,16.643,0.10456,0.00335
279,12.829,17480.0,id,4.702,0.0,17.131,0.10722,0.00343
280,12.839,17490.0,id,4.884,0.0,17.767,0.10968,0.00351
281,12.849,17500.0,id,5.062,0.0,17.699,0.11203,0.00359
282,12.859,17510.0,id,5.262,0.0,18.903,0.11421,0.00366
283,12.869,17520.0,id,5.446,0.0,18.384,0.1162,0.00372
284,12.879,17530.0,id,5.639,0.0,19.234,0.11798,0.00378
285,12.889,17540.0,id,5.84,0.0,19.397,0.11961,0.00383
286,12.899,17550.0,id,6.033,0.0,19.221,0.12103,0.00387
287,12.909,17560.0,id,6.243,0.0,20.063,0.12225,0.00391
288,12.919,17570.0,id,6.435,0.0,19.627,0.12324,0.00394
289,12.929,17580.0,id,6.648,0.0,20.606,0.12402,0.00397
290,12.939,17590.0,id,6.849,0.0,20.089,0.12458,0.00399
291,12.949,17600.0,id,7.064,0.0,20.829,0.12491,0.004
292,12.959,17610.0,id,7.268,0.0,20.619,0.125,0.004
293,12.969,17620.0,id,7.487,0.0,21.211,0.12485,0.00399
294,12.979,17630.0,id,7.702,0.0,21.132,0.12445,0.00398
295,12.989,17640.0,id,7.923,0.0,21.689,0.1238,0.00396
296,12.999,17650.0,id,8.127,0.0,20.972,0.12292,0.00393
297,13.009,17660.0,id,8.345,0.0,21.243,0.12175,0.00389
298,13.019,17670.0,id,8.555,0.0,20.701,0.12032,0.00385
299,13.029,17680.0,id,8.756,0.0,20.593,0.11867,0.0038
300,13.039,17690.0,id,8.962,0.0,20.163,0.11673,0.00373
301,13.049,17700.0,id,9.15,0.0,19.086,0.11451,0.00366
302,13.059,17710.0,id,9.354,0.0,19.575,0.11202,0.00358
303,13.069,17720.0,id,9.532,0.0,18.508,0.10934,0.0035
304,13.079,17730.0,id,9.719,0.0,18.672,0.10633,0.0034
305,13.089,17740.0,id,9.897,0.0,17.796,0.10307,0.0033
306,13.099,17750.0,id,10.069,0.0,17.212,0.09954,0.00318
307,13.109,17760.0,id,10.244,0.0,17.498,0.09585,0.00306
308,13.119,17770.0,id,10.405,0.0,16.413,0.09182,0.00293
309,13.129,17780.0,id,10.568,0.0,16.226,0.08753,0.0028
310,13.139,17790.0,id,10.718,0.0,15.227,0.08302,0.00265
311,13.149,17800.0,id,10.856,0.0,14.387,0.07839,0.0025
312,13.159,17810.0,id,10.993,0.0,13.797,0.07341,0.00235
313,13.169,17820.0,id,11.124,0.0,13.079,0.06823,0.00218
314,13.179,17830.0,id,11.218,0.0,10.629,0.06286,0.00201
315,13.189,17840.0,id,11.316,0.0,10.237,0.05742,0.00183
316,13.199,17850.0,id,11.416,0.0,9.869,0.05166,0.00165
317,13.209,17860.0,id,11.513,0.0,9.695,0.04575,0.00146
318,13.219,17870.0,id,11.58,0.0,7.559,0.03967,0.00126
319,13.229,17880.0,id,11.612,0.0,4.651,0.03347,0.00107
320,13.239,17890.0,id,11.621,0.0,2.177,0.02713,0.00086
321,13.249,17900.0,id,11.617,0.0,0.508,0.0207,0.00066
322,13.259,17910.0,id,11.609,0.0,-0.294,0.01416,0.00045
323,13.269,17920.0,id,11.603,0.0,-0.488,0.00756,0.00024
324,13.279,17930.0,id,11.591,0.0,-0.957,0.00091,2e-05
325,13.289,17940.0,id,11.575,0.0,-1.341,-0.00568,-0.00019
326,13.299,17950.0,id,11.552,0.0,-1.947,-0.01244,-0.0004
327,13.309,17960.0,id,11.526,0.0,-2.333,-0.01916,-0.00062
328,13.319,17970.0,id,11.499,0.0,-2.513,-0.02592,-0.00083
329,13.329,17980.0,id,11.476,0.0,-2.323,-0.03258,-0.00105
330,13.339,17990.0,id,11.456,0.0,-2.085,-0.0392,-0.00126
331,13.349,18000.0,id,11.433,0.0,-2.224,-0.04572,-0.00147
332,13.359,18010.0,id,11.396,0.0,-3.21,-0.05202,-0.00167
333,13.369,18020.0,id,11.332,0.0,-5.321,-0.05832,-0.00187
334,13.379,18030.0,id,11.252,0.0,-6.939,-0.06449,-0.00207
335,13.389,18040.0,id,11.161,0.0,-8.351,-0.07047,-0.00226
336,13.399,18050.0,id,11.034,0.0,-11.295,-0.07614,-0.00244
337,13.409,18060.0,id,10.911,0.0,-11.696,-0.08172,-0.00262
338,13.419,18070.0,id,10.781,0.0,-12.581,-0.08705,-0.00279
339,13.429,18080.0,id,10.638,0.0,-13.562,-0.09211,-0.00295
340,13.439,18090.0,id,10.483,0.0,-14.831,-0.09677,-0.0031
341,13.449,18100.0,id,10.327,0.0,-15.336,-0.10124,-0.00324
342,13.459,18110.0,id,10.15,0.0,-16.692,-0.1054,-0.00338
343,13.469,18120.0,id,9.983,0.0,-16.828,-0.10912,-0.00349
344,13.479,18130.0,id,9.802,0.0,-17.53,-0.11256,-0.0036
345,13.489,18140.0,id,9.607,0.0,-18.39,-0.11562,-0.0037
346,13.499,18150.0,id,9.417,0.0,-18.65,-0.11827,-0.00379
347,13.509,18160.0,id,9.21,0.0,-20.091,-0.12046,-0.00386
348,13.519,18170.0,id,9.012,0.0,-19.713,-0.12227,-0.00391
349,13.529,18180.0,id,8.791,0.0,-21.128,-0.12362,-0.00396
350,13.539,18190.0,id,8.58,0.0,-20.864,-0.12452,-0.00399
351,13.549,18200.0,id,8.353,0.0,-21.968,-0.12496,-0.004
352,13.559,18210.0,id,8.133,0.0,-22.034,-0.12492,-0.004
353,13.569,18220.0,id,7.908,0.0,-22.282,-0.12441,-0.00398
354,13.579,18230.0,id,7.682,0.0,-22.243,-0.1234,-0.00395
355,13.589,18240.0,id,7.464,0.0,-22.126,-0.12194,-0.0039
356,13.599,18250.0,id,7.248,0.0,-21.559,-0.11997,-0.00384
357,13.609,18260.0,id,7.03,0.0,-21.594,-0.1175,-0.00376
358,13.619,18270.0,id,6.828,0.0,-20.437,-0.11454,-0.00366
359,13.629,18280.0,id,6.63,0.0,-20.083,-0.11118,-0.00355
360,13.639,18290.0,id,6.434,0.0,-19.41,-0.10729,-0.00343
361,13.649,18300.0,id,6.249,0.0,-18.736,-0.10292,-0.00329
362,13.659,18310.0,id,6.061,0.0,-18.589,-0.09808,-0.00313
363,13.669,18320.0,id,5.901,0.0,-16.642,-0.09281,-0.00297
364,13.679,18330.0,id,5.737,0.0,-16.605,-0.08725,-0.00279
365,13.689,18340.0,id,5.573,0.0,-16.161,-0.08117,-0.00259
366,13.699,18350.0,id,5.443,0.0,-13.977,-0.0747,-0.00238
367,13.709,18360.0,id,5.311,0.0,-13.493,-0.06787,-0.00217
368,13.719,18370.0,id,5.176,0.0,-13.227,-0.06072,-0.00194
369,13.729,18380.0,id,5.077,0.0,-11.097,-0.05346,-0.0017
370,13.739,18390.0,id,4.995,0.0,-9.151,-0.04574,-0.00146
371,13.749,18400.0,id,4.932,0.0,-7.214,-0.03777,-0.0012
372,13.759,18410.0,id,4.875,0.0,-6.302,-0.02961,-0.00094
373,13.769,18420.0,id,4.811,0.0,-6.388,-0.02126,-0.00067
374,13.779,18430.0,id,4.758,0.0,-5.517,-0.01298,-0.00041
375,13.789,18440.0,id,4.746,0.0,-2.641,-0.00441,-0.00013
376,13.799,18450.0,id,4.757,0.0,-0.309,0.00422,0.00014
377,13.809,18460.0,id,4.766,0.0,0.425,0.01284,0.00042
378,13.819,18470.0,id,4.777,0.0,0.798,0.02145,0.00069
379,13.829,18480.0,id,4.791,0.0,1.16,0.0301,0.00097
380,13.839,18490.0,id,4.806,0.0,1.434,0.03835,0.00123
381,13.849,18500.0,id,4.823,0.0,1.627,0.04664,0.0015
382,13.859,18510.0,id,4.844,0.0,1.951,0.05476,0.00176
383,13.869,18520.0,id,4.883,0.0,3.148,0.06264,0.00201
384,13.879,18530.0,id,4.949,0.0,5.437,0.07021,0.00225
385,13.889,18540.0,id,5.058,0.0,8.94,0.07743,0.00248
386,13.899,18550.0,id,5.183,0.0,11.396,0.08415,0.0027
387,13.909,18560.0,id,5.324,0.0,12.891,0.09064,0.00291
388,13.919,18570.0,id,5.452,0.0,12.743,0.09667,0.0031
389,13.929,18580.0,id,5.605,0.0,14.679,0.10206,0.00327
390,13.939,18590.0,id,5.78,0.0,16.165,0.10708,0.00343
391,13.949,18600.0,id,5.944,0.0,16.112,0.11155,0.00357
392,13.959,18610.0,id,6.134,0.0,17.95,0.11542,0.0037
393,13.969,18620.0,id,6.318,0.0,18.304,0.11859,0.0038
394,13.979,18630.0,id,6.507,0.0,18.575,0.1212,0.00388
395,13.989,18640.0,id,6.716,0.0,19.756,0.12315,0.00394
396,13.999,18650.0,id,6.918,0.0,20.041,0.12441,0.00398
397,14.009,18660.0,id,7.135,0.0,20.85,0.12497,0.004
398,14.019,18670.0,id,7.337,0.0,20.703,0.12483,0.00399
399,14.029,18680.0,id,7.555,0.0,21.103,0.12397,0.00397
400,14.039,18690.0,id,7.77,0.0,21.136,0.12238,0.00391
401,14.049,18700.0,id,7.986,0.0,21.279,0.12008,0.00384
402,14.059,18710.0,id,8.19,0.0,20.614,0.11706,0.00374
403,14.069,18720.0,id,8.397,0.0,20.923,0.11343,0.00363
404,14.079,18730.0,id,8.586,0.0,19.316,0.10901,0.00348
405,14.089,18740.0,id,8.776,0.0,19.047,0.10391,0.00332
406,14.099,18750.0,id,8.957,0.0,18.064,0.09816,0.00314
407,14.109,18760.0,id,9.107,0.0,16.216,0.09196,0.00294
408,14.119,18770.0,id,9.274,0.0,16.507,0.085,0.00271
409,14.129,18780.0,id,9.416,0.0,14.71,0.07747,0.00247
410,14.139,18790.0,id,9.535,0.0,12.745,0.0694,0.00221
411,14.149,18800.0,id,9.646,0.0,11.838,0.06109,0.00195
412,14.159,18810.0,id,9.765,0.0,11.735,0.05217,0.00166
413,14.169,18820.0,id,9.84,0.0,8.845,0.04292,0.00137
414,14.179,18830.0,id,9.893,0.0,6.583,0.03354,0.00107
415,14.189,18840.0,id,9.939,0.0,5.202,0.02369,0.00075
416,14.199,18850.0,id,9.968,0.0,3.662,0.0137,0.00043
417,14.209,18860.0,id,9.98,0.0,2.011,0.00356,0.00011
418,14.219,18870.0,id,9.979,0.0,0.603,-0.0066,-0.00022
419,14.229,18880.0,id,9.966,0.0,-0.539,-0.01679,-0.00055
420,14.239,18890.0,id,9.948,0.0,-1.387,-0.02688,-0.00087
421,14.249,18900.0,id,9.917,0.0,-2.474,-0.03691,-0.00119
422,14.259,18910.0,id,9.874,0.0,-3.689,-0.04641,-0.00149
423,14.269,18920.0,id,9.808,0.0,-5.614,-0.05587,-0.0018
424,14.279,18930.0,id,9.712,0.0,-8.148,-0.06503,-0.00209
425,14.289,18940.0,id,9.626,0.0,-8.268,-0.07372,-0.00237
426,14.299,18950.0,id,9.538,0.0,-8.688,-0.08193,-0.00263
427,14.309,18960.0,id,9.411,0.0,-11.305,-0.08963,-0.00287
428,14.319,18970.0,id,9.262,0.0,-13.785,-0.09652,-0.00309
429,14.329,18980.0,id,9.109,0.0,-14.436,-0.10294,-0.0033
430,14.339,18990.0,id,8.943,0.0,-15.813,-0.10862,-0.00348
431,14.349,19000.0,id,8.747,0.0,-18.063,-0.11352,-0.00364
432,14.359,19010.0,id,8.563,0.0,-18.361,-0.11752,-0.00376
433,14.369,19020.0,id,8.349,0.0,-20.217,-0.12076,-0.00387
434,14.379,19030.0,id,8.135,0.0,-20.844,-0.1231,-0.00394
435,14.389,19040.0,id,7.92,0.0,-21.539,-0.1245,-0.00398
436,14.399,19050.0,id,7.696,0.0,-21.851,-0.125,-0.004
437,14.409,19060.0,id,7.474,0.0,-21.932,-0.12455,-0.00398
438,14.419,19070.0,id,7.25,0.0,-21.923,-0.12313,-0.00394
439,14.429,19080.0,id,7.033,0.0,-22.034,-0.12083,-0.00386
440,14.439,19090.0,id,6.823,0.0,-21.161,-0.11754,-0.00376
441,14.449,19100.0,id,6.613,0.0,-20.93,-0.1133,-0.00362
442,14.459,19110.0,id,6.417,0.0,-19.699,-0.10815,-0.00346
443,14.469,19120.0,id,6.233,0.0,-19.101,-0.1023,-0.00327
444,14.479,19130.0,id,6.044,0.0,-18.684,-0.09545,-0.00305
445,14.489,19140.0,id,5.889,0.0,-16.403,-0.0878,-0.0028
446,14.499,19150.0,id,5.725,0.0,-16.256,-0.07941,-0.00253
447,14.509,19160.0,id,5.579,0.0,-15.105,-0.07056,-0.00225
448,14.519,19170.0,id,5.467,0.0,-12.359,-0.06092,-0.00194
449,14.529,19180.0,id,5.369,0.0,-10.688,-0.05073,-0.00161
450,14.539,19190.0,id,5.263,0.0,-10.508,-0.04009,-0.00127
451,14.549,19200.0,id,5.182,0.0,-8.865,-0.02937,-0.00093
452,14.559,19210.0,id,5.15,0.0,-5.085,-0.01808,-0.00057
453,14.569,19220.0,id,5.151,0.0,-1.707,-0.00675,-0.00021
454,14.579,19230.0,id,5.166,0.0,0.334,0.00478,0.00016
455,14.589,19240.0,id,5.191,0.0,1.703,0.01629,0.00053
456,14.599,19250.0,id,5.22,0.0,2.474,0.02773,0.0009
457,14.609,19260.0,id,5.251,0.0,2.831,0.03904,0.00126
458,14.619,19270.0,id,5.281,0.0,2.979,0.04993,0.00161
459,14.629,19280.0,id,5.321,0.0,3.599,0.06049,0.00194
460,14.639,19290.0,id,5.37,0.0,4.456,0.07046,0.00226
461,14.649,19300.0,id,5.444,0.0,6.491,0.0797,0.00256
462,14.659,19310.0,id,5.565,0.0,10.198,0.08846,0.00284
463,14.669,19320.0,id,5.717,0.0,13.224,0.09646,0.00309
464,14.679,19330.0,id,5.866,0.0,14.041,0.10365,0.00332
465,14.689,19340.0,id,6.016,0.0,14.845,0.10972,0.00352
466,14.699,19350.0,id,6.206,0.0,17.171,0.11498,0.00368
467,14.709,19360.0,id,6.389,0.0,17.674,0.11917,0.00382
468,14.719,19370.0,id,6.588,0.0,19.181,0.12226,0.00391
469,14.729,19380.0,id,6.785,0.0,19.543,0.12417,0.00397
470,14.739,19390.0,id,6.99,0.0,20.011,0.12498,0.004
471,14.749,19400.0,id,7.205,0.0,20.543,0.1246,0.00399
472,14.759,19410.0,id,7.421,0.0,21.077,0.12301,0.00393
473,14.769,19420.0,id,7.628,0.0,20.956,0.12033,0.00385
474,14.779,19430.0,id,7.837,0.0,20.678,0.11642,0.00372
475,14.789,19440.0,id,8.043,0.0,20.125,0.11134,0.00356
476,14.799,19450.0,id,8.236,0.0,19.439,0.10516,0.00336
477,14.809,19460.0,id,8.425,0.0,19.172,0.09811,0.00313
478,14.819,19470.0,id,8.584,0.0,16.809,0.08987,0.00287
479,14.829,19480.0,id,8.741,0.0,16.035,0.08073,0.00258
480,14.839,19490.0,id,8.889,0.0,15.011,0.07075,0.00226
481,14.849,19500.0,id,8.994,0.0,12.073,0.06031,0.00192
482,14.859,19510.0,id,9.075,0.0,9.388,0.04894,0.00156
483,14.869,19520.0,id,9.149,0.0,8.057,0.03705,0.00118
484,14.879,19530.0,id,9.231,0.0,8.113,0.02478,0.00078
485,14.889,19540.0,id,9.284,0.0,6.06,0.01248,0.00039
486,14.899,19550.0,id,9.285,0.0,2.122,-0.00033,-2e-05
487,14.909,19560.0,id,9.267,0.0,-0.344,-0.01291,-0.00042
488,14.919,19570.0,id,9.248,0.0,-1.239,-0.02556,-0.00083
489,14.929,19580.0,id,9.23,0.0,-1.587,-0.03798,-0.00123
490,14.939,19590.0,id,9.208,0.0,-1.953,-0.05001,-0.00161
491,14.949,19600.0,id,9.181,0.0,-2.516,-0.06161,-0.00198
492,14.959,19610.0,id,9.138,0.0,-3.742,-0.07254,-0.00233
493,14.969,19620.0,id,9.061,0.0,-6.392,-0.08272,-0.00266
494,14.979,19630.0,id,8.929,0.0,-10.81,-0.09205,-0.00295
495,14.989,19640.0,id,8.771,0.0,-14.052,-0.1002,-0.00321
496,14.999,19650.0,id,8.609,0.0,-15.194,-0.10752,-0.00345
497,15.009,19660.0,id,8.429,0.0,-17.12,-0.11357,-0.00364
498,15.019,19670.0,id,8.224,0.0,-19.001,-0.11846,-0.00379
499,15.029,19680.0,id,8.02,0.0,-19.793,-0.12202,-0.00391
500,15.039,19690.0,id,7.799,0.0,-21.024,-0.12421,-0.00398
501,15.049,19700.0,id,7.584,0.0,-21.536,-0.125,-0.004
502,15.059,19710.0,id,7.359,0.0,-21.982,-0.12439,-0.00398
503,15.069,19720.0,id,7.141,0.0,-21.732,-0.12238,-0.00391
504,15.079,19730.0,id,6.92,0.0,-21.679,-0.11894,-0.0038
505,15.089,19740.0,id,6.714,0.0,-20.739,-0.1141,-0.00365
506,15.099,19750.0,id,6.51,0.0,-20.499,-0.10808,-0.00345
507,15.109,19760.0,id,6.328,0.0,-18.894,-0.10065,-0.00321
508,15.119,19770.0,id,6.144,0.0,-18.421,-0.09199,-0.00294
509,15.129,19780.0,id,5.981,0.0,-16.56,-0.08217,-0.00262
510,15.139,19790.0,id,5.849,0.0,-14.586,-0.07166,-0.00228
511,15.149,19800.0,id,5.709,0.0,-14.007,-0.05998,-0.00191
512,15.159,19810.0,id,5.594,0.0,-12.069,-0.04753,-0.00151
513,15.169,19820.0,id,5.527,0.0,-8.631,-0.03485,-0.0011
514,15.179,19830.0,id,5.495,0.0,-5.078,-0.02144,-0.00067
515,15.189,19840.0,id,5.484,0.0,-2.441,-0.00773,-0.00024
516,15.199,19850.0,id,5.496,0.0,-0.106,0.00606,0.00021
517,15.209,19860.0,id,5.519,0.0,1.452,0.01989,0.00065
518,15.219,19870.0,id,5.562,0.0,3.311,0.03355,0.00108
519,15.229,19880.0,id,5.624,0.0,5.078,0.04682,0.00151
520,15.239,19890.0,id,5.696,0.0,6.403,0.05953,0.00192
521,15.249,19900.0,id,5.771,0.0,7.125,0.07122,0.00229
522,15.259,19910.0,id,5.854,0.0,7.867,0.08237,0.00264
523,15.269,19920.0,id,5.961,0.0,9.729,0.09249,0.00297
524,15.279,19930.0,id,6.113,0.0,13.375,0.10142,0.00325
525,15.289,19940.0,id,6.269,0.0,14.787,0.10889,0.00349
526,15.299,19950.0,id,6.437,0.0,15.835,0.11518,0.00369
527,15.309,19960.0,id,6.634,0.0,18.326,0.11998,0.00384
528,15.319,19970.0,id,6.828,0.0,18.877,0.12321,0.00394
529,15.329,19980.0,id,7.033,0.0,19.893,0.12481,0.00399
530,15.339,19990.0,id,7.24,0.0,20.485,0.12479,0.00399
531,15.349,20000.0,id,7.457,0.0,21.133,0.12312,0.00394
532,15.359,20010.0,id,7.668,0.0,20.954,0.1198,0.00383
533,15.369,20020.0,id,7.879,0.0,20.854,0.11485,0.00367
534,15.379,20030.0,id,8.075,0.0,20.062,0.10851,0.00347
535,15.389,20040.0,id,8.262,0.0,19.065,0.10054,0.00321
536,15.399,20050.0,id,8.448,0.0,18.388,0.09114,0.00291
537,15.409,20060.0,id,8.593,0.0,15.674,0.08045,0.00256
538,15.419,20070.0,id,8.731,0.0,14.65,0.06896,0.0022
539,15.429,20080.0,id,8.863,0.0,13.471,0.05618,0.00179
540,15.439,20090.0,id,8.946,0.0,9.913,0.04259,0.00135
541,15.449,20100.0,id,8.995,0.0,6.538,0.02834,0.0009
542,15.459,20110.0,id,9.014,0.0,3.441,0.01375,0.00043
543,15.469,20120.0,id,9.006,0.0,0.721,-0.00107,-5e-05
544,15.479,20130.0,id,8.985,0.0,-1.123,-0.01591,-0.00052
545,15.489,20140.0,id,8.952,0.0,-2.524,-0.03031,-0.00098
546,15.499,20150.0,id,8.897,0.0,-4.478,-0.04456,-0.00144
547,15.509,20160.0,id,8.817,0.0,-6.668,-0.05828,-0.00188
548,15.519,20170.0,id,8.731,0.0,-7.844,-0.07112,-0.00229
549,15.529,20180.0,id,8.641,0.0,-8.541,-0.083,-0.00267
550,15.539,20190.0,id,8.523,0.0,-10.685,-0.0937,-0.00301
551,15.549,20200.0,id,8.36,0.0,-14.4,-0.10287,-0.0033
552,15.559,20210.0,id,8.184,0.0,-16.271,-0.11076,-0.00355
553,15.569,20220.0,id,7.997,0.0,-17.78,-0.11701,-0.00375
554,15.579,20230.0,id,7.791,0.0,-19.625,-0.12142,-0.00389
555,15.589,20240.0,id,7.581,0.0,-20.362,-0.12415,-0.00397
556,15.599,20250.0,id,7.357,0.0,-21.38,-0.125,-0.004
557,15.609,20260.0,id,7.138,0.0,-21.599,-0.12394,-0.00396
558,15.619,20270.0,id,6.915,0.0,-21.785,-0.121,-0.00387
559,15.629,20280.0,id,6.711,0.0,-21.067,-0.11633,-0.00372
560,15.639,20290.0,id,6.498,0.0,-20.992,-0.10976,-0.00351
561,15.649,20300.0,id,6.312,0.0,-19.313,-0.10145,-0.00324
562,15.659,20310.0,id,6.125,0.0,-18.727,-0.09151,-0.00292
563,15.669,20320.0,id,5.97,0.0,-16.529,-0.08043,-0.00256
564,15.679,20330.0,id,5.834,0.0,-14.624,-0.06777,-0.00216
565,15.689,20340.0,id,5.699,0.0,-13.758,-0.05401,-0.00172
566,15.699,20350.0,id,5.596,0.0,-11.276,-0.03943,-0.00125
567,15.709,20360.0,id,5.542,0.0,-7.438,-0.02452,-0.00077
568,15.719,20370.0,id,5.532,0.0,-3.202,-0.00872,-0.00027
569,15.729,20380.0,id,5.547,0.0,-0.183,0.00687,0.00023
570,15.739,20390.0,id,5.576,0.0,1.782,0.02263,0.00074
571,15.749,20400.0,id,5.616,0.0,3.163,0.03816,0.00123
572,15.759,20410.0,id,5.673,0.0,4.759,0.05301,0.00171
573,15.769,20420.0,id,5.743,0.0,6.17,0.06707,0.00216
574,15.779,20430.0,id,5.817,0.0,7.034,0.07972,0.00256
575,15.789,20440.0,id,5.915,0.0,8.82,0.09146,0.00294
576,15.799,20450.0,id,6.052,0.0,12.106,0.10168,0.00326
577,15.809,20460.0,id,6.22,0.0,14.901,0.11022,0.00353
578,15.819,20470.0,id,6.386,0.0,16.108,0.11678,0.00374
579,15.829,20480.0,id,6.578,0.0,18.117,0.12158,0.00389
580,15.839,20490.0,id,6.779,0.0,19.079,0.12433,0.00398
581,15.849,20500.0,id,6.983,0.0,19.768,0.12495,0.004
582,15.859,20510.0,id,7.194,0.0,20.7,0.12351,0.00395
583,15.869,20520.0,id,7.405,0.0,20.869,0.11993,0.00383
584,15.879,20530.0,id,7.613,0.0,20.542,0.11426,0.00365
585,15.889,20540.0,id,7.813,0.0,19.896,0.10661,0.0034
586,15.899,20550.0,id,8.007,0.0,19.252,0.09705,0.0031
587,15.909,20560.0,id,8.167,0.0,17.352,0.0861,0.00275
588,15.919,20570.0,id,8.323,0.0,16.057,0.07337,0.00234
589,15.929,20580.0,id,8.458,0.0,13.959,0.05923,0.00188
590,15.939,20590.0,id,8.538,0.0,9.871,0.04407,0.0014
591,15.949,20600.0,id,8.592,0.0,7.027,0.02848,0.0009
592,15.959,20610.0,id,8.635,0.0,5.212,0.01203,0.00037
593,15.969,20620.0,id,8.659,0.0,3.352,-0.00465,-0.00016
594,15.979,20630.0,id,8.661,0.0,1.253,-0.02134,-0.0007
595,15.989,20640.0,id,8.641,0.0,-0.842,-0.03762,-0.00122
596,15.999,20650.0,id,8.604,0.0,-2.727,-0.05324,-0.00172
597,16.009,20660.0,id,8.534,0.0,-5.588,-0.06817,-0.00219
598,16.019,20670.0,id,8.414,0.0,-9.846,-0.0817,-0.00262
599,16.029,20680.0,id,8.276,0.0,-12.353,-0.09352,-0.003
600,16.039,20690.0,id,8.127,0.0,-13.875,-0.10394,-0.00333
601,16.049,20700.0,id,7.952,0.0,-16.216,-0.11245,-0.0036
602,16.059,20710.0,id,7.754,0.0,-18.248,-0.11885,-0.00381
603,16.069,20720.0,id,7.553,0.0,-19.592,-0.12296,-0.00394
604,16.079,20730.0,id,7.334,0.0,-20.84,-0.12489,-0.004
605,16.089,20740.0,id,7.118,0.0,-21.153,-0.12443,-0.00398
606,16.099,20750.0,id,6.9,0.0,-21.499,-0.1217,-0.00389
607,16.109,20760.0,id,6.688,0.0,-20.992,-0.11657,-0.00372
608,16.119,20770.0,id,6.473,0.0,-20.907,-0.10917,-0.00349
609,16.129,20780.0,id,6.294,0.0,-19.254,-0.09993,-0.00319
610,16.139,20790.0,id,6.107,0.0,-18.645,-0.08847,-0.00282
611,16.149,20800.0,id,5.956,0.0,-15.853,-0.07525,-0.0024
612,16.159,20810.0,id,5.829,0.0,-13.952,-0.06093,-0.00194
613,16.169,20820.0,id,5.705,0.0,-12.836,-0.04505,-0.00143
614,16.179,20830.0,id,5.616,0.0,-10.025,-0.02824,-0.00089
615,16.189,20840.0,id,5.578,0.0,-5.97,-0.01121,-0.00034
616,16.199,20850.0,id,5.581,0.0,-1.857,0.00638,0.00022
617,16.209,20860.0,id,5.605,0.0,0.865,0.02407,0.00078
618,16.219,20870.0,id,5.644,0.0,2.79,0.04109,0.00133
619,16.229,20880.0,id,5.699,0.0,4.646,0.05701,0.00184
620,16.239,20890.0,id,5.768,0.0,6.05,0.07224,0.00232
621,16.249,20900.0,id,5.849,0.0,7.445,0.08599,0.00276
622,16.259,20910.0,id,5.958,0.0,9.665,0.09806,0.00315
623,16.269,20920.0,id,6.119,0.0,13.84,0.10812,0.00347
624,16.279,20930.0,id,6.288,0.0,15.801,0.11582,0.00371
625,16.289,20940.0,id,6.466,0.0,16.978,0.12136,0.00389
626,16.299,20950.0,id,6.673,0.0,19.167,0.1244,0.00398
627,16.309,20960.0,id,6.875,0.0,19.817,0.12487,0.004
628,16.319,20970.0,id,7.089,0.0,20.703,0.12273,0.00392
629,16.329,20980.0,id,7.296,0.0,20.436,0.118,0.00377
630,16.339,20990.0,id,7.501,0.0,20.646,0.11099,0.00354
631,16.349,21000.0,id,7.696,0.0,19.76,0.10145,0.00324
632,16.359,21010.0,id,7.875,0.0,18.456,0.08974,0.00286
633,16.369,21020.0,id,8.032,0.0,16.486,0.07643,0.00243
634,16.379,21030.0,id,8.159,0.0,13.969,0.06113,0.00194
635,16.389,21040.0,id,8.273,0.0,12.108,0.04453,0.00141
636,16.399,21050.0,id,8.362,0.0,9.905,0.0269,0.00085
637,16.409,21060.0,id,8.409,0.0,6.304,0.00873,0.00026
638,16.419,21070.0,id,8.403,0.0,1.756,-0.00967,-0.00032
639,16.429,21080.0,id,8.376,0.0,-1.13,-0.02753,-0.0009
640,16.439,21090.0,id,8.342,0.0,-2.552,-0.04524,-0.00146
641,16.449,21100.0,id,8.297,0.0,-3.786,-0.06192,-0.00199
642,16.459,21110.0,id,8.228,0.0,-5.872,-0.0774,-0.00249
643,16.469,21120.0,id,8.118,0.0,-9.15,-0.09115,-0.00293
644,16.479,21130.0,id,7.978,0.0,-12.48,-0.10262,-0.00329
645,16.489,21140.0,id,7.797,0.0,-15.858,-0.11215,-0.0036
646,16.499,21150.0,id,7.609,0.0,-17.761,-0.11916,-0.00382
647,16.509,21160.0,id,7.401,0.0,-19.558,-0.12346,-0.00395
648,16.519,21170.0,id,7.19,0.0,-20.408,-0.125,-0.004
649,16.529,21180.0,id,6.97,0.0,-21.464,-0.12376,-0.00396
650,16.539,21190.0,id,6.756,0.0,-21.225,-0.11968,-0.00383
651,16.549,21200.0,id,6.538,0.0,-21.396,-0.11284,-0.0036
652,16.559,21210.0,id,6.346,0.0,-19.8,-0.10342,-0.0033
653,16.569,21220.0,id,6.159,0.0,-18.982,-0.0916,-0.00292
654,16.579,21230.0,id,5.996,0.0,-17.105,-0.07796,-0.00248
655,16.589,21240.0,id,5.869,0.0,-14.262,-0.06219,-0.00198
656,16.599,21250.0,id,5.748,0.0,-12.707,-0.04488,-0.00142
657,16.609,21260.0,id,5.651,0.0,-10.418,-0.02647,-0.00083
658,16.619,21270.0,id,5.608,0.0,-6.397,-0.00791,-0.00024
659,16.629,21280.0,id,5.61,0.0,-2.042,0.01132,0.00038
660,16.639,21290.0,id,5.636,0.0,0.971,0.03025,0.00098
661,16.649,21300.0,id,5.679,0.0,3.151,0.04855,0.00157
662,16.659,21310.0,id,5.74,0.0,5.028,0.06579,0.00212
663,16.669,21320.0,id,5.811,0.0,6.328,0.0814,0.00262
664,16.679,21330.0,id,5.907,0.0,8.587,0.09483,0.00304
665,16.689,21340.0,id,6.045,0.0,12.081,0.10631,0.00341
666,16.699,21350.0,id,6.223,0.0,15.418,0.11528,0.0037
667,16.709,21360.0,id,6.398,0.0,16.898,0.12129,0.00389
668,16.719,21370.0,id,6.601,0.0,19.074,0.12453,0.00399
669,16.729,21380.0,id,6.803,0.0,19.56,0.12469,0.00399
670,16.739,21390.0,id,7.013,0.0,20.376,0.12179,0.00389
671,16.749,21400.0,id,7.225,0.0,20.63,0.11585,0.0037
672,16.759,21410.0,id,7.42,0.0,20.055,0.10725,0.00342
673,16.769,21420.0,id,7.61,0.0,18.993,0.09577,0.00305
674,16.779,21430.0,id,7.78,0.0,17.417,0.08184,0.00261
675,16.789,21440.0,id,7.934,0.0,16.222,0.06633,0.00211
676,16.799,21450.0,id,8.041,0.0,12.418,0.04867,0.00154
677,16.809,21460.0,id,8.112,0.0,8.902,0.02977,0.00094
678,16.819,21470.0,id,8.168,0.0,6.683,0.01006,0.00031
679,16.829,21480.0,id,8.19,0.0,3.611,-0.00983,-0.00033
680,16.839,21490.0,id,8.173,0.0,0.161,-0.0295,-0.00096
681,16.849,21500.0,id,8.141,0.0,-2.041,-0.04849,-0.00157
682,16.859,21510.0,id,8.089,0.0,-4.149,-0.06631,-0.00214
683,16.869,21520.0,id,7.998,0.0,-7.517,-0.08205,-0.00264
684,16.879,21530.0,id,7.852,0.0,-11.937,-0.09616,-0.00309
685,16.889,21540.0,id,7.701,0.0,-13.968,-0.1078,-0.00346
686,16.899,21550.0,id,7.52,0.0,-16.513,-0.11662,-0.00374
687,16.909,21560.0,id,7.322,0.0,-18.698,-0.12227,-0.00392
688,16.919,21570.0,id,7.113,0.0,-19.967,-0.12487,-0.004
689,16.929,21580.0,id,6.894,0.0,-20.869,-0.12415,-0.00397
690,16.939,21590.0,id,6.677,0.0,-21.107,-0.1201,-0.00384
691,16.949,21600.0,id,6.466,0.0,-21.123,-0.11305,-0.00361
692,16.959,21610.0,id,6.271,0.0,-19.927,-0.1028,-0.00328
693,16.969,21620.0,id,6.078,0.0,-19.354,-0.08976,-0.00286
694,16.979,21630.0,id,5.932,0.0,-16.232,-0.07465,-0.00238
695,16.989,21640.0,id,5.795,0.0,-14.42,-0.05711,-0.00181
696,16.999,21650.0,id,5.677,0.0,-12.707,-0.03844,-0.00121
697,17.009,21660.0,id,5.604,0.0,-8.955,-0.01812,-0.00056
698,17.019,21670.0,id,5.585,0.0,-4.267,0.00215,9e-05
699,17.029,21680.0,id,5.604,0.0,-0.336,0.02289,0.00075
700,17.039,21690.0,id,5.642,0.0,2.307,0.04283,0.00139
701,17.049,21700.0,id,5.703,0.0,4.765,0.06174,0.00199
702,17.059,21710.0,id,5.779,0.0,6.521,0.07893,0.00254
703,17.069,21720.0,id,5.867,0.0,8.204,0.09362,0.00301
704,17.079,21730.0,id,5.995,0.0,11.172,0.10611,0.0034
705,17.089,21740.0,id,6.174,0.0,15.431,0.11569,0.00371
706,17.099,21750.0,id,6.354,0.0,16.901,0.12199,0.00391
707,17.109,21760.0,id,6.55,0.0,18.651,0.12483,0.004
708,17.119,21770.0,id,6.754,0.0,19.721,0.1242,0.00397
709,17.129,21780.0,id,6.961,0.0,20.211,0.12006,0.00384
710,17.139,21790.0,id,7.173,0.0,20.584,0.11247,0.00359
711,17.149,21800.0,id,7.362,0.0,19.702,0.10192,0.00325
712,17.159,21810.0,id,7.544,0.0,18.444,0.0882,0.00281
713,17.169,21820.0,id,7.702,0.0,16.48,0.07183,0.00228
714,17.179,21830.0,id,7.831,0.0,14.026,0.05343,0.00169
715,17.189,21840.0,id,7.938,0.0,11.865,0.03396,0.00107
716,17.199,21850.0,id,7.983,0.0,6.768,0.01285,0.00039
717,17.209,21860.0,id,7.967,0.0,1.379,-0.00876,-0.0003
718,17.219,21870.0,id,7.929,0.0,-1.924,-0.02939,-0.00096
719,17.229,21880.0,id,7.883,0.0,-3.552,-0.04969,-0.00161
720,17.239,21890.0,id,7.829,0.0,-4.706,-0.0686,-0.00221
721,17.249,21900.0,id,7.751,0.0,-6.782,-0.08558,-0.00275
722,17.259,21910.0,id,7.624,0.0,-10.752,-0.09999,-0.00321
723,17.269,21920.0,id,7.467,0.0,-14.038,-0.11121,-0.00357
724,17.279,21930.0,id,7.28,0.0,-16.799,-0.11939,-0.00383
725,17.289,21940.0,id,7.076,0.0,-19.013,-0.124,-0.00397
726,17.299,21950.0,id,6.861,0.0,-20.309,-0.12485,-0.00399
727,17.309,21960.0,id,6.651,0.0,-20.983,-0.12203,-0.0039
728,17.319,21970.0,id,6.435,0.0,-20.956,-0.11543,-0.00369
729,17.329,21980.0,id,6.236,0.0,-20.136,-0.10532,-0.00336
730,17.339,21990.0,id,6.038,0.0,-19.594,-0.09197,-0.00293
731,17.349,22000.0,id,5.887,0.0,-16.807,-0.07619,-0.00242
732,17.359,22010.0,id,5.74,0.0,-15.356,-0.05762,-0.00183
733,17.369,22020.0,id,5.624,0.0,-12.63,-0.03723,-0.00117
734,17.379,22030.0,id,5.561,0.0,-8.285,-0.01565,-0.00048
735,17.389,22040.0,id,5.558,0.0,-3.097,0.00593,0.00021
736,17.399,22050.0,id,5.587,0.0,0.749,0.0278,0.00091
737,17.409,22060.0,id,5.634,0.0,3.334,0.04885,0.00158
738,17.419,22070.0,id,5.705,0.0,5.757,0.06847,0.00221
739,17.429,22080.0,id,5.789,0.0,7.548,0.08548,0.00275
740,17.439,22090.0,id,5.895,0.0,9.545,0.10033,0.00322
741,17.449,22100.0,id,6.039,0.0,12.8,0.11197,0.00359
742,17.459,22110.0,id,6.226,0.0,16.268,0.12009,0.00385
743,17.469,22120.0,id,6.414,0.0,17.691,0.12435,0.00398
744,17.479,22130.0,id,6.619,0.0,19.68,0.12466,0.00399
745,17.489,22140.0,id,6.825,0.0,19.973,0.12099,0.00387
746,17.499,22150.0,id,7.032,0.0,20.299,0.1134,0.00362
747,17.509,22160.0,id,7.225,0.0,19.686,0.10245,0.00327
748,17.519,22170.0,id,7.408,0.0,18.636,0.08786,0.0028
749,17.529,22180.0,id,7.567,0.0,16.597,0.07037,0.00224
750,17.539,22190.0,id,7.694,0.0,13.921,0.05051,0.0016
751,17.549,22200.0,id,7.777,0.0,10.332,0.02963,0.00093
752,17.559,22210.0,id,7.842,0.0,7.65,0.00703,0.00021
753,17.569,22220.0,id,7.872,0.0,4.528,-0.01566,-0.00052
754,17.579,22230.0,id,7.862,0.0,0.862,-0.03781,-0.00123
755,17.589,22240.0,id,7.826,0.0,-1.956,-0.05883,-0.0019
756,17.599,22250.0,id,7.768,0.0,-4.553,-0.0775,-0.00249
757,17.609,22260.0,id,7.661,0.0,-8.628,-0.09407,-0.00302
758,17.619,22270.0,id,7.51,0.0,-12.699,-0.10752,-0.00345
759,17.629,22280.0,id,7.329,0.0,-16.043,-0.11736,-0.00376
760,17.639,22290.0,id,7.136,0.0,-18.073,-0.12326,-0.00395
761,17.649,22300.0,id,6.92,0.0,-20.078,-0.12498,-0.004
762,17.659,22310.0,id,6.711,0.0,-20.718,-0.12253,-0.00392
763,17.669,22320.0,id,6.49,0.0,-21.384,-0.11589,-0.0037
764,17.679,22330.0,id,6.292,0.0,-20.221,-0.10522,-0.00336
765,17.689,22340.0,id,6.102,0.0,-19.557,-0.09132,-0.00291
766,17.699,22350.0,id,5.946,0.0,-16.561,-0.07392,-0.00235
767,17.709,22360.0,id,5.812,0.0,-14.299,-0.05388,-0.00171
768,17.719,22370.0,id,5.696,0.0,-12.361,-0.03196,-0.001
769,17.729,22380.0,id,5.631,0.0,-8.441,-0.0095,-0.00028
770,17.739,22390.0,id,5.621,0.0,-3.54,0.01384,0.00046
771,17.749,22400.0,id,5.65,0.0,0.612,0.03668,0.00119
772,17.759,22410.0,id,5.702,0.0,3.61,0.05843,0.00189
773,17.769,22420.0,id,5.771,0.0,5.693,0.07812,0.00251
774,17.779,22430.0,id,5.858,0.0,7.816,0.09463,0.00304
775,17.789,22440.0,id,5.984,0.0,10.972,0.10828,0.00347
776,17.799,22450.0,id,6.165,0.0,15.512,0.11811,0.00379
777,17.809,22460.0,id,6.351,0.0,17.329,0.12371,0.00396
778,17.819,22470.0,id,6.549,0.0,18.881,0.12487,0.00399
779,17.829,22480.0,id,6.754,0.0,19.865,0.12166,0.00389
780,17.839,22490.0,id,6.958,0.0,19.96,0.114,0.00364
781,17.849,22500.0,id,7.162,0.0,19.961,0.10223,0.00326
782,17.859,22510.0,id,7.337,0.0,18.205,0.08675,0.00276
783,17.869,22520.0,id,7.497,0.0,16.725,0.06853,0.00218
784,17.879,22530.0,id,7.618,0.0,13.536,0.0474,0.0015
785,17.889,22540.0,id,7.705,0.0,10.17,0.02434,0.00076
786,17.899,22550.0,id,7.737,0.0,5.546,0.00057,-0.0
787,17.909,22560.0,id,7.725,0.0,1.094,-0.02324,-0.00076
788,17.919,22570.0,id,7.682,0.0,-2.419,-0.04628,-0.0015
789,17.929,22580.0,id,7.616,0.0,-5.144,-0.06717,-0.00217
790,17.939,22590.0,id,7.523,0.0,-7.941,-0.08612,-0.00277
791,17.949,22600.0,id,7.383,0.0,-11.789,-0.10195,-0.00327
792,17.959,22610.0,id,7.225,0.0,-14.357,-0.114,-0.00366
793,17.969,22620.0,id,7.033,0.0,-17.44,-0.12174,-0.0039
794,17.979,22630.0,id,6.835,0.0,-19.001,-0.12491,-0.004
795,17.989,22640.0,id,6.619,0.0,-20.47,-0.12346,-0.00395
796,17.999,22650.0,id,6.404,0.0,-20.641,-0.11728,-0.00375
797,18.009,22660.0,id,6.202,0.0,-20.457,-0.10688,-0.00341
798,18.019,22670.0,id,6.004,0.0,-19.543,-0.09218,-0.00294
799,18.029,22680.0,id,5.846,0.0,-17.036,-0.07398,-0.00235
800,18.039,22690.0,id,5.7,0.0,-15.527,-0.05339,-0.00169
801,18.049,22700.0,id,5.594,0.0,-12.049,-0.03031,-0.00095
802,18.059,22710.0,id,5.55,0.0,-6.909,-0.00588,-0.00017
803,18.069,22720.0,id,5.565,0.0,-1.435,0.01874,0.00062
804,18.079,22730.0,id,5.605,0.0,2.009,0.04208,0.00137
805,18.089,22740.0,id,5.67,0.0,4.842,0.06434,0.00208
806,18.099,22750.0,id,5.759,0.0,7.327,0.08429,0.00271
807,18.109,22760.0,id,5.863,0.0,9.322,0.1008,0.00324
808,18.119,22770.0,id,5.998,0.0,12.199,0.11315,0.00363
809,18.129,22780.0,id,6.188,0.0,16.41,0.12143,0.00389
810,18.139,22790.0,id,6.378,0.0,17.861,0.1249,0.004
811,18.149,22800.0,id,6.587,0.0,19.824,0.12341,0.00395
812,18.159,22810.0,id,6.786,0.0,19.902,0.1172,0.00374
813,18.169,22820.0,id,6.987,0.0,19.842,0.1062,0.00339
814,18.179,22830.0,id,7.177,0.0,19.063,0.09098,0.0029
815,18.189,22840.0,id,7.334,0.0,16.688,0.07209,0.00229
816,18.199,22850.0,id,7.475,0.0,14.784,0.05026,0.00159
817,18.209,22860.0,id,7.563,0.0,10.653,0.02629,0.00082
818,18.219,22870.0,id,7.605,0.0,6.493,0.00138,2e-05
819,18.229,22880.0,id,7.609,0.0,2.432,-0.02359,-0.00078
820,18.239,22890.0,id,7.579,0.0,-1.019,-0.04763,-0.00154
821,18.249,22900.0,id,7.513,0.0,-4.637,-0.06992,-0.00225
822,18.259,22910.0,id,7.405,0.0,-8.794,-0.08886,-0.00286
823,18.269,22920.0,id,7.276,0.0,-11.38,-0.10479,-0.00336
824,18.279,22930.0,id,7.108,0.0,-14.794,-0.11642,-0.00373
825,18.289,22940.0,id,6.912,0.0,-17.685,-0.12322,-0.00395
826,18.299,22950.0,id,6.711,0.0,-19.447,-0.12494,-0.004
827,18.309,22960.0,id,6.492,0.0,-20.798,-0.12156,-0.00389
828,18.319,22970.0,id,6.286,0.0,-20.394,-0.11306,-0.00361
829,18.329,22980.0,id,6.075,0.0,-20.606,-0.09981,-0.00318
830,18.339,22990.0,id,5.909,0.0,-18.012,-0.08284,-0.00264
831,18.349,23000.0,id,5.751,0.0,-16.466,-0.06197,-0.00196
832,18.359,23010.0,id,5.622,0.0,-13.862,-0.03841,-0.00121
833,18.369,23020.0,id,5.558,0.0,-8.994,-0.01374,-0.00042
834,18.379,23030.0,id,5.556,0.0,-3.129,0.01211,0.00041
835,18.389,23040.0,id,5.593,0.0,1.256,0.03746,0.00122
836,18.399,23050.0,id,5.653,0.0,4.308,0.06113,0.00197
837,18.409,23060.0,id,5.74,0.0,7.152,0.08229,0.00265
838,18.419,23070.0,id,5.84,0.0,9.105,0.09957,0.0032
839,18.429,23080.0,id,5.975,0.0,11.975,0.11307,0.00363
840,18.439,23090.0,id,6.16,0.0,16.108,0.12167,0.0039
841,18.449,23100.0,id,6.349,0.0,17.871,0.12495,0.004
842,18.459,23110.0,id,6.553,0.0,19.4,0.12294,0.00393
843,18.469,23120.0,id,6.762,0.0,19.86,0.1155,0.00369
844,18.479,23130.0,id,6.954,0.0,19.485,0.10338,0.0033
845,18.489,23140.0,id,7.142,0.0,18.754,0.08644,0.00275
846,18.499,23150.0,id,7.293,0.0,16.121,0.06566,0.00208
847,18.509,23160.0,id,7.42,0.0,13.793,0.04201,0.00132
848,18.519,23170.0,id,7.501,0.0,10.014,0.01699,0.00052
849,18.529,23180.0,id,7.518,0.0,4.433,-0.00936,-0.00032
850,18.539,23190.0,id,7.489,0.0,-0.333,-0.03531,-0.00115
851,18.549,23200.0,id,7.432,0.0,-3.747,-0.05971,-0.00193
852,18.559,23210.0,id,7.357,0.0,-6.183,-0.08095,-0.00261
853,18.569,23220.0,id,7.251,0.0,-9.081,-0.09914,-0.00319
854,18.579,23230.0,id,7.098,0.0,-13.114,-0.11295,-0.00362
855,18.589,23240.0,id,6.911,0.0,-16.408,-0.12173,-0.0039
856,18.599,23250.0,id,6.71,0.0,-18.632,-0.12498,-0.004
857,18.609,23260.0,id,6.495,0.0,-20.557,-0.1227,-0.00392
858,18.619,23270.0,id,6.286,0.0,-20.66,-0.11482,-0.00367
859,18.629,23280.0,id,6.075,0.0,-20.803,-0.10165,-0.00324
860,18.639,23290.0,id,5.903,0.0,-18.134,-0.08379,-0.00266
861,18.649,23300.0,id,5.746,0.0,-16.576,-0.06266,-0.00199
862,18.659,23310.0,id,5.616,0.0,-13.899,-0.0381,-0.0012
863,18.669,23320.0,id,5.551,0.0,-8.767,-0.0117,-0.00035
864,18.679,23330.0,id,5.553,0.0,-2.933,0.01475,0.00049
865,18.689,23340.0,id,5.593,0.0,1.501,0.04107,0.00134
866,18.699,23350.0,id,5.659,0.0,4.789,0.06537,0.00211
867,18.709,23360.0,id,5.751,0.0,7.588,0.08673,0.00279
868,18.719,23370.0,id,5.857,0.0,9.637,0.1037,0.00333
869,18.729,23380.0,id,6.001,0.0,12.702,0.11632,0.00373
870,18.739,23390.0,id,6.196,0.0,16.787,0.12347,0.00395
871,18.749,23400.0,id,6.386,0.0,18.283,0.1248,0.00399
872,18.759,23410.0,id,6.596,0.0,19.992,0.12033,0.00384
873,18.769,23420.0,id,6.799,0.0,19.837,0.11008,0.00351
874,18.779,23430.0,id,6.987,0.0,19.096,0.09469,0.00302
875,18.789,23440.0,id,7.161,0.0,17.652,0.07477,0.00237
876,18.799,23450.0,id,7.288,0.0,14.571,0.05183,0.00164
877,18.809,23460.0,id,7.389,0.0,11.531,0.0258,0.0008
878,18.819,23470.0,id,7.451,0.0,7.759,-0.00145,-7e-05
879,18.829,23480.0,id,7.449,0.0,2.53,-0.02857,-0.00094
880,18.839,23490.0,id,7.408,0.0,-1.756,-0.05433,-0.00176
881,18.849,23500.0,id,7.348,0.0,-4.5,-0.07769,-0.0025
882,18.859,23510.0,id,7.251,0.0,-7.91,-0.09721,-0.00312
883,18.869,23520.0,id,7.101,0.0,-12.562,-0.11209,-0.0036
884,18.879,23530.0,id,6.923,0.0,-15.935,-0.12134,-0.00389
885,18.889,23540.0,id,6.723,0.0,-18.352,-0.12497,-0.004
886,18.899,23550.0,id,6.503,0.0,-20.505,-0.12244,-0.00391
887,18.909,23560.0,id,6.295,0.0,-20.537,-0.11387,-0.00363
888,18.919,23570.0,id,6.09,0.0,-20.712,-0.10004,-0.00319
889,18.929,23580.0,id,5.917,0.0,-18.184,-0.08087,-0.00257
890,18.939,23590.0,id,5.768,0.0,-16.226,-0.05831,-0.00185
891,18.949,23600.0,id,5.644,0.0,-13.407,-0.03219,-0.00101
892,18.959,23610.0,id,5.584,0.0,-8.312,-0.00451,-0.00012
893,18.969,23620.0,id,5.588,0.0,-2.577,0.02284,0.00075
894,18.979,23630.0,id,5.63,0.0,1.725,0.04963,0.00161
895,18.989,23640.0,id,5.702,0.0,5.214,0.07395,0.00238
896,18.999,23650.0,id,5.797,0.0,7.877,0.0946,0.00304
897,19.009,23660.0,id,5.915,0.0,10.476,0.11027,0.00354
898,19.019,23670.0,id,6.085,0.0,14.759,0.12066,0.00387
899,19.029,23680.0,id,6.283,0.0,17.694,0.12491,0.004
900,19.039,23690.0,id,6.476,0.0,18.911,0.12291,0.00393
901,19.049,23700.0,id,6.69,0.0,20.153,0.1146,0.00366
902,19.059,23710.0,id,6.881,0.0,19.336,0.10041,0.0032
903,19.069,23720.0,id,7.061,0.0,18.587,0.08153,0.00259
904,19.079,23730.0,id,7.205,0.0,15.593,0.05809,0.00184
905,19.089,23740.0,id,7.309,0.0,12.163,0.03169,0.00099
906,19.099,23750.0,id,7.377,0.0,8.519,0.00356,9e-05
907,19.109,23760.0,id,7.403,0.0,4.465,-0.02493,-0.00082
908,19.119,23770.0,id,7.38,0.0,0.031,-0.05205,-0.00169
909,19.129,23780.0,id,7.329,0.0,-3.352,-0.0759,-0.00245
910,19.139,23790.0,id,7.234,0.0,-7.404,-0.09645,-0.0031
911,19.149,23800.0,id,7.082,0.0,-12.499,-0.11203,-0.0036
912,19.159,23810.0,id,6.903,0.0,-15.795,-0.12172,-0.0039
913,19.169,23820.0,id,6.702,0.0,-18.357,-0.125,-0.004
914,19.179,23830.0,id,6.487,0.0,-20.402,-0.12182,-0.00389
915,19.189,23840.0,id,6.28,0.0,-20.5,-0.11217,-0.00358
916,19.199,23850.0,id,6.071,0.0,-20.49,-0.09645,-0.00307
917,19.209,23860.0,id,5.907,0.0,-17.575,-0.07558,-0.0024
918,19.219,23870.0,id,5.765,0.0,-15.48,-0.05121,-0.00162
919,19.229,23880.0,id,5.651,0.0,-12.455,-0.02344,-0.00073
920,19.239,23890.0,id,5.607,0.0,-7.055,0.00534,0.00019
921,19.249,23900.0,id,5.622,0.0,-1.44,0.03385,0.00111
922,19.259,23910.0,id,5.674,0.0,2.885,0.06061,0.00196
923,19.269,23920.0,id,5.752,0.0,6.112,0.08378,0.0027
924,19.279,23930.0,id,5.854,0.0,8.726,0.10297,0.00331
925,19.289,23940.0,id,5.993,0.0,12.117,0.11657,0.00374
926,19.299,23950.0,id,6.188,0.0,16.659,0.12387,0.00397
927,19.309,23960.0,id,6.378,0.0,18.257,0.12445,0.00398
928,19.319,23970.0,id,6.587,0.0,19.881,0.11829,0.00378
929,19.329,23980.0,id,6.788,0.0,19.73,0.1056,0.00337
930,19.339,23990.0,id,6.969,0.0,18.461,0.08707,0.00277
931,19.349,24000.0,id,7.13,0.0,16.888,0.06432,0.00204
932,19.359,24010.0,id,7.242,0.0,12.931,0.0374,0.00117
933,19.369,24020.0,id,7.312,0.0,9.035,0.00852,0.00025
934,19.379,24030.0,id,7.339,0.0,4.75,-0.02106,-0.0007
935,19.389,24040.0,id,7.32,0.0,0.457,-0.04884,-0.00158
936,19.399,24050.0,id,7.265,0.0,-3.452,-0.0743,-0.0024
937,19.409,24060.0,id,7.161,0.0,-8.034,-0.09586,-0.00308
938,19.419,24070.0,id,7.006,0.0,-12.76,-0.11203,-0.0036
939,19.429,24080.0,id,6.829,0.0,-15.785,-0.12195,-0.00391
940,19.439,24090.0,id,6.625,0.0,-18.721,-0.12498,-0.004
941,19.449,24100.0,id,6.418,0.0,-19.905,-0.1211,-0.00387
942,19.459,24110.0,id,6.208,0.0,-20.376,-0.11028,-0.00352
943,19.469,24120.0,id,6.004,0.0,-19.904,-0.09313,-0.00296
944,19.479,24130.0,id,5.846,0.0,-17.433,-0.07131,-0.00226
945,19.489,24140.0,id,5.7,0.0,-15.392,-0.04486,-0.00141
946,19.499,24150.0,id,5.605,0.0,-11.221,-0.01567,-0.00048
947,19.509,24160.0,id,5.584,0.0,-5.204,0.0139,0.00047
948,19.519,24170.0,id,5.616,0.0,0.281,0.04329,0.00141
949,19.529,24180.0,id,5.68,0.0,4.279,0.06991,0.00226
950,19.539,24190.0,id,5.771,0.0,7.366,0.09218,0.00297
951,19.549,24200.0,id,5.887,0.0,10.12,0.10969,0.00352
952,19.559,24210.0,id,6.047,0.0,13.91,0.12086,0.00387
953,19.569,24220.0,id,6.248,0.0,17.485,0.12499,0.004
954,19.579,24230.0,id,6.441,0.0,18.693,0.12192,0.0039
955,19.589,24240.0,id,6.654,0.0,20.132,0.11166,0.00356
956,19.599,24250.0,id,6.842,0.0,19.048,0.09486,0.00302
957,19.609,24260.0,id,7.01,0.0,17.476,0.07251,0.0023
958,19.619,24270.0,id,7.148,0.0,14.75,0.04583,0.00144
959,19.629,24280.0,id,7.224,0.0,10.015,0.0171,0.00052
960,19.639,24290.0,id,7.253,0.0,5.278,-0.01332,-0.00045
961,19.649,24300.0,id,7.234,0.0,0.601,-0.04298,-0.0014
962,19.659,24310.0,id,7.174,0.0,-3.739,-0.07022,-0.00227
963,19.669,24320.0,id,7.064,0.0,-8.458,-0.0932,-0.003
964,19.679,24330.0,id,6.923,0.0,-11.97,-0.11063,-0.00355
965,19.689,24340.0,id,6.759,0.0,-15.004,-0.12127,-0.00389
966,19.699,24350.0,id,6.552,0.0,-18.541,-0.125,-0.004
967,19.709,24360.0,id,6.345,0.0,-19.672,-0.12115,-0.00387
968,19.719,24370.0,id,6.133,0.0,-20.759,-0.1103,-0.00352
969,19.729,24380.0,id,5.938,0.0,-19.497,-0.09252,-0.00294
970,19.739,24390.0,id,5.768,0.0,-17.727,-0.06905,-0.00219
971,19.749,24400.0,id,5.624,0.0,-15.239,-0.04133,-0.0013
972,19.759,24410.0,id,5.55,0.0,-10.019,-0.01172,-0.00035
973,19.769,24420.0,id,5.55,0.0,-3.32,0.01954,0.00065
974,19.779,24430.0,id,5.594,0.0,1.702,0.04859,0.00158
975,19.789,24440.0,id,5.67,0.0,5.452,0.07535,0.00243
976,19.799,24450.0,id,5.775,0.0,8.634,0.09768,0.00314
977,19.809,24460.0,id,5.903,0.0,11.193,0.11396,0.00366
978,19.819,24470.0,id,6.078,0.0,15.303,0.12312,0.00394
979,19.829,24480.0,id,6.276,0.0,18.161,0.12469,0.00399
980,19.839,24490.0,id,6.475,0.0,19.11,0.11859,0.00379
981,19.849,24500.0,id,6.682,0.0,19.853,0.1051,0.00335
982,19.859,24510.0,id,6.855,0.0,18.307,0.08555,0.00272
983,19.869,24520.0,id,7.013,0.0,16.499,0.0602,0.0019
984,19.879,24530.0,id,7.131,0.0,13.149,0.03101,0.00097
985,19.889,24540.0,id,7.182,0.0,7.673,-0.00012,-3e-05
986,19.899,24550.0,id,7.17,0.0,1.922,-0.03069,-0.00101
987,19.909,24560.0,id,7.112,0.0,-3.074,-0.06052,-0.00196
988,19.919,24570.0,id,7.026,0.0,-6.688,-0.08536,-0.00275
989,19.929,24580.0,id,6.908,0.0,-9.97,-0.10544,-0.00339
990,19.939,24590.0,id,6.753,0.0,-13.555,-0.11888,-0.00381
991,19.949,24600.0,id,6.553,0.0,-17.562,-0.12477,-0.00399
992,19.959,24610.0,id,6.349,0.0,-19.097,-0.12265,-0.00392
993,19.969,24620.0,id,6.136,0.0,-20.645,-0.11295,-0.0036
994,19.979,24630.0,id,5.938,0.0,-19.637,-0.09577,-0.00305
995,19.989,24640.0,id,5.762,0.0,-18.148,-0.07235,-0.00229
996,19.999,24650.0,id,5.616,0.0,-15.742,-0.04501,-0.00142
997,20.009,24660.0,id,5.535,0.0,-10.362,-0.0136,-0.00041
998,20.019,24670.0,id,5.53,0.0,-3.892,0.01759,0.00059
999,20.029,24680.0,id,5.576,0.0,1.628,0.04853,0.00158
1000,20.039,24690.0,id,5.656,0.0,5.717,0.07617,0.00246
1001,20.049,24700.0,id,5.763,0.0,8.976,0.09838,0.00316
1002,20.059,24710.0,id,5.895,0.0,11.715,0.11473,0.00368
1003,20.069,24720.0,id,6.068,0.0,15.446,0.1236,0.00396
1004,20.079,24730.0,id,6.274,0.0,18.463,0.12427,0.00397
1005,20.089,24740.0,id,6.466,0.0,19.051,0.11699,0.00373
1006,20.099,24750.0,id,6.671,0.0,19.692,0.10188,0.00324
1007,20.109,24760.0,id,6.845,0.0,17.924,0.07997,0.00254
1008,20.119,24770.0,id,6.993,0.0,15.772,0.0527,0.00166
1009,20.129,24780.0,id,7.099,0.0,12.384,0.02268,0.0007
1010,20.139,24790.0,id,7.141,0.0,6.643,-0.01025,-0.00035
1011,20.149,24800.0,id,7.116,0.0,0.703,-0.04173,-0.00136
1012,20.159,24810.0,id,7.056,0.0,-3.671,-0.06996,-0.00226
1013,20.169,24820.0,id,6.964,0.0,-7.252,-0.09416,-0.00303
1014,20.179,24830.0,id,6.835,0.0,-10.916,-0.11216,-0.0036
1015,20.189,24840.0,id,6.662,0.0,-14.994,-0.12259,-0.00393
1016,20.199,24850.0,id,6.453,0.0,-18.403,-0.12474,-0.00399
1017,20.209,24860.0,id,6.251,0.0,-19.805,-0.11865,-0.00379
1018,20.219,24870.0,id,6.035,0.0,-20.658,-0.1044,-0.00333
1019,20.229,24880.0,id,5.855,0.0,-18.668,-0.08293,-0.00263
1020,20.239,24890.0,id,5.69,0.0,-17.086,-0.05586,-0.00176
1021,20.249,24900.0,id,5.579,0.0,-13.011,-0.0256,-0.00079
1022,20.259,24910.0,id,5.542,0.0,-6.636,0.00738,0.00026
1023,20.269,24920.0,id,5.573,0.0,-0.372,0.0389,0.00127
1024,20.279,24930.0,id,5.639,0.0,4.111,0.0685,0.00221
1025,20.289,24940.0,id,5.74,0.0,7.937,0.09346,0.00301
1026,20.299,24950.0,id,5.863,0.0,10.73,0.11192,0.00359
1027,20.309,24960.0,id,6.018,0.0,14.035,0.12242,0.00392
1028,20.319,24970.0,id,6.223,0.0,17.94,0.12476,0.00399
1029,20.329,24980.0,id,6.421,0.0,18.927,0.11836,0.00378
1030,20.339,24990.0,id,6.624,0.0,19.945,0.10408,0.00332
1031,20.349,25000.0,id,6.8,0.0,18.134,0.0822,0.00261
1032,20.359,25010.0,id,6.947,0.0,15.633,0.05448,0.00172
1033,20.369,25020.0,id,7.061,0.0,12.525,0.02291,0.00071
1034,20.379,25030.0,id,7.112,0.0,7.586,-0.00946,-0.00033
1035,20.389,25040.0,id,7.096,0.0,1.589,-0.04175,-0.00136
1036,20.399,25050.0,id,7.039,0.0,-3.144,-0.07141,-0.00231
1037,20.409,25060.0,id,6.947,0.0,-7.071,-0.09586,-0.00309
1038,20.419,25070.0,id,6.815,0.0,-11.122,-0.11363,-0.00365
1039,20.429,25080.0,id,6.638,0.0,-15.392,-0.12337,-0.00395
1040,20.439,25090.0,id,6.43,0.0,-18.401,-0.12428,-0.00397
1041,20.449,25100.0,id,6.225,0.0,-19.988,-0.11658,-0.00372
1042,20.459,25110.0,id,6.012,0.0,-20.463,-0.10035,-0.00319
1043,20.469,25120.0,id,5.838,0.0,-18.265,-0.07684,-0.00244
1044,20.479,25130.0,id,5.68,0.0,-16.392,-0.04769,-0.0015
1045,20.489,25140.0,id,5.585,0.0,-11.82,-0.01601,-0.00048
1046,20.499,25150.0,id,5.564,0.0,-5.332,0.01755,0.00059
1047,20.509,25160.0,id,5.605,0.0,0.796,0.05011,0.00163
1048,20.519,25170.0,id,5.68,0.0,5.122,0.07885,0.00254
1049,20.529,25180.0,id,5.785,0.0,8.512,0.10149,0.00326
1050,20.539,25190.0,id,5.92,0.0,11.702,0.11734,0.00376
1051,20.549,25200.0,id,6.104,0.0,16.082,0.12461,0.00399
1052,20.559,25210.0,id,6.306,0.0,18.415,0.12267,0.00392
1053,20.569,25220.0,id,6.501,0.0,19.229,0.11204,0.00357
1054,20.579,25230.0,id,6.7,0.0,19.316,0.09294,0.00296
1055,20.589,25240.0,id,6.858,0.0,16.806,0.06692,0.00212
1056,20.599,25250.0,id,6.987,0.0,14.098,0.03607,0.00113
1057,20.609,25260.0,id,7.067,0.0,10.09,0.00325,8e-05
1058,20.619,25270.0,id,7.079,0.0,4.086,-0.03085,-0.00101
1059,20.629,25280.0,id,7.039,0.0,-1.145,-0.06246,-0.00202
1060,20.639,25290.0,id,6.96,0.0,-5.541,-0.0894,-0.00288
1061,20.649,25300.0,id,6.843,0.0,-9.555,-0.10978,-0.00353
1062,20.659,25310.0,id,6.679,0.0,-14.2,-0.1217,-0.0039
1063,20.669,25320.0,id,6.475,0.0,-17.925,-0.12487,-0.00399
1064,20.679,25330.0,id,6.266,0.0,-19.702,-0.11856,-0.00379
1065,20.689,25340.0,id,6.058,0.0,-20.52,-0.10378,-0.00331
1066,20.699,25350.0,id,5.878,0.0,-18.5,-0.08075,-0.00256
1067,20.709,25360.0,id,5.717,0.0,-16.668,-0.05147,-0.00162
1068,20.719,25370.0,id,5.608,0.0,-12.834,-0.01922,-0.00059
1069,20.729,25380.0,id,5.576,0.0,-6.311,0.01558,0.00053
1070,20.739,25390.0,id,5.61,0.0,-0.026,0.04828,0.00157
1071,20.749,25400.0,id,5.682,0.0,4.715,0.07793,0.00252
1072,20.759,25410.0,id,5.788,0.0,8.457,0.10178,0.00327
1073,20.769,25420.0,id,5.921,0.0,11.626,0.11783,0.00378
1074,20.779,25430.0,id,6.104,0.0,15.925,0.12476,0.00399
1075,20.789,25440.0,id,6.305,0.0,18.507,0.12221,0.0039
1076,20.799,25450.0,id,6.501,0.0,19.068,0.11024,0.00351
1077,20.809,25460.0,id,6.697,0.0,18.958,0.08967,0.00285
1078,20.819,25470.0,id,6.852,0.0,16.464,0.06215,0.00196
1079,20.829,25480.0,id,6.97,0.0,13.459,0.03046,0.00095
1080,20.839,25490.0,id,7.044,0.0,9.276,-0.00428,-0.00017
1081,20.849,25500.0,id,7.047,0.0,3.282,-0.03875,-0.00127
1082,20.859,25510.0,id,7.001,0.0,-1.798,-0.06958,-0.00225
1083,20.869,25520.0,id,6.92,0.0,-5.897,-0.09563,-0.00308
1084,20.879,25530.0,id,6.789,0.0,-10.531,-0.11419,-0.00367
1085,20.889,25540.0,id,6.604,0.0,-15.69,-0.12385,-0.00397
1086,20.899,25550.0,id,6.407,0.0,-18.165,-0.12378,-0.00396
1087,20.909,25560.0,id,6.196,0.0,-19.885,-0.114,-0.00364
1088,20.919,25570.0,id,5.989,0.0,-19.885,-0.09508,-0.00302
1089,20.929,25580.0,id,5.82,0.0,-17.774,-0.06857,-0.00217
1090,20.939,25590.0,id,5.679,0.0,-15.303,-0.03721,-0.00116
1091,20.949,25600.0,id,5.597,0.0,-10.335,-0.00246,-5e-05
1092,20.959,25610.0,id,5.597,0.0,-3.53,0.03214,0.00106
1093,20.969,25620.0,id,5.65,0.0,2.154,0.06464,0.00209
1094,20.979,25630.0,id,5.742,0.0,6.72,0.09209,0.00297
1095,20.989,25640.0,id,5.858,0.0,9.932,0.11216,0.0036
1096,20.999,25650.0,id,6.016,0.0,13.725,0.12317,0.00395
1097,21.009,25660.0,id,6.22,0.0,17.93,0.12424,0.00397
1098,21.019,25670.0,id,6.418,0.0,18.977,0.11534,0.00368
1099,21.029,25680.0,id,6.619,0.0,19.575,0.09704,0.00309
1100,21.039,25690.0,id,6.782,0.0,17.423,0.07156,0.00227
1101,21.049,25700.0,id,6.912,0.0,14.316,0.03956,0.00124
1102,21.059,25710.0,id,7.0,0.0,10.537,0.00444,0.00011
1103,21.069,25720.0,id,7.027,0.0,5.294,-0.03111,-0.00102
1104,21.079,25730.0,id,6.993,0.0,-0.341,-0.06403,-0.00207
1105,21.089,25740.0,id,6.924,0.0,-4.636,-0.0912,-0.00294
1106,21.099,25750.0,id,6.802,0.0,-9.682,-0.1117,-0.00359
1107,21.109,25760.0,id,6.627,0.0,-14.743,-0.12307,-0.00394
1108,21.119,25770.0,id,6.423,0.0,-17.984,-0.12418,-0.00397
1109,21.129,25780.0,id,6.217,0.0,-19.84,-0.11529,-0.00368
1110,21.139,25790.0,id,6.007,0.0,-20.151,-0.09659,-0.00307
1111,21.149,25800.0,id,5.84,0.0,-17.77,-0.0699,-0.00221
1112,21.159,25810.0,id,5.696,0.0,-15.573,-0.03807,-0.00119
1113,21.169,25820.0,id,5.611,0.0,-10.578,-0.00244,-5e-05
1114,21.179,25830.0,id,5.607,0.0,-3.859,0.03354,0.0011
1115,21.189,25840.0,id,5.659,0.0,1.979,0.06651,0.00215
1116,21.199,25850.0,id,5.751,0.0,6.536,0.09417,0.00303
1117,21.209,25860.0,id,5.867,0.0,9.921,0.11347,0.00364
1118,21.219,25870.0,id,6.03,0.0,14.035,0.12376,0.00396
1119,21.229,25880.0,id,6.239,0.0,18.139,0.12356,0.00395
1120,21.239,25890.0,id,6.434,0.0,18.8,0.11289,0.0036
1121,21.249,25900.0,id,6.63,0.0,19.46,0.09324,0.00296
1122,21.259,25910.0,id,6.791,0.0,17.046,0.06522,0.00206
1123,21.269,25920.0,id,6.911,0.0,13.528,0.03154,0.00098
1124,21.279,25930.0,id,6.984,0.0,9.388,-0.00475,-0.00018
1125,21.289,25940.0,id,6.998,0.0,4.072,-0.04055,-0.00133
1126,21.299,25950.0,id,6.957,0.0,-1.219,-0.07293,-0.00236
1127,21.309,25960.0,id,6.871,0.0,-6.032,-0.09925,-0.00319
1128,21.319,25970.0,id,6.733,0.0,-11.208,-0.11672,-0.00375
1129,21.329,25980.0,id,6.539,0.0,-16.331,-0.1247,-0.00399
1130,21.339,25990.0,id,6.338,0.0,-18.534,-0.12182,-0.00389
1131,21.349,26000.0,id,6.127,0.0,-20.344,-0.10877,-0.00347
1132,21.359,26010.0,id,5.938,0.0,-18.962,-0.08614,-0.00273
1133,21.369,26020.0,id,5.775,0.0,-16.979,-0.05586,-0.00176
1134,21.379,26030.0,id,5.653,0.0,-13.763,-0.02135,-0.00065
1135,21.389,26040.0,id,5.605,0.0,-7.66,0.01552,0.00053
1136,21.399,26050.0,id,5.633,0.0,-0.841,0.05101,0.00166
1137,21.409,26060.0,id,5.705,0.0,4.345,0.08224,0.00265
1138,21.419,26070.0,id,5.811,0.0,8.261,0.10623,0.00342
1139,21.429,26080.0,id,5.953,0.0,12.112,0.12092,0.00388
1140,21.439,26090.0,id,6.145,0.0,16.924,0.12492,0.004
1141,21.449,26100.0,id,6.346,0.0,18.726,0.11807,0.00377
1142,21.459,26110.0,id,6.541,0.0,19.08,0.10072,0.0032
1143,21.469,26120.0,id,6.722,0.0,17.931,0.07442,0.00236
1144,21.479,26130.0,id,6.851,0.0,14.721,0.04237,0.00133
1145,21.489,26140.0,id,6.937,0.0,10.49,0.00557,0.00015
1146,21.499,26150.0,id,6.967,0.0,5.536,-0.03152,-0.00104
1147,21.509,26160.0,id,6.94,0.0,0.102,-0.06581,-0.00213
1148,21.519,26170.0,id,6.863,0.0,-5.056,-0.09435,-0.00304
1149,21.529,26180.0,id,6.731,0.0,-10.371,-0.11438,-0.00367
1150,21.539,26190.0,id,6.549,0.0,-15.595,-0.12409,-0.00397
1151,21.549,26200.0,id,6.349,0.0,-18.16,-0.12294,-0.00393
1152,21.559,26210.0,id,6.133,0.0,-20.187,-0.11059,-0.00352
1153,21.569,26220.0,id,5.943,0.0,-19.361,-0.08892,-0.00282
1154,21.579,26230.0,id,5.779,0.0,-17.287,-0.05872,-0.00185
1155,21.589,26240.0,id,5.648,0.0,-14.129,-0.02292,-0.0007
1156,21.599,26250.0,id,5.599,0.0,-7.873,0.01478,0.0005
1157,21.609,26260.0,id,5.625,0.0,-1.051,0.05037,0.00164
1158,21.619,26270.0,id,5.697,0.0,4.329,0.08221,0.00265
1159,21.629,26280.0,id,5.805,0.0,8.389,0.10664,0.00343
1160,21.639,26290.0,id,5.946,0.0,12.018,0.12132,0.00389
1161,21.649,26300.0,id,6.137,0.0,16.743,0.12481,0.00399
1162,21.659,26310.0,id,6.34,0.0,18.638,0.11691,0.00373
1163,21.669,26320.0,id,6.535,0.0,19.0,0.09818,0.00312
1164,21.679,26330.0,id,6.708,0.0,17.731,0.07113,0.00225
1165,21.689,26340.0,id,6.835,0.0,14.247,0.03676,0.00115
1166,21.699,26350.0,id,6.909,0.0,9.544,-0.00105,-6e-05
1167,21.709,26360.0,id,6.923,0.0,4.156,-0.03787,-0.00124
1168,21.719,26370.0,id,6.88,0.0,-1.362,-0.07216,-0.00234
1169,21.729,26380.0,id,6.786,0.0,-6.613,-0.09955,-0.0032
1170,21.739,26390.0,id,6.636,0.0,-12.113,-0.11776,-0.00378
1171,21.749,26400.0,id,6.446,0.0,-16.233,-0.12493,-0.004
1172,21.759,26410.0,id,6.242,0.0,-18.823,-0.12038,-0.00384
1173,21.769,26420.0,id,6.029,0.0,-20.394,-0.10493,-0.00334
1174,21.779,26430.0,id,5.848,0.0,-18.678,-0.07924,-0.00251
1175,21.789,26440.0,id,5.688,0.0,-16.906,-0.04679,-0.00147
1176,21.799,26450.0,id,5.588,0.0,-12.026,-0.00917,-0.00026
1177,21.809,26460.0,id,5.576,0.0,-4.762,0.02955,0.00098
1178,21.819,26470.0,id,5.627,0.0,1.551,0.06445,0.00209
1179,21.829,26480.0,id,5.722,0.0,6.68,0.09408,0.00303
1180,21.839,26490.0,id,5.846,0.0,10.325,0.11477,0.00369
1181,21.849,26500.0,id,6.004,0.0,14.078,0.12432,0.00398
1182,21.859,26510.0,id,6.213,0.0,18.17,0.12229,0.00391
1183,21.869,26520.0,id,6.409,0.0,18.885,0.10845,0.00345
1184,21.879,26530.0,id,6.599,0.0,18.821,0.08427,0.00267
1185,21.889,26540.0,id,6.745,0.0,15.866,0.05258,0.00165
1186,21.899,26550.0,id,6.843,0.0,11.688,0.01521,0.00046
1187,21.909,26560.0,id,6.88,0.0,6.286,-0.02373,-0.00079
1188,21.919,26570.0,id,6.855,0.0,0.601,-0.05959,-0.00193
1189,21.929,26580.0,id,6.779,0.0,-4.83,-0.09044,-0.00292
1190,21.939,26590.0,id,6.647,0.0,-10.277,-0.11264,-0.00362
1191,21.949,26600.0,id,6.464,0.0,-15.101,-0.12389,-0.00397
1192,21.959,26610.0,id,6.272,0.0,-17.886,-0.12313,-0.00393
1193,21.969,26620.0,id,6.052,0.0,-20.317,-0.11039,-0.00352
1194,21.979,26630.0,id,5.863,0.0,-19.103,-0.08675,-0.00275
1195,21.989,26640.0,id,5.69,0.0,-17.704,-0.05453,-0.00172
1196,21.999,26650.0,id,5.578,0.0,-13.392,-0.01789,-0.00054
1197,22.009,26660.0,id,5.551,0.0,-6.221,0.02103,0.00071
1198,22.019,26670.0,id,5.599,0.0,0.904,0.05845,0.0019
1199,22.029,26680.0,id,5.688,0.0,6.065,0.08988,0.0029
1200,22.039,26690.0,id,5.809,0.0,9.964,0.11208,0.0036
1201,22.049,26700.0,id,5.963,0.0,13.351,0.12376,0.00396
1202,22.059,26710.0,id,6.168,0.0,17.828,0.12303,0.00393
1203,22.069,26720.0,id,6.366,0.0,18.765,0.10997,0.0035
1204,22.079,26730.0,id,6.552,0.0,18.845,0.0867,0.00275
1205,22.089,26740.0,id,6.71,0.0,16.406,0.05422,0.00171
1206,22.099,26750.0,id,6.808,0.0,11.901,0.01612,0.00048
1207,22.109,26760.0,id,6.843,0.0,6.312,-0.02319,-0.00077
1208,22.119,26770.0,id,6.815,0.0,0.347,-0.06045,-0.00196
1209,22.129,26780.0,id,6.734,0.0,-5.206,-0.09171,-0.00296
1210,22.139,26790.0,id,6.599,0.0,-10.771,-0.11329,-0.00364
1211,22.149,26800.0,id,6.423,0.0,-14.883,-0.12416,-0.00398
1212,22.159,26810.0,id,6.222,0.0,-18.129,-0.12239,-0.00391
1213,22.169,26820.0,id,6.004,0.0,-20.065,-0.10811,-0.00344
1214,22.179,26830.0,id,5.82,0.0,-19.141,-0.08349,-0.00265
1215,22.189,26840.0,id,5.65,0.0,-17.401,-0.04966,-0.00156
1216,22.199,26850.0,id,5.553,0.0,-12.18,-0.01173,-0.00034
1217,22.209,26860.0,id,5.544,0.0,-4.562,0.02865,0.00095
1218,22.219,26870.0,id,5.599,0.0,1.938,0.065,0.00211
1219,22.229,26880.0,id,5.7,0.0,7.223,0.09542,0.00308
1220,22.239,26890.0,id,5.831,0.0,10.832,0.11612,0.00373
1221,22.249,26900.0,id,5.99,0.0,14.195,0.12475,0.00399
1222,22.259,26910.0,id,6.203,0.0,18.511,0.12076,0.00386
1223,22.269,26920.0,id,6.395,0.0,18.69,0.10425,0.00332
1224,22.279,26930.0,id,6.581,0.0,18.481,0.07699,0.00244
1225,22.289,26940.0,id,6.722,0.0,15.182,0.04153,0.0013
1226,22.299,26950.0,id,6.797,0.0,10.15,0.00241,4e-05
1227,22.309,26960.0,id,6.808,0.0,4.096,-0.03732,-0.00123
1228,22.319,26970.0,id,6.757,0.0,-1.895,-0.07353,-0.00238
1229,22.329,26980.0,id,6.657,0.0,-7.301,-0.10137,-0.00326
1230,22.339,26990.0,id,6.495,0.0,-12.937,-0.11943,-0.00383
1231,22.349,27000.0,id,6.314,0.0,-16.295,-0.12495,-0.004
1232,22.359,27010.0,id,6.102,0.0,-19.573,-0.11757,-0.00375
1233,22.369,27020.0,id,5.903,0.0,-19.373,-0.09764,-0.0031
1234,22.379,27030.0,id,5.716,0.0,-18.731,-0.0674,-0.00213
1235,22.389,27040.0,id,5.579,0.0,-14.98,-0.03001,-0.00093
1236,22.399,27050.0,id,5.527,0.0,-8.449,0.00989,0.00035
1237,22.409,27060.0,id,5.559,0.0,-0.825,0.04968,0.00162
1238,22.419,27070.0,id,5.64,0.0,4.951,0.0833,0.00269
1239,22.429,27080.0,id,5.765,0.0,9.698,0.1089,0.0035
1240,22.439,27090.0,id,5.913,0.0,12.938,0.12292,0.00394
1241,22.449,27100.0,id,6.104,0.0,17.167,0.12381,0.00396
1242,22.459,27110.0,id,6.308,0.0,18.824,0.1115,0.00355
1243,22.469,27120.0,id,6.492,0.0,18.354,0.08731,0.00277
1244,22.479,27130.0,id,6.659,0.0,16.822,0.05358,0.00168
1245,22.489,27140.0,id,6.751,0.0,11.821,0.01496,0.00044
1246,22.499,27150.0,id,6.785,0.0,6.071,-0.02643,-0.00088
1247,22.509,27160.0,id,6.751,0.0,-0.054,-0.06373,-0.00207
1248,22.519,27170.0,id,6.665,0.0,-5.667,-0.0952,-0.00307
1249,22.529,27180.0,id,6.512,0.0,-11.787,-0.11639,-0.00374
1250,22.539,27190.0,id,6.34,0.0,-15.287,-0.12489,-0.004
1251,22.549,27200.0,id,6.133,0.0,-18.889,-0.12,-0.00383
1252,22.559,27210.0,id,5.927,0.0,-19.462,-0.10191,-0.00324
1253,22.569,27220.0,id,5.742,0.0,-18.941,-0.07346,-0.00232
1254,22.579,27230.0,id,5.59,0.0,-16.061,-0.03627,-0.00113
1255,22.589,27240.0,id,5.525,0.0,-9.436,0.00517,0.0002
1256,22.599,27250.0,id,5.547,0.0,-1.935,0.04477,0.00146
1257,22.609,27260.0,id,5.627,0.0,4.444,0.08058,0.0026
1258,22.619,27270.0,id,5.748,0.0,9.329,0.10747,0.00346
1259,22.629,27280.0,id,5.892,0.0,12.736,0.12227,0.00392
1260,22.639,27290.0,id,6.081,0.0,16.75,0.124,0.00396
1261,22.649,27300.0,id,6.288,0.0,18.942,0.11189,0.00357
1262,22.659,27310.0,id,6.472,0.0,18.379,0.08729,0.00277
1263,22.669,27320.0,id,6.636,0.0,17.116,0.05398,0.0017
1264,22.679,27330.0,id,6.73,0.0,11.821,0.01399,0.00041
1265,22.689,27340.0,id,6.76,0.0,5.917,-0.02801,-0.00093
1266,22.699,27350.0,id,6.727,0.0,-0.12,-0.06582,-0.00214
1267,22.709,27360.0,id,6.633,0.0,-6.232,-0.09713,-0.00313
1268,22.719,27370.0,id,6.481,0.0,-11.771,-0.1177,-0.00378
1269,22.729,27380.0,id,6.306,0.0,-15.501,-0.125,-0.004
1270,22.739,27390.0,id,6.09,0.0,-19.287,-0.11813,-0.00377
1271,22.749,27400.0,id,5.895,0.0,-19.437,-0.09857,-0.00313
1272,22.759,27410.0,id,5.706,0.0,-18.814,-0.06734,-0.00213
1273,22.769,27420.0,id,5.568,0.0,-15.169,-0.02851,-0.00088
1274,22.779,27430.0,id,5.522,0.0,-8.191,0.01271,0.00044
1275,22.789,27440.0,id,5.558,0.0,-0.519,0.05361,0.00175
1276,22.799,27450.0,id,5.645,0.0,5.509,0.08743,0.00282
1277,22.809,27460.0,id,5.774,0.0,10.201,0.1122,0.00361
1278,22.819,27470.0,id,5.929,0.0,13.512,0.12417,0.00398
1279,22.829,27480.0,id,6.125,0.0,17.718,0.12206,0.0039
1280,22.839,27490.0,id,6.326,0.0,18.919,0.10602,0.00337
1281,22.849,27500.0,id,6.503,0.0,17.878,0.07783,0.00246
1282,22.859,27510.0,id,6.656,0.0,15.738,0.04058,0.00127
1283,22.869,27520.0,id,6.725,0.0,9.766,-0.00114,-7e-05
1284,22.879,27530.0,id,6.728,0.0,3.546,-0.04229,-0.00139
1285,22.889,27540.0,id,6.67,0.0,-2.633,-0.0791,-0.00256
1286,22.899,27550.0,id,6.542,0.0,-9.132,-0.10704,-0.00344
1287,22.909,27560.0,id,6.392,0.0,-12.895,-0.1225,-0.00393
1288,22.919,27570.0,id,6.203,0.0,-16.909,-0.12388,-0.00396
1289,22.929,27580.0,id,5.984,0.0,-19.712,-0.11092,-0.00353
1290,22.939,27590.0,id,5.794,0.0,-19.068,-0.08495,-0.00269
1291,22.949,27600.0,id,5.624,0.0,-17.607,-0.05003,-0.00157
1292,22.959,27610.0,id,5.527,0.0,-11.97,-0.00806,-0.00022
1293,22.969,27620.0,id,5.524,0.0,-4.24,0.03441,0.00113
1294,22.979,27630.0,id,5.587,0.0,2.578,0.0723,0.00234
1295,22.989,27640.0,id,5.702,0.0,8.282,0.1026,0.0033
1296,22.999,27650.0,id,5.846,0.0,12.091,0.12074,0.00387
1297,23.009,27660.0,id,6.021,0.0,15.742,0.12462,0.00398
1298,23.019,27670.0,id,6.233,0.0,18.927,0.11388,0.00363
1299,23.029,27680.0,id,6.417,0.0,18.324,0.08964,0.00284
1300,23.039,27690.0,id,6.581,0.0,17.215,0.05571,0.00175
1301,23.049,27700.0,id,6.687,0.0,12.449,0.01437,0.00042
1302,23.059,27710.0,id,6.707,0.0,5.491,-0.02866,-0.00095
1303,23.069,27720.0,id,6.657,0.0,-1.353,-0.06816,-0.00221
1304,23.079,27730.0,id,6.545,0.0,-7.655,-0.09984,-0.00322
1305,23.089,27740.0,id,6.412,0.0,-11.253,-0.11952,-0.00383
1306,23.099,27750.0,id,6.233,0.0,-15.755,-0.12489,-0.00399
1307,23.109,27760.0,id,6.016,0.0,-19.145,-0.11551,-0.00368
1308,23.119,27770.0,id,5.823,0.0,-19.332,-0.09283,-0.00295
1309,23.129,27780.0,id,5.639,0.0,-18.359,-0.05849,-0.00184
1310,23.139,27790.0,id,5.525,0.0,-13.359,-0.01692,-0.00051
1311,23.149,27800.0,id,5.502,0.0,-6.144,0.02542,0.00085
1312,23.159,27810.0,id,5.553,0.0,1.185,0.06572,0.00214
1313,23.169,27820.0,id,5.66,0.0,7.357,0.0983,0.00317
1314,23.179,27830.0,id,5.805,0.0,11.783,0.11883,0.00382
1315,23.189,27840.0,id,5.973,0.0,15.065,0.12493,0.004
1316,23.199,27850.0,id,6.182,0.0,18.613,0.11582,0.00369
1317,23.209,27860.0,id,6.368,0.0,18.622,0.09334,0.00296
1318,23.219,27870.0,id,6.532,0.0,17.063,0.05911,0.00185
1319,23.229,27880.0,id,6.656,0.0,13.61,0.01762,0.00052
1320,23.239,27890.0,id,6.677,0.0,5.872,-0.02662,-0.00089
1321,23.249,27900.0,id,6.625,0.0,-1.357,-0.0661,-0.00215
1322,23.259,27910.0,id,6.522,0.0,-6.977,-0.09889,-0.00319
1323,23.269,27920.0,id,6.398,0.0,-10.575,-0.11923,-0.00383
1324,23.279,27930.0,id,6.216,0.0,-15.557,-0.12486,-0.00399
1325,23.289,27940.0,id,6.001,0.0,-18.986,-0.11502,-0.00366
1326,23.299,27950.0,id,5.808,0.0,-19.432,-0.09172,-0.00291
1327,23.309,27960.0,id,5.627,0.0,-18.271,-0.05662,-0.00177
1328,23.319,27970.0,id,5.518,0.0,-13.089,-0.01445,-0.00042
1329,23.329,27980.0,id,5.499,0.0,-5.542,0.03004,0.001
1330,23.339,27990.0,id,5.553,0.0,1.558,0.0693,0.00225
1331,23.349,28000.0,id,5.667,0.0,7.858,0.10148,0.00327
1332,23.359,28010.0,id,5.815,0.0,12.206,0.12055,0.00387
1333,23.369,28020.0,id,5.987,0.0,15.434,0.12454,0.00398
1334,23.379,28030.0,id,6.199,0.0,18.91,0.11296,0.0036
1335,23.389,28040.0,id,6.378,0.0,18.383,0.08809,0.00279
1336,23.399,28050.0,id,6.536,0.0,16.524,0.05144,0.00161
1337,23.409,28060.0,id,6.65,0.0,12.696,0.0084,0.00023
1338,23.419,28070.0,id,6.654,0.0,4.491,-0.03621,-0.0012
1339,23.429,28080.0,id,6.585,0.0,-2.869,-0.07573,-0.00246
1340,23.439,28090.0,id,6.489,0.0,-7.12,-0.10558,-0.0034
1341,23.449,28100.0,id,6.352,0.0,-11.463,-0.1223,-0.00392
1342,23.459,28110.0,id,6.159,0.0,-16.577,-0.12366,-0.00395
1343,23.469,28120.0,id,5.949,0.0,-18.947,-0.10932,-0.00348
1344,23.479,28130.0,id,5.757,0.0,-19.132,-0.08171,-0.00258
1345,23.489,28140.0,id,5.59,0.0,-17.135,-0.04315,-0.00134
1346,23.499,28150.0,id,5.512,0.0,-10.757,0.00097,7e-05
1347,23.509,28160.0,id,5.521,0.0,-3.04,0.04493,0.00148
1348,23.519,28170.0,id,5.599,0.0,4.012,0.08312,0.00269
1349,23.529,28180.0,id,5.728,0.0,9.698,0.11068,0.00356
1350,23.539,28190.0,id,5.877,0.0,13.138,0.12389,0.00397
1351,23.549,28200.0,id,6.068,0.0,16.862,0.12163,0.00388
1352,23.559,28210.0,id,6.276,0.0,18.88,0.10349,0.00329
1353,23.569,28220.0,id,6.446,0.0,17.576,0.0724,0.00228
1354,23.579,28230.0,id,6.592,0.0,15.428,0.0316,0.00097
1355,23.589,28240.0,id,6.657,0.0,9.291,-0.01311,-0.00046
1356,23.599,28250.0,id,6.625,0.0,1.194,-0.05539,-0.00181
1357,23.609,28260.0,id,6.538,0.0,-5.095,-0.09162,-0.00296
1358,23.619,28270.0,id,6.43,0.0,-8.771,-0.1158,-0.00372
1359,23.629,28280.0,id,6.26,0.0,-14.221,-0.12497,-0.004
1360,23.639,28290.0,id,6.045,0.0,-18.755,-0.11775,-0.00375
1361,23.649,28300.0,id,5.849,0.0,-19.093,-0.09489,-0.00301
1362,23.659,28310.0,id,5.663,0.0,-18.506,-0.05978,-0.00187
1363,23.669,28320.0,id,5.544,0.0,-13.876,-0.01683,-0.0005
1364,23.679,28330.0,id,5.519,0.0,-6.3,0.02791,0.00094
1365,23.689,28340.0,id,5.574,0.0,1.411,0.06969,0.00227
1366,23.699,28350.0,id,5.682,0.0,7.438,0.10174,0.00328
1367,23.709,28360.0,id,5.829,0.0,12.024,0.12102,0.00388
1368,23.719,28370.0,id,6.001,0.0,15.436,0.12423,0.00397
1369,23.729,28380.0,id,6.211,0.0,18.766,0.11097,0.00353
1370,23.739,28390.0,id,6.389,0.0,18.17,0.08378,0.00265
1371,23.749,28400.0,id,6.542,0.0,16.208,0.04493,0.0014
1372,23.759,28410.0,id,6.644,0.0,11.814,0.0002,-4e-05
1373,23.769,28420.0,id,6.634,0.0,3.251,-0.04522,-0.00149
1374,23.779,28430.0,id,6.559,0.0,-3.687,-0.08387,-0.00272
1375,23.789,28440.0,id,6.46,0.0,-7.735,-0.11151,-0.00359
1376,23.799,28450.0,id,6.309,0.0,-12.566,-0.12436,-0.00398
1377,23.809,28460.0,id,6.098,0.0,-17.905,-0.12042,-0.00384
1378,23.819,28470.0,id,5.903,0.0,-18.909,-0.1009,-0.0032
1379,23.829,28480.0,id,5.709,0.0,-18.712,-0.0667,-0.0021
1380,23.839,28490.0,id,5.573,0.0,-15.366,-0.02529,-0.00077
1381,23.849,28500.0,id,5.53,0.0,-7.754,0.02157,0.00073
1382,23.859,28510.0,id,5.576,0.0,0.325,0.06458,0.0021
1383,23.869,28520.0,id,5.676,0.0,6.623,0.09839,0.00318
1384,23.879,28530.0,id,5.815,0.0,11.287,0.11966,0.00384
1385,23.889,28540.0,id,5.983,0.0,14.794,0.12463,0.00398
1386,23.899,28550.0,id,6.191,0.0,18.473,0.11265,0.00359
1387,23.909,28560.0,id,6.378,0.0,18.248,0.08505,0.00269
1388,23.919,28570.0,id,6.527,0.0,16.248,0.04717,0.00147
1389,23.929,28580.0,id,6.636,0.0,12.367,0.00194,2e-05
1390,23.939,28590.0,id,6.633,0.0,3.828,-0.04418,-0.00145
1391,23.949,28600.0,id,6.559,0.0,-3.382,-0.08354,-0.00271
1392,23.959,28610.0,id,6.461,0.0,-7.538,-0.11159,-0.00359
1393,23.969,28620.0,id,6.311,0.0,-12.497,-0.12445,-0.00399
1394,23.979,28630.0,id,6.099,0.0,-17.878,-0.12,-0.00383
1395,23.989,28640.0,id,5.906,0.0,-18.729,-0.09957,-0.00316
1396,23.999,28650.0,id,5.716,0.0,-18.668,-0.06503,-0.00204
1397,24.009,28660.0,id,5.581,0.0,-15.147,-0.02226,-0.00067
1398,24.019,28670.0,id,5.541,0.0,-7.463,0.02527,0.00085
1399,24.029,28680.0,id,5.59,0.0,0.531,0.06743,0.0022
1400,24.039,28690.0,id,5.693,0.0,6.829,0.10126,0.00327
1401,24.049,28700.0,id,5.835,0.0,11.462,0.12123,0.00389
1402,24.059,28710.0,id,6.007,0.0,15.084,0.12393,0.00396
1403,24.069,28720.0,id,6.216,0.0,18.668,0.10961,0.00349
1404,24.079,28730.0,id,6.392,0.0,17.857,0.08027,0.00253
1405,24.089,28740.0,id,6.544,0.0,15.877,0.03886,0.0012
1406,24.099,28750.0,id,6.636,0.0,11.011,-0.00803,-0.0003
1407,24.109,28760.0,id,6.618,0.0,2.518,-0.05281,-0.00173
1408,24.119,28770.0,id,6.538,0.0,-4.179,-0.09135,-0.00295
1409,24.129,28780.0,id,6.435,0.0,-8.222,-0.11606,-0.00373
1410,24.139,28790.0,id,6.266,0.0,-13.815,-0.125,-0.004
1411,24.149,28800.0,id,6.055,0.0,-18.536,-0.11628,-0.0037
1412,24.159,28810.0,id,5.864,0.0,-18.821,-0.09151,-0.0029
1413,24.169,28820.0,id,5.68,0.0,-18.153,-0.05292,-0.00165
1414,24.179,28830.0,id,5.57,0.0,-13.409,-0.00802,-0.00021
1415,24.189,28840.0,id,5.558,0.0,-5.199,0.03934,0.0013
1416,24.199,28850.0,id,5.624,0.0,2.403,0.07984,0.00259
1417,24.209,28860.0,id,5.742,0.0,8.455,0.10993,0.00354
1418,24.219,28870.0,id,5.892,0.0,12.539,0.12425,0.00398
1419,24.229,28880.0,id,6.081,0.0,16.693,0.1205,0.00384
1420,24.239,28890.0,id,6.282,0.0,18.728,0.09998,0.00317
1421,24.249,28900.0,id,6.447,0.0,17.012,0.06466,0.00203
1422,24.259,28910.0,id,6.585,0.0,14.635,0.01959,0.00058
1423,24.269,28920.0,id,6.634,0.0,7.99,-0.02746,-0.00092
1424,24.279,28930.0,id,6.587,0.0,-0.229,-0.07012,-0.00228
1425,24.289,28940.0,id,6.499,0.0,-5.624,-0.10364,-0.00334
1426,24.299,28950.0,id,6.371,0.0,-10.403,-0.12234,-0.00392
1427,24.309,28960.0,id,6.179,0.0,-16.008,-0.12304,-0.00393
1428,24.319,28970.0,id,5.97,0.0,-18.896,-0.10616,-0.00337
1429,24.329,28980.0,id,5.785,0.0,-18.614,-0.07389,-0.00233
1430,24.339,28990.0,id,5.627,0.0,-16.28,-0.0301,-0.00092
1431,24.349,29000.0,id,5.562,0.0,-9.558,0.01762,0.00061
1432,24.359,29010.0,id,5.594,0.0,-1.228,0.06188,0.00202
1433,24.369,29020.0,id,5.69,0.0,5.728,0.09873,0.00319
1434,24.379,29030.0,id,5.821,0.0,10.551,0.1201,0.00386
1435,24.389,29040.0,id,5.992,0.0,14.686,0.12428,0.00397
1436,24.399,29050.0,id,6.196,0.0,18.352,0.11049,0.00351
1437,24.409,29060.0,id,6.38,0.0,17.821,0.07955,0.00251
1438,24.419,29070.0,id,6.524,0.0,15.637,0.03815,0.00118
1439,24.429,29080.0,id,6.621,0.0,11.269,-0.00987,-0.00036
1440,24.439,29090.0,id,6.607,0.0,2.812,-0.05652,-0.00185
1441,24.449,29100.0,id,6.53,0.0,-3.842,-0.09413,-0.00304
1442,24.459,29110.0,id,6.426,0.0,-8.226,-0.11791,-0.00379
1443,24.469,29120.0,id,6.253,0.0,-14.14,-0.12483,-0.00399
1444,24.479,29130.0,id,6.038,0.0,-18.449,-0.11278,-0.00359
1445,24.489,29140.0,id,5.849,0.0,-18.594,-0.08426,-0.00266
1446,24.499,29150.0,id,5.68,0.0,-17.373,-0.04362,-0.00135
1447,24.509,29160.0,id,5.582,0.0,-11.953,0.00478,0.0002
1448,24.519,29170.0,id,5.588,0.0,-3.572,0.05206,0.00171
1449,24.529,29180.0,id,5.665,0.0,3.707,0.09088,0.00294
1450,24.539,29190.0,id,5.788,0.0,9.228,0.11634,0.00374
1451,24.549,29200.0,id,5.947,0.0,13.385,0.12497,0.004
1452,24.559,29210.0,id,6.151,0.0,17.999,0.11484,0.00366
1453,24.569,29220.0,id,6.341,0.0,18.206,0.08689,0.00275
1454,24.579,29230.0,id,6.49,0.0,16.054,0.04693,0.00146
1455,24.589,29240.0,id,6.605,0.0,12.696,-0.00154,-0.0001
1456,24.599,29250.0,id,6.611,0.0,4.511,-0.04936,-0.00162
1457,24.609,29260.0,id,6.544,0.0,-2.71,-0.08892,-0.00288
1458,24.619,29270.0,id,6.443,0.0,-7.481,-0.11596,-0.00373
1459,24.629,29280.0,id,6.279,0.0,-13.297,-0.12499,-0.004
1460,24.639,29290.0,id,6.07,0.0,-18.119,-0.11504,-0.00366
1461,24.649,29300.0,id,5.878,0.0,-18.667,-0.088,-0.00278
1462,24.659,29310.0,id,5.702,0.0,-17.621,-0.04647,-0.00144
1463,24.669,29320.0,id,5.597,0.0,-12.806,0.0008,7e-05
1464,24.679,29330.0,id,5.593,0.0,-4.532,0.04919,0.00162
1465,24.689,29340.0,id,5.663,0.0,2.95,0.089,0.00288
1466,24.699,29350.0,id,5.789,0.0,9.024,0.11623,0.00374
1467,24.709,29360.0,id,5.943,0.0,13.204,0.12499,0.004
1468,24.719,29370.0,id,6.145,0.0,17.894,0.115,0.00366
1469,24.729,29380.0,id,6.335,0.0,18.151,0.08669,0.00274
1470,24.739,29390.0,id,6.483,0.0,15.867,0.04602,0.00143
1471,24.749,29400.0,id,6.598,0.0,12.633,-0.00311,-0.00015
1472,24.759,29410.0,id,6.607,0.0,4.677,-0.0515,-0.00169
1473,24.769,29420.0,id,6.539,0.0,-2.62,-0.09107,-0.00295
1474,24.779,29430.0,id,6.435,0.0,-7.694,-0.1173,-0.00377
1475,24.789,29440.0,id,6.274,0.0,-13.376,-0.12492,-0.004
1476,24.799,29450.0,id,6.062,0.0,-18.354,-0.11363,-0.00362
1477,24.809,29460.0,id,5.869,0.0,-18.553,-0.08394,-0.00265
1478,24.819,29470.0,id,5.703,0.0,-17.202,-0.04212,-0.0013
1479,24.829,29480.0,id,5.604,0.0,-12.023,0.00734,0.00028
1480,24.839,29490.0,id,5.608,0.0,-3.777,0.05479,0.0018
1481,24.849,29500.0,id,5.685,0.0,3.66,0.09375,0.00303
1482,24.859,29510.0,id,5.812,0.0,9.386,0.11875,0.00382
1483,24.869,29520.0,id,5.976,0.0,13.873,0.12455,0.00398
1484,24.879,29530.0,id,6.18,0.0,18.111,0.1109,0.00353
1485,24.889,29540.0,id,6.361,0.0,17.955,0.07999,0.00252
1486,24.899,29550.0,id,6.506,0.0,15.352,0.03559,0.00109
1487,24.909,29560.0,id,6.602,0.0,11.242,-0.01445,-0.00051
1488,24.919,29570.0,id,6.593,0.0,3.168,-0.06089,-0.00199
1489,24.929,29580.0,id,6.519,0.0,-3.61,-0.0985,-0.00318
1490,24.939,29590.0,id,6.406,0.0,-8.671,-0.12091,-0.00388
1491,24.949,29600.0,id,6.223,0.0,-14.867,-0.12366,-0.00395
1492,24.959,29610.0,id,6.015,0.0,-18.603,-0.107,-0.0034
1493,24.969,29620.0,id,5.832,0.0,-18.243,-0.07325,-0.0023
1494,24.979,29630.0,id,5.674,0.0,-16.213,-0.02694,-0.00081
1495,24.989,29640.0,id,5.607,0.0,-9.737,0.02303,0.00078
1496,24.999,29650.0,id,5.636,0.0,-1.39,0.0698,0.00227
1497,25.009,29660.0,id,5.729,0.0,5.572,0.10421,0.00336
1498,25.019,29670.0,id,5.867,0.0,10.746,0.12311,0.00395
1499,25.029,29680.0,id,6.045,0.0,15.276,0.12172,0.00388
1500,25.039,29690.0,id,6.249,0.0,18.254,0.10098,0.0032
1501,25.049,29700.0,id,6.417,0.0,16.934,0.06379,0.002
1502,25.059,29710.0,id,6.544,0.0,14.199,0.017,0.00049
1503,25.069,29720.0,id,6.607,0.0,8.451,-0.03433,-0.00114
1504,25.079,29730.0,id,6.567,0.0,0.39,-0.07834,-0.00254
1505,25.089,29740.0,id,6.48,0.0,-5.436,-0.11059,-0.00356
1506,25.099,29750.0,id,6.335,0.0,-11.337,-0.12466,-0.00399
1507,25.109,29760.0,id,6.133,0.0,-17.175,-0.11827,-0.00377
1508,25.119,29770.0,id,5.937,0.0,-18.619,-0.09313,-0.00295
1509,25.129,29780.0,id,5.762,0.0,-17.532,-0.05176,-0.00161
1510,25.139,29790.0,id,5.64,0.0,-13.799,-0.00316,-5e-05
1511,25.149,29800.0,id,5.621,0.0,-5.756,0.0475,0.00157
1512,25.159,29810.0,id,5.685,0.0,2.184,0.08898,0.00288
1513,25.169,29820.0,id,5.803,0.0,8.313,0.11683,0.00376
1514,25.179,29830.0,id,5.956,0.0,12.955,0.12491,0.00399
1515,25.189,29840.0,id,6.165,0.0,17.885,0.11236,0.00357
1516,25.199,29850.0,id,6.346,0.0,17.858,0.08164,0.00257
1517,25.209,29860.0,id,6.487,0.0,15.329,0.03791,0.00117
1518,25.219,29870.0,id,6.59,0.0,11.66,-0.01311,-0.00047
1519,25.229,29880.0,id,6.59,0.0,3.773,-0.06195,-0.00202
1520,25.239,29890.0,id,6.518,0.0,-3.268,-0.10003,-0.00323
1521,25.249,29900.0,id,6.407,0.0,-8.457,-0.12142,-0.0039
1522,25.259,29910.0,id,6.223,0.0,-14.889,-0.12316,-0.00393
1523,25.269,29920.0,id,6.009,0.0,-18.681,-0.10382,-0.00329
1524,25.279,29930.0,id,5.831,0.0,-17.903,-0.06716,-0.00211
1525,25.289,29940.0,id,5.683,0.0,-15.716,-0.02,-0.00059
1526,25.299,29950.0,id,5.625,0.0,-9.014,0.03108,0.00104
1527,25.309,29960.0,id,5.667,0.0,-0.351,0.07738,0.00252
1528,25.319,29970.0,id,5.766,0.0,6.369,0.10975,0.00354
1529,25.329,29980.0,id,5.909,0.0,11.463,0.12459,0.00399
1530,25.339,29990.0,id,6.099,0.0,16.518,0.11827,0.00377
1531,25.349,30000.0,id,6.3,0.0,18.299,0.0913,0.00289
1532,25.359,30010.0,id,6.449,0.0,16.053,0.05014,0.00156
1533,25.369,30020.0,id,6.567,0.0,12.969,-0.00092,-8e-05
1534,25.379,30030.0,id,6.596,0.0,6.163,-0.05046,-0.00166
1535,25.389,30040.0,id,6.541,0.0,-1.332,-0.09191,-0.00298
1536,25.399,30050.0,id,6.438,0.0,-7.064,-0.11849,-0.00381
1537,25.409,30060.0,id,6.268,0.0,-13.542,-0.12444,-0.00398
1538,25.419,30070.0,id,6.059,0.0,-18.174,-0.10935,-0.00347
1539,25.429,30080.0,id,5.875,0.0,-18.105,-0.07572,-0.00238
1540,25.439,30090.0,id,5.717,0.0,-16.144,-0.02807,-0.00085
1541,25.449,30100.0,id,5.639,0.0,-10.331,0.02372,0.00081
1542,25.459,30110.0,id,5.662,0.0,-2.069,0.07069,0.0023
1543,25.469,30120.0,id,5.755,0.0,5.26,0.10651,0.00344
1544,25.479,30130.0,id,5.887,0.0,10.462,0.12377,0.00397
1545,25.489,30140.0,id,6.076,0.0,15.689,0.11986,0.00382
1546,25.499,30150.0,id,6.276,0.0,18.178,0.09553,0.00302
1547,25.509,30160.0,id,6.437,0.0,16.478,0.05407,0.00168
1548,25.519,30170.0,id,6.553,0.0,13.414,0.00444,9e-05
1549,25.529,30180.0,id,6.595,0.0,6.907,-0.04751,-0.00157
1550,25.539,30190.0,id,6.544,0.0,-0.848,-0.09,-0.00292
1551,25.549,30200.0,id,6.446,0.0,-6.645,-0.11772,-0.00378
1552,25.559,30210.0,id,6.28,0.0,-13.119,-0.1246,-0.00398
1553,25.569,30220.0,id,6.071,0.0,-18.128,-0.11,-0.0035
1554,25.579,30230.0,id,5.887,0.0,-18.023,-0.07626,-0.0024
1555,25.589,30240.0,id,5.734,0.0,-16.186,-0.0298,-0.0009
1556,25.599,30250.0,id,5.65,0.0,-10.784,0.0225,0.00077
1557,25.609,30260.0,id,5.673,0.0,-2.061,0.07163,0.00233
1558,25.619,30270.0,id,5.765,0.0,5.191,0.10743,0.00346
1559,25.629,30280.0,id,5.898,0.0,10.571,0.12409,0.00398
1560,25.639,30290.0,id,6.084,0.0,15.851,0.11941,0.00381
1561,25.649,30300.0,id,6.285,0.0,17.968,0.09309,0.00294
1562,25.659,30310.0,id,6.44,0.0,16.306,0.05166,0.00161
1563,25.669,30320.0,id,6.555,0.0,12.883,-0.00033,-6e-05
1564,25.679,30330.0,id,6.592,0.0,6.623,-0.05094,-0.00168
1565,25.689,30340.0,id,6.535,0.0,-1.401,-0.09408,-0.00304
1566,25.699,30350.0,id,6.437,0.0,-6.92,-0.11934,-0.00383
1567,25.709,30360.0,id,6.265,0.0,-13.588,-0.12404,-0.00396
1568,25.719,30370.0,id,6.056,0.0,-18.162,-0.10697,-0.0034
1569,25.729,30380.0,id,5.874,0.0,-17.954,-0.07082,-0.00222
1570,25.739,30390.0,id,5.725,0.0,-15.565,-0.02128,-0.00063
1571,25.749,30400.0,id,5.656,0.0,-9.534,0.03147,0.00106
1572,25.759,30410.0,id,5.69,0.0,-1.085,0.07824,0.00254
1573,25.769,30420.0,id,5.788,0.0,5.881,0.1117,0.0036
1574,25.779,30430.0,id,5.932,0.0,11.328,0.12493,0.004
1575,25.789,30440.0,id,6.128,0.0,16.811,0.11563,0.00368
1576,25.799,30450.0,id,6.315,0.0,17.828,0.08602,0.00271
1577,25.809,30460.0,id,6.466,0.0,15.61,0.04007,0.00123
1578,25.819,30470.0,id,6.565,0.0,11.924,-0.01163,-0.00042
1579,25.829,30480.0,id,6.581,0.0,4.704,-0.06301,-0.00206
1580,25.839,30490.0,id,6.516,0.0,-2.471,-0.10199,-0.00329
1581,25.849,30500.0,id,6.398,0.0,-8.533,-0.12294,-0.00394
1582,25.859,30510.0,id,6.213,0.0,-14.984,-0.12124,-0.00387
1583,25.869,30520.0,id,6.004,0.0,-18.592,-0.09802,-0.0031
1584,25.879,30530.0,id,5.832,0.0,-17.481,-0.05649,-0.00176
1585,25.889,30540.0,id,5.703,0.0,-14.479,-0.00581,-0.00013
1586,25.899,30550.0,id,5.667,0.0,-6.992,0.04787,0.00158
1587,25.909,30560.0,id,5.723,0.0,1.238,0.09133,0.00296
1588,25.919,30570.0,id,5.831,0.0,7.411,0.11837,0.0038
1589,25.929,30580.0,id,5.99,0.0,12.896,0.1243,0.00397
1590,25.939,30590.0,id,6.2,0.0,17.773,0.10696,0.0034
1591,25.949,30600.0,id,6.375,0.0,17.307,0.07006,0.0022
1592,25.959,30610.0,id,6.503,0.0,14.329,0.02123,0.00063
1593,25.969,30620.0,id,6.581,0.0,9.806,-0.03222,-0.00108
1594,25.979,30630.0,id,6.559,0.0,1.809,-0.08083,-0.00263
1595,25.989,30640.0,id,6.478,0.0,-4.603,-0.11287,-0.00363
1596,25.999,30650.0,id,6.332,0.0,-11.131,-0.125,-0.004
1597,26.009,30660.0,id,6.131,0.0,-16.897,-0.11406,-0.00363
1598,26.019,30670.0,id,5.932,0.0,-18.118,-0.08107,-0.00255
1599,26.029,30680.0,id,5.779,0.0,-16.306,-0.03436,-0.00105
1600,26.039,30690.0,id,5.682,0.0,-11.567,0.01973,0.00068
1601,26.049,30700.0,id,5.691,0.0,-3.264,0.06952,0.00227
1602,26.059,30710.0,id,5.772,0.0,4.027,0.1068,0.00345
1603,26.069,30720.0,id,5.907,0.0,10.088,0.12429,0.00398
1604,26.079,30730.0,id,6.095,0.0,15.775,0.11834,0.00377
1605,26.089,30740.0,id,6.289,0.0,17.955,0.09079,0.00287
1606,26.099,30750.0,id,6.444,0.0,15.979,0.04546,0.0014
1607,26.109,30760.0,id,6.55,0.0,12.231,-0.00842,-0.00032
1608,26.119,30770.0,id,6.578,0.0,5.782,-0.05998,-0.00197
1609,26.129,30780.0,id,6.519,0.0,-1.751,-0.10054,-0.00325
1610,26.139,30790.0,id,6.406,0.0,-8.037,-0.12267,-0.00394
1611,26.149,30800.0,id,6.223,0.0,-14.681,-0.12132,-0.00387
1612,26.159,30810.0,id,6.016,0.0,-18.367,-0.09752,-0.00309
1613,26.169,30820.0,id,5.846,0.0,-17.189,-0.05481,-0.00171
1614,26.179,30830.0,id,5.72,0.0,-14.094,-0.0027,-3e-05
1615,26.189,30840.0,id,5.683,0.0,-6.781,0.05172,0.0017
1616,26.199,30850.0,id,5.74,0.0,1.277,0.09485,0.00307
1617,26.209,30860.0,id,5.849,0.0,7.535,0.12024,0.00386
1618,26.219,30870.0,id,6.015,0.0,13.352,0.1233,0.00394
1619,26.229,30880.0,id,6.225,0.0,17.798,0.10221,0.00324
1620,26.239,30890.0,id,6.389,0.0,16.9,0.06298,0.00197
1621,26.249,30900.0,id,6.513,0.0,13.669,0.01005,0.00027
1622,26.259,30910.0,id,6.575,0.0,8.581,-0.04377,-0.00145
1623,26.269,30920.0,id,6.542,0.0,0.887,-0.08912,-0.00289
1624,26.279,30930.0,id,6.45,0.0,-5.602,-0.11825,-0.0038
1625,26.289,30940.0,id,6.286,0.0,-12.598,-0.12419,-0.00397
1626,26.299,30950.0,id,6.079,0.0,-17.688,-0.10648,-0.00338
1627,26.309,30960.0,id,5.897,0.0,-17.582,-0.06799,-0.00213
1628,26.319,30970.0,id,5.757,0.0,-15.148,-0.01735,-0.0005
1629,26.329,30980.0,id,5.688,0.0,-9.257,0.03848,0.00128
1630,26.339,30990.0,id,5.723,0.0,-0.936,0.08521,0.00277
1631,26.349,31000.0,id,5.823,0.0,6.093,0.11644,0.00375
1632,26.359,31010.0,id,5.97,0.0,11.788,0.12476,0.00399
1633,26.369,31020.0,id,6.177,0.0,17.183,0.10884,0.00346
1634,26.379,31030.0,id,6.357,0.0,17.378,0.07193,0.00226
1635,26.389,31040.0,id,6.484,0.0,14.325,0.02194,0.00065
1636,26.399,31050.0,id,6.564,0.0,9.726,-0.03442,-0.00115
1637,26.409,31060.0,id,6.55,0.0,2.397,-0.08239,-0.00268
1638,26.419,31070.0,id,6.467,0.0,-4.515,-0.11508,-0.0037
1639,26.429,31080.0,id,6.322,0.0,-11.279,-0.12492,-0.004
1640,26.439,31090.0,id,6.113,0.0,-17.194,-0.11043,-0.00351
1641,26.449,31100.0,id,5.926,0.0,-17.75,-0.07443,-0.00234
1642,26.459,31110.0,id,5.782,0.0,-15.441,-0.02444,-0.00073
1643,26.469,31120.0,id,5.697,0.0,-10.264,0.03252,0.00109
1644,26.479,31130.0,id,5.72,0.0,-2.052,0.08073,0.00262
1645,26.489,31140.0,id,5.811,0.0,5.091,0.11427,0.00368
1646,26.499,31150.0,id,5.955,0.0,11.191,0.12496,0.004
1647,26.509,31160.0,id,6.16,0.0,17.057,0.1109,0.00352
1648,26.519,31170.0,id,6.34,0.0,17.403,0.07519,0.00236
1649,26.529,31180.0,id,6.475,0.0,14.459,0.02366,0.0007
1650,26.539,31190.0,id,6.555,0.0,10.033,-0.03196,-0.00107
1651,26.549,31200.0,id,6.547,0.0,2.861,-0.0807,-0.00262
1652,26.559,31210.0,id,6.47,0.0,-3.933,-0.11439,-0.00368
1653,26.569,31220.0,id,6.325,0.0,-10.991,-0.12496,-0.004
1654,26.579,31230.0,id,6.116,0.0,-17.101,-0.11064,-0.00351
1655,26.589,31240.0,id,5.929,0.0,-17.73,-0.07442,-0.00234
1656,26.599,31250.0,id,5.783,0.0,-15.605,-0.02394,-0.00071
1657,26.609,31260.0,id,5.702,0.0,-10.452,0.03195,0.00107
1658,26.619,31270.0,id,5.725,0.0,-1.942,0.08193,0.00266
1659,26.629,31280.0,id,5.817,0.0,5.321,0.11515,0.00371
1660,26.639,31290.0,id,5.96,0.0,11.237,0.12488,0.00399
1661,26.649,31300.0,id,6.165,0.0,16.949,0.10948,0.00348
1662,26.659,31310.0,id,6.345,0.0,17.264,0.07216,0.00226
1663,26.669,31320.0,id,6.472,0.0,14.223,0.02116,0.00062
1664,26.679,31330.0,id,6.547,0.0,9.658,-0.03469,-0.00116
1665,26.689,31340.0,id,6.538,0.0,2.535,-0.08434,-0.00274
1666,26.699,31350.0,id,6.455,0.0,-4.494,-0.11647,-0.00375
1667,26.709,31360.0,id,6.305,0.0,-11.548,-0.12467,-0.00399
1668,26.719,31370.0,id,6.093,0.0,-17.423,-0.10749,-0.00341
1669,26.729,31380.0,id,5.912,0.0,-17.45,-0.0685,-0.00214
1670,26.739,31390.0,id,5.772,0.0,-15.076,-0.01635,-0.00047
1671,26.749,31400.0,id,5.703,0.0,-9.519,0.03937,0.00131
1672,26.759,31410.0,id,5.736,0.0,-1.112,0.08795,0.00285
1673,26.769,31420.0,id,5.835,0.0,6.034,0.11838,0.00381
1674,26.779,31430.0,id,5.987,0.0,12.109,0.12413,0.00397
1675,26.789,31440.0,id,6.196,0.0,17.351,0.10437,0.00331
1676,26.799,31450.0,id,6.368,0.0,16.943,0.06333,0.00198
1677,26.809,31460.0,id,6.484,0.0,13.482,0.01024,0.00027
1678,26.819,31470.0,id,6.544,0.0,8.254,-0.04683,-0.00155
1679,26.829,31480.0,id,6.519,0.0,1.236,-0.09254,-0.003
1680,26.839,31490.0,id,6.424,0.0,-5.792,-0.12033,-0.00387
1681,26.849,31500.0,id,6.254,0.0,-13.037,-0.12287,-0.00392
1682,26.859,31510.0,id,6.044,0.0,-17.987,-0.10037,-0.00318
1683,26.869,31520.0,id,5.871,0.0,-17.254,-0.05662,-0.00176
1684,26.879,31530.0,id,5.746,0.0,-14.001,-0.002,-1e-05
1685,26.889,31540.0,id,5.702,0.0,-7.341,0.05449,0.00179
1686,26.899,31550.0,id,5.755,0.0,0.901,0.09845,0.00319
1687,26.909,31560.0,id,5.872,0.0,7.835,0.12259,0.00393
1688,26.919,31570.0,id,6.044,0.0,13.952,0.12073,0.00385
1689,26.929,31580.0,id,6.243,0.0,17.489,0.09409,0.00297
1690,26.939,31590.0,id,6.404,0.0,16.127,0.04709,0.00145
1691,26.949,31600.0,id,6.501,0.0,11.97,-0.00816,-0.00032
1692,26.959,31610.0,id,6.536,0.0,6.205,-0.06337,-0.00207
1693,26.969,31620.0,id,6.487,0.0,-1.045,-0.10467,-0.00338
1694,26.979,31630.0,id,6.364,0.0,-8.428,-0.12422,-0.00398
1695,26.989,31640.0,id,6.173,0.0,-15.344,-0.11752,-0.00374
1696,26.999,31650.0,id,5.975,0.0,-17.866,-0.08676,-0.00273
1697,27.009,31660.0,id,5.814,0.0,-16.208,-0.03627,-0.00111
1698,27.019,31670.0,id,5.711,0.0,-11.957,0.02144,0.00074
1699,27.029,31680.0,id,5.711,0.0,-4.053,0.07344,0.00239
1700,27.039,31690.0,id,5.792,0.0,3.823,0.11107,0.00358
1701,27.049,31700.0,id,5.927,0.0,10.181,0.12498,0.004
1702,27.059,31710.0,id,6.125,0.0,16.2,0.11221,0.00357
1703,27.069,31720.0,id,6.311,0.0,17.332,0.07571,0.00238
1704,27.079,31730.0,id,6.441,0.0,14.373,0.02397,0.00071
1705,27.089,31740.0,id,6.513,0.0,9.559,-0.03349,-0.00113
1706,27.099,31750.0,id,6.509,0.0,2.807,-0.08463,-0.00275
1707,27.109,31760.0,id,6.427,0.0,-4.366,-0.11715,-0.00377
1708,27.119,31770.0,id,6.268,0.0,-12.0,-0.12438,-0.00397
1709,27.129,31780.0,id,6.053,0.0,-17.65,-0.10488,-0.00333
1710,27.139,31790.0,id,5.875,0.0,-17.395,-0.06289,-0.00196
1711,27.149,31800.0,id,5.739,0.0,-14.826,-0.00806,-0.0002
1712,27.159,31810.0,id,5.686,0.0,-8.342,0.04827,0.0016
1713,27.169,31820.0,id,5.739,0.0,0.529,0.09563,0.0031
1714,27.179,31830.0,id,5.848,0.0,7.267,0.1215,0.0039
1715,27.189,31840.0,id,6.015,0.0,13.416,0.12167,0.00388
1716,27.199,31850.0,id,6.22,0.0,17.498,0.09491,0.003
1717,27.209,31860.0,id,6.378,0.0,16.342,0.04908,0.00152
1718,27.219,31870.0,id,6.475,0.0,11.731,-0.00878,-0.00034
1719,27.229,31880.0,id,6.501,0.0,5.517,-0.06521,-0.00213
1720,27.239,31890.0,id,6.446,0.0,-1.768,-0.10634,-0.00343
1721,27.249,31900.0,id,6.311,0.0,-9.624,-0.12448,-0.00399
1722,27.259,31910.0,id,6.111,0.0,-16.276,-0.11626,-0.0037
1723,27.269,31920.0,id,5.912,0.0,-17.972,-0.08171,-0.00257
1724,27.279,31930.0,id,5.755,0.0,-16.363,-0.03064,-0.00092
1725,27.289,31940.0,id,5.665,0.0,-11.099,0.02817,0.00096
1726,27.299,31950.0,id,5.688,0.0,-2.268,0.07997,0.0026
1727,27.309,31960.0,id,5.788,0.0,5.582,0.11518,0.00371
1728,27.319,31970.0,id,5.933,0.0,11.515,0.12472,0.00399
1729,27.329,31980.0,id,6.133,0.0,16.733,0.10669,0.00338
1730,27.339,31990.0,id,6.314,0.0,17.223,0.0653,0.00204
1731,27.349,32000.0,id,6.429,0.0,13.45,0.01066,0.00028
1732,27.359,32010.0,id,6.47,0.0,7.144,-0.04813,-0.00159
1733,27.369,32020.0,id,6.43,0.0,-0.15,-0.09476,-0.00307
1734,27.379,32030.0,id,6.305,0.0,-8.21,-0.12174,-0.00391
1735,27.389,32040.0,id,6.107,0.0,-15.636,-0.12127,-0.00387
1736,27.399,32050.0,id,5.912,0.0,-17.957,-0.09443,-0.00298
1737,27.409,32060.0,id,5.731,0.0,-17.669,-0.04573,-0.00141
1738,27.419,32070.0,id,5.621,0.0,-12.847,0.01307,0.00047
1739,27.429,32080.0,id,5.625,0.0,-3.994,0.06802,0.00222
1740,27.439,32090.0,id,5.719,0.0,4.734,0.10862,0.0035
1741,27.449,32100.0,id,5.858,0.0,10.803,0.12485,0.004
1742,27.459,32110.0,id,6.041,0.0,15.483,0.11337,0.0036
1743,27.469,32120.0,id,6.236,0.0,17.61,0.07668,0.00241
1744,27.479,32130.0,id,6.369,0.0,14.651,0.02376,0.0007
1745,27.489,32140.0,id,6.42,0.0,8.144,-0.03516,-0.00118
1746,27.499,32150.0,id,6.378,0.0,-0.031,-0.08704,-0.00283
1747,27.509,32160.0,id,6.253,0.0,-8.157,-0.11873,-0.00382
1748,27.519,32170.0,id,6.067,0.0,-14.968,-0.1236,-0.00395
1749,27.529,32180.0,id,5.867,0.0,-17.746,-0.10047,-0.00318
1750,27.539,32190.0,id,5.674,0.0,-18.404,-0.05459,-0.00169
1751,27.549,32200.0,id,5.559,0.0,-13.664,0.00248,0.00014
1752,27.559,32210.0,id,5.559,0.0,-4.482,0.06019,0.00198
1753,27.569,32220.0,id,5.653,0.0,4.473,0.10382,0.00335
1754,27.579,32230.0,id,5.798,0.0,10.98,0.12414,0.00398
1755,27.589,32240.0,id,5.978,0.0,15.183,0.11629,0.0037
1756,27.599,32250.0,id,6.177,0.0,18.064,0.08221,0.00259
1757,27.609,32260.0,id,6.318,0.0,15.34,0.03032,0.00091
1758,27.619,32270.0,id,6.381,0.0,9.165,-0.02916,-0.00099
1759,27.629,32280.0,id,6.34,0.0,0.378,-0.08276,-0.00269
1760,27.639,32290.0,id,6.22,0.0,-7.657,-0.11698,-0.00376
1761,27.649,32300.0,id,6.038,0.0,-14.617,-0.1242,-0.00397
1762,27.659,32310.0,id,5.841,0.0,-17.618,-0.10293,-0.00326
1763,27.669,32320.0,id,5.65,0.0,-18.618,-0.05948,-0.00185
1764,27.679,32330.0,id,5.528,0.0,-13.841,-0.00101,3e-05
1765,27.689,32340.0,id,5.524,0.0,-4.991,0.05671,0.00187
1766,27.699,32350.0,id,5.619,0.0,4.453,0.1029,0.00333
1767,27.709,32360.0,id,5.769,0.0,11.281,0.12402,0.00398
1768,27.719,32370.0,id,5.946,0.0,15.328,0.11712,0.00373
1769,27.729,32380.0,id,6.144,0.0,18.188,0.08363,0.00263
1770,27.739,32390.0,id,6.292,0.0,15.509,0.02971,0.00089
1771,27.749,32400.0,id,6.354,0.0,9.125,-0.03028,-0.00103
1772,27.759,32410.0,id,6.318,0.0,0.83,-0.08274,-0.00269
1773,27.769,32420.0,id,6.2,0.0,-7.412,-0.11714,-0.00377
1774,27.779,32430.0,id,6.015,0.0,-14.398,-0.12389,-0.00396
1775,27.789,32440.0,id,5.823,0.0,-17.537,-0.10215,-0.00323
1776,27.799,32450.0,id,5.627,0.0,-18.454,-0.0562,-0.00174
1777,27.809,32460.0,id,5.516,0.0,-13.358,0.00161,0.00011
1778,27.819,32470.0,id,5.516,0.0,-4.329,0.06091,0.002
1779,27.829,32480.0,id,5.611,0.0,4.698,0.10488,0.00339
1780,27.839,32490.0,id,5.766,0.0,11.619,0.12445,0.00399
1781,27.849,32500.0,id,5.944,0.0,15.484,0.11554,0.00367
1782,27.859,32510.0,id,6.148,0.0,18.217,0.07834,0.00246
1783,27.869,32520.0,id,6.286,0.0,15.136,0.02423,0.00072
1784,27.879,32530.0,id,6.34,0.0,8.571,-0.03583,-0.0012
1785,27.889,32540.0,id,6.295,0.0,0.003,-0.08844,-0.00287
1786,27.899,32550.0,id,6.171,0.0,-8.102,-0.11938,-0.00384
1787,27.909,32560.0,id,5.984,0.0,-14.676,-0.12272,-0.00392
1788,27.919,32570.0,id,5.791,0.0,-17.689,-0.09745,-0.00308
1789,27.929,32580.0,id,5.599,0.0,-18.082,-0.04844,-0.00149
1790,27.939,32590.0,id,5.502,0.0,-12.094,0.01237,0.00045
1791,27.949,32600.0,id,5.519,0.0,-3.061,0.06896,0.00226
1792,27.959,32610.0,id,5.628,0.0,6.037,0.11013,0.00355
1793,27.969,32620.0,id,5.789,0.0,12.476,0.125,0.004
1794,27.979,32630.0,id,5.975,0.0,16.086,0.11011,0.00349
1795,27.989,32640.0,id,6.17,0.0,17.995,0.06903,0.00216
1796,27.999,32650.0,id,6.292,0.0,14.095,0.01269,0.00035
1797,28.009,32660.0,id,6.328,0.0,6.791,-0.0489,-0.00162
1798,28.019,32670.0,id,6.265,0.0,-1.779,-0.09718,-0.00315
1799,28.029,32680.0,id,6.122,0.0,-10.062,-0.12264,-0.00394
1800,28.039,32690.0,id,5.938,0.0,-15.258,-0.11948,-0.00381
1801,28.049,32700.0,id,5.731,0.0,-18.447,-0.08674,-0.00273
1802,28.059,32710.0,id,5.562,0.0,-17.174,-0.03448,-0.00104
1803,28.069,32720.0,id,5.495,0.0,-10.005,0.02701,0.00092
1804,28.079,32730.0,id,5.536,0.0,-0.611,0.08239,0.00268
1805,28.089,32740.0,id,5.662,0.0,8.04,0.11668,0.00376
1806,28.099,32750.0,id,5.835,0.0,13.875,0.12389,0.00396
1807,28.109,32760.0,id,6.018,0.0,16.784,0.10156,0.00321
1808,28.119,32770.0,id,6.203,0.0,17.393,0.05424,0.00168
1809,28.129,32780.0,id,6.305,0.0,12.212,-0.00674,-0.00027
1810,28.139,32790.0,id,6.308,0.0,4.352,-0.06431,-0.00211
1811,28.149,32800.0,id,6.22,0.0,-4.256,-0.10766,-0.00348
1812,28.159,32810.0,id,6.052,0.0,-12.319,-0.12496,-0.004
1813,28.169,32820.0,id,5.866,0.0,-16.336,-0.11161,-0.00354
1814,28.179,32830.0,id,5.662,0.0,-18.701,-0.07124,-0.00223
1815,28.189,32840.0,id,5.521,0.0,-15.061,-0.01252,-0.00034
1816,28.199,32850.0,id,5.493,0.0,-6.889,0.04768,0.00158
1817,28.209,32860.0,id,5.564,0.0,2.254,0.09671,0.00313
1818,28.219,32870.0,id,5.716,0.0,10.47,0.12299,0.00395
1819,28.229,32880.0,id,5.894,0.0,15.021,0.11873,0.00378
1820,28.239,32890.0,id,6.085,0.0,17.748,0.08594,0.0027
1821,28.249,32900.0,id,6.245,0.0,15.884,0.03082,0.00093
1822,28.259,32910.0,id,6.308,0.0,9.325,-0.03119,-0.00106
1823,28.269,32920.0,id,6.272,0.0,0.9,-0.08455,-0.00275
1824,28.279,32930.0,id,6.147,0.0,-7.908,-0.11866,-0.00382
1825,28.289,32940.0,id,5.967,0.0,-14.145,-0.12287,-0.00392
1826,28.299,32950.0,id,5.772,0.0,-17.66,-0.0971,-0.00307
1827,28.309,32960.0,id,5.582,0.0,-17.971,-0.04656,-0.00143
1828,28.319,32970.0,id,5.493,0.0,-11.915,0.01372,0.0005
1829,28.329,32980.0,id,5.51,0.0,-2.85,0.07233,0.00236
1830,28.339,32990.0,id,5.624,0.0,6.378,0.11269,0.00363
1831,28.349,33000.0,id,5.795,0.0,13.137,0.12477,0.00399
1832,28.359,33010.0,id,5.978,0.0,16.472,0.10601,0.00336
1833,28.369,33020.0,id,6.167,0.0,17.729,0.06061,0.00189
1834,28.379,33030.0,id,6.277,0.0,13.126,0.00118,-3e-05
1835,28.389,33040.0,id,6.291,0.0,5.124,-0.06012,-0.00198
1836,28.399,33050.0,id,6.208,0.0,-3.689,-0.10554,-0.00341
1837,28.409,33060.0,id,6.05,0.0,-11.578,-0.1247,-0.00399
1838,28.419,33070.0,id,5.86,0.0,-16.148,-0.11272,-0.00358
1839,28.429,33080.0,id,5.656,0.0,-18.67,-0.07251,-0.00227
1840,28.439,33090.0,id,5.516,0.0,-15.336,-0.01518,-0.00042
1841,28.449,33100.0,id,5.482,0.0,-7.342,0.04655,0.00155
1842,28.459,33110.0,id,5.555,0.0,2.256,0.09787,0.00317
1843,28.469,33120.0,id,5.703,0.0,10.47,0.12315,0.00395
1844,28.479,33130.0,id,5.883,0.0,15.132,0.11811,0.00376
1845,28.489,33140.0,id,6.076,0.0,17.494,0.08238,0.00259
1846,28.499,33150.0,id,6.229,0.0,15.744,0.0274,0.00082
1847,28.509,33160.0,id,6.286,0.0,8.862,-0.0354,-0.00119
1848,28.519,33170.0,id,6.242,0.0,0.126,-0.08875,-0.00288
1849,28.529,33180.0,id,6.107,0.0,-8.719,-0.12063,-0.00388
1850,28.539,33190.0,id,5.93,0.0,-14.243,-0.12129,-0.00387
1851,28.549,33200.0,id,5.729,0.0,-18.017,-0.09158,-0.00289
1852,28.559,33210.0,id,5.55,0.0,-17.309,-0.03761,-0.00114
1853,28.569,33220.0,id,5.476,0.0,-10.435,0.02569,0.00088
1854,28.579,33230.0,id,5.509,0.0,-1.447,0.08143,0.00265
1855,28.589,33240.0,id,5.636,0.0,7.77,0.11762,0.00378
1856,28.599,33250.0,id,5.808,0.0,13.804,0.12352,0.00394
1857,28.609,33260.0,id,5.998,0.0,16.882,0.09782,0.00309
1858,28.619,33270.0,id,6.179,0.0,17.178,0.04665,0.00143
1859,28.629,33280.0,id,6.268,0.0,11.646,-0.0147,-0.00053
1860,28.639,33290.0,id,6.253,0.0,2.77,-0.07476,-0.00244
1861,28.649,33300.0,id,6.147,0.0,-5.989,-0.11359,-0.00366
1862,28.659,33310.0,id,5.978,0.0,-12.721,-0.12452,-0.00398
1863,28.669,33320.0,id,5.786,0.0,-16.953,-0.10356,-0.00328
1864,28.679,33330.0,id,5.587,0.0,-18.416,-0.05539,-0.00172
1865,28.689,33340.0,id,5.481,0.0,-12.855,0.00759,0.0003
1866,28.699,33350.0,id,5.484,0.0,-4.193,0.06689,0.00219
1867,28.709,33360.0,id,5.584,0.0,5.126,0.11007,0.00355
1868,28.719,33370.0,id,5.755,0.0,12.72,0.12495,0.004
1869,28.729,33380.0,id,5.937,0.0,16.089,0.10747,0.00341
1870,28.739,33390.0,id,6.127,0.0,17.817,0.0621,0.00193
1871,28.749,33400.0,id,6.246,0.0,13.417,-0.00047,-8e-05
1872,28.759,33410.0,id,6.256,0.0,5.107,-0.06136,-0.00202
1873,28.769,33420.0,id,6.168,0.0,-3.959,-0.10703,-0.00346
1874,28.779,33430.0,id,6.006,0.0,-11.666,-0.12498,-0.004
1875,28.789,33440.0,id,5.821,0.0,-16.08,-0.11004,-0.00349
1876,28.799,33450.0,id,5.617,0.0,-18.518,-0.06648,-0.00207
1877,28.809,33460.0,id,5.492,0.0,-14.381,-0.00639,-0.00014
1878,28.819,33470.0,id,5.472,0.0,-5.927,0.05732,0.00189
1879,28.829,33480.0,id,5.551,0.0,3.165,0.10453,0.00338
1880,28.839,33490.0,id,5.711,0.0,11.362,0.12468,0.00399
1881,28.849,33500.0,id,5.9,0.0,15.672,0.11208,0.00356
1882,28.859,33510.0,id,6.088,0.0,17.581,0.07006,0.00219
1883,28.869,33520.0,id,6.223,0.0,14.599,0.01062,0.00028
1884,28.879,33530.0,id,6.251,0.0,6.473,-0.0538,-0.00178
1885,28.889,33540.0,id,6.176,0.0,-2.672,-0.10253,-0.00332
1886,28.899,33550.0,id,6.027,0.0,-10.477,-0.12439,-0.00399
1887,28.909,33560.0,id,5.841,0.0,-15.45,-0.11349,-0.00361
1888,28.919,33570.0,id,5.634,0.0,-18.56,-0.07254,-0.00227
1889,28.929,33580.0,id,5.498,0.0,-15.069,-0.0132,-0.00036
1890,28.939,33590.0,id,5.464,0.0,-7.236,0.04995,0.00166
1891,28.949,33600.0,id,5.538,0.0,2.402,0.10123,0.00328
1892,28.959,33610.0,id,5.691,0.0,10.815,0.1242,0.00398
1893,28.969,33620.0,id,5.877,0.0,15.671,0.11488,0.00365
1894,28.979,33630.0,id,6.062,0.0,17.545,0.07525,0.00236
1895,28.989,33640.0,id,6.21,0.0,15.056,0.01453,0.0004
1896,28.999,33650.0,id,6.245,0.0,7.133,-0.05016,-0.00166
1897,29.009,33660.0,id,6.176,0.0,-2.056,-0.10049,-0.00325
1898,29.019,33670.0,id,6.027,0.0,-10.334,-0.12409,-0.00398
1899,29.029,33680.0,id,5.852,0.0,-15.049,-0.11523,-0.00366
1900,29.039,33690.0,id,5.644,0.0,-18.519,-0.07557,-0.00237
1901,29.049,33700.0,id,5.499,0.0,-15.222,-0.01462,-0.0004
1902,29.059,33710.0,id,5.464,0.0,-7.344,0.04931,0.00164
1903,29.069,33720.0,id,5.532,0.0,1.939,0.09991,0.00324
1904,29.079,33730.0,id,5.688,0.0,10.702,0.12422,0.00398
1905,29.089,33740.0,id,5.874,0.0,15.576,0.11464,0.00364
1906,29.099,33750.0,id,6.058,0.0,17.306,0.07434,0.00233
1907,29.109,33760.0,id,6.203,0.0,15.083,0.01456,0.0004
1908,29.119,33770.0,id,6.239,0.0,7.079,-0.05098,-0.00169
1909,29.129,33780.0,id,6.17,0.0,-2.061,-0.1012,-0.00328
1910,29.139,33790.0,id,6.021,0.0,-10.265,-0.12427,-0.00398
1911,29.149,33800.0,id,5.838,0.0,-15.279,-0.11363,-0.00361
1912,29.159,33810.0,id,5.631,0.0,-18.497,-0.07196,-0.00225
1913,29.169,33820.0,id,5.496,0.0,-14.958,-0.01161,-0.00031
1914,29.179,33830.0,id,5.466,0.0,-6.98,0.05236,0.00173
1915,29.189,33840.0,id,5.539,0.0,2.469,0.1023,0.00331
1916,29.199,33850.0,id,5.7,0.0,11.204,0.12465,0.00399
1917,29.209,33860.0,id,5.884,0.0,15.726,0.1126,0.00358
1918,29.219,33870.0,id,6.068,0.0,17.353,0.06992,0.00218
1919,29.229,33880.0,id,6.21,0.0,14.445,0.00678,0.00015
1920,29.239,33890.0,id,6.233,0.0,6.353,-0.05634,-0.00186
1921,29.249,33900.0,id,6.154,0.0,-2.934,-0.10492,-0.00339
1922,29.259,33910.0,id,5.999,0.0,-10.719,-0.12492,-0.004
1923,29.269,33920.0,id,5.814,0.0,-15.853,-0.11017,-0.00349
1924,29.279,33930.0,id,5.613,0.0,-18.19,-0.06494,-0.00202
1925,29.289,33940.0,id,5.489,0.0,-14.104,-0.00293,-3e-05
1926,29.299,33950.0,id,5.473,0.0,-5.507,0.06206,0.00204
1927,29.309,33960.0,id,5.564,0.0,4.098,0.10843,0.0035
1928,29.319,33970.0,id,5.728,0.0,12.125,0.125,0.004
1929,29.329,33980.0,id,5.91,0.0,15.931,0.10777,0.00342
1930,29.339,33990.0,id,6.096,0.0,17.407,0.06038,0.00187
1931,29.349,34000.0,id,6.219,0.0,13.404,-0.0047,-0.00021
1932,29.359,34010.0,id,6.222,0.0,4.699,-0.06664,-0.00219
1933,29.369,34020.0,id,6.127,0.0,-4.632,-0.1113,-0.00359
1934,29.379,34030.0,id,5.966,0.0,-11.75,-0.1247,-0.00399
1935,29.389,34040.0,id,5.775,0.0,-16.509,-0.1033,-0.00327
1936,29.399,34050.0,id,5.579,0.0,-17.992,-0.05257,-0.00162
1937,29.409,34060.0,id,5.478,0.0,-12.712,0.01128,0.00042
1938,29.419,34070.0,id,5.487,0.0,-3.545,0.07432,0.00243
1939,29.429,34080.0,id,5.593,0.0,5.686,0.1145,0.00369
1940,29.439,34090.0,id,5.771,0.0,13.218,0.12396,0.00396
1941,29.449,34100.0,id,5.955,0.0,16.447,0.09884,0.00312
1942,29.459,34110.0,id,6.136,0.0,17.161,0.04517,0.00138
1943,29.469,34120.0,id,6.229,0.0,11.584,-0.02133,-0.00075
1944,29.479,34130.0,id,6.206,0.0,2.493,-0.08053,-0.00263
1945,29.489,34140.0,id,6.085,0.0,-7.023,-0.11832,-0.00381
1946,29.499,34150.0,id,5.921,0.0,-12.934,-0.12221,-0.0039
1947,29.509,34160.0,id,5.722,0.0,-17.384,-0.09189,-0.0029
1948,29.519,34170.0,id,5.542,0.0,-17.061,-0.03476,-0.00105
1949,29.529,34180.0,id,5.472,0.0,-10.194,0.03196,0.00109
1950,29.539,34190.0,id,5.513,0.0,-0.772,0.08883,0.00289
1951,29.549,34200.0,id,5.647,0.0,8.493,0.1211,0.00389
1952,29.559,34210.0,id,5.828,0.0,14.474,0.11978,0.00381
1953,29.569,34220.0,id,6.015,0.0,16.748,0.08325,0.00261
1954,29.579,34230.0,id,6.176,0.0,15.961,0.02439,0.00072
1955,29.589,34240.0,id,6.231,0.0,8.834,-0.04187,-0.0014
1956,29.599,34250.0,id,6.176,0.0,-0.616,-0.09613,-0.00312
1957,29.609,34260.0,id,6.033,0.0,-9.268,-0.12369,-0.00397
1958,29.619,34270.0,id,5.858,0.0,-14.574,-0.11544,-0.00367
1959,29.629,34280.0,id,5.654,0.0,-18.042,-0.07439,-0.00233
1960,29.639,34290.0,id,5.509,0.0,-15.022,-0.01083,-0.00028
1961,29.649,34300.0,id,5.479,0.0,-6.914,0.05426,0.00179
1962,29.659,34310.0,id,5.558,0.0,2.79,0.10459,0.00338
1963,29.669,34320.0,id,5.72,0.0,11.346,0.12495,0.004
1964,29.679,34330.0,id,5.904,0.0,15.787,0.10923,0.00346
1965,29.689,34340.0,id,6.087,0.0,17.252,0.06203,0.00193
1966,29.699,34350.0,id,6.211,0.0,13.728,-0.00199,-0.00013
1967,29.709,34360.0,id,6.22,0.0,5.037,-0.06696,-0.0022
1968,29.719,34370.0,id,6.122,0.0,-4.718,-0.11204,-0.00361
1969,29.729,34380.0,id,5.964,0.0,-11.609,-0.12448,-0.00398
1970,29.739,34390.0,id,5.771,0.0,-16.672,-0.10093,-0.00319
1971,29.749,34400.0,id,5.579,0.0,-17.745,-0.04746,-0.00146
1972,29.759,34410.0,id,5.487,0.0,-11.99,0.01783,0.00063
1973,29.769,34420.0,id,5.507,0.0,-2.591,0.08026,0.00262
1974,29.779,34430.0,id,5.627,0.0,6.943,0.1179,0.00379
1975,29.789,34440.0,id,5.803,0.0,13.582,0.12221,0.0039
1976,29.799,34450.0,id,5.99,0.0,16.434,0.08991,0.00283
1977,29.809,34460.0,id,6.16,0.0,16.579,0.03265,0.00098
1978,29.819,34470.0,id,6.231,0.0,9.982,-0.03504,-0.00118
1979,29.829,34480.0,id,6.187,0.0,0.504,-0.09194,-0.00299
1980,29.839,34490.0,id,6.048,0.0,-8.656,-0.12278,-0.00394
1981,29.849,34500.0,id,5.877,0.0,-14.144,-0.11708,-0.00372
1982,29.859,34510.0,id,5.673,0.0,-18.051,-0.07743,-0.00242
1983,29.869,34520.0,id,5.522,0.0,-15.416,-0.01403,-0.00038
1984,29.879,34530.0,id,5.489,0.0,-7.3,0.05223,0.00173
1985,29.889,34540.0,id,5.564,0.0,2.459,0.10377,0.00336
1986,29.899,34550.0,id,5.72,0.0,10.99,0.12484,0.004
1987,29.909,34560.0,id,5.907,0.0,15.633,0.10909,0.00346
1988,29.919,34570.0,id,6.09,0.0,17.149,0.0609,0.00189
1989,29.929,34580.0,id,6.213,0.0,13.58,-0.00397,-0.00019
1990,29.939,34590.0,id,6.217,0.0,4.622,-0.06968,-0.00228
1991,29.949,34600.0,id,6.122,0.0,-4.637,-0.11301,-0.00364
1992,29.959,34610.0,id,5.961,0.0,-11.735,-0.12418,-0.00397
1993,29.969,34620.0,id,5.762,0.0,-16.815,-0.09751,-0.00308
1994,29.979,34630.0,id,5.579,0.0,-17.475,-0.04309,-0.00132
1995,29.989,34640.0,id,5.492,0.0,-11.323,0.0249,0.00086
1996,29.999,34650.0,id,5.525,0.0,-1.484,0.08604,0.0028
1997,30.009,34660.0,id,5.653,0.0,7.805,0.12056,0.00388
1998,30.019,34670.0,id,5.832,0.0,14.142,0.11995,0.00382
1999,30.029,34680.0,id,6.018,0.0,16.623,0.08253,0.00259
2000,30.039,34690.0,id,6.177,0.0,15.899,0.02208,0.00064
2001,30.049,34700.0,id,6.229,0.0,8.611,-0.04579,-0.00153
2002,30.059,34710.0,id,6.168,0.0,-1.051,-0.09988,-0.00324
2003,30.069,34720.0,id,6.021,0.0,-9.652,-0.12458,-0.00399
2004,30.079,34730.0,id,5.841,0.0,-15.131,-0.11164,-0.00354
2005,30.089,34740.0,id,5.64,0.0,-18.042,-0.06505,-0.00202
2006,30.099,34750.0,id,5.512,0.0,-13.964,0.00218,0.00014
2007,30.109,34760.0,id,5.504,0.0,-5.196,0.06693,0.0022
2008,30.119,34770.0,id,5.607,0.0,4.947,0.11269,0.00364
2009,30.129,34780.0,id,5.777,0.0,12.548,0.12417,0.00397
2010,30.139,34790.0,id,5.956,0.0,15.856,0.09827,0.0031
2011,30.149,34800.0,id,6.139,0.0,16.997,0.04198,0.00128
2012,30.159,34810.0,id,6.225,0.0,11.357,-0.02485,-0.00086
2013,30.169,34820.0,id,6.196,0.0,1.795,-0.08668,-0.00282
2014,30.179,34830.0,id,6.071,0.0,-7.467,-0.1209,-0.00389
2015,30.189,34840.0,id,5.903,0.0,-13.436,-0.11932,-0.0038
2016,30.199,34850.0,id,5.696,0.0,-17.755,-0.08032,-0.00252
2017,30.209,34860.0,id,5.539,0.0,-16.125,-0.01853,-0.00052
2018,30.219,34870.0,id,5.498,0.0,-8.076,0.04951,0.00165
2019,30.229,34880.0,id,5.574,0.0,2.291,0.10396,0.00336
2020,30.239,34890.0,id,5.729,0.0,10.81,0.12491,0.004
2021,30.249,34900.0,id,5.91,0.0,15.414,0.10873,0.00345
2022,30.259,34910.0,id,6.093,0.0,17.132,0.0594,0.00184
2023,30.269,34920.0,id,6.214,0.0,13.168,-0.00901,-0.00036
2024,30.279,34930.0,id,6.214,0.0,4.405,-0.07317,-0.0024
2025,30.289,34940.0,id,6.107,0.0,-5.523,-0.11604,-0.00374
2026,30.299,34950.0,id,5.944,0.0,-12.228,-0.12285,-0.00392
2027,30.309,34960.0,id,5.748,0.0,-17.098,-0.09222,-0.0029
2028,30.319,34970.0,id,5.57,0.0,-16.919,-0.03224,-0.00096
2029,30.329,34980.0,id,5.502,0.0,-9.901,0.03683,0.00124
2030,30.339,34990.0,id,5.555,0.0,0.066,0.09454,0.00307
2031,30.349,35000.0,id,5.7,0.0,9.368,0.12374,0.00397
2032,30.359,35010.0,id,5.88,0.0,14.799,0.11431,0.00363
2033,30.369,35020.0,id,6.062,0.0,16.958,0.06975,0.00217
2034,30.379,35030.0,id,6.2,0.0,14.464,0.0045,7e-05
2035,30.389,35040.0,id,6.222,0.0,5.97,-0.06435,-0.00212
2036,30.399,35050.0,id,6.13,0.0,-3.99,-0.11172,-0.00361
2037,30.409,35060.0,id,5.976,0.0,-11.195,-0.12451,-0.00398
2038,30.419,35070.0,id,5.782,0.0,-16.289,-0.09843,-0.00311
2039,30.429,35080.0,id,5.596,0.0,-17.524,-0.04314,-0.00131
2040,30.439,35090.0,id,5.507,0.0,-11.391,0.02687,0.00093
2041,30.449,35100.0,id,5.547,0.0,-1.099,0.08906,0.0029
2042,30.459,35110.0,id,5.68,0.0,8.345,0.12198,0.00392
2043,30.469,35120.0,id,5.857,0.0,14.198,0.11761,0.00374
2044,30.479,35130.0,id,6.036,0.0,16.545,0.07701,0.00241
2045,30.489,35140.0,id,6.191,0.0,15.073,0.01102,0.00028
2046,30.499,35150.0,id,6.223,0.0,7.034,-0.05715,-0.00189
2047,30.509,35160.0,id,6.145,0.0,-2.752,-0.10797,-0.00349
2048,30.519,35170.0,id,5.99,0.0,-10.676,-0.12486,-0.00399
2049,30.529,35180.0,id,5.803,0.0,-15.935,-0.10255,-0.00324
2050,30.539,35190.0,id,5.61,0.0,-17.619,-0.04736,-0.00145
2051,30.549,35200.0,id,5.513,0.0,-12.215,0.0209,0.00074
2052,30.559,35210.0,id,5.542,0.0,-2.084,0.08508,0.00277
2053,30.569,35220.0,id,5.668,0.0,7.447,0.12064,0.00388
2054,30.579,35230.0,id,5.843,0.0,13.669,0.11917,0.00379
2055,30.589,35240.0,id,6.03,0.0,16.472,0.07879,0.00247
2056,30.599,35250.0,id,6.185,0.0,15.459,0.01488,0.00041
2057,30.609,35260.0,id,6.225,0.0,7.684,-0.05434,-0.0018
2058,30.619,35270.0,id,6.15,0.0,-2.292,-0.10652,-0.00344
2059,30.629,35280.0,id,5.995,0.0,-10.573,-0.12495,-0.004
2060,30.639,35290.0,id,5.811,0.0,-15.702,-0.10345,-0.00327
2061,30.649,35300.0,id,5.616,0.0,-17.608,-0.04837,-0.00148
2062,30.659,35310.0,id,5.516,0.0,-12.361,0.0202,0.00071
2063,30.669,35320.0,id,5.545,0.0,-2.087,0.08488,0.00277
2064,30.679,35330.0,id,5.671,0.0,7.515,0.12071,0.00388
2065,30.689,35340.0,id,5.846,0.0,13.824,0.11905,0.00379
2066,30.699,35350.0,id,6.032,0.0,16.559,0.07814,0.00245
2067,30.709,35360.0,id,6.183,0.0,15.349,0.01404,0.00038
2068,30.719,35370.0,id,6.222,0.0,7.53,-0.05516,-0.00183
2069,30.729,35380.0,id,6.145,0.0,-2.549,-0.10715,-0.00346
2070,30.739,35390.0,id,5.992,0.0,-10.621,-0.12489,-0.00399
2071,30.749,35400.0,id,5.809,0.0,-15.607,-0.10247,-0.00324
2072,30.759,35410.0,id,5.614,0.0,-17.582,-0.04669,-0.00143
2073,30.769,35420.0,id,5.518,0.0,-11.893,0.0243,0.00085
2074,30.779,35430.0,id,5.55,0.0,-1.909,0.08664,0.00282
2075,30.789,35440.0,id,5.683,0.0,7.945,0.12193,0.00392
2076,30.799,35450.0,id,5.86,0.0,14.076,0.11731,0.00373
2077,30.809,35460.0,id,6.041,0.0,16.673,0.07525,0.00235
2078,30.819,35470.0,id,6.191,0.0,14.902,0.00741,0.00017
2079,30.829,35480.0,id,6.217,0.0,6.585,-0.06161,-0.00203
2080,30.839,35490.0,id,6.133,0.0,-3.292,-0.11099,-0.00358
2081,30.849,35500.0,id,5.979,0.0,-10.926,-0.1245,-0.00398
2082,30.859,35510.0,id,5.786,0.0,-16.056,-0.09723,-0.00307
2083,30.869,35520.0,id,5.602,0.0,-17.248,-0.03958,-0.0012
2084,30.879,35530.0,id,5.516,0.0,-11.076,0.03195,0.00109
2085,30.889,35540.0,id,5.564,0.0,-0.616,0.09244,0.00301
2086,30.899,35550.0,id,5.703,0.0,8.734,0.12362,0.00397
2087,30.909,35560.0,id,5.881,0.0,14.437,0.11381,0.00361
2088,30.919,35570.0,id,6.062,0.0,16.635,0.06682,0.00208
2089,30.929,35580.0,id,6.2,0.0,14.058,-0.00292,-0.00016
2090,30.939,35590.0,id,6.21,0.0,5.274,-0.07042,-0.00231
2091,30.949,35600.0,id,6.108,0.0,-4.833,-0.11572,-0.00373
2092,30.959,35610.0,id,5.952,0.0,-11.778,-0.12296,-0.00392
2093,30.969,35620.0,id,5.752,0.0,-16.838,-0.08939,-0.00281
2094,30.979,35630.0,id,5.581,0.0,-16.731,-0.02767,-0.00082
2095,30.989,35640.0,id,5.519,0.0,-9.403,0.04378,0.00147
2096,30.999,35650.0,id,5.587,0.0,1.267,0.10172,0.0033
2097,31.009,35660.0,id,5.736,0.0,10.04,0.12488,0.004
2098,31.019,35670.0,id,5.913,0.0,14.918,0.10758,0.00341
2099,31.029,35680.0,id,6.098,0.0,17.039,0.05439,0.00168
2100,31.039,35690.0,id,6.21,0.0,12.616,-0.0173,-0.00062
2101,31.049,35700.0,id,6.196,0.0,3.306,-0.08216,-0.00268
2102,31.059,35710.0,id,6.073,0.0,-6.859,-0.12072,-0.00388
2103,31.069,35720.0,id,5.909,0.0,-12.985,-0.11855,-0.00377
2104,31.079,35730.0,id,5.709,0.0,-17.382,-0.07727,-0.00242
2105,31.089,35740.0,id,5.558,0.0,-15.611,-0.01137,-0.00029
2106,31.099,35750.0,id,5.527,0.0,-6.845,0.06072,0.002
2107,31.109,35760.0,id,5.619,0.0,3.636,0.11099,0.00358
2108,31.119,35770.0,id,5.779,0.0,11.559,0.12441,0.00397
2109,31.129,35780.0,id,5.961,0.0,15.533,0.09615,0.00303
2110,31.139,35790.0,id,6.136,0.0,16.734,0.03705,0.00112
2111,31.149,35800.0,id,6.216,0.0,10.55,-0.03534,-0.0012
2112,31.159,35810.0,id,6.173,0.0,0.715,-0.0955,-0.0031
2113,31.169,35820.0,id,6.033,0.0,-8.651,-0.1243,-0.00398
2114,31.179,35830.0,id,5.86,0.0,-14.295,-0.11108,-0.00352
2115,31.189,35840.0,id,5.659,0.0,-17.744,-0.0605,-0.00187
2116,31.199,35850.0,id,5.535,0.0,-13.677,0.01102,0.00042
2117,31.209,35860.0,id,5.544,0.0,-3.945,0.07809,0.00255
2118,31.219,35870.0,id,5.662,0.0,6.217,0.11932,0.00384
2119,31.229,35880.0,id,5.835,0.0,13.156,0.11987,0.00381
2120,31.239,35890.0,id,6.016,0.0,16.284,0.08032,0.00251
2121,31.249,35900.0,id,6.173,0.0,15.612,0.01471,0.0004
2122,31.259,35910.0,id,6.213,0.0,7.741,-0.05653,-0.00187
2123,31.269,35920.0,id,6.13,0.0,-2.87,-0.10998,-0.00355
2124,31.279,35930.0,id,5.981,0.0,-10.539,-0.12455,-0.00398
2125,31.289,35940.0,id,5.788,0.0,-16.048,-0.09673,-0.00305
2126,31.299,35950.0,id,5.605,0.0,-17.22,-0.03727,-0.00112
2127,31.309,35960.0,id,5.524,0.0,-10.833,0.03557,0.00121
2128,31.319,35970.0,id,5.576,0.0,-0.251,0.09595,0.00312
2129,31.329,35980.0,id,5.72,0.0,9.159,0.12445,0.00399
2130,31.339,35990.0,id,5.897,0.0,14.5,0.11008,0.00349
2131,31.349,36000.0,id,6.079,0.0,16.745,0.05788,0.00179
2132,31.359,36010.0,id,6.2,0.0,13.052,-0.01463,-0.00054
2133,31.369,36020.0,id,6.191,0.0,3.744,-0.08105,-0.00265
2134,31.379,36030.0,id,6.076,0.0,-6.236,-0.11999,-0.00386
2135,31.389,36040.0,id,5.907,0.0,-12.879,-0.11834,-0.00376
2136,31.399,36050.0,id,5.708,0.0,-17.371,-0.07576,-0.00237
2137,31.409,36060.0,id,5.558,0.0,-15.511,-0.008,-0.00018
2138,31.419,36070.0,id,5.533,0.0,-6.637,0.06298,0.00208
2139,31.429,36080.0,id,5.627,0.0,3.806,0.11272,0.00364
2140,31.439,36090.0,id,5.794,0.0,11.976,0.12352,0.00394
2141,31.449,36100.0,id,5.97,0.0,15.581,0.09203,0.0029
2142,31.459,36110.0,id,6.144,0.0,16.173,0.02753,0.00081
2143,31.469,36120.0,id,6.21,0.0,9.472,-0.04562,-0.00153
2144,31.479,36130.0,id,6.148,0.0,-0.829,-0.10289,-0.00333
2145,31.489,36140.0,id,6.009,0.0,-9.181,-0.12498,-0.004
2146,31.499,36150.0,id,5.823,0.0,-14.986,-0.1038,-0.00328
2147,31.509,36160.0,id,5.628,0.0,-17.402,-0.04621,-0.00141
2148,31.519,36170.0,id,5.53,0.0,-12.224,0.02527,0.00088
2149,31.529,36180.0,id,5.567,0.0,-1.564,0.09084,0.00296
2150,31.539,36190.0,id,5.699,0.0,8.036,0.1232,0.00395
2151,31.549,36200.0,id,5.878,0.0,14.046,0.11291,0.00358
2152,31.559,36210.0,id,6.053,0.0,16.389,0.06497,0.00201
2153,31.569,36220.0,id,6.19,0.0,13.817,-0.00761,-0.00032
2154,31.579,36230.0,id,6.193,0.0,4.771,-0.0763,-0.0025
2155,31.589,36240.0,id,6.079,0.0,-5.771,-0.11911,-0.00383
2156,31.599,36250.0,id,5.92,0.0,-12.298,-0.11972,-0.00381
2157,31.609,36260.0,id,5.722,0.0,-17.055,-0.07869,-0.00246
2158,31.619,36270.0,id,5.564,0.0,-15.507,-0.00892,-0.00021
2159,31.629,36280.0,id,5.535,0.0,-6.924,0.06276,0.00207
2160,31.639,36290.0,id,5.628,0.0,3.645,0.11287,0.00364
2161,31.649,36300.0,id,5.788,0.0,11.513,0.12367,0.00395
2162,31.659,36310.0,id,5.972,0.0,15.551,0.09055,0.00285
2163,31.669,36320.0,id,6.141,0.0,16.282,0.02698,0.00079
2164,31.679,36330.0,id,6.205,0.0,9.431,-0.04676,-0.00156
2165,31.689,36340.0,id,6.139,0.0,-1.196,-0.10518,-0.00341
2166,31.699,36350.0,id,5.996,0.0,-9.479,-0.12497,-0.004
2167,31.709,36360.0,id,5.809,0.0,-15.298,-0.10072,-0.00318
2168,31.719,36370.0,id,5.624,0.0,-17.183,-0.04233,-0.00128
2169,31.729,36380.0,id,5.53,0.0,-11.543,0.03202,0.0011
2170,31.739,36390.0,id,5.579,0.0,-0.542,0.09619,0.00312
2171,31.749,36400.0,id,5.717,0.0,8.777,0.12439,0.00399
2172,31.759,36410.0,id,5.892,0.0,14.267,0.10973,0.00348
2173,31.769,36420.0,id,6.071,0.0,16.409,0.05592,0.00172
2174,31.779,36430.0,id,6.193,0.0,12.858,-0.01846,-0.00066
2175,31.789,36440.0,id,6.177,0.0,3.289,-0.0852,-0.00278
2176,31.799,36450.0,id,6.053,0.0,-6.808,-0.12232,-0.00393
2177,31.809,36460.0,id,5.887,0.0,-13.097,-0.11535,-0.00366
2178,31.819,36470.0,id,5.69,0.0,-17.207,-0.0675,-0.0021
2179,31.829,36480.0,id,5.548,0.0,-14.452,0.00568,0.00025
2180,31.839,36490.0,id,5.547,0.0,-4.923,0.07512,0.00246
2181,31.849,36500.0,id,5.66,0.0,5.683,0.11885,0.00383
2182,31.859,36510.0,id,5.829,0.0,12.729,0.11962,0.00381
2183,31.869,36520.0,id,6.007,0.0,15.791,0.07758,0.00242
2184,31.879,36530.0,id,6.162,0.0,15.22,0.00866,0.0002
2185,31.889,36540.0,id,6.194,0.0,7.03,-0.06383,-0.00211
2186,31.899,36550.0,id,6.102,0.0,-3.618,-0.11385,-0.00367
2187,31.909,36560.0,id,5.949,0.0,-11.013,-0.1228,-0.00392
2188,31.919,36570.0,id,5.757,0.0,-16.261,-0.08771,-0.00275
2189,31.929,36580.0,id,5.582,0.0,-16.293,-0.0194,-0.00055
2190,31.939,36590.0,id,5.533,0.0,-8.448,0.05462,0.00181
2191,31.949,36600.0,id,5.614,0.0,2.42,0.10914,0.00353
2192,31.959,36610.0,id,5.774,0.0,10.969,0.12425,0.00397
2193,31.969,36620.0,id,5.952,0.0,15.261,0.09447,0.00297
2194,31.979,36630.0,id,6.121,0.0,16.235,0.03162,0.00094
2195,31.989,36640.0,id,6.196,0.0,9.999,-0.0436,-0.00146
2196,31.999,36650.0,id,6.136,0.0,-0.617,-0.10383,-0.00336
2197,32.009,36660.0,id,5.996,0.0,-9.035,-0.12499,-0.004
2198,32.019,36670.0,id,5.809,0.0,-15.104,-0.10034,-0.00317
2199,32.029,36680.0,id,5.624,0.0,-17.132,-0.04064,-0.00123
2200,32.039,36690.0,id,5.535,0.0,-11.21,0.03476,0.00118
2201,32.049,36700.0,id,5.582,0.0,-0.671,0.09719,0.00316
2202,32.059,36710.0,id,5.728,0.0,9.112,0.12481,0.004
2203,32.069,36720.0,id,5.903,0.0,14.415,0.10635,0.00336
2204,32.079,36730.0,id,6.081,0.0,16.356,0.04861,0.00149
2205,32.089,36740.0,id,6.19,0.0,12.129,-0.0271,-0.00094
2206,32.099,36750.0,id,6.159,0.0,2.028,-0.09207,-0.003
2207,32.109,36760.0,id,6.027,0.0,-7.667,-0.12413,-0.00398
2208,32.119,36770.0,id,5.86,0.0,-13.542,-0.11016,-0.00349
2209,32.129,36780.0,id,5.66,0.0,-17.277,-0.05557,-0.00171
2210,32.139,36790.0,id,5.542,0.0,-13.098,0.01998,0.00071
2211,32.149,36800.0,id,5.565,0.0,-2.855,0.08668,0.00283
2212,32.159,36810.0,id,5.693,0.0,7.186,0.12302,0.00395
2213,32.169,36820.0,id,5.867,0.0,13.594,0.11325,0.00359
2214,32.179,36830.0,id,6.047,0.0,16.267,0.06189,0.00191
2215,32.189,36840.0,id,6.177,0.0,13.845,-0.01087,-0.00042
2216,32.199,36850.0,id,6.173,0.0,4.119,-0.08186,-0.00267
2217,32.209,36860.0,id,6.053,0.0,-6.294,-0.12165,-0.00391
2218,32.219,36870.0,id,5.892,0.0,-12.63,-0.11581,-0.00368
2219,32.229,36880.0,id,5.694,0.0,-17.012,-0.06714,-0.00208
2220,32.239,36890.0,id,5.556,0.0,-14.515,0.00534,0.00024
2221,32.249,36900.0,id,5.555,0.0,-4.661,0.07769,0.00254
2222,32.259,36910.0,id,5.663,0.0,5.447,0.11965,0.00385
2223,32.269,36920.0,id,5.835,0.0,12.809,0.11833,0.00376
2224,32.279,36930.0,id,6.018,0.0,15.923,0.0714,0.00222
2225,32.289,36940.0,id,6.164,0.0,14.787,4e-05,-8e-05
2226,32.299,36950.0,id,6.179,0.0,5.673,-0.07352,-0.00241
2227,32.309,36960.0,id,6.071,0.0,-5.029,-0.11879,-0.00382
2228,32.319,36970.0,id,5.917,0.0,-11.704,-0.11919,-0.00379
2229,32.329,36980.0,id,5.72,0.0,-16.625,-0.07506,-0.00234
2230,32.339,36990.0,id,5.567,0.0,-15.389,-0.00376,-4e-05
2231,32.349,37000.0,id,5.548,0.0,-6.043,0.0708,0.00233
2232,32.359,37010.0,id,5.647,0.0,4.278,0.11689,0.00377
2233,32.369,37020.0,id,5.815,0.0,12.21,0.12072,0.00384
2234,32.379,37030.0,id,5.998,0.0,15.713,0.0777,0.00243
2235,32.389,37040.0,id,6.151,0.0,15.251,0.00707,0.00015
2236,32.399,37050.0,id,6.18,0.0,6.631,-0.06823,-0.00225
2237,32.409,37060.0,id,6.085,0.0,-3.947,-0.11582,-0.00373
2238,32.419,37070.0,id,5.933,0.0,-11.118,-0.12134,-0.00386
2239,32.429,37080.0,id,5.742,0.0,-16.296,-0.08151,-0.00255
2240,32.439,37090.0,id,5.576,0.0,-15.718,-0.00921,-0.00022
2241,32.449,37100.0,id,5.545,0.0,-7.127,0.06455,0.00213
2242,32.459,37110.0,id,5.639,0.0,3.634,0.11507,0.00371
2243,32.469,37120.0,id,5.805,0.0,11.817,0.12175,0.00388
2244,32.479,37130.0,id,5.981,0.0,15.459,0.08253,0.00258
2245,32.489,37140.0,id,6.144,0.0,15.393,0.01044,0.00026
2246,32.499,37150.0,id,6.182,0.0,7.547,-0.06342,-0.00209
2247,32.509,37160.0,id,6.09,0.0,-3.42,-0.11462,-0.0037
2248,32.519,37170.0,id,5.94,0.0,-10.803,-0.12194,-0.00389
2249,32.529,37180.0,id,5.749,0.0,-16.038,-0.08299,-0.0026
2250,32.539,37190.0,id,5.581,0.0,-15.808,-0.01097,-0.00027
2251,32.589,37240.0,id,5.587,0.0,0.284,0.0,0.0
2252,32.639,37290.0,id,5.587,0.0,0.002,0.0,0.0
2253,32.689,37340.0,id,5.587,0.0,0.0,0.0,0.0
2254,32.739,37390.0,id,5.587,0.0,0.0,0.0,0.0
2255,32.789,37440.0,id,5.587,0.0,0.0,0.0,0.0
2256,32.839,37490.0,id,5.587,0.0,0.0,0.0,0.0
2257,32.889,37540.0,id,5.587,0.0,0.0,0.0,0.0
2258,32.939,37590.0,id,5.587,0.0,0.0,0.0,0.0
2259,32.989,37640.0,id,5.587,0.0,0.0,0.0,0.0
2260,33.039,37690.0,id,5.587,0.0,-0.0,0.0,0.0
2261,33.089,37740.0,id,5.587,0.0,-0.0,0.0,0.0
2262,33.139,37790.0,id,5.587,0.0,-0.0,0.0,0.0
2263,33.189,37840.0,id,5.587,0.0,-0.0,0.0,0.0
2264,33.239,37890.0,id,5.587,0.0,-0.0,0.0,0.0
2265,33.289,37940.0,id,5.587,0.0,-0.0,0.0,0.0
2266,33.339,37990.0,id,5.587,0.0,-0.0,0.0,0.0
2267,33.389,38040.0,id,5.587,0.0,-0.0,0.0,0.0
2268,33.439,38090.0,id,5.587,0.0,-0.0,0.0,0.0
2269,33.489,38140.0,id,5.587,0.0,-0.0,0.0,0.0
2270,33.539,38190.0,id,5.591,0.0,0.063,0.0,0.0
2271,33.589,38240.0,id,5.591,0.0,0.0,0.0,0.0
2272,33.639,38290.0,id,5.591,0.0,0.0,0.0,0.0
2273,33.689,38340.0,id,5.591,0.0,0.0,0.0,0.0
2274,33.739,38390.0,id,5.591,0.0,0.0,0.0,0.0
2275,33.789,38440.0,id,5.591,0.0,0.0,0.0,0.0
2276,33.839,38490.0,id,5.591,0.0,0.0,0.0,0.0
2277,33.889,38540.0,id,5.591,0.0,0.0,0.0,0.0
2278,33.939,38590.0,id,5.591,0.0,0.0,0.0,0.0
2279,33.989,38640.0,id,5.591,0.0,0.0,0.0,0.0
2280,34.039,38690.0,id,5.591,0.0,0.0,0.0,0.0
2281,34.089,38740.0,id,5.591,0.0,0.0,0.0,0.0
2282,34.139,38790.0,id,5.591,0.0,0.0,0.0,0.0
2283,34.189,38840.0,id,5.591,0.0,0.0,0.0,0.0
2284,34.239,38890.0,id,5.591,0.0,0.0,0.0,0.0
2285,34.289,38940.0,id,5.591,0.0,0.0,0.0,0.0
2286,34.339,38990.0,id,5.591,0.0,0.0,0.0,0.0
2287,34.389,39040.0,id,5.591,0.0,0.0,0.0,0.0
2288,34.439,39090.0,id,5.591,0.0,0.0,0.0,0.0
2289,34.489,39140.0,id,5.591,0.0,0.0,0.0,0.0
2290,34.539,39190.0,id,5.591,0.0,0.0,0.0,0.0
2291,34.589,39240.0,id,5.591,0.0,0.0,0.0,0.0
2292,34.639,39290.0,id,5.591,0.0,0.0,0.0,0.0
2293,34.689,39340.0,id,5.591,0.0,0.0,0.0,0.0
2294,34.739,39390.0,id,5.591,0.0,0.0,0.0,0.0
2295,34.789,39440.0,id,5.591,0.0,0.0,0.0,0.0
2296,34.839,39490.0,id,5.591,0.0,0.0,0.0,0.0
2297,34.889,39540.0,id,5.591,0.0,0.0,0.0,0.0
2298,34.939,39590.0,id,5.591,0.0,0.0,0.0,0.0
2299,34.989,39640.0,id,5.591,0.0,0.0,0.0,0.0
2300,35.039,39690.0,id,5.591,0.0,0.0,0.0,0.0
2301,35.089,39740.0,id,5.591,0.0,0.0,0.0,0.0
2302,35.139,39790.0,id,5.591,0.0,0.0,0.0,0.0
2303,35.189,39840.0,id,5.591,0.0,0.0,0.0,0.0
2304,35.239,39890.0,id,5.591,0.0,0.0,0.0,0.0
2305,35.289,39940.0,id,5.591,0.0,0.0,0.0,0.0
2306,35.339,39990.0,id,5.591,0.0,0.0,0.0,0.0
2307,35.389,40040.0,id,5.591,0.0,0.0,0.0,0.0
2308,35.439,40090.0,id,5.591,0.0,0.0,0.0,0.0
2309,35.489,40140.0,id,5.591,0.0,0.0,0.0,0.0
2310,35.539,40190.0,id,5.591,0.0,0.0,0.0,0.0
2311,35.589,40240.0,id,5.591,0.0,0.0,0.0,0.0
2312,35.639,40290.0,id,5.591,0.0,0.0,0.0,0.0
2313,35.689,40340.0,id,5.591,0.0,0.0,0.0,0.0
2314,35.739,40390.0,id,5.591,0.0,0.0,0.0,0.0
2315,35.789,40440.0,id,5.591,0.0,0.0,0.0,0.0
2316,35.839,40490.0,id,5.591,0.0,0.0,0.0,0.0
2317,35.889,40540.0,id,5.591,0.0,0.0,0.0,0.0
2318,35.939,40590.0,id,5.591,0.0,0.0,0.0,0.0
2319,35.989,40640.0,id,5.591,0.0,0.0,0.0,0.0
2320,36.039,40690.0,id,5.591,0.0,0.0,0.0,0.0
2321,36.089,40740.0,id,5.591,0.0,0.0,0.0,0.0
2322,36.139,40790.0,id,5.591,0.0,0.0,0.0,0.0
2323,36.189,40840.0,id,5.591,0.0,0.0,0.0,0.0
2324,36.239,40890.0,id,5.591,0.0,0.0,0.0,0.0
2325,36.289,40940.0,id,5.591,0.0,0.0,0.0,0.0
2326,36.339,40990.0,id,5.591,0.0,0.0,0.0,0.0
2327,36.389,41040.0,id,5.591,0.0,0.0,0.0,0.0
2328,36.439,41090.0,id,5.591,0.0,0.0,0.0,0.0
2329,36.489,41140.0,id,5.591,0.0,0.0,0.0,0.0
2330,36.539,41190.0,id,5.591,0.0,0.0,0.0,0.0
2331,36.589,41240.0,id,5.591,0.0,0.0,0.0,0.0
2332,36.639,41290.0,id,5.591,0.0,0.0,0.0,0.0
2333,36.689,41340.0,id,5.591,0.0,0.0,0.0,0.0
2334,36.739,41390.0,id,5.591,0.0,0.0,0.0,0.0
2335,36.789,41440.0,id,5.591,0.0,0.0,0.0,0.0
2336,36.839,41490.0,id,5.591,0.0,0.0,0.0,0.0
2337,36.889,41540.0,id,5.591,0.0,0.0,0.0,0.0
2338,36.939,41590.0,id,5.591,0.0,0.0,0.0,0.0
2339,36.989,41640.0,id,5.591,0.0,0.0,0.0,0.0
2340,37.039,41690.0,id,5.591,0.0,0.0,0.0,0.0
2341,37.089,41740.0,id,5.591,0.0,0.0,0.0,0.0
2342,37.139,41790.0,id,5.591,0.0,0.0,0.0,0.0
2343,37.189,41840.0,id,5.591,0.0,0.0,0.0,0.0
2344,37.239,41890.0,id,5.591,0.0,0.0,0.0,0.0
2345,37.289,41940.0,id,5.591,0.0,0.0,0.0,0.0
2346,37.339,41990.0,id,5.591,0.0,0.0,0.0,0.0
2347,37.389,42040.0,id,5.591,0.0,0.0,0.0,0.0
2348,37.439,42090.0,id,5.591,0.0,0.0,0.0,0.0
2349,37.489,42140.0,id,5.591,0.0,0.0,0.0,0.0
2350,37.539,42190.0,id,5.591,0.0,0.0,0.0,0.0
2351,37.589,42240.0,id,5.591,0.0,0.0,0.0,0.0
2352,37.639,42290.0,id,5.591,0.0,0.0,0.0,0.0
2353,37.689,42340.0,id,5.591,0.0,0.0,0.0,0.0
2354,37.739,42390.0,id,5.591,0.0,0.0,0.0,0.0
2355,37.789,42440.0,id,5.591,0.0,0.0,0.0,0.0
2356,37.839,42490.0,id,5.591,0.0,0.0,0.0,0.0
2357,37.889,42540.0,id,5.591,0.0,0.0,0.0,0.0
2358,37.939,42590.0,id,5.591,0.0,0.0,0.0,0.0
2359,37.989,42640.0,id,5.591,0.0,0.0,0.0,0.0
2360,38.039,42690.0,id,5.591,0.0,0.0,0.0,0.0
2361,38.089,42740.0,id,5.591,0.0,0.0,0.0,0.0
2362,38.139,42790.0,id,5.591,0.0,0.0,0.0,0.0
2363,38.189,42840.0,id,5.591,0.0,0.0,0.0,0.0
2364,38.239,42890.0,id,5.591,0.0,0.0,0.0,0.0
2365,38.289,42940.0,id,5.591,0.0,0.0,0.0,0.0
